dt,mean soil water content (m3/m3),sd,sample size
2018-04-28 02:00:00,0.1909511169151338,0.05659074600763091,21.0
2018-04-28 02:30:00,0.1909147910955948,0.05657220607746918,21.0
2018-04-28 03:00:00,0.1908784652760558,0.05655366614730745,21.0
2018-04-28 03:30:00,0.1908421394565168,0.05653512621714572,21.0
2018-04-28 04:00:00,0.19080581363697777,0.05651658628698399,21.0
2018-04-28 04:30:00,0.19076948781743877,0.05649804635682227,21.0
2018-04-28 05:00:00,0.19073316199789975,0.05647950642666054,21.0
2018-04-28 05:30:00,0.19069683617836075,0.05646096649649881,21.0
2018-04-28 06:00:00,0.19066051035882176,0.056442426566337085,21.0
2018-04-28 06:30:00,0.19062418453928273,0.056423886636175355,21.0
2018-04-28 07:00:00,0.19058785871974374,0.056405346706013625,21.0
2018-04-28 07:30:00,0.1905515329002047,0.0563868067758519,21.0
2018-04-28 08:00:00,0.19051520708066572,0.05636826684569017,21.0
2018-04-28 08:30:00,0.19047888126112672,0.05634972691552844,21.0
2018-04-28 09:00:00,0.1904425554415877,0.05633118698536672,21.0
2018-04-28 09:30:00,0.1904062296220487,0.05631264705520499,21.0
2018-04-28 10:00:00,0.19036990380250968,0.056294107125043256,21.0
2018-04-28 10:30:00,0.19033357798297068,0.05627556719488153,21.0
2018-04-28 11:00:00,0.19029725216343166,0.0562570272647198,21.0
2018-04-28 11:30:00,0.19026092634389266,0.05623848733455807,21.0
2018-04-28 12:00:00,0.19022460052435367,0.05621994740439635,21.0
2018-04-28 12:30:00,0.19018827470481464,0.05620140747423462,21.0
2018-04-28 13:00:00,0.19015194888527565,0.05618286754407289,21.0
2018-04-28 13:30:00,0.19011562306573662,0.056164327613911165,21.0
2018-04-28 14:00:00,0.19007929724619763,0.056145787683749435,21.0
2018-04-28 14:30:00,0.190035477934649,0.056116796758892445,21.0
2018-04-28 15:00:00,0.18999165862310036,0.05608780583403546,21.0
2018-04-28 15:30:00,0.18994783931155174,0.05605881490917848,21.0
2018-04-28 16:00:00,0.18990402000000312,0.05602982398432149,21.0
2018-04-28 16:30:00,0.1898602006884545,0.0560008330594645,21.0
2018-04-28 17:00:00,0.18981638137690587,0.05597184213460752,21.0
2018-04-28 17:30:00,0.18977256206535723,0.05594285120975054,21.0
2018-04-28 18:00:00,0.1897287427538086,0.05591386028489355,21.0
2018-04-28 18:30:00,0.18968492344225998,0.05588486936003656,21.0
2018-04-28 19:00:00,0.18964110413071134,0.05585587843517958,21.0
2018-04-28 19:30:00,0.18959728481916271,0.055826887510322595,21.0
2018-04-28 20:00:00,0.1895534655076141,0.055797896585465606,21.0
2018-04-28 20:30:00,0.18950964619606547,0.05576890566060862,21.0
2018-04-28 21:00:00,0.18946582688451685,0.055739914735751635,21.0
2018-04-28 21:30:00,0.1894220075729682,0.05571092381089465,21.0
2018-04-28 22:00:00,0.18937818826141958,0.05568193288603766,21.0
2018-04-28 22:30:00,0.18933436894987096,0.055652941961180674,21.0
2018-04-28 23:00:00,0.18929054963832231,0.05562395103632369,21.0
2018-04-28 23:30:00,0.1892467303267737,0.05559496011146671,21.0
2018-04-29 00:00:00,0.18920291101522507,0.05556596918660972,21.0
2018-04-29 00:30:00,0.18915909170367645,0.05553697826175273,21.0
2018-04-29 01:00:00,0.18911527239212783,0.05550798733689575,21.0
2018-04-29 01:30:00,0.18907145308057918,0.05547899641203877,21.0
2018-04-29 02:00:00,0.18902763376903056,0.05545000548718178,21.0
2018-04-29 02:30:00,0.1890148514395586,0.055434370970788856,21.0
2018-04-29 03:00:00,0.1890020691100866,0.05541873645439593,21.0
2018-04-29 03:30:00,0.18898928678061463,0.055403101938003005,21.0
2018-04-29 04:00:00,0.18897650445114267,0.055387467421610076,21.0
2018-04-29 04:30:00,0.18896372212167067,0.055371832905217154,21.0
2018-04-29 05:00:00,0.1889509397921987,0.05535619838882423,21.0
2018-04-29 05:30:00,0.18893815746272674,0.0553405638724313,21.0
2018-04-29 06:00:00,0.18892537513325475,0.05532492935603838,21.0
2018-04-29 06:30:00,0.18891259280378278,0.05530929483964545,21.0
2018-04-29 07:00:00,0.18889981047431081,0.05529366032325253,21.0
2018-04-29 07:30:00,0.18888702814483882,0.0552780258068596,21.0
2018-04-29 08:00:00,0.18887424581536685,0.05526239129046668,21.0
2018-04-29 08:30:00,0.1888614634858949,0.05524675677407376,21.0
2018-04-29 09:00:00,0.1888486811564229,0.05523112225768083,21.0
2018-04-29 09:30:00,0.18883589882695093,0.05521548774128791,21.0
2018-04-29 10:00:00,0.18882311649747896,0.05519985322489498,21.0
2018-04-29 10:30:00,0.18881033416800697,0.055184218708502056,21.0
2018-04-29 11:00:00,0.188797551838535,0.055168584192109134,21.0
2018-04-29 11:30:00,0.18878476950906303,0.055152949675716205,21.0
2018-04-29 12:00:00,0.18877198717959104,0.05513731515932328,21.0
2018-04-29 12:30:00,0.18875920485011907,0.055121680642930354,21.0
2018-04-29 13:00:00,0.1887464225206471,0.05510604612653743,21.0
2018-04-29 13:30:00,0.1887336401911751,0.0550904116101445,21.0
2018-04-29 14:00:00,0.18872085786170315,0.05507477709375158,21.0
2018-04-29 14:30:00,0.188637355275191,0.055059671461385414,21.0
2018-04-29 15:00:00,0.18855385268867883,0.055044565829019246,21.0
2018-04-29 15:30:00,0.18847035010216667,0.05502946019665308,21.0
2018-04-29 16:00:00,0.18838684751565452,0.05501435456428691,21.0
2018-04-29 16:30:00,0.18830334492914236,0.05499924893192075,21.0
2018-04-29 17:00:00,0.18821984234263023,0.05498414329955458,21.0
2018-04-29 17:30:00,0.18813633975611807,0.054969037667188414,21.0
2018-04-29 18:00:00,0.1880528371696059,0.054953932034822246,21.0
2018-04-29 18:30:00,0.18796933458309376,0.05493882640245608,21.0
2018-04-29 19:00:00,0.1878858319965816,0.05492372077008991,21.0
2018-04-29 19:30:00,0.18780232941006944,0.05490861513772374,21.0
2018-04-29 20:00:00,0.18771882682355728,0.05489350950535758,21.0
2018-04-29 20:30:00,0.18763532423704513,0.054878403872991414,21.0
2018-04-29 21:00:00,0.18755182165053297,0.05486329824062525,21.0
2018-04-29 21:30:00,0.1874683190640208,0.05484819260825908,21.0
2018-04-29 22:00:00,0.18738481647750865,0.05483308697589291,21.0
2018-04-29 22:30:00,0.1873013138909965,0.054817981343526744,21.0
2018-04-29 23:00:00,0.18721781130448437,0.054802875711160576,21.0
2018-04-29 23:30:00,0.1871343087179722,0.05478777007879441,21.0
2018-04-30 00:00:00,0.18705080613146005,0.05477266444642824,21.0
2018-04-30 00:30:00,0.1869673035449479,0.05475755881406208,21.0
2018-04-30 01:00:00,0.18688380095843574,0.05474245318169591,21.0
2018-04-30 01:30:00,0.18680029837192358,0.054727347549329744,21.0
2018-04-30 02:00:00,0.18671679578541142,0.054712241916963576,21.0
2018-04-30 02:30:00,0.18646662797326843,0.05434140948379717,21.0
2018-04-30 03:00:00,0.18621646016112547,0.053970577050630755,21.0
2018-04-30 03:30:00,0.1859662923489825,0.05359974461746435,21.0
2018-04-30 04:00:00,0.1857161245368395,0.05322891218429794,21.0
2018-04-30 04:30:00,0.1854659567246965,0.05285807975113153,21.0
2018-04-30 05:00:00,0.18521578891255353,0.05248724731796512,21.0
2018-04-30 05:30:00,0.18496562110041057,0.052116414884798706,21.0
2018-04-30 06:00:00,0.18471545328826758,0.0517455824516323,21.0
2018-04-30 06:30:00,0.1844652854761246,0.05137475001846589,21.0
2018-04-30 07:00:00,0.18421511766398163,0.05100391758529948,21.0
2018-04-30 07:30:00,0.18396494985183864,0.05063308515213307,21.0
2018-04-30 08:00:00,0.18371478203969566,0.05026225271896666,21.0
2018-04-30 08:30:00,0.18346461422755267,0.04989142028580025,21.0
2018-04-30 09:00:00,0.18321444641540968,0.04952058785263384,21.0
2018-04-30 09:30:00,0.18296427860326672,0.04914975541946743,21.0
2018-04-30 10:00:00,0.18271411079112373,0.04877892298630102,21.0
2018-04-30 10:30:00,0.18246394297898075,0.048408090553134615,21.0
2018-04-30 11:00:00,0.1822137751668378,0.0480372581199682,21.0
2018-04-30 11:30:00,0.1819636073546948,0.047666425686801794,21.0
2018-04-30 12:00:00,0.1817134395425518,0.04729559325363539,21.0
2018-04-30 12:30:00,0.18146327173040883,0.04692476082046897,21.0
2018-04-30 13:00:00,0.18121310391826584,0.046553928387302566,21.0
2018-04-30 13:30:00,0.18096293610612288,0.04618309595413615,21.0
2018-04-30 14:00:00,0.1807127682939799,0.045812263520969745,21.0
2018-04-30 14:30:00,0.18075384085288831,0.045802328282358105,21.0
2018-04-30 15:00:00,0.18079491341179674,0.04579239304374647,21.0
2018-04-30 15:30:00,0.18083598597070516,0.04578245780513483,21.0
2018-04-30 16:00:00,0.18087705852961358,0.0457725225665232,21.0
2018-04-30 16:30:00,0.180918131088522,0.04576258732791156,21.0
2018-04-30 17:00:00,0.18095920364743043,0.04575265208929992,21.0
2018-04-30 17:30:00,0.18100027620633882,0.045742716850688286,21.0
2018-04-30 18:00:00,0.18104134876524725,0.045732781612076646,21.0
2018-04-30 18:30:00,0.18108242132415567,0.045722846373465006,21.0
2018-04-30 19:00:00,0.1811234938830641,0.04571291113485337,21.0
2018-04-30 19:30:00,0.1811645664419725,0.04570297589624173,21.0
2018-04-30 20:00:00,0.18120563900088094,0.045693040657630093,21.0
2018-04-30 20:30:00,0.18124671155978936,0.04568310541901846,21.0
2018-04-30 21:00:00,0.18128778411869778,0.04567317018040682,21.0
2018-04-30 21:30:00,0.1813288566776062,0.04566323494179519,21.0
2018-04-30 22:00:00,0.18136992923651463,0.04565329970318355,21.0
2018-04-30 22:30:00,0.18141100179542305,0.04564336446457191,21.0
2018-04-30 23:00:00,0.18145207435433147,0.045633429225960274,21.0
2018-04-30 23:30:00,0.18149314691323987,0.045623493987348634,21.0
2018-05-01 00:00:00,0.1815342194721483,0.045613558748737,21.0
2018-05-01 00:30:00,0.1815752920310567,0.04560362351012536,21.0
2018-05-01 01:00:00,0.18161636458996513,0.04559368827151372,21.0
2018-05-01 01:30:00,0.18165743714887356,0.04558375303290209,21.0
2018-05-01 02:00:00,0.18169850970778198,0.04557381779429045,21.0
2018-05-01 02:30:00,0.18176263539347026,0.04563367451203096,21.0
2018-05-01 03:00:00,0.18182676107915854,0.04569353122977147,21.0
2018-05-01 03:30:00,0.18189088676484683,0.04575338794751198,21.0
2018-05-01 04:00:00,0.1819550124505351,0.04581324466525249,21.0
2018-05-01 04:30:00,0.1820191381362234,0.045873101382993,21.0
2018-05-01 05:00:00,0.1820832638219117,0.04593295810073351,21.0
2018-05-01 05:30:00,0.18214738950759998,0.04599281481847401,21.0
2018-05-01 06:00:00,0.18221151519328826,0.04605267153621452,21.0
2018-05-01 06:30:00,0.18227564087897655,0.04611252825395503,21.0
2018-05-01 07:00:00,0.18233976656466483,0.04617238497169554,21.0
2018-05-01 07:30:00,0.1824038922503531,0.04623224168943605,21.0
2018-05-01 08:00:00,0.1824680179360414,0.04629209840717656,21.0
2018-05-01 08:30:00,0.18253214362172968,0.04635195512491707,21.0
2018-05-01 09:00:00,0.18259626930741796,0.04641181184265758,21.0
2018-05-01 09:30:00,0.18266039499310624,0.04647166856039809,21.0
2018-05-01 10:00:00,0.18272452067879452,0.0465315252781386,21.0
2018-05-01 10:30:00,0.1827886463644828,0.04659138199587911,21.0
2018-05-01 11:00:00,0.18285277205017111,0.04665123871361962,21.0
2018-05-01 11:30:00,0.1829168977358594,0.04671109543136012,21.0
2018-05-01 12:00:00,0.18298102342154768,0.04677095214910063,21.0
2018-05-01 12:30:00,0.18304514910723596,0.04683080886684114,21.0
2018-05-01 13:00:00,0.18310927479292424,0.04689066558458165,21.0
2018-05-01 13:30:00,0.18317340047861252,0.04695052230232216,21.0
2018-05-01 14:00:00,0.1832375261643008,0.04701037902006267,21.0
2018-05-01 14:30:00,0.18320681949489984,0.04698857833003504,21.0
2018-05-01 15:00:00,0.1831761128254989,0.0469667776400074,21.0
2018-05-01 15:30:00,0.18314540615609792,0.04694497694997977,21.0
2018-05-01 16:00:00,0.18311469948669698,0.04692317625995213,21.0
2018-05-01 16:30:00,0.183083992817296,0.0469013755699245,21.0
2018-05-01 17:00:00,0.18305328614789507,0.04687957487989687,21.0
2018-05-01 17:30:00,0.1830225794784941,0.046857774189869236,21.0
2018-05-01 18:00:00,0.18299187280909315,0.0468359734998416,21.0
2018-05-01 18:30:00,0.18296116613969218,0.04681417280981397,21.0
2018-05-01 19:00:00,0.18293045947029124,0.04679237211978633,21.0
2018-05-01 19:30:00,0.18289975280089027,0.0467705714297587,21.0
2018-05-01 20:00:00,0.1828690461314893,0.04674877073973106,21.0
2018-05-01 20:30:00,0.18283833946208836,0.04672697004970343,21.0
2018-05-01 21:00:00,0.18280763279268739,0.046705169359675794,21.0
2018-05-01 21:30:00,0.18277692612328644,0.04668336866964816,21.0
2018-05-01 22:00:00,0.18274621945388547,0.046661567979620525,21.0
2018-05-01 22:30:00,0.18271551278448453,0.04663976728959289,21.0
2018-05-01 23:00:00,0.18268480611508356,0.04661796659956526,21.0
2018-05-01 23:30:00,0.18265409944568262,0.04659616590953763,21.0
2018-05-02 00:00:00,0.18262339277628165,0.04657436521950999,21.0
2018-05-02 00:30:00,0.1825926861068807,0.04655256452948236,21.0
2018-05-02 01:00:00,0.18256197943747973,0.046530763839454724,21.0
2018-05-02 01:30:00,0.1825312727680788,0.04650896314942709,21.0
2018-05-02 02:00:00,0.18250056609867782,0.046487162459399455,21.0
2018-05-02 02:30:00,0.18246422080898625,0.04646330604053523,21.0
2018-05-02 03:00:00,0.18242787551929465,0.04643944962167101,21.0
2018-05-02 03:30:00,0.18239153022960308,0.04641559320280678,21.0
2018-05-02 04:00:00,0.1823551849399115,0.04639173678394255,21.0
2018-05-02 04:30:00,0.18231883965021994,0.04636788036507833,21.0
2018-05-02 05:00:00,0.18228249436052835,0.046344023946214105,21.0
2018-05-02 05:30:00,0.18224614907083678,0.04632016752734988,21.0
2018-05-02 06:00:00,0.1822098037811452,0.04629631110848566,21.0
2018-05-02 06:30:00,0.1821734584914536,0.046272454689621434,21.0
2018-05-02 07:00:00,0.18213711320176204,0.04624859827075721,21.0
2018-05-02 07:30:00,0.18210076791207047,0.046224741851892986,21.0
2018-05-02 08:00:00,0.18206442262237887,0.04620088543302876,21.0
2018-05-02 08:30:00,0.1820280773326873,0.04617702901416453,21.0
2018-05-02 09:00:00,0.18199173204299574,0.04615317259530031,21.0
2018-05-02 09:30:00,0.18195538675330417,0.046129316176436085,21.0
2018-05-02 10:00:00,0.18191904146361257,0.04610545975757186,21.0
2018-05-02 10:30:00,0.181882696173921,0.04608160333870764,21.0
2018-05-02 11:00:00,0.18184635088422943,0.04605774691984341,21.0
2018-05-02 11:30:00,0.18181000559453783,0.04603389050097919,21.0
2018-05-02 12:00:00,0.18177366030484626,0.04601003408211496,21.0
2018-05-02 12:30:00,0.1817373150151547,0.045986177663250735,21.0
2018-05-02 13:00:00,0.18170096972546312,0.04596232124438651,21.0
2018-05-02 13:30:00,0.18166462443577153,0.04593846482552229,21.0
2018-05-02 14:00:00,0.18162827914607996,0.045914608406658064,21.0
2018-05-02 14:30:00,0.18222714827710418,0.04629553502880101,21.0
2018-05-02 15:00:00,0.1828260174081284,0.046676461650943954,21.0
2018-05-02 15:30:00,0.1834248865391526,0.0470573882730869,21.0
2018-05-02 16:00:00,0.18402375567017681,0.047438314895229844,21.0
2018-05-02 16:30:00,0.18462262480120104,0.04781924151737279,21.0
2018-05-02 17:00:00,0.18522149393222526,0.04820016813951574,21.0
2018-05-02 17:30:00,0.18582036306324948,0.048581094761658686,21.0
2018-05-02 18:00:00,0.1864192321942737,0.04896202138380163,21.0
2018-05-02 18:30:00,0.1870181013252979,0.049342948005944576,21.0
2018-05-02 19:00:00,0.1876169704563221,0.04972387462808752,21.0
2018-05-02 19:30:00,0.18821583958734633,0.050104801250230466,21.0
2018-05-02 20:00:00,0.18881470871837056,0.05048572787237341,21.0
2018-05-02 20:30:00,0.18941357784939478,0.050866654494516356,21.0
2018-05-02 21:00:00,0.190012446980419,0.0512475811166593,21.0
2018-05-02 21:30:00,0.1906113161114432,0.051628507738802246,21.0
2018-05-02 22:00:00,0.1912101852424674,0.05200943436094519,21.0
2018-05-02 22:30:00,0.19180905437349163,0.052390360983088136,21.0
2018-05-02 23:00:00,0.19240792350451585,0.05277128760523109,21.0
2018-05-02 23:30:00,0.19300679263554008,0.05315221422737403,21.0
2018-05-03 00:00:00,0.1936056617665643,0.05353314084951698,21.0
2018-05-03 00:30:00,0.1942045308975885,0.05391406747165992,21.0
2018-05-03 01:00:00,0.1948034000286127,0.05429499409380287,21.0
2018-05-03 01:30:00,0.19540226915963693,0.05467592071594581,21.0
2018-05-03 02:00:00,0.19600113829066115,0.05505684733808876,21.0
2018-05-03 02:30:00,0.19642419421913598,0.05515426003787771,21.0
2018-05-03 03:00:00,0.19684725014761084,0.055251672737666666,21.0
2018-05-03 03:30:00,0.19727030607608567,0.05534908543745562,21.0
2018-05-03 04:00:00,0.19769336200456053,0.055446498137244574,21.0
2018-05-03 04:30:00,0.19811641793303536,0.05554391083703353,21.0
2018-05-03 05:00:00,0.19853947386151022,0.05564132353682248,21.0
2018-05-03 05:30:00,0.19896252978998505,0.055738736236611436,21.0
2018-05-03 06:00:00,0.1993855857184599,0.05583614893640039,21.0
2018-05-03 06:30:00,0.19980864164693474,0.055933561636189344,21.0
2018-05-03 07:00:00,0.2002316975754096,0.0560309743359783,21.0
2018-05-03 07:30:00,0.20065475350388443,0.05612838703576725,21.0
2018-05-03 08:00:00,0.20107780943235928,0.056225799735556206,21.0
2018-05-03 08:30:00,0.2015008653608341,0.05632321243534516,21.0
2018-05-03 09:00:00,0.20192392128930894,0.056420625135134114,21.0
2018-05-03 09:30:00,0.2023469772177838,0.05651803783492307,21.0
2018-05-03 10:00:00,0.20277003314625863,0.05661545053471202,21.0
2018-05-03 10:30:00,0.2031930890747335,0.056712863234500976,21.0
2018-05-03 11:00:00,0.20361614500320832,0.05681027593428993,21.0
2018-05-03 11:30:00,0.20403920093168318,0.056907688634078885,21.0
2018-05-03 12:00:00,0.204462256860158,0.05700510133386784,21.0
2018-05-03 12:30:00,0.20488531278863287,0.05710251403365679,21.0
2018-05-03 13:00:00,0.2053083687171077,0.05719992673344575,21.0
2018-05-03 13:30:00,0.20573142464558256,0.0572973394332347,21.0
2018-05-03 14:00:00,0.20615448057405739,0.057394752133023655,21.0
2018-05-03 14:30:00,0.206083042778703,0.057377578221318615,21.0
2018-05-03 15:00:00,0.2060116049833486,0.05736040430961357,21.0
2018-05-03 15:30:00,0.20594016718799424,0.05734323039790852,21.0
2018-05-03 16:00:00,0.20586872939263984,0.05732605648620348,21.0
2018-05-03 16:30:00,0.20579729159728546,0.05730888257449844,21.0
2018-05-03 17:00:00,0.20572585380193106,0.05729170866279339,21.0
2018-05-03 17:30:00,0.2056544160065767,0.057274534751088346,21.0
2018-05-03 18:00:00,0.2055829782112223,0.057257360839383306,21.0
2018-05-03 18:30:00,0.20551154041586792,0.057240186927678266,21.0
2018-05-03 19:00:00,0.20544010262051352,0.05722301301597322,21.0
2018-05-03 19:30:00,0.20536866482515914,0.05720583910426817,21.0
2018-05-03 20:00:00,0.20529722702980474,0.05718866519256313,21.0
2018-05-03 20:30:00,0.20522578923445037,0.05717149128085809,21.0
2018-05-03 21:00:00,0.205154351439096,0.057154317369153045,21.0
2018-05-03 21:30:00,0.2050829136437416,0.057137143457448,21.0
2018-05-03 22:00:00,0.20501147584838722,0.05711996954574296,21.0
2018-05-03 22:30:00,0.20494003805303282,0.05710279563403792,21.0
2018-05-03 23:00:00,0.20486860025767845,0.05708562172233287,21.0
2018-05-03 23:30:00,0.20479716246232404,0.05706844781062782,21.0
2018-05-04 00:00:00,0.20472572466696967,0.05705127389892278,21.0
2018-05-04 00:30:00,0.20465428687161527,0.05703409998721774,21.0
2018-05-04 01:00:00,0.2045828490762609,0.057016926075512696,21.0
2018-05-04 01:30:00,0.2045114112809065,0.05699975216380765,21.0
2018-05-04 02:00:00,0.20443997348555212,0.05698257825210261,21.0
2018-05-04 02:30:00,0.2043623194150791,0.05694003023805751,21.0
2018-05-04 03:00:00,0.2042846653446061,0.056897482224012405,21.0
2018-05-04 03:30:00,0.20420701127413307,0.0568549342099673,21.0
2018-05-04 04:00:00,0.20412935720366004,0.0568123861959222,21.0
2018-05-04 04:30:00,0.20405170313318705,0.0567698381818771,21.0
2018-05-04 05:00:00,0.20397404906271402,0.056727290167832,21.0
2018-05-04 05:30:00,0.203896394992241,0.056684742153786896,21.0
2018-05-04 06:00:00,0.203818740921768,0.056642194139741794,21.0
2018-05-04 06:30:00,0.20374108685129497,0.05659964612569669,21.0
2018-05-04 07:00:00,0.20366343278082194,0.05655709811165159,21.0
2018-05-04 07:30:00,0.20358577871034894,0.05651455009760649,21.0
2018-05-04 08:00:00,0.20350812463987591,0.056472002083561394,21.0
2018-05-04 08:30:00,0.2034304705694029,0.05642945406951629,21.0
2018-05-04 09:00:00,0.2033528164989299,0.05638690605547119,21.0
2018-05-04 09:30:00,0.20327516242845686,0.05634435804142609,21.0
2018-05-04 10:00:00,0.20319750835798384,0.05630181002738099,21.0
2018-05-04 10:30:00,0.20311985428751084,0.056259262013335885,21.0
2018-05-04 11:00:00,0.2030422002170378,0.056216713999290784,21.0
2018-05-04 11:30:00,0.20296454614656478,0.05617416598524568,21.0
2018-05-04 12:00:00,0.20288689207609178,0.05613161797120058,21.0
2018-05-04 12:30:00,0.20280923800561876,0.05608906995715548,21.0
2018-05-04 13:00:00,0.20273158393514573,0.056046521943110376,21.0
2018-05-04 13:30:00,0.20265392986467273,0.056003973929065275,21.0
2018-05-04 14:00:00,0.2025762757941997,0.05596142591502017,21.0
2018-05-04 14:30:00,0.20250179700853554,0.05593323380875785,21.0
2018-05-04 15:00:00,0.20242731822287138,0.05590504170249552,21.0
2018-05-04 15:30:00,0.20235283943720722,0.0558768495962332,21.0
2018-05-04 16:00:00,0.2022783606515431,0.05584865748997088,21.0
2018-05-04 16:30:00,0.20220388186587893,0.05582046538370856,21.0
2018-05-04 17:00:00,0.20212940308021476,0.05579227327744623,21.0
2018-05-04 17:30:00,0.2020549242945506,0.05576408117118391,21.0
2018-05-04 18:00:00,0.20198044550888644,0.055735889064921586,21.0
2018-05-04 18:30:00,0.20190596672322228,0.05570769695865926,21.0
2018-05-04 19:00:00,0.20183148793755815,0.055679504852396935,21.0
2018-05-04 19:30:00,0.20175700915189398,0.055651312746134614,21.0
2018-05-04 20:00:00,0.20168253036622982,0.05562312063987229,21.0
2018-05-04 20:30:00,0.20160805158056566,0.055594928533609964,21.0
2018-05-04 21:00:00,0.2015335727949015,0.05556673642734764,21.0
2018-05-04 21:30:00,0.20145909400923734,0.05553854432108532,21.0
2018-05-04 22:00:00,0.2013846152235732,0.05551035221482299,21.0
2018-05-04 22:30:00,0.20131013643790904,0.05548216010856067,21.0
2018-05-04 23:00:00,0.20123565765224488,0.05545396800229835,21.0
2018-05-04 23:30:00,0.20116117886658072,0.05542577589603602,21.0
2018-05-05 00:00:00,0.20108670008091656,0.0553975837897737,21.0
2018-05-05 00:30:00,0.2010122212952524,0.055369391683511376,21.0
2018-05-05 01:00:00,0.20093774250958826,0.055341199577249055,21.0
2018-05-05 01:30:00,0.2008632637239241,0.055313007470986726,21.0
2018-05-05 02:00:00,0.20078878493825994,0.055284815364724404,21.0
2018-05-05 02:30:00,0.20071608124134205,0.05526049349313499,21.0
2018-05-05 03:00:00,0.20064337754442418,0.05523617162154557,21.0
2018-05-05 03:30:00,0.2005706738475063,0.05521184974995616,21.0
2018-05-05 04:00:00,0.2004979701505884,0.05518752787836674,21.0
2018-05-05 04:30:00,0.20042526645367054,0.05516320600677733,21.0
2018-05-05 05:00:00,0.20035256275675264,0.05513888413518791,21.0
2018-05-05 05:30:00,0.20027985905983475,0.055114562263598496,21.0
2018-05-05 06:00:00,0.2002071553629169,0.05509024039200908,21.0
2018-05-05 06:30:00,0.200134451665999,0.055065918520419664,21.0
2018-05-05 07:00:00,0.2000617479690811,0.055041596648830245,21.0
2018-05-05 07:30:00,0.19998904427216324,0.05501727477724083,21.0
2018-05-05 08:00:00,0.19991634057524535,0.05499295290565141,21.0
2018-05-05 08:30:00,0.19984363687832746,0.054968631034062,21.0
2018-05-05 09:00:00,0.1997709331814096,0.05494430916247259,21.0
2018-05-05 09:30:00,0.1996982294844917,0.05491998729088317,21.0
2018-05-05 10:00:00,0.1996255257875738,0.054895665419293756,21.0
2018-05-05 10:30:00,0.19955282209065595,0.054871343547704336,21.0
2018-05-05 11:00:00,0.19948011839373805,0.054847021676114924,21.0
2018-05-05 11:30:00,0.19940741469682016,0.054822699804525504,21.0
2018-05-05 12:00:00,0.1993347109999023,0.05479837793293609,21.0
2018-05-05 12:30:00,0.1992620073029844,0.05477405606134667,21.0
2018-05-05 13:00:00,0.19918930360606651,0.05474973418975726,21.0
2018-05-05 13:30:00,0.19911659990914865,0.05472541231816784,21.0
2018-05-05 14:00:00,0.19904389621223076,0.05470109044657843,21.0
2018-05-05 14:30:00,0.19895263173572023,0.05470886654581516,21.0
2018-05-05 15:00:00,0.19886136725920972,0.05471664264505189,21.0
2018-05-05 15:30:00,0.1987701027826992,0.05472441874428862,21.0
2018-05-05 16:00:00,0.19867883830618865,0.05473219484352535,21.0
2018-05-05 16:30:00,0.19858757382967812,0.05473997094276208,21.0
2018-05-05 17:00:00,0.1984963093531676,0.054747747041998814,21.0
2018-05-05 17:30:00,0.19840504487665708,0.05475552314123555,21.0
2018-05-05 18:00:00,0.19831378040014655,0.05476329924047228,21.0
2018-05-05 18:30:00,0.19822251592363602,0.05477107533970901,21.0
2018-05-05 19:00:00,0.1981312514471255,0.054778851438945744,21.0
2018-05-05 19:30:00,0.19803998697061498,0.054786627538182475,21.0
2018-05-05 20:00:00,0.19794872249410445,0.054794403637419206,21.0
2018-05-05 20:30:00,0.1978574580175939,0.05480217973665594,21.0
2018-05-05 21:00:00,0.19776619354108338,0.05480995583589267,21.0
2018-05-05 21:30:00,0.19767492906457287,0.0548177319351294,21.0
2018-05-05 22:00:00,0.19758366458806234,0.05482550803436613,21.0
2018-05-05 22:30:00,0.1974924001115518,0.05483328413360286,21.0
2018-05-05 23:00:00,0.1974011356350413,0.05484106023283959,21.0
2018-05-05 23:30:00,0.19730987115853077,0.05484883633207633,21.0
2018-05-06 00:00:00,0.19721860668202024,0.05485661243131306,21.0
2018-05-06 00:30:00,0.1971273422055097,0.05486438853054979,21.0
2018-05-06 01:00:00,0.19703607772899917,0.05487216462978652,21.0
2018-05-06 01:30:00,0.19694481325248867,0.054879940729023254,21.0
2018-05-06 02:00:00,0.19685354877597813,0.054887716828259984,21.0
2018-05-06 02:30:00,0.1967910462076654,0.0548468726990689,21.0
2018-05-06 03:00:00,0.1967285436393527,0.05480602856987781,21.0
2018-05-06 03:30:00,0.19666604107103997,0.05476518444068673,21.0
2018-05-06 04:00:00,0.19660353850272724,0.054724340311495645,21.0
2018-05-06 04:30:00,0.19654103593441452,0.05468349618230456,21.0
2018-05-06 05:00:00,0.1964785333661018,0.05464265205311347,21.0
2018-05-06 05:30:00,0.19641603079778908,0.054601807923922385,21.0
2018-05-06 06:00:00,0.19635352822947635,0.054560963794731306,21.0
2018-05-06 06:30:00,0.19629102566116363,0.05452011966554022,21.0
2018-05-06 07:00:00,0.1962285230928509,0.05447927553634913,21.0
2018-05-06 07:30:00,0.1961660205245382,0.054438431407158046,21.0
2018-05-06 08:00:00,0.19610351795622546,0.05439758727796696,21.0
2018-05-06 08:30:00,0.19604101538791271,0.05435674314877588,21.0
2018-05-06 09:00:00,0.1959785128196,0.05431589901958479,21.0
2018-05-06 09:30:00,0.19591601025128727,0.054275054890393706,21.0
2018-05-06 10:00:00,0.19585350768297455,0.05423421076120262,21.0
2018-05-06 10:30:00,0.19579100511466183,0.05419336663201154,21.0
2018-05-06 11:00:00,0.1957285025463491,0.054152522502820453,21.0
2018-05-06 11:30:00,0.19566599997803638,0.05411167837362937,21.0
2018-05-06 12:00:00,0.19560349740972366,0.05407083424443828,21.0
2018-05-06 12:30:00,0.19554099484141094,0.054029990115247194,21.0
2018-05-06 13:00:00,0.19547849227309821,0.053989145986056114,21.0
2018-05-06 13:30:00,0.1954159897047855,0.05394830185686503,21.0
2018-05-06 14:00:00,0.19535348713647277,0.05390745772767394,21.0
2018-05-06 14:30:00,0.1951889455764382,0.053867876855499944,21.0
2018-05-06 15:00:00,0.19502440401640364,0.05382829598332595,21.0
2018-05-06 15:30:00,0.1948598624563691,0.05378871511115195,21.0
2018-05-06 16:00:00,0.19469532089633454,0.05374913423897795,21.0
2018-05-06 16:30:00,0.19453077933629997,0.053709553366803955,21.0
2018-05-06 17:00:00,0.1943662377762654,0.05366997249462996,21.0
2018-05-06 17:30:00,0.19420169621623085,0.05363039162245596,21.0
2018-05-06 18:00:00,0.1940371546561963,0.053590810750281964,21.0
2018-05-06 18:30:00,0.19387261309616174,0.05355122987810797,21.0
2018-05-06 19:00:00,0.19370807153612718,0.05351164900593397,21.0
2018-05-06 19:30:00,0.19354352997609262,0.05347206813375997,21.0
2018-05-06 20:00:00,0.19337898841605805,0.053432487261585976,21.0
2018-05-06 20:30:00,0.19321444685602351,0.05339290638941198,21.0
2018-05-06 21:00:00,0.19304990529598895,0.05335332551723798,21.0
2018-05-06 21:30:00,0.19288536373595438,0.053313744645063985,21.0
2018-05-06 22:00:00,0.19272082217591982,0.05327416377288999,21.0
2018-05-06 22:30:00,0.19255628061588528,0.05323458290071599,21.0
2018-05-06 23:00:00,0.19239173905585072,0.05319500202854199,21.0
2018-05-06 23:30:00,0.19222719749581615,0.053155421156367996,21.0
2018-05-07 00:00:00,0.1920626559357816,0.053115840284194,21.0
2018-05-07 00:30:00,0.19189811437574703,0.05307625941202,21.0
2018-05-07 01:00:00,0.1917335728157125,0.053036678539846005,21.0
2018-05-07 01:30:00,0.19156903125567792,0.05299709766767201,21.0
2018-05-07 02:00:00,0.19140448969564336,0.05295751679549801,21.0
2018-05-07 02:30:00,0.19133331039354365,0.0529253921054594,21.0
2018-05-07 03:00:00,0.1912621310914439,0.052893267415420796,21.0
2018-05-07 03:30:00,0.1911909517893442,0.052861142725382185,21.0
2018-05-07 04:00:00,0.1911197724872445,0.052829018035343574,21.0
2018-05-07 04:30:00,0.19104859318514478,0.05279689334530496,21.0
2018-05-07 05:00:00,0.19097741388304507,0.05276476865526636,21.0
2018-05-07 05:30:00,0.19090623458094533,0.05273264396522775,21.0
2018-05-07 06:00:00,0.19083505527884562,0.05270051927518914,21.0
2018-05-07 06:30:00,0.1907638759767459,0.05266839458515053,21.0
2018-05-07 07:00:00,0.19069269667464617,0.05263626989511192,21.0
2018-05-07 07:30:00,0.19062151737254646,0.05260414520507331,21.0
2018-05-07 08:00:00,0.19055033807044675,0.052572020515034706,21.0
2018-05-07 08:30:00,0.19047915876834703,0.052539895824996095,21.0
2018-05-07 09:00:00,0.19040797946624732,0.052507771134957484,21.0
2018-05-07 09:30:00,0.19033680016414758,0.05247564644491887,21.0
2018-05-07 10:00:00,0.19026562086204787,0.05244352175488027,21.0
2018-05-07 10:30:00,0.19019444155994816,0.05241139706484166,21.0
2018-05-07 11:00:00,0.19012326225784842,0.05237927237480305,21.0
2018-05-07 11:30:00,0.1900520829557487,0.05234714768476444,21.0
2018-05-07 12:00:00,0.189980903653649,0.05231502299472583,21.0
2018-05-07 12:30:00,0.1899097243515493,0.05228289830468722,21.0
2018-05-07 13:00:00,0.18983854504944958,0.05225077361464861,21.0
2018-05-07 13:30:00,0.18976736574734984,0.052218648924610006,21.0
2018-05-07 14:00:00,0.18969618644525013,0.052186524234571395,21.0
2018-05-07 14:30:00,0.18959401582740662,0.05215620434125129,21.0
2018-05-07 15:00:00,0.18949184520956308,0.05212588444793119,21.0
2018-05-07 15:30:00,0.18938967459171957,0.05209556455461108,21.0
2018-05-07 16:00:00,0.18928750397387606,0.05206524466129098,21.0
2018-05-07 16:30:00,0.18918533335603255,0.05203492476797088,21.0
2018-05-07 17:00:00,0.189083162738189,0.05200460487465077,21.0
2018-05-07 17:30:00,0.1889809921203455,0.051974284981330665,21.0
2018-05-07 18:00:00,0.188878821502502,0.051943965088010566,21.0
2018-05-07 18:30:00,0.18877665088465845,0.05191364519469046,21.0
2018-05-07 19:00:00,0.18867448026681494,0.05188332530137035,21.0
2018-05-07 19:30:00,0.18857230964897143,0.051853005408050254,21.0
2018-05-07 20:00:00,0.18847013903112791,0.05182268551473015,21.0
2018-05-07 20:30:00,0.18836796841328438,0.05179236562141004,21.0
2018-05-07 21:00:00,0.18826579779544086,0.05176204572808994,21.0
2018-05-07 21:30:00,0.18816362717759735,0.051731725834769836,21.0
2018-05-07 22:00:00,0.18806145655975381,0.05170140594144973,21.0
2018-05-07 22:30:00,0.1879592859419103,0.05167108604812963,21.0
2018-05-07 23:00:00,0.1878571153240668,0.051640766154809524,21.0
2018-05-07 23:30:00,0.18775494470622325,0.05161044626148942,21.0
2018-05-08 00:00:00,0.18765277408837974,0.05158012636816932,21.0
2018-05-08 00:30:00,0.18755060347053623,0.05154980647484921,21.0
2018-05-08 01:00:00,0.18744843285269272,0.051519486581529106,21.0
2018-05-08 01:30:00,0.18734626223484918,0.05148916668820901,21.0
2018-05-08 02:00:00,0.18724409161700567,0.0514588467948889,21.0
2018-05-08 02:30:00,0.18719502971064866,0.051431545821628705,21.0
2018-05-08 03:00:00,0.18714596780429166,0.05140424484836851,21.0
2018-05-08 03:30:00,0.18709690589793465,0.051376943875108314,21.0
2018-05-08 04:00:00,0.18704784399157764,0.05134964290184811,21.0
2018-05-08 04:30:00,0.18699878208522064,0.051322341928587915,21.0
2018-05-08 05:00:00,0.18694972017886363,0.05129504095532772,21.0
2018-05-08 05:30:00,0.18690065827250663,0.051267739982067524,21.0
2018-05-08 06:00:00,0.18685159636614962,0.05124043900880733,21.0
2018-05-08 06:30:00,0.1868025344597926,0.05121313803554713,21.0
2018-05-08 07:00:00,0.1867534725534356,0.05118583706228693,21.0
2018-05-08 07:30:00,0.1867044106470786,0.051158536089026735,21.0
2018-05-08 08:00:00,0.18665534874072157,0.05113123511576654,21.0
2018-05-08 08:30:00,0.18660628683436456,0.051103934142506344,21.0
2018-05-08 09:00:00,0.18655722492800755,0.05107663316924615,21.0
2018-05-08 09:30:00,0.18650816302165055,0.05104933219598595,21.0
2018-05-08 10:00:00,0.18645910111529354,0.05102203122272575,21.0
2018-05-08 10:30:00,0.18641003920893653,0.050994730249465554,21.0
2018-05-08 11:00:00,0.18636097730257953,0.05096742927620536,21.0
2018-05-08 11:30:00,0.18631191539622252,0.05094012830294516,21.0
2018-05-08 12:00:00,0.18626285348986552,0.05091282732968497,21.0
2018-05-08 12:30:00,0.1862137915835085,0.05088552635642477,21.0
2018-05-08 13:00:00,0.1861647296771515,0.05085822538316457,21.0
2018-05-08 13:30:00,0.1861156677707945,0.050830924409904374,21.0
2018-05-08 14:00:00,0.1860666058644375,0.05080362343664418,21.0
2018-05-08 14:30:00,0.1860337222014252,0.0508254078374022,21.0
2018-05-08 15:00:00,0.18600083853841293,0.05084719223816021,21.0
2018-05-08 15:30:00,0.18596795487540063,0.050868976638918234,21.0
2018-05-08 16:00:00,0.18593507121238834,0.050890761039676255,21.0
2018-05-08 16:30:00,0.18590218754937607,0.05091254544043427,21.0
2018-05-08 17:00:00,0.18586930388636377,0.05093432984119229,21.0
2018-05-08 17:30:00,0.1858364202233515,0.05095611424195031,21.0
2018-05-08 18:00:00,0.1858035365603392,0.050977898642708325,21.0
2018-05-08 18:30:00,0.18577065289732692,0.050999683043466346,21.0
2018-05-08 19:00:00,0.18573776923431465,0.051021467444224367,21.0
2018-05-08 19:30:00,0.18570488557130235,0.05104325184498238,21.0
2018-05-08 20:00:00,0.18567200190829009,0.0510650362457404,21.0
2018-05-08 20:30:00,0.1856391182452778,0.05108682064649842,21.0
2018-05-08 21:00:00,0.1856062345822655,0.051108605047256436,21.0
2018-05-08 21:30:00,0.18557335091925323,0.05113038944801446,21.0
2018-05-08 22:00:00,0.18554046725624093,0.05115217384877248,21.0
2018-05-08 22:30:00,0.18550758359322864,0.05117395824953049,21.0
2018-05-08 23:00:00,0.18547469993021637,0.05119574265028851,21.0
2018-05-08 23:30:00,0.18544181626720407,0.051217527051046534,21.0
2018-05-09 00:00:00,0.18540893260419178,0.05123931145180455,21.0
2018-05-09 00:30:00,0.1853760489411795,0.05126109585256257,21.0
2018-05-09 01:00:00,0.18534316527816722,0.05128288025332059,21.0
2018-05-09 01:30:00,0.18531028161515495,0.051304664654078604,21.0
2018-05-09 02:00:00,0.18527739795214265,0.051326449054836625,21.0
2018-05-09 02:30:00,0.18523878468161933,0.05132391214125494,21.0
2018-05-09 03:00:00,0.18520017141109604,0.051321375227673244,21.0
2018-05-09 03:30:00,0.18516155814057272,0.05131883831409156,21.0
2018-05-09 04:00:00,0.1851229448700494,0.05131630140050986,21.0
2018-05-09 04:30:00,0.1850843315995261,0.051313764486928176,21.0
2018-05-09 05:00:00,0.1850457183290028,0.05131122757334648,21.0
2018-05-09 05:30:00,0.18500710505847948,0.051308690659764795,21.0
2018-05-09 06:00:00,0.18496849178795616,0.05130615374618311,21.0
2018-05-09 06:30:00,0.18492987851743287,0.051303616832601415,21.0
2018-05-09 07:00:00,0.18489126524690955,0.05130107991901973,21.0
2018-05-09 07:30:00,0.18485265197638623,0.051298543005438034,21.0
2018-05-09 08:00:00,0.18481403870586294,0.05129600609185635,21.0
2018-05-09 08:30:00,0.18477542543533962,0.05129346917827466,21.0
2018-05-09 09:00:00,0.1847368121648163,0.051290932264692966,21.0
2018-05-09 09:30:00,0.18469819889429298,0.05128839535111128,21.0
2018-05-09 10:00:00,0.1846595856237697,0.051285858437529586,21.0
2018-05-09 10:30:00,0.18462097235324637,0.0512833215239479,21.0
2018-05-09 11:00:00,0.18458235908272305,0.051280784610366205,21.0
2018-05-09 11:30:00,0.18454374581219976,0.05127824769678452,21.0
2018-05-09 12:00:00,0.18450513254167644,0.05127571078320283,21.0
2018-05-09 12:30:00,0.18446651927115312,0.05127317386962114,21.0
2018-05-09 13:00:00,0.1844279060006298,0.05127063695603945,21.0
2018-05-09 13:30:00,0.1843892927301065,0.05126810004245776,21.0
2018-05-09 14:00:00,0.1843506794595832,0.05126556312887607,21.0
2018-05-09 14:30:00,0.18643218753872318,0.05125461753125887,21.0
2018-05-09 15:00:00,0.1885136956178632,0.051243671933641675,21.0
2018-05-09 15:30:00,0.19059520369700317,0.05123272633602448,21.0
2018-05-09 16:00:00,0.19267671177614315,0.05122178073840729,21.0
2018-05-09 16:30:00,0.19475821985528313,0.05121083514079009,21.0
2018-05-09 17:00:00,0.19683972793442311,0.051199889543172894,21.0
2018-05-09 17:30:00,0.19892123601356312,0.0511889439455557,21.0
2018-05-09 18:00:00,0.2010027440927031,0.0511779983479385,21.0
2018-05-09 18:30:00,0.2030842521718431,0.0511670527503213,21.0
2018-05-09 19:00:00,0.2051657602509831,0.051156107152704106,21.0
2018-05-09 19:30:00,0.20724726833012308,0.05114516155508691,21.0
2018-05-09 20:00:00,0.20932877640926306,0.05113421595746971,21.0
2018-05-09 20:30:00,0.21141028448840304,0.05112327035985252,21.0
2018-05-09 21:00:00,0.21349179256754303,0.051112324762235324,21.0
2018-05-09 21:30:00,0.21557330064668304,0.05110137916461813,21.0
2018-05-09 22:00:00,0.21765480872582302,0.05109043356700093,21.0
2018-05-09 22:30:00,0.219736316804963,0.05107948796938373,21.0
2018-05-09 23:00:00,0.221817824884103,0.051068542371766536,21.0
2018-05-09 23:30:00,0.223899332963243,0.05105759677414934,21.0
2018-05-10 00:00:00,0.22598084104238297,0.05104665117653215,21.0
2018-05-10 00:30:00,0.22806234912152296,0.05103570557891495,21.0
2018-05-10 01:00:00,0.23014385720066294,0.051024759981297754,21.0
2018-05-10 01:30:00,0.23222536527980295,0.05101381438368056,21.0
2018-05-10 02:00:00,0.23430687335894293,0.05100286878606336,21.0
2018-05-10 02:30:00,0.2355238794096632,0.05115708092559793,21.0
2018-05-10 03:00:00,0.23674088546038347,0.051311293065132504,21.0
2018-05-10 03:30:00,0.23795789151110375,0.05146550520466708,21.0
2018-05-10 04:00:00,0.23917489756182403,0.05161971734420165,21.0
2018-05-10 04:30:00,0.2403919036125443,0.051773929483736214,21.0
2018-05-10 05:00:00,0.24160890966326456,0.051928141623270786,21.0
2018-05-10 05:30:00,0.24282591571398485,0.05208235376280536,21.0
2018-05-10 06:00:00,0.24404292176470513,0.05223656590233993,21.0
2018-05-10 06:30:00,0.24525992781542538,0.0523907780418745,21.0
2018-05-10 07:00:00,0.24647693386614566,0.052544990181409075,21.0
2018-05-10 07:30:00,0.24769393991686595,0.05269920232094365,21.0
2018-05-10 08:00:00,0.24891094596758623,0.05285341446047821,21.0
2018-05-10 08:30:00,0.2501279520183065,0.053007626600012785,21.0
2018-05-10 09:00:00,0.25134495806902674,0.05316183873954736,21.0
2018-05-10 09:30:00,0.252561964119747,0.05331605087908193,21.0
2018-05-10 10:00:00,0.2537789701704673,0.0534702630186165,21.0
2018-05-10 10:30:00,0.2549959762211876,0.05362447515815107,21.0
2018-05-10 11:00:00,0.25621298227190786,0.053778687297685646,21.0
2018-05-10 11:30:00,0.25742998832262814,0.05393289943722022,21.0
2018-05-10 12:00:00,0.2586469943733484,0.05408711157675479,21.0
2018-05-10 12:30:00,0.25986400042406865,0.054241323716289355,21.0
2018-05-10 13:00:00,0.26108100647478893,0.05439553585582393,21.0
2018-05-10 13:30:00,0.2622980125255092,0.0545497479953585,21.0
2018-05-10 14:00:00,0.2635150185762295,0.05470396013489307,21.0
2018-05-10 14:30:00,0.2632145035449096,0.05471435888068414,21.0
2018-05-10 15:00:00,0.2629139885135897,0.05472475762647521,21.0
2018-05-10 15:30:00,0.2626134734822699,0.05473515637226628,21.0
2018-05-10 16:00:00,0.26231295845095,0.05474555511805735,21.0
2018-05-10 16:30:00,0.2620124434196301,0.05475595386384842,21.0
2018-05-10 17:00:00,0.2617119283883102,0.05476635260963949,21.0
2018-05-10 17:30:00,0.2614114133569903,0.05477675135543056,21.0
2018-05-10 18:00:00,0.2611108983256704,0.05478715010122163,21.0
2018-05-10 18:30:00,0.2608103832943506,0.0547975488470127,21.0
2018-05-10 19:00:00,0.2605098682630307,0.05480794759280377,21.0
2018-05-10 19:30:00,0.2602093532317108,0.05481834633859484,21.0
2018-05-10 20:00:00,0.2599088382003909,0.0548287450843859,21.0
2018-05-10 20:30:00,0.259608323169071,0.05483914383017697,21.0
2018-05-10 21:00:00,0.2593078081377511,0.05484954257596804,21.0
2018-05-10 21:30:00,0.2590072931064313,0.05485994132175911,21.0
2018-05-10 22:00:00,0.2587067780751114,0.05487034006755018,21.0
2018-05-10 22:30:00,0.2584062630437915,0.05488073881334125,21.0
2018-05-10 23:00:00,0.2581057480124716,0.054891137559132316,21.0
2018-05-10 23:30:00,0.2578052329811517,0.054901536304923386,21.0
2018-05-11 00:00:00,0.2575047179498318,0.054911935050714455,21.0
2018-05-11 00:30:00,0.257204202918512,0.054922333796505525,21.0
2018-05-11 01:00:00,0.2569036878871921,0.054932732542296595,21.0
2018-05-11 01:30:00,0.2566031728558722,0.054943131288087664,21.0
2018-05-11 02:00:00,0.2563026578245523,0.054953530033878734,21.0
2018-05-11 02:30:00,0.2560763923137155,0.054942199721239454,21.0
2018-05-11 03:00:00,0.2558501268028787,0.054930869408600175,21.0
2018-05-11 03:30:00,0.2556238612920419,0.05491953909596089,21.0
2018-05-11 04:00:00,0.25539759578120513,0.05490820878332161,21.0
2018-05-11 04:30:00,0.2551713302703683,0.05489687847068233,21.0
2018-05-11 05:00:00,0.25494506475953155,0.05488554815804304,21.0
2018-05-11 05:30:00,0.2547187992486947,0.054874217845403764,21.0
2018-05-11 06:00:00,0.25449253373785796,0.054862887532764484,21.0
2018-05-11 06:30:00,0.25426626822702114,0.054851557220125205,21.0
2018-05-11 07:00:00,0.2540400027161844,0.054840226907485926,21.0
2018-05-11 07:30:00,0.25381373720534756,0.05482889659484664,21.0
2018-05-11 08:00:00,0.2535874716945108,0.05481756628220736,21.0
2018-05-11 08:30:00,0.25336120618367397,0.05480623596956808,21.0
2018-05-11 09:00:00,0.25313494067283715,0.054794905656928794,21.0
2018-05-11 09:30:00,0.2529086751620004,0.054783575344289515,21.0
2018-05-11 10:00:00,0.25268240965116356,0.054772245031650235,21.0
2018-05-11 10:30:00,0.2524561441403268,0.054760914719010956,21.0
2018-05-11 11:00:00,0.25222987862949,0.054749584406371676,21.0
2018-05-11 11:30:00,0.2520036131186532,0.05473825409373239,21.0
2018-05-11 12:00:00,0.2517773476078164,0.05472692378109311,21.0
2018-05-11 12:30:00,0.25155108209697963,0.05471559346845383,21.0
2018-05-11 13:00:00,0.2513248165861428,0.054704263155814545,21.0
2018-05-11 13:30:00,0.25109855107530604,0.054692932843175265,21.0
2018-05-11 14:00:00,0.2508722855644692,0.054681602530535986,21.0
2018-05-11 14:30:00,0.25064486101856925,0.05468694049794099,21.0
2018-05-11 15:00:00,0.25041743647266923,0.05469227846534599,21.0
2018-05-11 15:30:00,0.25019001192676926,0.05469761643275099,21.0
2018-05-11 16:00:00,0.24996258738086924,0.05470295440015599,21.0
2018-05-11 16:30:00,0.24973516283496924,0.054708292367560994,21.0
2018-05-11 17:00:00,0.24950773828906925,0.054713630334966,21.0
2018-05-11 17:30:00,0.24928031374316928,0.054718968302370996,21.0
2018-05-11 18:00:00,0.24905288919726928,0.054724306269776,21.0
2018-05-11 18:30:00,0.2488254646513693,0.054729644237181,21.0
2018-05-11 19:00:00,0.2485980401054693,0.054734982204586,21.0
2018-05-11 19:30:00,0.2483706155595693,0.054740320171991,21.0
2018-05-11 20:00:00,0.2481431910136693,0.054745658139396004,21.0
2018-05-11 20:30:00,0.2479157664677693,0.05475099610680101,21.0
2018-05-11 21:00:00,0.2476883419218693,0.054756334074206006,21.0
2018-05-11 21:30:00,0.2474609173759693,0.05476167204161101,21.0
2018-05-11 22:00:00,0.24723349283006932,0.05476701000901601,21.0
2018-05-11 22:30:00,0.24700606828416932,0.05477234797642101,21.0
2018-05-11 23:00:00,0.24677864373826933,0.05477768594382602,21.0
2018-05-11 23:30:00,0.24655121919236936,0.054783023911231014,21.0
2018-05-12 00:00:00,0.24632379464646936,0.05478836187863602,21.0
2018-05-12 00:30:00,0.24609637010056937,0.054793699846041016,21.0
2018-05-12 01:00:00,0.24586894555466937,0.05479903781344602,21.0
2018-05-12 01:30:00,0.24564152100876938,0.05480437578085102,21.0
2018-05-12 02:00:00,0.24541409646286938,0.05480971374825602,21.0
2018-05-12 02:30:00,0.24563020668365637,0.05480915088320392,21.0
2018-05-12 03:00:00,0.2458463169044434,0.05480858801815182,21.0
2018-05-12 03:30:00,0.2460624271252304,0.05480802515309971,21.0
2018-05-12 04:00:00,0.2462785373460174,0.05480746228804761,21.0
2018-05-12 04:30:00,0.2464946475668044,0.054806899422995506,21.0
2018-05-12 05:00:00,0.2467107577875914,0.054806336557943404,21.0
2018-05-12 05:30:00,0.24692686800837843,0.0548057736928913,21.0
2018-05-12 06:00:00,0.24714297822916542,0.05480521082783919,21.0
2018-05-12 06:30:00,0.2473590884499524,0.05480464796278709,21.0
2018-05-12 07:00:00,0.24757519867073943,0.05480408509773499,21.0
2018-05-12 07:30:00,0.24779130889152645,0.05480352223268289,21.0
2018-05-12 08:00:00,0.24800741911231344,0.054802959367630785,21.0
2018-05-12 08:30:00,0.24822352933310043,0.054802396502578676,21.0
2018-05-12 09:00:00,0.24843963955388745,0.054801833637526574,21.0
2018-05-12 09:30:00,0.24865574977467447,0.05480127077247447,21.0
2018-05-12 10:00:00,0.24887185999546146,0.05480070790742237,21.0
2018-05-12 10:30:00,0.24908797021624846,0.05480014504237026,21.0
2018-05-12 11:00:00,0.24930408043703547,0.05479958217731816,21.0
2018-05-12 11:30:00,0.2495201906578225,0.05479901931226606,21.0
2018-05-12 12:00:00,0.24973630087860949,0.054798456447213956,21.0
2018-05-12 12:30:00,0.24995241109939648,0.054797893582161854,21.0
2018-05-12 13:00:00,0.2501685213201835,0.054797330717109745,21.0
2018-05-12 13:30:00,0.2503846315409705,0.05479676785205764,21.0
2018-05-12 14:00:00,0.2506007417617575,0.05479620498700554,21.0
2018-05-12 14:30:00,0.25184879054348897,0.05479530849244553,21.0
2018-05-12 15:00:00,0.2530968393252205,0.05479441199788551,21.0
2018-05-12 15:30:00,0.254344888106952,0.0547935155033255,21.0
2018-05-12 16:00:00,0.25559293688868345,0.05479261900876549,21.0
2018-05-12 16:30:00,0.2568409856704149,0.05479172251420548,21.0
2018-05-12 17:00:00,0.2580890344521464,0.05479082601964546,21.0
2018-05-12 17:30:00,0.25933708323387794,0.05478992952508545,21.0
2018-05-12 18:00:00,0.2605851320156094,0.05478903303052544,21.0
2018-05-12 18:30:00,0.26183318079734086,0.05478813653596542,21.0
2018-05-12 19:00:00,0.2630812295790724,0.05478724004140541,21.0
2018-05-12 19:30:00,0.2643292783608039,0.0547863435468454,21.0
2018-05-12 20:00:00,0.26557732714253535,0.05478544705228538,21.0
2018-05-12 20:30:00,0.2668253759242668,0.05478455055772537,21.0
2018-05-12 21:00:00,0.2680734247059983,0.054783654063165356,21.0
2018-05-12 21:30:00,0.26932147348772983,0.054782757568605345,21.0
2018-05-12 22:00:00,0.2705695222694613,0.05478186107404533,21.0
2018-05-12 22:30:00,0.27181757105119275,0.054780964579485315,21.0
2018-05-12 23:00:00,0.27306561983292427,0.054780068084925304,21.0
2018-05-12 23:30:00,0.2743136686146558,0.054779171590365286,21.0
2018-05-13 00:00:00,0.27556171739638724,0.054778275095805275,21.0
2018-05-13 00:30:00,0.2768097661781187,0.054777378601245263,21.0
2018-05-13 01:00:00,0.2780578149598502,0.05477648210668525,21.0
2018-05-13 01:30:00,0.27930586374158173,0.054775585612125234,21.0
2018-05-13 02:00:00,0.2805539125233132,0.05477468911756522,21.0
2018-05-13 02:30:00,0.28015968804206054,0.054770979380007336,21.0
2018-05-13 03:00:00,0.27976546356080784,0.05476726964244945,21.0
2018-05-13 03:30:00,0.2793712390795552,0.054763559904891554,21.0
2018-05-13 04:00:00,0.2789770145983025,0.05475985016733367,21.0
2018-05-13 04:30:00,0.27858279011704984,0.05475614042977578,21.0
2018-05-13 05:00:00,0.27818856563579714,0.054752430692217885,21.0
2018-05-13 05:30:00,0.2777943411545445,0.05474872095466,21.0
2018-05-13 06:00:00,0.27740011667329184,0.05474501121710211,21.0
2018-05-13 06:30:00,0.27700589219203914,0.05474130147954422,21.0
2018-05-13 07:00:00,0.2766116677107865,0.054737591741986336,21.0
2018-05-13 07:30:00,0.2762174432295338,0.05473388200442844,21.0
2018-05-13 08:00:00,0.27582321874828114,0.054730172266870554,21.0
2018-05-13 08:30:00,0.2754289942670285,0.05472646252931267,21.0
2018-05-13 09:00:00,0.2750347697857758,0.05472275279175477,21.0
2018-05-13 09:30:00,0.27464054530452314,0.054719043054196885,21.0
2018-05-13 10:00:00,0.27424632082327044,0.054715333316639,21.0
2018-05-13 10:30:00,0.2738520963420178,0.05471162357908111,21.0
2018-05-13 11:00:00,0.2734578718607651,0.05470791384152322,21.0
2018-05-13 11:30:00,0.27306364737951244,0.05470420410396533,21.0
2018-05-13 12:00:00,0.2726694228982598,0.05470049436640744,21.0
2018-05-13 12:30:00,0.2722751984170071,0.054696784628849554,21.0
2018-05-13 13:00:00,0.27188097393575444,0.05469307489129166,21.0
2018-05-13 13:30:00,0.27148674945450174,0.05468936515373377,21.0
2018-05-13 14:00:00,0.2710925249732491,0.054685655416175885,21.0
2018-05-13 14:30:00,0.2710105640651482,0.054725850662565564,21.0
2018-05-13 15:00:00,0.27092860315704725,0.054766045908955244,21.0
2018-05-13 15:30:00,0.27084664224894633,0.054806241155344916,21.0
2018-05-13 16:00:00,0.2707646813408454,0.054846436401734595,21.0
2018-05-13 16:30:00,0.2706827204327445,0.054886631648124275,21.0
2018-05-13 17:00:00,0.2706007595246436,0.054926826894513954,21.0
2018-05-13 17:30:00,0.27051879861654266,0.05496702214090363,21.0
2018-05-13 18:00:00,0.27043683770844174,0.055007217387293306,21.0
2018-05-13 18:30:00,0.2703548768003408,0.055047412633682985,21.0
2018-05-13 19:00:00,0.2702729158922399,0.055087607880072664,21.0
2018-05-13 19:30:00,0.270190954984139,0.055127803126462344,21.0
2018-05-13 20:00:00,0.27010899407603806,0.05516799837285202,21.0
2018-05-13 20:30:00,0.27002703316793714,0.055208193619241695,21.0
2018-05-13 21:00:00,0.2699450722598362,0.055248388865631375,21.0
2018-05-13 21:30:00,0.2698631113517353,0.055288584112021054,21.0
2018-05-13 22:00:00,0.2697811504436344,0.05532877935841073,21.0
2018-05-13 22:30:00,0.26969918953553346,0.055368974604800406,21.0
2018-05-13 23:00:00,0.26961722862743254,0.055409169851190085,21.0
2018-05-13 23:30:00,0.2695352677193316,0.055449365097579764,21.0
2018-05-14 00:00:00,0.2694533068112307,0.055489560343969443,21.0
2018-05-14 00:30:00,0.2693713459031298,0.05552975559035912,21.0
2018-05-14 01:00:00,0.26928938499502886,0.055569950836748795,21.0
2018-05-14 01:30:00,0.26920742408692794,0.055610146083138474,21.0
2018-05-14 02:00:00,0.269125463178827,0.055650341329528154,21.0
2018-05-14 02:30:00,0.2695636983487936,0.055644355059580645,21.0
2018-05-14 03:00:00,0.27000193351876023,0.05563836878963313,21.0
2018-05-14 03:30:00,0.2704401686887268,0.05563238251968562,21.0
2018-05-14 04:00:00,0.2708784038586934,0.055626396249738114,21.0
2018-05-14 04:30:00,0.27131663902866,0.0556204099797906,21.0
2018-05-14 05:00:00,0.27175487419862654,0.05561442370984309,21.0
2018-05-14 05:30:00,0.27219310936859314,0.055608437439895575,21.0
2018-05-14 06:00:00,0.27263134453855975,0.05560245116994807,21.0
2018-05-14 06:30:00,0.27306957970852636,0.05559646490000056,21.0
2018-05-14 07:00:00,0.27350781487849296,0.05559047863005304,21.0
2018-05-14 07:30:00,0.2739460500484595,0.055584492360105535,21.0
2018-05-14 08:00:00,0.2743842852184261,0.05557850609015802,21.0
2018-05-14 08:30:00,0.2748225203883927,0.05557251982021051,21.0
2018-05-14 09:00:00,0.27526075555835927,0.055566533550263,21.0
2018-05-14 09:30:00,0.2756989907283259,0.05556054728031549,21.0
2018-05-14 10:00:00,0.2761372258982925,0.05555456101036798,21.0
2018-05-14 10:30:00,0.2765754610682591,0.05554857474042047,21.0
2018-05-14 11:00:00,0.2770136962382257,0.055542588470472956,21.0
2018-05-14 11:30:00,0.27745193140819224,0.05553660220052545,21.0
2018-05-14 12:00:00,0.27789016657815885,0.05553061593057794,21.0
2018-05-14 12:30:00,0.27832840174812545,0.055524629660630424,21.0
2018-05-14 13:00:00,0.278766636918092,0.055518643390682916,21.0
2018-05-14 13:30:00,0.2792048720880586,0.0555126571207354,21.0
2018-05-14 14:00:00,0.2796431072580252,0.05550667085078789,21.0
2018-05-14 14:30:00,0.281010340128825,0.05516195042456831,21.0
2018-05-14 15:00:00,0.28237757299962474,0.05481722999834874,21.0
2018-05-14 15:30:00,0.2837448058704245,0.05447250957212916,21.0
2018-05-14 16:00:00,0.28511203874122426,0.054127789145909586,21.0
2018-05-14 16:30:00,0.286479271612024,0.053783068719690005,21.0
2018-05-14 17:00:00,0.2878465044828238,0.05343834829347043,21.0
2018-05-14 17:30:00,0.28921373735362355,0.05309362786725085,21.0
2018-05-14 18:00:00,0.2905809702244233,0.05274890744103128,21.0
2018-05-14 18:30:00,0.29194820309522307,0.0524041870148117,21.0
2018-05-14 19:00:00,0.29331543596602283,0.052059466588592125,21.0
2018-05-14 19:30:00,0.2946826688368226,0.051714746162372545,21.0
2018-05-14 20:00:00,0.29604990170762235,0.05137002573615297,21.0
2018-05-14 20:30:00,0.2974171345784221,0.05102530530993339,21.0
2018-05-14 21:00:00,0.2987843674492219,0.05068058488371381,21.0
2018-05-14 21:30:00,0.30015160032002164,0.05033586445749424,21.0
2018-05-14 22:00:00,0.3015188331908214,0.04999114403127466,21.0
2018-05-14 22:30:00,0.30288606606162116,0.049646423605055084,21.0
2018-05-14 23:00:00,0.3042532989324209,0.049301703178835504,21.0
2018-05-14 23:30:00,0.3056205318032207,0.04895698275261593,21.0
2018-05-15 00:00:00,0.30698776467402045,0.04861226232639635,21.0
2018-05-15 00:30:00,0.3083549975448202,0.04826754190017678,21.0
2018-05-15 01:00:00,0.30972223041561997,0.0479228214739572,21.0
2018-05-15 01:30:00,0.31108946328641973,0.047578101047737624,21.0
2018-05-15 02:00:00,0.3124566961572195,0.047233380621518044,21.0
2018-05-15 02:30:00,0.3129344431602093,0.04695685216402578,21.0
2018-05-15 03:00:00,0.3134121901631991,0.046680323706533515,21.0
2018-05-15 03:30:00,0.3138899371661889,0.04640379524904125,21.0
2018-05-15 04:00:00,0.3143676841691787,0.04612726679154898,21.0
2018-05-15 04:30:00,0.3148454311721685,0.045850738334056715,21.0
2018-05-15 05:00:00,0.3153231781751583,0.04557420987656445,21.0
2018-05-15 05:30:00,0.3158009251781482,0.045297681419072186,21.0
2018-05-15 06:00:00,0.316278672181138,0.04502115296157992,21.0
2018-05-15 06:30:00,0.3167564191841278,0.04474462450408766,21.0
2018-05-15 07:00:00,0.3172341661871176,0.044468096046595386,21.0
2018-05-15 07:30:00,0.3177119131901074,0.04419156758910312,21.0
2018-05-15 08:00:00,0.3181896601930972,0.04391503913161086,21.0
2018-05-15 08:30:00,0.318667407196087,0.04363851067411859,21.0
2018-05-15 09:00:00,0.3191451541990768,0.04336198221662633,21.0
2018-05-15 09:30:00,0.3196229012020666,0.043085453759134064,21.0
2018-05-15 10:00:00,0.3201006482050564,0.04280892530164179,21.0
2018-05-15 10:30:00,0.3205783952080462,0.04253239684414953,21.0
2018-05-15 11:00:00,0.321056142211036,0.042255868386657264,21.0
2018-05-15 11:30:00,0.32153388921402587,0.041979339929165,21.0
2018-05-15 12:00:00,0.3220116362170157,0.041702811471672735,21.0
2018-05-15 12:30:00,0.3224893832200055,0.04142628301418047,21.0
2018-05-15 13:00:00,0.3229671302229953,0.0411497545566882,21.0
2018-05-15 13:30:00,0.3234448772259851,0.040873226099195935,21.0
2018-05-15 14:00:00,0.3239226242289749,0.04059669764170367,21.0
2018-05-15 14:30:00,0.324031964244638,0.04048096647202492,21.0
2018-05-15 15:00:00,0.3241413042603011,0.04036523530234617,21.0
2018-05-15 15:30:00,0.3242506442759642,0.04024950413266742,21.0
2018-05-15 16:00:00,0.32435998429162727,0.040133772962988666,21.0
2018-05-15 16:30:00,0.32446932430729036,0.040018041793309915,21.0
2018-05-15 17:00:00,0.32457866432295346,0.03990231062363117,21.0
2018-05-15 17:30:00,0.32468800433861655,0.03978657945395242,21.0
2018-05-15 18:00:00,0.32479734435427965,0.03967084828427367,21.0
2018-05-15 18:30:00,0.32490668436994274,0.03955511711459492,21.0
2018-05-15 19:00:00,0.32501602438560584,0.03943938594491617,21.0
2018-05-15 19:30:00,0.32512536440126893,0.039323654775237415,21.0
2018-05-15 20:00:00,0.325234704416932,0.039207923605558664,21.0
2018-05-15 20:30:00,0.32534404443259507,0.03909219243587991,21.0
2018-05-15 21:00:00,0.32545338444825817,0.03897646126620116,21.0
2018-05-15 21:30:00,0.32556272446392126,0.03886073009652241,21.0
2018-05-15 22:00:00,0.32567206447958436,0.03874499892684366,21.0
2018-05-15 22:30:00,0.32578140449524745,0.03862926775716491,21.0
2018-05-15 23:00:00,0.32589074451091055,0.038513536587486165,21.0
2018-05-15 23:30:00,0.32600008452657364,0.038397805417807414,21.0
2018-05-16 00:00:00,0.32610942454223674,0.03828207424812866,21.0
2018-05-16 00:30:00,0.32621876455789983,0.03816634307844991,21.0
2018-05-16 01:00:00,0.3263281045735629,0.03805061190877116,21.0
2018-05-16 01:30:00,0.326437444589226,0.03793488073909241,21.0
2018-05-16 02:00:00,0.3265467846048891,0.03781914956941366,21.0
2018-05-16 02:30:00,0.32660884860754585,0.03764519688837343,21.0
2018-05-16 03:00:00,0.32667091261020254,0.0374712442073332,21.0
2018-05-16 03:30:00,0.32673297661285927,0.037297291526292964,21.0
2018-05-16 04:00:00,0.326795040615516,0.037123338845252735,21.0
2018-05-16 04:30:00,0.3268571046181727,0.036949386164212505,21.0
2018-05-16 05:00:00,0.3269191686208294,0.036775433483172276,21.0
2018-05-16 05:30:00,0.32698123262348616,0.03660148080213205,21.0
2018-05-16 06:00:00,0.32704329662614284,0.03642752812109181,21.0
2018-05-16 06:30:00,0.3271053606287996,0.03625357544005158,21.0
2018-05-16 07:00:00,0.3271674246314563,0.03607962275901135,21.0
2018-05-16 07:30:00,0.327229488634113,0.03590567007797112,21.0
2018-05-16 08:00:00,0.32729155263676973,0.035731717396930894,21.0
2018-05-16 08:30:00,0.32735361663942647,0.03555776471589066,21.0
2018-05-16 09:00:00,0.32741568064208315,0.03538381203485043,21.0
2018-05-16 09:30:00,0.3274777446447399,0.0352098593538102,21.0
2018-05-16 10:00:00,0.3275398086473966,0.03503590667276997,21.0
2018-05-16 10:30:00,0.3276018726500533,0.034861953991729734,21.0
2018-05-16 11:00:00,0.32766393665271004,0.034688001310689505,21.0
2018-05-16 11:30:00,0.3277260006553668,0.034514048629649276,21.0
2018-05-16 12:00:00,0.32778806465802346,0.034340095948609047,21.0
2018-05-16 12:30:00,0.3278501286606802,0.03416614326756882,21.0
2018-05-16 13:00:00,0.32791219266333693,0.03399219058652858,21.0
2018-05-16 13:30:00,0.3279742566659936,0.03381823790548835,21.0
2018-05-16 14:00:00,0.32803632066865035,0.03364428522444812,21.0
2018-05-16 14:30:00,0.32757781820570964,0.033737809822804665,21.0
2018-05-16 15:00:00,0.3271193157427689,0.033831334421161215,21.0
2018-05-16 15:30:00,0.3266608132798282,0.03392485901951776,21.0
2018-05-16 16:00:00,0.3262023108168875,0.0340183836178743,21.0
2018-05-16 16:30:00,0.3257438083539468,0.03411190821623085,21.0
2018-05-16 17:00:00,0.32528530589100607,0.03420543281458739,21.0
2018-05-16 17:30:00,0.32482680342806536,0.034298957412943934,21.0
2018-05-16 18:00:00,0.32436830096512465,0.03439248201130048,21.0
2018-05-16 18:30:00,0.32390979850218393,0.034486006609657026,21.0
2018-05-16 19:00:00,0.3234512960392432,0.03457953120801357,21.0
2018-05-16 19:30:00,0.3229927935763025,0.03467305580637012,21.0
2018-05-16 20:00:00,0.3225342911133618,0.03476658040472666,21.0
2018-05-16 20:30:00,0.3220757886504211,0.0348601050030832,21.0
2018-05-16 21:00:00,0.32161728618748037,0.03495362960143975,21.0
2018-05-16 21:30:00,0.32115878372453965,0.035047154199796295,21.0
2018-05-16 22:00:00,0.32070028126159894,0.03514067879815284,21.0
2018-05-16 22:30:00,0.3202417787986582,0.035234203396509386,21.0
2018-05-16 23:00:00,0.3197832763357175,0.03532772799486593,21.0
2018-05-16 23:30:00,0.3193247738727768,0.03542125259322247,21.0
2018-05-17 00:00:00,0.3188662714098361,0.03551477719157902,21.0
2018-05-17 00:30:00,0.3184077689468954,0.03560830178993556,21.0
2018-05-17 01:00:00,0.31794926648395466,0.035701826388292106,21.0
2018-05-17 01:30:00,0.31749076402101395,0.035795350986648655,21.0
2018-05-17 02:00:00,0.31703226155807324,0.0358888755850052,21.0
2018-05-17 02:30:00,0.31776045903484157,0.03576079882148669,21.0
2018-05-17 03:00:00,0.3184886565116099,0.03563272205796818,21.0
2018-05-17 03:30:00,0.31921685398837824,0.03550464529444967,21.0
2018-05-17 04:00:00,0.31994505146514657,0.03537656853093116,21.0
2018-05-17 04:30:00,0.3206732489419149,0.03524849176741265,21.0
2018-05-17 05:00:00,0.3214014464186833,0.03512041500389414,21.0
2018-05-17 05:30:00,0.3221296438954516,0.03499233824037563,21.0
2018-05-17 06:00:00,0.32285784137221996,0.03486426147685712,21.0
2018-05-17 06:30:00,0.3235860388489883,0.03473618471333861,21.0
2018-05-17 07:00:00,0.3243142363257566,0.0346081079498201,21.0
2018-05-17 07:30:00,0.32504243380252495,0.03448003118630159,21.0
2018-05-17 08:00:00,0.3257706312792933,0.03435195442278308,21.0
2018-05-17 08:30:00,0.3264988287560616,0.03422387765926457,21.0
2018-05-17 09:00:00,0.32722702623282995,0.03409580089574606,21.0
2018-05-17 09:30:00,0.3279552237095983,0.03396772413222755,21.0
2018-05-17 10:00:00,0.3286834211863666,0.03383964736870904,21.0
2018-05-17 10:30:00,0.32941161866313495,0.03371157060519053,21.0
2018-05-17 11:00:00,0.33013981613990334,0.03358349384167202,21.0
2018-05-17 11:30:00,0.3308680136166717,0.03345541707815351,21.0
2018-05-17 12:00:00,0.33159621109344,0.033327340314635,21.0
2018-05-17 12:30:00,0.33232440857020834,0.03319926355111649,21.0
2018-05-17 13:00:00,0.3330526060469767,0.03307118678759798,21.0
2018-05-17 13:30:00,0.333780803523745,0.03294311002407947,21.0
2018-05-17 14:00:00,0.33450900100051334,0.03281503326056096,21.0
2018-05-17 14:30:00,0.33406999441837737,0.03276101966112539,21.0
2018-05-17 15:00:00,0.33363098783624145,0.032707006061689824,21.0
2018-05-17 15:30:00,0.3331919812541055,0.03265299246225426,21.0
2018-05-17 16:00:00,0.33275297467196957,0.03259897886281869,21.0
2018-05-17 16:30:00,0.3323139680898336,0.03254496526338312,21.0
2018-05-17 17:00:00,0.3318749615076977,0.032490951663947554,21.0
2018-05-17 17:30:00,0.3314359549255617,0.032436938064511985,21.0
2018-05-17 18:00:00,0.33099694834342575,0.032382924465076415,21.0
2018-05-17 18:30:00,0.33055794176128983,0.03232891086564085,21.0
2018-05-17 19:00:00,0.33011893517915386,0.032274897266205284,21.0
2018-05-17 19:30:00,0.32967992859701795,0.032220883666769715,21.0
2018-05-17 20:00:00,0.329240922014882,0.032166870067334145,21.0
2018-05-17 20:30:00,0.328801915432746,0.032112856467898576,21.0
2018-05-17 21:00:00,0.3283629088506101,0.03205884286846301,21.0
2018-05-17 21:30:00,0.3279239022684741,0.032004829269027445,21.0
2018-05-17 22:00:00,0.3274848956863382,0.031950815669591875,21.0
2018-05-17 22:30:00,0.32704588910420224,0.031896802070156306,21.0
2018-05-17 23:00:00,0.3266068825220663,0.03184278847072074,21.0
2018-05-17 23:30:00,0.32616787593993035,0.03178877487128517,21.0
2018-05-18 00:00:00,0.3257288693577944,0.0317347612718496,21.0
2018-05-18 00:30:00,0.32528986277565847,0.031680747672414036,21.0
2018-05-18 01:00:00,0.3248508561935225,0.03162673407297847,21.0
2018-05-18 01:30:00,0.3244118496113866,0.0315727204735429,21.0
2018-05-18 02:00:00,0.3239728430292506,0.03151870687410733,21.0
2018-05-18 02:30:00,0.32361500009280425,0.03163142069203444,21.0
2018-05-18 03:00:00,0.3232571571563579,0.03174413450996155,21.0
2018-05-18 03:30:00,0.3228993142199115,0.03185684832788866,21.0
2018-05-18 04:00:00,0.32254147128346516,0.03196956214581577,21.0
2018-05-18 04:30:00,0.3221836283470188,0.032082275963742884,21.0
2018-05-18 05:00:00,0.32182578541057244,0.03219498978166999,21.0
2018-05-18 05:30:00,0.32146794247412613,0.0323077035995971,21.0
2018-05-18 06:00:00,0.32111009953767977,0.03242041741752422,21.0
2018-05-18 06:30:00,0.3207522566012334,0.032533131235451325,21.0
2018-05-18 07:00:00,0.32039441366478705,0.03264584505337843,21.0
2018-05-18 07:30:00,0.3200365707283407,0.03275855887130555,21.0
2018-05-18 08:00:00,0.3196787277918943,0.03287127268923266,21.0
2018-05-18 08:30:00,0.31932088485544796,0.032983986507159765,21.0
2018-05-18 09:00:00,0.3189630419190016,0.03309670032508688,21.0
2018-05-18 09:30:00,0.31860519898255524,0.03320941414301399,21.0
2018-05-18 10:00:00,0.3182473560461089,0.0333221279609411,21.0
2018-05-18 10:30:00,0.3178895131096625,0.03343484177886821,21.0
2018-05-18 11:00:00,0.31753167017321615,0.03354755559679532,21.0
2018-05-18 11:30:00,0.31717382723676985,0.03366026941472243,21.0
2018-05-18 12:00:00,0.3168159843003235,0.033772983232649545,21.0
2018-05-18 12:30:00,0.3164581413638771,0.03388569705057665,21.0
2018-05-18 13:00:00,0.31610029842743076,0.03399841086850376,21.0
2018-05-18 13:30:00,0.3157424554909844,0.03411112468643088,21.0
2018-05-18 14:00:00,0.31538461255453804,0.034223838504357985,21.0
2018-05-18 14:30:00,0.3151661650588679,0.0343371251330929,21.0
2018-05-18 15:00:00,0.3149477175631978,0.03445041176182782,21.0
2018-05-18 15:30:00,0.3147292700675276,0.03456369839056274,21.0
2018-05-18 16:00:00,0.3145108225718575,0.034676985019297654,21.0
2018-05-18 16:30:00,0.31429237507618735,0.03479027164803258,21.0
2018-05-18 17:00:00,0.3140739275805172,0.03490355827676749,21.0
2018-05-18 17:30:00,0.3138554800848471,0.035016844905502414,21.0
2018-05-18 18:00:00,0.3136370325891769,0.03513013153423733,21.0
2018-05-18 18:30:00,0.3134185850935068,0.035243418162972245,21.0
2018-05-18 19:00:00,0.31320013759783666,0.03535670479170717,21.0
2018-05-18 19:30:00,0.31298169010216653,0.03546999142044208,21.0
2018-05-18 20:00:00,0.31276324260649635,0.035583278049177006,21.0
2018-05-18 20:30:00,0.3125447951108262,0.03569656467791192,21.0
2018-05-18 21:00:00,0.3123263476151561,0.03580985130664684,21.0
2018-05-18 21:30:00,0.31210790011948597,0.03592313793538176,21.0
2018-05-18 22:00:00,0.31188945262381584,0.036036424564116674,21.0
2018-05-18 22:30:00,0.31167100512814566,0.03614971119285159,21.0
2018-05-18 23:00:00,0.31145255763247554,0.03626299782158651,21.0
2018-05-18 23:30:00,0.3112341101368054,0.03637628445032143,21.0
2018-05-19 00:00:00,0.3110156626411353,0.03648957107905634,21.0
2018-05-19 00:30:00,0.31079721514546516,0.036602857707791266,21.0
2018-05-19 01:00:00,0.310578767649795,0.03671614433652618,21.0
2018-05-19 01:30:00,0.31036032015412485,0.036829430965261103,21.0
2018-05-19 02:00:00,0.3101418726584547,0.03694271759399602,21.0
2018-05-19 02:30:00,0.3104242731964383,0.037038128503953376,21.0
2018-05-19 03:00:00,0.3107066737344218,0.03713353941391073,21.0
2018-05-19 03:30:00,0.31098907427240535,0.03722895032386809,21.0
2018-05-19 04:00:00,0.3112714748103889,0.037324361233825445,21.0
2018-05-19 04:30:00,0.3115538753483725,0.03741977214378281,21.0
2018-05-19 05:00:00,0.311836275886356,0.037515183053740166,21.0
2018-05-19 05:30:00,0.31211867642433955,0.03761059396369752,21.0
2018-05-19 06:00:00,0.3124010769623231,0.03770600487365488,21.0
2018-05-19 06:30:00,0.3126834775003066,0.037801415783612236,21.0
2018-05-19 07:00:00,0.3129658780382902,0.03789682669356959,21.0
2018-05-19 07:30:00,0.31324827857627374,0.03799223760352695,21.0
2018-05-19 08:00:00,0.31353067911425725,0.03808764851348431,21.0
2018-05-19 08:30:00,0.3138130796522408,0.03818305942344167,21.0
2018-05-19 09:00:00,0.3140954801902244,0.038278470333399026,21.0
2018-05-19 09:30:00,0.31437788072820794,0.03837388124335638,21.0
2018-05-19 10:00:00,0.31466028126619144,0.03846929215331374,21.0
2018-05-19 10:30:00,0.314942681804175,0.038564703063271095,21.0
2018-05-19 11:00:00,0.31522508234215857,0.03866011397322845,21.0
2018-05-19 11:30:00,0.3155074828801421,0.03875552488318581,21.0
2018-05-19 12:00:00,0.31578988341812564,0.038850935793143165,21.0
2018-05-19 12:30:00,0.3160722839561092,0.03894634670310053,21.0
2018-05-19 13:00:00,0.31635468449409276,0.039041757613057886,21.0
2018-05-19 13:30:00,0.31663708503207627,0.03913716852301524,21.0
2018-05-19 14:00:00,0.31691948557005983,0.0392325794329726,21.0
2018-05-19 14:30:00,0.3170826014229904,0.03922992370683924,21.0
2018-05-19 15:00:00,0.3172457172759209,0.03922726798070588,21.0
2018-05-19 15:30:00,0.31740883312885143,0.03922461225457252,21.0
2018-05-19 16:00:00,0.317571948981782,0.03922195652843916,21.0
2018-05-19 16:30:00,0.31773506483471253,0.039219300802305804,21.0
2018-05-19 17:00:00,0.31789818068764303,0.039216645076172445,21.0
2018-05-19 17:30:00,0.3180612965405736,0.03921398935003909,21.0
2018-05-19 18:00:00,0.31822441239350413,0.039211333623905734,21.0
2018-05-19 18:30:00,0.3183875282464346,0.039208677897772375,21.0
2018-05-19 19:00:00,0.3185506440993652,0.039206022171639016,21.0
2018-05-19 19:30:00,0.3187137599522957,0.03920336644550566,21.0
2018-05-19 20:00:00,0.3188768758052263,0.0392007107193723,21.0
2018-05-19 20:30:00,0.3190399916581568,0.03919805499323894,21.0
2018-05-19 21:00:00,0.3192031075110873,0.03919539926710558,21.0
2018-05-19 21:30:00,0.3193662233640179,0.03919274354097222,21.0
2018-05-19 22:00:00,0.31952933921694837,0.03919008781483886,21.0
2018-05-19 22:30:00,0.3196924550698789,0.0391874320887055,21.0
2018-05-19 23:00:00,0.3198555709228095,0.039184776362572143,21.0
2018-05-19 23:30:00,0.32001868677573997,0.03918212063643879,21.0
2018-05-20 00:00:00,0.3201818026286705,0.03917946491030543,21.0
2018-05-20 00:30:00,0.32034491848160107,0.03917680918417207,21.0
2018-05-20 01:00:00,0.3205080343345316,0.039174153458038714,21.0
2018-05-20 01:30:00,0.3206711501874621,0.039171497731905355,21.0
2018-05-20 02:00:00,0.32083426604039267,0.039168842005771996,21.0
2018-05-20 02:30:00,0.3205677366257364,0.039214523283786475,21.0
2018-05-20 03:00:00,0.32030120721108013,0.03926020456180095,21.0
2018-05-20 03:30:00,0.32003467779642386,0.03930588583981543,21.0
2018-05-20 04:00:00,0.3197681483817676,0.03935156711782991,21.0
2018-05-20 04:30:00,0.3195016189671113,0.03939724839584439,21.0
2018-05-20 05:00:00,0.31923508955245505,0.039442929673858866,21.0
2018-05-20 05:30:00,0.31896856013779873,0.03948861095187334,21.0
2018-05-20 06:00:00,0.31870203072314246,0.039534292229887816,21.0
2018-05-20 06:30:00,0.3184355013084862,0.039579973507902294,21.0
2018-05-20 07:00:00,0.3181689718938299,0.03962565478591677,21.0
2018-05-20 07:30:00,0.31790244247917365,0.03967133606393125,21.0
2018-05-20 08:00:00,0.3176359130645174,0.03971701734194573,21.0
2018-05-20 08:30:00,0.3173693836498611,0.03976269861996021,21.0
2018-05-20 09:00:00,0.31710285423520485,0.039808379897974686,21.0
2018-05-20 09:30:00,0.3168363248205486,0.039854061175989164,21.0
2018-05-20 10:00:00,0.3165697954058923,0.03989974245400364,21.0
2018-05-20 10:30:00,0.31630326599123604,0.03994542373201812,21.0
2018-05-20 11:00:00,0.31603673657657977,0.0399911050100326,21.0
2018-05-20 11:30:00,0.31577020716192344,0.04003678628804707,21.0
2018-05-20 12:00:00,0.3155036777472672,0.04008246756606155,21.0
2018-05-20 12:30:00,0.3152371483326109,0.04012814884407603,21.0
2018-05-20 13:00:00,0.31497061891795464,0.040173830122090505,21.0
2018-05-20 13:30:00,0.31470408950329837,0.04021951140010498,21.0
2018-05-20 14:00:00,0.3144375600886421,0.04026519267811946,21.0
2018-05-20 14:30:00,0.3142595274175176,0.04027274029293841,21.0
2018-05-20 15:00:00,0.3140814947463931,0.04028028790775736,21.0
2018-05-20 15:30:00,0.3139034620752686,0.04028783552257631,21.0
2018-05-20 16:00:00,0.31372542940414405,0.04029538313739526,21.0
2018-05-20 16:30:00,0.31354739673301957,0.04030293075221421,21.0
2018-05-20 17:00:00,0.3133693640618951,0.04031047836703316,21.0
2018-05-20 17:30:00,0.31319133139077054,0.04031802598185211,21.0
2018-05-20 18:00:00,0.31301329871964606,0.040325573596671056,21.0
2018-05-20 18:30:00,0.3128352660485215,0.040333121211490006,21.0
2018-05-20 19:00:00,0.31265723337739704,0.040340668826308955,21.0
2018-05-20 19:30:00,0.3124792007062725,0.040348216441127904,21.0
2018-05-20 20:00:00,0.312301168035148,0.040355764055946854,21.0
2018-05-20 20:30:00,0.31212313536402353,0.040363311670765796,21.0
2018-05-20 21:00:00,0.311945102692899,0.040370859285584745,21.0
2018-05-20 21:30:00,0.3117670700217745,0.040378406900403695,21.0
2018-05-20 22:00:00,0.31158903735064997,0.040385954515222644,21.0
2018-05-20 22:30:00,0.3114110046795255,0.04039350213004159,21.0
2018-05-20 23:00:00,0.311232972008401,0.04040104974486054,21.0
2018-05-20 23:30:00,0.31105493933727646,0.04040859735967949,21.0
2018-05-21 00:00:00,0.310876906666152,0.04041614497449844,21.0
2018-05-21 00:30:00,0.31069887399502744,0.04042369258931739,21.0
2018-05-21 01:00:00,0.31052084132390295,0.04043124020413634,21.0
2018-05-21 01:30:00,0.3103428086527784,0.04043878781895529,21.0
2018-05-21 02:00:00,0.31016477598165393,0.04044633543377424,21.0
2018-05-21 02:30:00,0.30997633190023877,0.040426800059521296,21.0
2018-05-21 03:00:00,0.3097878878188236,0.04040726468526836,21.0
2018-05-21 03:30:00,0.30959944373740844,0.04038772931101542,21.0
2018-05-21 04:00:00,0.3094109996559933,0.04036819393676248,21.0
2018-05-21 04:30:00,0.3092225555745782,0.040348658562509535,21.0
2018-05-21 05:00:00,0.309034111493163,0.0403291231882566,21.0
2018-05-21 05:30:00,0.30884566741174785,0.04030958781400366,21.0
2018-05-21 06:00:00,0.3086572233303327,0.040290052439750715,21.0
2018-05-21 06:30:00,0.3084687792489175,0.04027051706549778,21.0
2018-05-21 07:00:00,0.30828033516750236,0.04025098169124484,21.0
2018-05-21 07:30:00,0.3080918910860872,0.040231446316991895,21.0
2018-05-21 08:00:00,0.3079034470046721,0.04021191094273895,21.0
2018-05-21 08:30:00,0.30771500292325693,0.04019237556848602,21.0
2018-05-21 09:00:00,0.30752655884184177,0.040172840194233075,21.0
2018-05-21 09:30:00,0.3073381147604266,0.04015330481998013,21.0
2018-05-21 10:00:00,0.30714967067901144,0.0401337694457272,21.0
2018-05-21 10:30:00,0.3069612265975963,0.040114234071474256,21.0
2018-05-21 11:00:00,0.3067727825161811,0.04009469869722131,21.0
2018-05-21 11:30:00,0.30658433843476596,0.04007516332296838,21.0
2018-05-21 12:00:00,0.3063958943533508,0.040055627948715436,21.0
2018-05-21 12:30:00,0.3062074502719357,0.040036092574462494,21.0
2018-05-21 13:00:00,0.3060190061905205,0.04001655720020955,21.0
2018-05-21 13:30:00,0.30583056210910536,0.039997021825956616,21.0
2018-05-21 14:00:00,0.3056421180276902,0.039977486451703674,21.0
2018-05-21 14:30:00,0.3054719362150346,0.04006636676827571,21.0
2018-05-21 15:00:00,0.30530175440237894,0.04015524708484776,21.0
2018-05-21 15:30:00,0.30513157258972334,0.0402441274014198,21.0
2018-05-21 16:00:00,0.3049613907770677,0.040333007717991844,21.0
2018-05-21 16:30:00,0.3047912089644121,0.04042188803456388,21.0
2018-05-21 17:00:00,0.30462102715175643,0.04051076835113593,21.0
2018-05-21 17:30:00,0.30445084533910083,0.04059964866770797,21.0
2018-05-21 18:00:00,0.30428066352644517,0.04068852898428001,21.0
2018-05-21 18:30:00,0.30411048171378957,0.04077740930085205,21.0
2018-05-21 19:00:00,0.3039402999011339,0.0408662896174241,21.0
2018-05-21 19:30:00,0.3037701180884783,0.04095516993399614,21.0
2018-05-21 20:00:00,0.30359993627582266,0.04104405025056818,21.0
2018-05-21 20:30:00,0.30342975446316706,0.04113293056714022,21.0
2018-05-21 21:00:00,0.30325957265051146,0.04122181088371226,21.0
2018-05-21 21:30:00,0.3030893908378558,0.04131069120028431,21.0
2018-05-21 22:00:00,0.3029192090252002,0.041399571516856346,21.0
2018-05-21 22:30:00,0.30274902721254454,0.04148845183342839,21.0
2018-05-21 23:00:00,0.30257884539988894,0.04157733215000043,21.0
2018-05-21 23:30:00,0.3024086635872333,0.041666212466572476,21.0
2018-05-22 00:00:00,0.3022384817745777,0.041755092783144515,21.0
2018-05-22 00:30:00,0.302068299961922,0.04184397309971656,21.0
2018-05-22 01:00:00,0.3018981181492664,0.0419328534162886,21.0
2018-05-22 01:30:00,0.30172793633661077,0.042021733732860646,21.0
2018-05-22 02:00:00,0.30155775452395517,0.042110614049432685,21.0
2018-05-22 02:30:00,0.30119773243199677,0.04210380514380199,20.916666666666668
2018-05-22 03:00:00,0.30083771034003837,0.0420969962381713,20.833333333333332
2018-05-22 03:30:00,0.30047768824807997,0.04209018733254061,20.75
2018-05-22 04:00:00,0.30011766615612157,0.042083378426909915,20.666666666666668
2018-05-22 04:30:00,0.29975764406416316,0.042076569521279215,20.583333333333332
2018-05-22 05:00:00,0.29939762197220476,0.04206976061564852,20.5
2018-05-22 05:30:00,0.29903759988024636,0.04206295171001783,20.416666666666668
2018-05-22 06:00:00,0.29867757778828796,0.04205614280438714,20.333333333333332
2018-05-22 06:30:00,0.29831755569632956,0.042049333898756446,20.25
2018-05-22 07:00:00,0.29795753360437116,0.04204252499312575,20.166666666666668
2018-05-22 07:30:00,0.29759751151241276,0.04203571608749506,20.083333333333332
2018-05-22 08:00:00,0.2972374894204544,0.04202890718186436,20.0
2018-05-22 08:30:00,0.296877467328496,0.04202209827623367,19.916666666666668
2018-05-22 09:00:00,0.2965174452365376,0.042015289370602976,19.833333333333332
2018-05-22 09:30:00,0.2961574231445792,0.042008480464972284,19.75
2018-05-22 10:00:00,0.2957974010526208,0.04200167155934159,19.666666666666668
2018-05-22 10:30:00,0.2954373789606624,0.0419948626537109,19.583333333333332
2018-05-22 11:00:00,0.295077356868704,0.041988053748080206,19.5
2018-05-22 11:30:00,0.2947173347767456,0.041981244842449514,19.416666666666668
2018-05-22 12:00:00,0.2943573126847872,0.04197443593681882,19.333333333333332
2018-05-22 12:30:00,0.2939972905928288,0.04196762703118812,19.25
2018-05-22 13:00:00,0.2936372685008704,0.04196081812555743,19.166666666666668
2018-05-22 13:30:00,0.293277246408912,0.04195400921992674,19.083333333333332
2018-05-22 14:00:00,0.2929172243169536,0.041947200314296045,19.0
2018-05-22 14:30:00,0.2930009967170304,0.04210135521555286,19.041666666666668
2018-05-22 15:00:00,0.2930847691171071,0.04225551011680967,19.083333333333332
2018-05-22 15:30:00,0.2931685415171839,0.042409665018066485,19.125
2018-05-22 16:00:00,0.2932523139172607,0.0425638199193233,19.166666666666668
2018-05-22 16:30:00,0.29333608631733743,0.04271797482058012,19.208333333333332
2018-05-22 17:00:00,0.2934198587174142,0.042872129721836925,19.25
2018-05-22 17:30:00,0.293503631117491,0.04302628462309374,19.291666666666668
2018-05-22 18:00:00,0.29358740351756774,0.04318043952435056,19.333333333333332
2018-05-22 18:30:00,0.2936711759176445,0.043334594425607366,19.375
2018-05-22 19:00:00,0.2937549483177213,0.04348874932686418,19.416666666666668
2018-05-22 19:30:00,0.29383872071779804,0.043642904228121,19.458333333333332
2018-05-22 20:00:00,0.29392249311787483,0.043797059129377806,19.5
2018-05-22 20:30:00,0.2940062655179516,0.04395121403063462,19.541666666666668
2018-05-22 21:00:00,0.29409003791802835,0.04410536893189144,19.583333333333332
2018-05-22 21:30:00,0.29417381031810513,0.044259523833148254,19.625
2018-05-22 22:00:00,0.2942575827181819,0.04441367873440506,19.666666666666668
2018-05-22 22:30:00,0.29434135511825865,0.04456783363566188,19.708333333333332
2018-05-22 23:00:00,0.29442512751833544,0.044721988536918694,19.75
2018-05-22 23:30:00,0.2945088999184122,0.0448761434381755,19.791666666666668
2018-05-23 00:00:00,0.29459267231848896,0.04503029833943232,19.833333333333332
2018-05-23 00:30:00,0.29467644471856574,0.045184453240689135,19.875
2018-05-23 01:00:00,0.29476021711864253,0.04533860814194595,19.916666666666668
2018-05-23 01:30:00,0.29484398951871926,0.04549276304320276,19.958333333333332
2018-05-23 02:00:00,0.29492776191879605,0.045646917944459575,20.0
2018-05-23 02:30:00,0.2947726421279969,0.04567863188120519,20.0
2018-05-23 03:00:00,0.29461752233719773,0.045710345817950804,20.0
2018-05-23 03:30:00,0.2944624025463986,0.04574205975469642,20.0
2018-05-23 04:00:00,0.2943072827555994,0.04577377369144203,20.0
2018-05-23 04:30:00,0.2941521629648003,0.04580548762818765,20.0
2018-05-23 05:00:00,0.29399704317400116,0.04583720156493326,20.0
2018-05-23 05:30:00,0.293841923383202,0.045868915501678875,20.0
2018-05-23 06:00:00,0.29368680359240285,0.04590062943842449,20.0
2018-05-23 06:30:00,0.29353168380160366,0.045932343375170104,20.0
2018-05-23 07:00:00,0.29337656401080453,0.04596405731191572,20.0
2018-05-23 07:30:00,0.29322144422000535,0.04599577124866133,20.0
2018-05-23 08:00:00,0.2930663244292062,0.04602748518540695,20.0
2018-05-23 08:30:00,0.2929112046384071,0.04605919912215256,20.0
2018-05-23 09:00:00,0.2927560848476079,0.046090913058898175,20.0
2018-05-23 09:30:00,0.29260096505680877,0.04612262699564379,20.0
2018-05-23 10:00:00,0.2924458452660096,0.046154340932389404,20.0
2018-05-23 10:30:00,0.29229072547521046,0.04618605486913502,20.0
2018-05-23 11:00:00,0.2921356056844113,0.04621776880588063,20.0
2018-05-23 11:30:00,0.29198048589361214,0.04624948274262625,20.0
2018-05-23 12:00:00,0.291825366102813,0.04628119667937186,20.0
2018-05-23 12:30:00,0.2916702463120138,0.046312910616117475,20.0
2018-05-23 13:00:00,0.2915151265212147,0.04634462455286309,20.0
2018-05-23 13:30:00,0.2913600067304155,0.046376338489608704,20.0
2018-05-23 14:00:00,0.2912048869396164,0.04640805242635432,20.0
2018-05-23 14:30:00,0.29105629339652045,0.04644118800430543,20.0
2018-05-23 15:00:00,0.29090769985342446,0.046474323582256546,20.0
2018-05-23 15:30:00,0.29075910631032853,0.04650745916020766,20.0
2018-05-23 16:00:00,0.2906105127672326,0.046540594738158775,20.0
2018-05-23 16:30:00,0.2904619192241366,0.04657373031610989,20.0
2018-05-23 17:00:00,0.2903133256810407,0.046606865894061,20.0
2018-05-23 17:30:00,0.2901647321379447,0.04664000147201212,20.0
2018-05-23 18:00:00,0.29001613859484876,0.04667313704996323,20.0
2018-05-23 18:30:00,0.28986754505175283,0.046706272627914346,20.0
2018-05-23 19:00:00,0.28971895150865684,0.04673940820586546,20.0
2018-05-23 19:30:00,0.2895703579655609,0.046772543783816574,20.0
2018-05-23 20:00:00,0.2894217644224649,0.04680567936176768,20.0
2018-05-23 20:30:00,0.289273170879369,0.046838814939718795,20.0
2018-05-23 21:00:00,0.28912457733627306,0.04687195051766991,20.0
2018-05-23 21:30:00,0.28897598379317707,0.046905086095621024,20.0
2018-05-23 22:00:00,0.28882739025008114,0.04693822167357214,20.0
2018-05-23 22:30:00,0.2886787967069852,0.04697135725152325,20.0
2018-05-23 23:00:00,0.2885302031638892,0.047004492829474366,20.0
2018-05-23 23:30:00,0.2883816096207933,0.04703762840742548,20.0
2018-05-24 00:00:00,0.28823301607769736,0.047070763985376594,20.0
2018-05-24 00:30:00,0.28808442253460137,0.04710389956332771,20.0
2018-05-24 01:00:00,0.28793582899150544,0.04713703514127882,20.0
2018-05-24 01:30:00,0.28778723544840945,0.04717017071922994,20.0
2018-05-24 02:00:00,0.2876386419053135,0.04720330629718105,20.0
2018-05-24 02:30:00,0.2887307776053813,0.046910227011258604,20.0
2018-05-24 03:00:00,0.28982291330544907,0.046617147725336164,20.0
2018-05-24 03:30:00,0.2909150490055169,0.04632406843941372,20.0
2018-05-24 04:00:00,0.2920071847055847,0.04603098915349128,20.0
2018-05-24 04:30:00,0.29309932040565245,0.04573790986756883,20.0
2018-05-24 05:00:00,0.29419145610572023,0.04544483058164638,20.0
2018-05-24 05:30:00,0.295283591805788,0.04515175129572394,20.0
2018-05-24 06:00:00,0.2963757275058558,0.044858672009801495,20.0
2018-05-24 06:30:00,0.2974678632059236,0.044565592723879055,20.0
2018-05-24 07:00:00,0.2985599989059914,0.04427251343795661,20.0
2018-05-24 07:30:00,0.29965213460605916,0.04397943415203417,20.0
2018-05-24 08:00:00,0.30074427030612694,0.04368635486611172,20.0
2018-05-24 08:30:00,0.3018364060061947,0.043393275580189274,20.0
2018-05-24 09:00:00,0.3029285417062625,0.04310019629426683,20.0
2018-05-24 09:30:00,0.3040206774063303,0.042807117008344386,20.0
2018-05-24 10:00:00,0.3051128131063981,0.042514037722421946,20.0
2018-05-24 10:30:00,0.30620494880646587,0.0422209584364995,20.0
2018-05-24 11:00:00,0.30729708450653365,0.04192787915057705,20.0
2018-05-24 11:30:00,0.3083892202066014,0.04163479986465461,20.0
2018-05-24 12:00:00,0.3094813559066692,0.041341720578732165,20.0
2018-05-24 12:30:00,0.31057349160673703,0.041048641292809725,20.0
2018-05-24 13:00:00,0.3116656273068048,0.04075556200688728,20.0
2018-05-24 13:30:00,0.3127577630068726,0.04046248272096484,20.0
2018-05-24 14:00:00,0.31384989870694036,0.04016940343504239,20.0
2018-05-24 14:30:00,0.3140507553687295,0.040103567433719234,20.0
2018-05-24 15:00:00,0.31425161203051866,0.04003773143239607,20.0
2018-05-24 15:30:00,0.3144524686923078,0.039971895431072914,20.0
2018-05-24 16:00:00,0.3146533253540969,0.03990605942974976,20.0
2018-05-24 16:30:00,0.31485418201588605,0.0398402234284266,20.0
2018-05-24 17:00:00,0.3150550386776752,0.03977438742710344,20.0
2018-05-24 17:30:00,0.31525589533946435,0.03970855142578028,20.0
2018-05-24 18:00:00,0.3154567520012535,0.039642715424457124,20.0
2018-05-24 18:30:00,0.31565760866304265,0.03957687942313396,20.0
2018-05-24 19:00:00,0.31585846532483175,0.039511043421810804,20.0
2018-05-24 19:30:00,0.3160593219866209,0.03944520742048765,20.0
2018-05-24 20:00:00,0.31626017864841005,0.03937937141916449,20.0
2018-05-24 20:30:00,0.3164610353101992,0.03931353541784133,20.0
2018-05-24 21:00:00,0.31666189197198835,0.03924769941651817,20.0
2018-05-24 21:30:00,0.3168627486337775,0.039181863415195015,20.0
2018-05-24 22:00:00,0.3170636052955666,0.03911602741387185,20.0
2018-05-24 22:30:00,0.31726446195735575,0.039050191412548695,20.0
2018-05-24 23:00:00,0.3174653186191449,0.03898435541122554,20.0
2018-05-24 23:30:00,0.31766617528093405,0.038918519409902375,20.0
2018-05-25 00:00:00,0.3178670319427232,0.03885268340857922,20.0
2018-05-25 00:30:00,0.31806788860451235,0.03878684740725606,20.0
2018-05-25 01:00:00,0.31826874526630144,0.038721011405932905,20.0
2018-05-25 01:30:00,0.3184696019280906,0.03865517540460974,20.0
2018-05-25 02:00:00,0.31867045858987975,0.038589339403286585,20.0
2018-05-25 02:30:00,0.31834106316494937,0.03863847714744815,20.0
2018-05-25 03:00:00,0.31801166774001904,0.03868761489160972,20.0
2018-05-25 03:30:00,0.3176822723150887,0.03873675263577128,20.0
2018-05-25 04:00:00,0.31735287689015834,0.03878589037993285,20.0
2018-05-25 04:30:00,0.31702348146522796,0.038835028124094416,20.0
2018-05-25 05:00:00,0.31669408604029764,0.038884165868255986,20.0
2018-05-25 05:30:00,0.3163646906153673,0.03893330361241755,20.0
2018-05-25 06:00:00,0.31603529519043694,0.03898244135657912,20.0
2018-05-25 06:30:00,0.31570589976550656,0.03903157910074068,20.0
2018-05-25 07:00:00,0.31537650434057624,0.039080716844902254,20.0
2018-05-25 07:30:00,0.3150471089156459,0.03912985458906382,20.0
2018-05-25 08:00:00,0.31471771349071553,0.03917899233322538,20.0
2018-05-25 08:30:00,0.31438831806578516,0.03922813007738695,20.0
2018-05-25 09:00:00,0.31405892264085483,0.039277267821548514,20.0
2018-05-25 09:30:00,0.3137295272159245,0.039326405565710085,20.0
2018-05-25 10:00:00,0.31340013179099413,0.03937554330987165,20.0
2018-05-25 10:30:00,0.31307073636606375,0.03942468105403322,20.0
2018-05-25 11:00:00,0.3127413409411334,0.03947381879819478,20.0
2018-05-25 11:30:00,0.3124119455162031,0.03952295654235635,20.0
2018-05-25 12:00:00,0.3120825500912727,0.039572094286517916,20.0
2018-05-25 12:30:00,0.31175315466634235,0.039621232030679486,20.0
2018-05-25 13:00:00,0.311423759241412,0.03967036977484105,20.0
2018-05-25 13:30:00,0.3110943638164817,0.03971950751900262,20.0
2018-05-25 14:00:00,0.3107649683915513,0.03976864526316418,20.0
2018-05-25 14:30:00,0.3105587584987182,0.0398255676085488,20.0
2018-05-25 15:00:00,0.3103525486058851,0.03988248995393341,20.0
2018-05-25 15:30:00,0.310146338713052,0.03993941229931803,20.0
2018-05-25 16:00:00,0.30994012882021893,0.03999633464470265,20.0
2018-05-25 16:30:00,0.3097339189273858,0.04005325699008726,20.0
2018-05-25 17:00:00,0.3095277090345527,0.040110179335471875,20.0
2018-05-25 17:30:00,0.3093214991417196,0.040167101680856486,20.0
2018-05-25 18:00:00,0.3091152892488865,0.040224024026241104,20.0
2018-05-25 18:30:00,0.3089090793560534,0.04028094637162572,20.0
2018-05-25 19:00:00,0.3087028694632203,0.04033786871701033,20.0
2018-05-25 19:30:00,0.3084966595703872,0.04039479106239495,20.0
2018-05-25 20:00:00,0.30829044967755403,0.04045171340777956,20.0
2018-05-25 20:30:00,0.30808423978472094,0.04050863575316418,20.0
2018-05-25 21:00:00,0.30787802989188784,0.040565558098548796,20.0
2018-05-25 21:30:00,0.30767181999905474,0.040622480443933406,20.0
2018-05-25 22:00:00,0.30746561010622164,0.040679402789318024,20.0
2018-05-25 22:30:00,0.30725940021338854,0.04073632513470264,20.0
2018-05-25 23:00:00,0.30705319032055545,0.04079324748008725,20.0
2018-05-25 23:30:00,0.30684698042772235,0.04085016982547187,20.0
2018-05-26 00:00:00,0.30664077053488925,0.04090709217085649,20.0
2018-05-26 00:30:00,0.3064345606420561,0.0409640145162411,20.0
2018-05-26 01:00:00,0.306228350749223,0.041020936861625716,20.0
2018-05-26 01:30:00,0.3060221408563899,0.04107785920701033,20.0
2018-05-26 02:00:00,0.3058159309635568,0.041134781552394944,20.0
2018-05-26 02:30:00,0.30558645084552083,0.04116273168496961,20.0
2018-05-26 03:00:00,0.30535697072748486,0.04119068181754428,20.0
2018-05-26 03:30:00,0.3051274906094488,0.04121863195011895,20.0
2018-05-26 04:00:00,0.30489801049141285,0.04124658208269362,20.0
2018-05-26 04:30:00,0.3046685303733769,0.041274532215268285,20.0
2018-05-26 05:00:00,0.3044390502553409,0.04130248234784296,20.0
2018-05-26 05:30:00,0.30420957013730493,0.04133043248041762,20.0
2018-05-26 06:00:00,0.3039800900192689,0.041358382612992295,20.0
2018-05-26 06:30:00,0.3037506099012329,0.04138633274556696,20.0
2018-05-26 07:00:00,0.30352112978319695,0.04141428287814163,20.0
2018-05-26 07:30:00,0.303291649665161,0.0414422330107163,20.0
2018-05-26 08:00:00,0.30306216954712495,0.04147018314329097,20.0
2018-05-26 08:30:00,0.302832689429089,0.041498133275865635,20.0
2018-05-26 09:00:00,0.302603209311053,0.0415260834084403,20.0
2018-05-26 09:30:00,0.302373729193017,0.04155403354101497,20.0
2018-05-26 10:00:00,0.30214424907498105,0.04158198367358964,20.0
2018-05-26 10:30:00,0.301914768956945,0.04160993380616431,20.0
2018-05-26 11:00:00,0.30168528883890905,0.041637883938738976,20.0
2018-05-26 11:30:00,0.3014558087208731,0.04166583407131365,20.0
2018-05-26 12:00:00,0.3012263286028371,0.041693784203888314,20.0
2018-05-26 12:30:00,0.3009968484848011,0.041721734336462986,20.0
2018-05-26 13:00:00,0.3007673683667651,0.04174968446903765,20.0
2018-05-26 13:30:00,0.3005378882487291,0.04177763460161232,20.0
2018-05-26 14:00:00,0.30030840813069315,0.04180558473418699,20.0
2018-05-26 14:30:00,0.3001469078989359,0.04182061581120792,20.0
2018-05-26 15:00:00,0.2999854076671786,0.04183564688822884,20.0
2018-05-26 15:30:00,0.29982390743542137,0.04185067796524977,20.0
2018-05-26 16:00:00,0.2996624072036641,0.0418657090422707,20.0
2018-05-26 16:30:00,0.2995009069719068,0.041880740119291625,20.0
2018-05-26 17:00:00,0.2993394067401495,0.041895771196312555,20.0
2018-05-26 17:30:00,0.29917790650839227,0.041910802273333485,20.0
2018-05-26 18:00:00,0.299016406276635,0.04192583335035441,20.0
2018-05-26 18:30:00,0.29885490604487774,0.04194086442737534,20.0
2018-05-26 19:00:00,0.2986934058131205,0.04195589550439627,20.0
2018-05-26 19:30:00,0.2985319055813632,0.04197092658141719,20.0
2018-05-26 20:00:00,0.2983704053496059,0.04198595765843812,20.0
2018-05-26 20:30:00,0.29820890511784864,0.04200098873545905,20.0
2018-05-26 21:00:00,0.2980474048860914,0.042016019812479974,20.0
2018-05-26 21:30:00,0.2978859046543341,0.042031050889500904,20.0
2018-05-26 22:00:00,0.29772440442257686,0.042046081966521834,20.0
2018-05-26 22:30:00,0.2975629041908196,0.04206111304354276,20.0
2018-05-26 23:00:00,0.29740140395906234,0.04207614412056369,20.0
2018-05-26 23:30:00,0.2972399037273051,0.04209117519758462,20.0
2018-05-27 00:00:00,0.2970784034955478,0.04210620627460554,20.0
2018-05-27 00:30:00,0.2969169032637905,0.04212123735162647,20.0
2018-05-27 01:00:00,0.29675540303203324,0.0421362684286474,20.0
2018-05-27 01:30:00,0.296593902800276,0.04215129950566832,20.0
2018-05-27 02:00:00,0.2964324025685187,0.04216633058268925,20.0
2018-05-27 02:30:00,0.2961892278435282,0.04221172172367656,20.0
2018-05-27 03:00:00,0.2959460531185377,0.042257112864663854,20.0
2018-05-27 03:30:00,0.29570287839354725,0.04230250400565116,20.0
2018-05-27 04:00:00,0.29545970366855673,0.04234789514663846,20.0
2018-05-27 04:30:00,0.2952165289435662,0.042393286287625766,20.0
2018-05-27 05:00:00,0.29497335421857573,0.04243867742861307,20.0
2018-05-27 05:30:00,0.29473017949358526,0.04248406856960037,20.0
2018-05-27 06:00:00,0.29448700476859474,0.04252945971058767,20.0
2018-05-27 06:30:00,0.2942438300436042,0.042574850851574975,20.0
2018-05-27 07:00:00,0.29400065531861375,0.04262024199256227,20.0
2018-05-27 07:30:00,0.2937574805936233,0.042665633133549576,20.0
2018-05-27 08:00:00,0.29351430586863275,0.04271102427453688,20.0
2018-05-27 08:30:00,0.2932711311436422,0.042756415415524184,20.0
2018-05-27 09:00:00,0.29302795641865176,0.04280180655651149,20.0
2018-05-27 09:30:00,0.2927847816936613,0.042847197697498784,20.0
2018-05-27 10:00:00,0.29254160696867076,0.04289258883848609,20.0
2018-05-27 10:30:00,0.29229843224368024,0.04293797997947339,20.0
2018-05-27 11:00:00,0.29205525751868977,0.04298337112046069,20.0
2018-05-27 11:30:00,0.2918120827936993,0.04302876226144799,20.0
2018-05-27 12:00:00,0.2915689080687088,0.0430741534024353,20.0
2018-05-27 12:30:00,0.29132573334371825,0.0431195445434226,20.0
2018-05-27 13:00:00,0.2910825586187278,0.043164935684409905,20.0
2018-05-27 13:30:00,0.2908393838937373,0.0432103268253972,20.0
2018-05-27 14:00:00,0.2905962091687468,0.043255717966384506,20.0
2018-05-27 14:30:00,0.29049504800445025,0.043350793517969534,20.0
2018-05-27 15:00:00,0.2903938868401537,0.043445869069554555,20.0
2018-05-27 15:30:00,0.2902927256758572,0.04354094462113958,20.0
2018-05-27 16:00:00,0.29019156451156064,0.0436360201727246,20.0
2018-05-27 16:30:00,0.2900904033472641,0.04373109572430963,20.0
2018-05-27 17:00:00,0.28998924218296757,0.04382617127589465,20.0
2018-05-27 17:30:00,0.289888081018671,0.04392124682747968,20.0
2018-05-27 18:00:00,0.28978691985437444,0.0440163223790647,20.0
2018-05-27 18:30:00,0.2896857586900779,0.04411139793064973,20.0
2018-05-27 19:00:00,0.28958459752578136,0.04420647348223475,20.0
2018-05-27 19:30:00,0.2894834363614848,0.044301549033819776,20.0
2018-05-27 20:00:00,0.2893822751971883,0.0443966245854048,20.0
2018-05-27 20:30:00,0.28928111403289175,0.044491700136989824,20.0
2018-05-27 21:00:00,0.2891799528685952,0.04458677568857485,20.0
2018-05-27 21:30:00,0.2890787917042987,0.04468185124015987,20.0
2018-05-27 22:00:00,0.28897763054000214,0.0447769267917449,20.0
2018-05-27 22:30:00,0.2888764693757056,0.04487200234332992,20.0
2018-05-27 23:00:00,0.28877530821140907,0.04496707789491495,20.0
2018-05-27 23:30:00,0.2886741470471125,0.04506215344649997,20.0
2018-05-28 00:00:00,0.28857298588281594,0.045157228998085,20.0
2018-05-28 00:30:00,0.2884718247185194,0.04525230454967002,20.0
2018-05-28 01:00:00,0.28837066355422286,0.045347380101255046,20.0
2018-05-28 01:30:00,0.2882695023899263,0.045442455652840066,20.0
2018-05-28 02:00:00,0.2881683412256298,0.045537531204425094,20.0
2018-05-28 02:30:00,0.2879393639836675,0.04560875157841316,20.0
2018-05-28 03:00:00,0.2877103867417052,0.045679971952401234,20.0
2018-05-28 03:30:00,0.2874814094997428,0.0457511923263893,20.0
2018-05-28 04:00:00,0.2872524322577805,0.04582241270037737,20.0
2018-05-28 04:30:00,0.2870234550158182,0.04589363307436544,20.0
2018-05-28 05:00:00,0.2867944777738559,0.04596485344835351,20.0
2018-05-28 05:30:00,0.2865655005318936,0.046036073822341574,20.0
2018-05-28 06:00:00,0.28633652328993126,0.04610729419632965,20.0
2018-05-28 06:30:00,0.28610754604796895,0.046178514570317714,20.0
2018-05-28 07:00:00,0.28587856880600665,0.04624973494430578,20.0
2018-05-28 07:30:00,0.28564959156404435,0.046320955318293854,20.0
2018-05-28 08:00:00,0.285420614322082,0.04639217569228192,20.0
2018-05-28 08:30:00,0.2851916370801197,0.04646339606626999,20.0
2018-05-28 09:00:00,0.2849626598381574,0.04653461644025806,20.0
2018-05-28 09:30:00,0.2847336825961951,0.04660583681424613,20.0
2018-05-28 10:00:00,0.2845047053542328,0.04667705718823419,20.0
2018-05-28 10:30:00,0.2842757281122704,0.04674827756222227,20.0
2018-05-28 11:00:00,0.2840467508703081,0.04681949793621033,20.0
2018-05-28 11:30:00,0.2838177736283458,0.0468907183101984,20.0
2018-05-28 12:00:00,0.2835887963863835,0.04696193868418647,20.0
2018-05-28 12:30:00,0.2833598191444212,0.04703315905817454,20.0
2018-05-28 13:00:00,0.28313084190245885,0.047104379432162606,20.0
2018-05-28 13:30:00,0.28290186466049655,0.04717559980615068,20.0
2018-05-28 14:00:00,0.28267288741853425,0.047246820180138746,20.0
2018-05-28 14:30:00,0.28247554274505077,0.04730335692172074,20.0
2018-05-28 15:00:00,0.28227819807156723,0.047359893663302725,20.0
2018-05-28 15:30:00,0.28208085339808375,0.04741643040488472,20.0
2018-05-28 16:00:00,0.2818835087246002,0.047472967146466705,20.0
2018-05-28 16:30:00,0.28168616405111674,0.0475295038880487,20.0
2018-05-28 17:00:00,0.28148881937763326,0.047586040629630684,20.0
2018-05-28 17:30:00,0.2812914747041497,0.04764257737121268,20.0
2018-05-28 18:00:00,0.28109413003066624,0.04769911411279467,20.0
2018-05-28 18:30:00,0.2808967853571827,0.047755650854376656,20.0
2018-05-28 19:00:00,0.28069944068369923,0.04781218759595865,20.0
2018-05-28 19:30:00,0.2805020960102157,0.047868724337540636,20.0
2018-05-28 20:00:00,0.2803047513367322,0.04792526107912263,20.0
2018-05-28 20:30:00,0.28010740666324874,0.04798179782070462,20.0
2018-05-28 21:00:00,0.2799100619897652,0.04803833456228661,20.0
2018-05-28 21:30:00,0.2797127173162817,0.0480948713038686,20.0
2018-05-28 22:00:00,0.2795153726427982,0.04815140804545059,20.0
2018-05-28 22:30:00,0.2793180279693147,0.04820794478703258,20.0
2018-05-28 23:00:00,0.27912068329583123,0.04826448152861457,20.0
2018-05-28 23:30:00,0.2789233386223477,0.04832101827019656,20.0
2018-05-29 00:00:00,0.2787259939488642,0.04837755501177855,20.0
2018-05-29 00:30:00,0.2785286492753807,0.04843409175336054,20.0
2018-05-29 01:00:00,0.2783313046018972,0.04849062849494253,20.0
2018-05-29 01:30:00,0.27813395992841367,0.04854716523652452,20.0
2018-05-29 02:00:00,0.2779366152549302,0.04860370197810651,20.0
2018-05-29 02:30:00,0.2776994662358952,0.0486454126913033,20.0
2018-05-29 03:00:00,0.2774623172168602,0.04868712340450008,20.0
2018-05-29 03:30:00,0.2772251681978252,0.048728834117696865,20.0
2018-05-29 04:00:00,0.27698801917879023,0.04877054483089365,20.0
2018-05-29 04:30:00,0.2767508701597553,0.04881225554409044,20.0
2018-05-29 05:00:00,0.2765137211407203,0.04885396625728722,20.0
2018-05-29 05:30:00,0.2762765721216853,0.048895676970484005,20.0
2018-05-29 06:00:00,0.27603942310265034,0.04893738768368079,20.0
2018-05-29 06:30:00,0.27580227408361535,0.04897909839687757,20.0
2018-05-29 07:00:00,0.27556512506458036,0.04902080911007436,20.0
2018-05-29 07:30:00,0.2753279760455454,0.049062519823271145,20.0
2018-05-29 08:00:00,0.27509082702651044,0.049104230536467924,20.0
2018-05-29 08:30:00,0.27485367800747545,0.04914594124966471,20.0
2018-05-29 09:00:00,0.27461652898844047,0.0491876519628615,20.0
2018-05-29 09:30:00,0.2743793799694055,0.049229362676058284,20.0
2018-05-29 10:00:00,0.2741422309503705,0.049271073389255064,20.0
2018-05-29 10:30:00,0.2739050819313355,0.04931278410245185,20.0
2018-05-29 11:00:00,0.2736679329123005,0.04935449481564864,20.0
2018-05-29 11:30:00,0.2734307838932655,0.04939620552884542,20.0
2018-05-29 12:00:00,0.27319363487423054,0.049437916242042204,20.0
2018-05-29 12:30:00,0.2729564858551956,0.04947962695523899,20.0
2018-05-29 13:00:00,0.2727193368361606,0.04952133766843578,20.0
2018-05-29 13:30:00,0.27248218781712563,0.04956304838163256,20.0
2018-05-29 14:00:00,0.27224503879809064,0.049604759094829344,20.0
2018-05-29 14:30:00,0.27197205316296835,0.04967323268763038,20.0
2018-05-29 15:00:00,0.27169906752784606,0.049741706280431425,20.0
2018-05-29 15:30:00,0.27142608189272377,0.04981017987323247,20.0
2018-05-29 16:00:00,0.2711530962576015,0.049878653466033505,20.0
2018-05-29 16:30:00,0.2708801106224792,0.04994712705883454,20.0
2018-05-29 17:00:00,0.2706071249873569,0.050015600651635586,20.0
2018-05-29 17:30:00,0.2703341393522346,0.05008407424443663,20.0
2018-05-29 18:00:00,0.2700611537171123,0.05015254783723767,20.0
2018-05-29 18:30:00,0.26978816808199,0.050221021430038704,20.0
2018-05-29 19:00:00,0.26951518244686773,0.05028949502283975,20.0
2018-05-29 19:30:00,0.26924219681174544,0.05035796861564079,20.0
2018-05-29 20:00:00,0.26896921117662315,0.05042644220844183,20.0
2018-05-29 20:30:00,0.26869622554150085,0.050494915801242865,20.0
2018-05-29 21:00:00,0.26842323990637856,0.05056338939404391,20.0
2018-05-29 21:30:00,0.26815025427125627,0.05063186298684495,20.0
2018-05-29 22:00:00,0.267877268636134,0.05070033657964599,20.0
2018-05-29 22:30:00,0.2676042830010117,0.050768810172447026,20.0
2018-05-29 23:00:00,0.2673312973658894,0.05083728376524807,20.0
2018-05-29 23:30:00,0.2670583117307671,0.050905757358049114,20.0
2018-05-30 00:00:00,0.2667853260956448,0.05097423095085015,20.0
2018-05-30 00:30:00,0.2665123404605225,0.05104270454365119,20.0
2018-05-30 01:00:00,0.26623935482540023,0.05111117813645223,20.0
2018-05-30 01:30:00,0.26596636919027794,0.051179651729253275,20.0
2018-05-30 02:00:00,0.26569338355515565,0.05124812532205431,20.0
2018-05-30 02:30:00,0.26574693567069324,0.05122684414710062,20.0
2018-05-30 03:00:00,0.26580048778623083,0.05120556297214693,20.0
2018-05-30 03:30:00,0.2658540399017684,0.05118428179719323,20.0
2018-05-30 04:00:00,0.26590759201730607,0.051163000622239545,20.0
2018-05-30 04:30:00,0.26596114413284366,0.05114171944728585,20.0
2018-05-30 05:00:00,0.26601469624838125,0.051120438272332154,20.0
2018-05-30 05:30:00,0.26606824836391885,0.051099157097378466,20.0
2018-05-30 06:00:00,0.26612180047945644,0.05107787592242477,20.0
2018-05-30 06:30:00,0.26617535259499403,0.05105659474747108,20.0
2018-05-30 07:00:00,0.2662289047105316,0.051035313572517386,20.0
2018-05-30 07:30:00,0.2662824568260692,0.0510140323975637,20.0
2018-05-30 08:00:00,0.2663360089416068,0.05099275122261,20.0
2018-05-30 08:30:00,0.26638956105714445,0.05097147004765631,20.0
2018-05-30 09:00:00,0.26644311317268204,0.05095018887270262,20.0
2018-05-30 09:30:00,0.26649666528821964,0.050928907697748924,20.0
2018-05-30 10:00:00,0.26655021740375723,0.050907626522795235,20.0
2018-05-30 10:30:00,0.2666037695192948,0.05088634534784154,20.0
2018-05-30 11:00:00,0.2666573216348324,0.050865064172887844,20.0
2018-05-30 11:30:00,0.26671087375037,0.050843782997934156,20.0
2018-05-30 12:00:00,0.26676442586590765,0.05082250182298046,20.0
2018-05-30 12:30:00,0.26681797798144524,0.05080122064802677,20.0
2018-05-30 13:00:00,0.26687153009698283,0.05077993947307308,20.0
2018-05-30 13:30:00,0.2669250822125204,0.05075865829811939,20.0
2018-05-30 14:00:00,0.266978634328058,0.05073737712316569,20.0
2018-05-30 14:30:00,0.2691072670373429,0.050249117780077554,20.0
2018-05-30 15:00:00,0.2712358997466277,0.049760858436989415,20.0
2018-05-30 15:30:00,0.2733645324559126,0.049272599093901276,20.0
2018-05-30 16:00:00,0.2754931651651974,0.04878433975081314,20.0
2018-05-30 16:30:00,0.27762179787448227,0.048296080407725,20.0
2018-05-30 17:00:00,0.27975043058376714,0.04780782106463686,20.0
2018-05-30 17:30:00,0.28187906329305196,0.04731956172154872,20.0
2018-05-30 18:00:00,0.28400769600233683,0.04683130237846058,20.0
2018-05-30 18:30:00,0.2861363287116217,0.04634304303537244,20.0
2018-05-30 19:00:00,0.2882649614209065,0.0458547836922843,20.0
2018-05-30 19:30:00,0.2903935941301914,0.04536652434919616,20.0
2018-05-30 20:00:00,0.29252222683947626,0.044878265006108024,20.0
2018-05-30 20:30:00,0.2946508595487611,0.04439000566301988,20.0
2018-05-30 21:00:00,0.29677949225804595,0.04390174631993174,20.0
2018-05-30 21:30:00,0.29890812496733077,0.0434134869768436,20.0
2018-05-30 22:00:00,0.30103675767661564,0.04292522763375546,20.0
2018-05-30 22:30:00,0.3031653903859005,0.04243696829066732,20.0
2018-05-30 23:00:00,0.30529402309518533,0.04194870894757918,20.0
2018-05-30 23:30:00,0.3074226558044702,0.041460449604491044,20.0
2018-05-31 00:00:00,0.309551288513755,0.040972190261402905,20.0
2018-05-31 00:30:00,0.3116799212230399,0.040483930918314766,20.0
2018-05-31 01:00:00,0.31380855393232476,0.03999567157522663,20.0
2018-05-31 01:30:00,0.3159371866416096,0.03950741223213849,20.0
2018-05-31 02:00:00,0.31806581935089445,0.03901915288905035,20.0
2018-05-31 02:30:00,0.31775108293732596,0.03919338801152965,20.0
2018-05-31 03:00:00,0.31743634652375746,0.03936762313400894,20.0
2018-05-31 03:30:00,0.317121610110189,0.03954185825648824,20.0
2018-05-31 04:00:00,0.31680687369662053,0.03971609337896754,20.0
2018-05-31 04:30:00,0.31649213728305203,0.03989032850144683,20.0
2018-05-31 05:00:00,0.31617740086948354,0.04006456362392613,20.0
2018-05-31 05:30:00,0.31586266445591504,0.04023879874640543,20.0
2018-05-31 06:00:00,0.3155479280423466,0.04041303386888472,20.0
2018-05-31 06:30:00,0.3152331916287781,0.04058726899136402,20.0
2018-05-31 07:00:00,0.3149184552152096,0.04076150411384332,20.0
2018-05-31 07:30:00,0.3146037188016411,0.04093573923632261,20.0
2018-05-31 08:00:00,0.3142889823880726,0.04110997435880191,20.0
2018-05-31 08:30:00,0.3139742459745042,0.04128420948128121,20.0
2018-05-31 09:00:00,0.3136595095609357,0.041458444603760504,20.0
2018-05-31 09:30:00,0.3133447731473672,0.0416326797262398,20.0
2018-05-31 10:00:00,0.3130300367337987,0.0418069148487191,20.0
2018-05-31 10:30:00,0.31271530032023026,0.041981149971198395,20.0
2018-05-31 11:00:00,0.31240056390666177,0.042155385093677694,20.0
2018-05-31 11:30:00,0.31208582749309327,0.04232962021615699,20.0
2018-05-31 12:00:00,0.3117710910795248,0.042503855338636286,20.0
2018-05-31 12:30:00,0.3114563546659563,0.042678090461115585,20.0
2018-05-31 13:00:00,0.31114161825238784,0.042852325583594884,20.0
2018-05-31 13:30:00,0.31082688183881935,0.04302656070607418,20.0
2018-05-31 14:00:00,0.31051214542525085,0.043200795828553476,20.0
2018-05-31 14:30:00,0.31051160789094523,0.0433748967776724,20.0
2018-05-31 15:00:00,0.3105110703566396,0.04354899772679133,20.0
2018-05-31 15:30:00,0.31051053282233404,0.04372309867591025,20.0
2018-05-31 16:00:00,0.3105099952880284,0.04389719962502918,20.0
2018-05-31 16:30:00,0.3105094577537228,0.04407130057414811,20.0
2018-05-31 17:00:00,0.3105089202194172,0.04424540152326704,20.0
2018-05-31 17:30:00,0.31050838268511155,0.04441950247238596,20.0
2018-05-31 18:00:00,0.310507845150806,0.04459360342150489,20.0
2018-05-31 18:30:00,0.31050730761650036,0.044767704370623815,20.0
2018-05-31 19:00:00,0.31050677008219474,0.04494180531974274,20.0
2018-05-31 19:30:00,0.3105062325478891,0.045115906268861666,20.0
2018-05-31 20:00:00,0.31050569501358355,0.0452900072179806,20.0
2018-05-31 20:30:00,0.3105051574792779,0.045464108167099525,20.0
2018-05-31 21:00:00,0.3105046199449723,0.04563820911621845,20.0
2018-05-31 21:30:00,0.3105040824106667,0.045812310065337376,20.0
2018-05-31 22:00:00,0.31050354487636106,0.0459864110144563,20.0
2018-05-31 22:30:00,0.3105030073420555,0.04616051196357523,20.0
2018-05-31 23:00:00,0.31050246980774987,0.046334612912694154,20.0
2018-05-31 23:30:00,0.31050193227344425,0.04650871386181308,20.0
2018-06-01 00:00:00,0.3105013947391386,0.046682814810932005,20.0
2018-06-01 00:30:00,0.310500857204833,0.04685691576005094,20.0
2018-06-01 01:00:00,0.31050031967052744,0.047031016709169864,20.0
2018-06-01 01:30:00,0.3104997821362218,0.04720511765828879,20.0
2018-06-01 02:00:00,0.3104992446019162,0.047379218607407715,20.0
2018-06-01 02:30:00,0.31022854109330517,0.047455343379881255,20.0
2018-06-01 03:00:00,0.3099578375846942,0.047531468152354796,20.0
2018-06-01 03:30:00,0.30968713407608317,0.047607592924828336,20.0
2018-06-01 04:00:00,0.30941643056747214,0.047683717697301876,20.0
2018-06-01 04:30:00,0.3091457270588611,0.04775984246977542,20.0
2018-06-01 05:00:00,0.3088750235502501,0.04783596724224896,20.0
2018-06-01 05:30:00,0.3086043200416391,0.0479120920147225,20.0
2018-06-01 06:00:00,0.3083336165330281,0.04798821678719604,20.0
2018-06-01 06:30:00,0.3080629130244171,0.04806434155966958,20.0
2018-06-01 07:00:00,0.3077922095158061,0.04814046633214312,20.0
2018-06-01 07:30:00,0.3075215060071951,0.04821659110461666,20.0
2018-06-01 08:00:00,0.30725080249858405,0.0482927158770902,20.0
2018-06-01 08:30:00,0.306980098989973,0.04836884064956373,20.0
2018-06-01 09:00:00,0.306709395481362,0.04844496542203727,20.0
2018-06-01 09:30:00,0.30643869197275103,0.04852109019451081,20.0
2018-06-01 10:00:00,0.30616798846414,0.04859721496698435,20.0
2018-06-01 10:30:00,0.305897284955529,0.048673339739457894,20.0
2018-06-01 11:00:00,0.305626581446918,0.048749464511931434,20.0
2018-06-01 11:30:00,0.305355877938307,0.048825589284404974,20.0
2018-06-01 12:00:00,0.30508517442969596,0.048901714056878515,20.0
2018-06-01 12:30:00,0.30481447092108493,0.048977838829352055,20.0
2018-06-01 13:00:00,0.3045437674124739,0.049053963601825595,20.0
2018-06-01 13:30:00,0.30427306390386294,0.049130088374299136,20.0
2018-06-01 14:00:00,0.3040023603952519,0.049206213146772676,20.0
2018-06-01 14:30:00,0.30372385701652077,0.04918966051798484,20.0
2018-06-01 15:00:00,0.3034453536377896,0.049173107889197,20.0
2018-06-01 15:30:00,0.3031668502590585,0.04915655526040916,20.0
2018-06-01 16:00:00,0.30288834688032734,0.04914000263162132,20.0
2018-06-01 16:30:00,0.3026098435015962,0.04912345000283348,20.0
2018-06-01 17:00:00,0.30233134012286506,0.04910689737404564,20.0
2018-06-01 17:30:00,0.30205283674413386,0.0490903447452578,20.0
2018-06-01 18:00:00,0.3017743333654027,0.049073792116469964,20.0
2018-06-01 18:30:00,0.30149582998667157,0.049057239487682126,20.0
2018-06-01 19:00:00,0.3012173266079404,0.04904068685889429,20.0
2018-06-01 19:30:00,0.3009388232292093,0.049024134230106445,20.0
2018-06-01 20:00:00,0.30066031985047814,0.04900758160131861,20.0
2018-06-01 20:30:00,0.300381816471747,0.04899102897253077,20.0
2018-06-01 21:00:00,0.30010331309301586,0.048974476343742926,20.0
2018-06-01 21:30:00,0.2998248097142847,0.04895792371495509,20.0
2018-06-01 22:00:00,0.29954630633555357,0.04894137108616725,20.0
2018-06-01 22:30:00,0.2992678029568224,0.048924818457379414,20.0
2018-06-01 23:00:00,0.2989892995780913,0.04890826582859158,20.0
2018-06-01 23:30:00,0.2987107961993601,0.04889171319980373,20.0
2018-06-02 00:00:00,0.29843229282062894,0.048875160571015895,20.0
2018-06-02 00:30:00,0.2981537894418978,0.04885860794222806,20.0
2018-06-02 01:00:00,0.29787528606316666,0.048842055313440214,20.0
2018-06-02 01:30:00,0.2975967826844355,0.048825502684652376,20.0
2018-06-02 02:00:00,0.29731827930570437,0.04880895005586454,20.0
2018-06-02 02:30:00,0.29697716188901946,0.048828695031375886,20.0
2018-06-02 03:00:00,0.29663604447233455,0.04884844000688723,20.0
2018-06-02 03:30:00,0.2962949270556496,0.048868184982398574,20.0
2018-06-02 04:00:00,0.29595380963896467,0.048887929957909915,20.0
2018-06-02 04:30:00,0.29561269222227976,0.04890767493342126,20.0
2018-06-02 05:00:00,0.29527157480559485,0.0489274199089326,20.0
2018-06-02 05:30:00,0.29493045738890994,0.04894716488444395,20.0
2018-06-02 06:00:00,0.294589339972225,0.04896690985995529,20.0
2018-06-02 06:30:00,0.29424822255554006,0.04898665483546664,20.0
2018-06-02 07:00:00,0.29390710513885515,0.04900639981097798,20.0
2018-06-02 07:30:00,0.29356598772217024,0.049026144786489326,20.0
2018-06-02 08:00:00,0.29322487030548533,0.049045889762000666,20.0
2018-06-02 08:30:00,0.29288375288880036,0.049065634737512014,20.0
2018-06-02 09:00:00,0.29254263547211545,0.04908537971302336,20.0
2018-06-02 09:30:00,0.29220151805543054,0.0491051246885347,20.0
2018-06-02 10:00:00,0.29186040063874563,0.04912486966404605,20.0
2018-06-02 10:30:00,0.29151928322206067,0.04914461463955739,20.0
2018-06-02 11:00:00,0.29117816580537575,0.04916435961506874,20.0
2018-06-02 11:30:00,0.29083704838869084,0.04918410459058008,20.0
2018-06-02 12:00:00,0.29049593097200593,0.049203849566091425,20.0
2018-06-02 12:30:00,0.290154813555321,0.049223594541602765,20.0
2018-06-02 13:00:00,0.28981369613863606,0.04924333951711411,20.0
2018-06-02 13:30:00,0.28947257872195115,0.04926308449262545,20.0
2018-06-02 14:00:00,0.28913146130526624,0.0492828294681368,20.0
2018-06-02 14:30:00,0.28890721790155777,0.04932959608150168,20.0
2018-06-02 15:00:00,0.2886829744978493,0.049376362694866546,20.0
2018-06-02 15:30:00,0.28845873109414083,0.04942312930823142,20.0
2018-06-02 16:00:00,0.28823448769043236,0.0494698959215963,20.0
2018-06-02 16:30:00,0.2880102442867239,0.049516662534961176,20.0
2018-06-02 17:00:00,0.28778600088301537,0.04956342914832605,20.0
2018-06-02 17:30:00,0.2875617574793069,0.04961019576169092,20.0
2018-06-02 18:00:00,0.28733751407559843,0.0496569623750558,20.0
2018-06-02 18:30:00,0.28711327067188996,0.049703728988420674,20.0
2018-06-02 19:00:00,0.2868890272681815,0.049750495601785544,20.0
2018-06-02 19:30:00,0.286664783864473,0.04979726221515042,20.0
2018-06-02 20:00:00,0.28644054046076456,0.0498440288285153,20.0
2018-06-02 20:30:00,0.2862162970570561,0.04989079544188017,20.0
2018-06-02 21:00:00,0.2859920536533476,0.04993756205524505,20.0
2018-06-02 21:30:00,0.28576781024963915,0.04998432866860992,20.0
2018-06-02 22:00:00,0.2855435668459307,0.050031095281974795,20.0
2018-06-02 22:30:00,0.2853193234422222,0.05007786189533967,20.0
2018-06-02 23:00:00,0.2850950800385137,0.05012462850870454,20.0
2018-06-02 23:30:00,0.2848708366348052,0.05017139512206942,20.0
2018-06-03 00:00:00,0.28464659323109676,0.050218161735434294,20.0
2018-06-03 00:30:00,0.2844223498273883,0.05026492834879917,20.0
2018-06-03 01:00:00,0.2841981064236798,0.05031169496216405,20.0
2018-06-03 01:30:00,0.28397386301997135,0.050358461575528916,20.0
2018-06-03 02:00:00,0.2837496196162629,0.05040522818889379,20.0
2018-06-03 02:30:00,0.2839014670091356,0.050344856710198414,20.0
2018-06-03 03:00:00,0.2840533144020083,0.05028448523150304,20.0
2018-06-03 03:30:00,0.28420516179488103,0.050224113752807664,20.0
2018-06-03 04:00:00,0.2843570091877537,0.050163742274112286,20.0
2018-06-03 04:30:00,0.2845088565806264,0.05010337079541691,20.0
2018-06-03 05:00:00,0.28466070397349913,0.05004299931672153,20.0
2018-06-03 05:30:00,0.28481255136637185,0.04998262783802616,20.0
2018-06-03 06:00:00,0.28496439875924456,0.04992225635933078,20.0
2018-06-03 06:30:00,0.2851162461521173,0.0498618848806354,20.0
2018-06-03 07:00:00,0.28526809354498994,0.04980151340194003,20.0
2018-06-03 07:30:00,0.28541994093786266,0.04974114192324465,20.0
2018-06-03 08:00:00,0.2855717883307354,0.04968077044454927,20.0
2018-06-03 08:30:00,0.2857236357236081,0.04962039896585389,20.0
2018-06-03 09:00:00,0.2858754831164808,0.049560027487158514,20.0
2018-06-03 09:30:00,0.28602733050935353,0.04949965600846314,20.0
2018-06-03 10:00:00,0.2861791779022262,0.049439284529767764,20.0
2018-06-03 10:30:00,0.2863310252950989,0.049378913051072386,20.0
2018-06-03 11:00:00,0.2864828726879716,0.049318541572377014,20.0
2018-06-03 11:30:00,0.28663472008084434,0.049258170093681636,20.0
2018-06-03 12:00:00,0.28678656747371706,0.04919779861498626,20.0
2018-06-03 12:30:00,0.2869384148665898,0.04913742713629088,20.0
2018-06-03 13:00:00,0.28709026225946244,0.0490770556575955,20.0
2018-06-03 13:30:00,0.28724210965233515,0.04901668417890013,20.0
2018-06-03 14:00:00,0.28739395704520787,0.04895631270020475,20.0
2018-06-03 14:30:00,0.2889547634366923,0.04859127224169213,20.0
2018-06-03 15:00:00,0.2905155698281767,0.04822623178317951,20.0
2018-06-03 15:30:00,0.29207637621966115,0.04786119132466689,20.0
2018-06-03 16:00:00,0.2936371826111456,0.04749615086615427,20.0
2018-06-03 16:30:00,0.29519798900262995,0.047131110407641646,20.0
2018-06-03 17:00:00,0.29675879539411437,0.04676606994912902,20.0
2018-06-03 17:30:00,0.2983196017855988,0.0464010294906164,20.0
2018-06-03 18:00:00,0.2998804081770832,0.04603598903210378,20.0
2018-06-03 18:30:00,0.30144121456856765,0.04567094857359116,20.0
2018-06-03 19:00:00,0.3030020209600521,0.045305908115078536,20.0
2018-06-03 19:30:00,0.3045628273515365,0.044940867656565915,20.0
2018-06-03 20:00:00,0.3061236337430209,0.044575827198053294,20.0
2018-06-03 20:30:00,0.3076844401345053,0.044210786739540674,20.0
2018-06-03 21:00:00,0.3092452465259897,0.04384574628102805,20.0
2018-06-03 21:30:00,0.31080605291747415,0.04348070582251543,20.0
2018-06-03 22:00:00,0.3123668593089586,0.04311566536400281,20.0
2018-06-03 22:30:00,0.313927665700443,0.04275062490549019,20.0
2018-06-03 23:00:00,0.31548847209192743,0.04238558444697756,20.0
2018-06-03 23:30:00,0.31704927848341186,0.04202054398846494,20.0
2018-06-04 00:00:00,0.3186100848748963,0.04165550352995232,20.0
2018-06-04 00:30:00,0.32017089126638065,0.0412904630714397,20.0
2018-06-04 01:00:00,0.3217316976578651,0.04092542261292708,20.0
2018-06-04 01:30:00,0.3232925040493495,0.04056038215441446,20.0
2018-06-04 02:00:00,0.32485331044083393,0.04019534169590184,20.0
2018-06-04 02:30:00,0.3251363727462072,0.04014754202504701,20.0
2018-06-04 03:00:00,0.32541943505158044,0.040099742354192176,20.0
2018-06-04 03:30:00,0.3257024973569537,0.04005194268333735,20.0
2018-06-04 04:00:00,0.325985559662327,0.04000414301248252,20.0
2018-06-04 04:30:00,0.32626862196770023,0.03995634334162769,20.0
2018-06-04 05:00:00,0.3265516842730735,0.03990854367077286,20.0
2018-06-04 05:30:00,0.3268347465784468,0.03986074399991803,20.0
2018-06-04 06:00:00,0.32711780888382,0.039812944329063196,20.0
2018-06-04 06:30:00,0.3274008711891933,0.03976514465820837,20.0
2018-06-04 07:00:00,0.3276839334945666,0.03971734498735354,20.0
2018-06-04 07:30:00,0.3279669957999398,0.03966954531649871,20.0
2018-06-04 08:00:00,0.3282500581053131,0.03962174564564388,20.0
2018-06-04 08:30:00,0.3285331204106864,0.03957394597478905,20.0
2018-06-04 09:00:00,0.3288161827160596,0.039526146303934216,20.0
2018-06-04 09:30:00,0.3290992450214329,0.03947834663307939,20.0
2018-06-04 10:00:00,0.3293823073268062,0.03943054696222456,20.0
2018-06-04 10:30:00,0.3296653696321794,0.03938274729136973,20.0
2018-06-04 11:00:00,0.3299484319375527,0.0393349476205149,20.0
2018-06-04 11:30:00,0.33023149424292597,0.03928714794966007,20.0
2018-06-04 12:00:00,0.3305145565482992,0.039239348278805236,20.0
2018-06-04 12:30:00,0.3307976188536725,0.03919154860795041,20.0
2018-06-04 13:00:00,0.33108068115904576,0.03914374893709558,20.0
2018-06-04 13:30:00,0.331363743464419,0.03909594926624075,20.0
2018-06-04 14:00:00,0.3316468057697923,0.03904814959538592,20.0
2018-06-04 14:30:00,0.3320190609904793,0.03899297602702224,20.0
2018-06-04 15:00:00,0.3323913162111663,0.03893780245865856,20.0
2018-06-04 15:30:00,0.33276357143185326,0.03888262889029488,20.0
2018-06-04 16:00:00,0.33313582665254027,0.0388274553219312,20.0
2018-06-04 16:30:00,0.3335080818732273,0.03877228175356753,20.0
2018-06-04 17:00:00,0.3338803370939143,0.038717108185203845,20.0
2018-06-04 17:30:00,0.3342525923146013,0.03866193461684017,20.0
2018-06-04 18:00:00,0.3346248475352883,0.03860676104847649,20.0
2018-06-04 18:30:00,0.3349971027559753,0.03855158748011281,20.0
2018-06-04 19:00:00,0.3353693579766623,0.038496413911749135,20.0
2018-06-04 19:30:00,0.3357416131973493,0.038441240343385454,20.0
2018-06-04 20:00:00,0.3361138684180363,0.03838606677502178,20.0
2018-06-04 20:30:00,0.3364861236387233,0.0383308932066581,20.0
2018-06-04 21:00:00,0.33685837885941033,0.03827571963829442,20.0
2018-06-04 21:30:00,0.3372306340800973,0.03822054606993074,20.0
2018-06-04 22:00:00,0.3376028893007843,0.03816537250156706,20.0
2018-06-04 22:30:00,0.3379751445214713,0.03811019893320338,20.0
2018-06-04 23:00:00,0.33834739974215833,0.038055025364839706,20.0
2018-06-04 23:30:00,0.33871965496284534,0.037999851796476025,20.0
2018-06-05 00:00:00,0.33909191018353235,0.037944678228112344,20.0
2018-06-05 00:30:00,0.3394641654042193,0.03788950465974867,20.0
2018-06-05 01:00:00,0.3398364206249063,0.03783433109138499,20.0
2018-06-05 01:30:00,0.34020867584559333,0.037779157523021314,20.0
2018-06-05 02:00:00,0.34058093106628035,0.03772398395465763,20.0
2018-06-05 02:30:00,0.3400311756693545,0.03781535044821115,20.0
2018-06-05 03:00:00,0.33948142027242856,0.03790671694176467,20.0
2018-06-05 03:30:00,0.3389316648755027,0.0379980834353182,20.0
2018-06-05 04:00:00,0.3383819094785768,0.03808944992887172,20.0
2018-06-05 04:30:00,0.3378321540816509,0.03818081642242524,20.0
2018-06-05 05:00:00,0.33728239868472504,0.03827218291597877,20.0
2018-06-05 05:30:00,0.3367326432877991,0.03836354940953229,20.0
2018-06-05 06:00:00,0.33618288789087325,0.03845491590308581,20.0
2018-06-05 06:30:00,0.3356331324939474,0.03854628239663933,20.0
2018-06-05 07:00:00,0.33508337709702146,0.03863764889019285,20.0
2018-06-05 07:30:00,0.3345336217000956,0.038729015383746374,20.0
2018-06-05 08:00:00,0.3339838663031697,0.038820381877299893,20.0
2018-06-05 08:30:00,0.3334341109062438,0.03891174837085341,20.0
2018-06-05 09:00:00,0.33288435550931794,0.03900311486440694,20.0
2018-06-05 09:30:00,0.332334600112392,0.03909448135796046,20.0
2018-06-05 10:00:00,0.33178484471546615,0.03918584785151398,20.0
2018-06-05 10:30:00,0.3312350893185403,0.0392772143450675,20.0
2018-06-05 11:00:00,0.33068533392161437,0.03936858083862102,20.0
2018-06-05 11:30:00,0.3301355785246885,0.03945994733217455,20.0
2018-06-05 12:00:00,0.32958582312776263,0.03955131382572807,20.0
2018-06-05 12:30:00,0.3290360677308367,0.03964268031928159,20.0
2018-06-05 13:00:00,0.32848631233391085,0.039734046812835114,20.0
2018-06-05 13:30:00,0.3279365569369849,0.039825413306388634,20.0
2018-06-05 14:00:00,0.32738680154005906,0.039916779799942154,20.0
2018-06-05 14:30:00,0.3270626827686436,0.040034704706519916,20.0
2018-06-05 15:00:00,0.3267385639972281,0.040152629613097686,20.0
2018-06-05 15:30:00,0.3264144452258126,0.04027055451967545,20.0
2018-06-05 16:00:00,0.3260903264543971,0.04038847942625322,20.0
2018-06-05 16:30:00,0.32576620768298165,0.04050640433283098,20.0
2018-06-05 17:00:00,0.3254420889115662,0.040624329239408744,20.0
2018-06-05 17:30:00,0.3251179701401507,0.04074225414598651,20.0
2018-06-05 18:00:00,0.32479385136873523,0.040860179052564276,20.0
2018-06-05 18:30:00,0.3244697325973197,0.040978103959142045,20.0
2018-06-05 19:00:00,0.32414561382590423,0.04109602886571981,20.0
2018-06-05 19:30:00,0.32382149505448876,0.04121395377229758,20.0
2018-06-05 20:00:00,0.3234973762830733,0.04133187867887534,20.0
2018-06-05 20:30:00,0.3231732575116578,0.0414498035854531,20.0
2018-06-05 21:00:00,0.32284913874024235,0.04156772849203087,20.0
2018-06-05 21:30:00,0.3225250199688268,0.041685653398608635,20.0
2018-06-05 22:00:00,0.32220090119741135,0.041803578305186405,20.0
2018-06-05 22:30:00,0.3218767824259959,0.04192150321176417,20.0
2018-06-05 23:00:00,0.3215526636545804,0.04203942811834193,20.0
2018-06-05 23:30:00,0.32122854488316493,0.0421573530249197,20.0
2018-06-06 00:00:00,0.32090442611174946,0.04227527793149746,20.0
2018-06-06 00:30:00,0.32058030734033394,0.04239320283807523,20.0
2018-06-06 01:00:00,0.32025618856891847,0.042511127744652995,20.0
2018-06-06 01:30:00,0.319932069797503,0.042629052651230764,20.0
2018-06-06 02:00:00,0.3196079510260875,0.04274697755780853,20.0
2018-06-06 02:30:00,0.31964781733187847,0.042770840912101045,20.0
2018-06-06 03:00:00,0.3196876836376694,0.04279470426639357,20.0
2018-06-06 03:30:00,0.31972754994346037,0.04281856762068609,20.0
2018-06-06 04:00:00,0.3197674162492513,0.04284243097497861,20.0
2018-06-06 04:30:00,0.31980728255504226,0.04286629432927113,20.0
2018-06-06 05:00:00,0.3198471488608332,0.04289015768356365,20.0
2018-06-06 05:30:00,0.31988701516662416,0.04291402103785617,20.0
2018-06-06 06:00:00,0.3199268814724151,0.04293788439214869,20.0
2018-06-06 06:30:00,0.31996674777820605,0.042961747746441216,20.0
2018-06-06 07:00:00,0.320006614083997,0.042985611100733734,20.0
2018-06-06 07:30:00,0.32004648038978795,0.04300947445502626,20.0
2018-06-06 08:00:00,0.3200863466955789,0.04303333780931878,20.0
2018-06-06 08:30:00,0.32012621300136984,0.043057201163611294,20.0
2018-06-06 09:00:00,0.3201660793071608,0.04308106451790382,20.0
2018-06-06 09:30:00,0.32020594561295174,0.04310492787219634,20.0
2018-06-06 10:00:00,0.3202458119187427,0.04312879122648886,20.0
2018-06-06 10:30:00,0.32028567822453363,0.04315265458078138,20.0
2018-06-06 11:00:00,0.3203255445303246,0.0431765179350739,20.0
2018-06-06 11:30:00,0.3203654108361155,0.04320038128936642,20.0
2018-06-06 12:00:00,0.3204052771419065,0.04322424464365894,20.0
2018-06-06 12:30:00,0.3204451434476974,0.043248107997951465,20.0
2018-06-06 13:00:00,0.32048500975348837,0.04327197135224398,20.0
2018-06-06 13:30:00,0.3205248760592793,0.04329583470653651,20.0
2018-06-06 14:00:00,0.32056474236507027,0.043319698060829026,20.0
2018-06-06 14:30:00,0.3218685155504508,0.04308965056117283,20.0
2018-06-06 15:00:00,0.3231722887358313,0.04285960306151663,20.0
2018-06-06 15:30:00,0.32447606192121187,0.04262955556186043,20.0
2018-06-06 16:00:00,0.32577983510659236,0.04239950806220424,20.0
2018-06-06 16:30:00,0.3270836082919729,0.04216946056254804,20.0
2018-06-06 17:00:00,0.32838738147735347,0.04193941306289184,20.0
2018-06-06 17:30:00,0.32969115466273397,0.041709365563235644,20.0
2018-06-06 18:00:00,0.3309949278481145,0.04147931806357945,20.0
2018-06-06 18:30:00,0.33229870103349507,0.041249270563923246,20.0
2018-06-06 19:00:00,0.33360247421887557,0.04101922306426705,20.0
2018-06-06 19:30:00,0.3349062474042561,0.040789175564610855,20.0
2018-06-06 20:00:00,0.33621002058963667,0.04055912806495465,20.0
2018-06-06 20:30:00,0.33751379377501717,0.04032908056529846,20.0
2018-06-06 21:00:00,0.3388175669603977,0.04009903306564226,20.0
2018-06-06 21:30:00,0.3401213401457782,0.039868985565986066,20.0
2018-06-06 22:00:00,0.34142511333115877,0.039638938066329864,20.0
2018-06-06 22:30:00,0.3427288865165393,0.03940889056667367,20.0
2018-06-06 23:00:00,0.3440326597019198,0.03917884306701747,20.0
2018-06-06 23:30:00,0.34533643288730037,0.03894879556736127,20.0
2018-06-07 00:00:00,0.34664020607268087,0.038718748067705075,20.0
2018-06-07 00:30:00,0.3479439792580614,0.03848870056804888,20.0
2018-06-07 01:00:00,0.34924775244344197,0.038258653068392684,20.0
2018-06-07 01:30:00,0.35055152562882247,0.03802860556873648,20.0
2018-06-07 02:00:00,0.351855298814203,0.037798558069080286,20.0
2018-06-07 02:30:00,0.3512982677282518,0.03782346830392015,20.0
2018-06-07 03:00:00,0.35074123664230056,0.03784837853876002,20.0
2018-06-07 03:30:00,0.3501842055563494,0.037873288773599884,20.0
2018-06-07 04:00:00,0.34962717447039815,0.03789819900843975,20.0
2018-06-07 04:30:00,0.3490701433844469,0.037923109243279615,20.0
2018-06-07 05:00:00,0.3485131122984957,0.03794801947811948,20.0
2018-06-07 05:30:00,0.34795608121254445,0.03797292971295935,20.0
2018-06-07 06:00:00,0.3473990501265933,0.03799783994779921,20.0
2018-06-07 06:30:00,0.34684201904064205,0.03802275018263908,20.0
2018-06-07 07:00:00,0.3462849879546908,0.038047660417478944,20.0
2018-06-07 07:30:00,0.3457279568687396,0.03807257065231881,20.0
2018-06-07 08:00:00,0.3451709257827884,0.038097480887158676,20.0
2018-06-07 08:30:00,0.3446138946968372,0.03812239112199855,20.0
2018-06-07 09:00:00,0.34405686361088594,0.038147301356838414,20.0
2018-06-07 09:30:00,0.3434998325249347,0.03817221159167828,20.0
2018-06-07 10:00:00,0.3429428014389835,0.038197121826518146,20.0
2018-06-07 10:30:00,0.3423857703530323,0.03822203206135801,20.0
2018-06-07 11:00:00,0.34182873926708107,0.03824694229619788,20.0
2018-06-07 11:30:00,0.34127170818112984,0.038271852531037744,20.0
2018-06-07 12:00:00,0.3407146770951786,0.03829676276587761,20.0
2018-06-07 12:30:00,0.3401576460092274,0.038321673000717475,20.0
2018-06-07 13:00:00,0.3396006149232762,0.03834658323555734,20.0
2018-06-07 13:30:00,0.33904358383732497,0.03837149347039721,20.0
2018-06-07 14:00:00,0.33848655275137374,0.03839640370523707,20.0
2018-06-07 14:30:00,0.33864062570837644,0.038383304065028885,20.0
2018-06-07 15:00:00,0.33879469866537915,0.03837020442482069,20.0
2018-06-07 15:30:00,0.3389487716223818,0.0383571047846125,20.0
2018-06-07 16:00:00,0.3391028445793845,0.03834400514440431,20.0
2018-06-07 16:30:00,0.3392569175363872,0.03833090550419612,20.0
2018-06-07 17:00:00,0.33941099049338985,0.038317805863987926,20.0
2018-06-07 17:30:00,0.33956506345039256,0.03830470622377974,20.0
2018-06-07 18:00:00,0.33971913640739526,0.038291606583571544,20.0
2018-06-07 18:30:00,0.33987320936439797,0.038278506943363357,20.0
2018-06-07 19:00:00,0.34002728232140067,0.03826540730315516,20.0
2018-06-07 19:30:00,0.3401813552784033,0.038252307662946974,20.0
2018-06-07 20:00:00,0.340335428235406,0.03823920802273879,20.0
2018-06-07 20:30:00,0.34048950119240873,0.03822610838253059,20.0
2018-06-07 21:00:00,0.3406435741494114,0.038213008742322405,20.0
2018-06-07 21:30:00,0.3407976471064141,0.03819990910211421,20.0
2018-06-07 22:00:00,0.3409517200634168,0.03818680946190602,20.0
2018-06-07 22:30:00,0.3411057930204195,0.03817370982169783,20.0
2018-06-07 23:00:00,0.3412598659774222,0.03816061018148964,20.0
2018-06-07 23:30:00,0.34141393893442484,0.038147510541281446,20.0
2018-06-08 00:00:00,0.34156801189142755,0.03813441090107326,20.0
2018-06-08 00:30:00,0.34172208484843025,0.038121311260865064,20.0
2018-06-08 01:00:00,0.3418761578054329,0.038108211620656876,20.0
2018-06-08 01:30:00,0.3420302307624356,0.03809511198044868,20.0
2018-06-08 02:00:00,0.3421843037194383,0.038082012340240494,20.0
2018-06-08 02:30:00,0.34283619104326357,0.03804614706006378,20.0
2018-06-08 03:00:00,0.34348807836708883,0.038010281779887065,20.0
2018-06-08 03:30:00,0.34413996569091404,0.03797441649971035,20.0
2018-06-08 04:00:00,0.3447918530147393,0.03793855121953364,20.0
2018-06-08 04:30:00,0.34544374033856456,0.037902685939356924,20.0
2018-06-08 05:00:00,0.34609562766238977,0.03786682065918021,20.0
2018-06-08 05:30:00,0.34674751498621503,0.037830955379003495,20.0
2018-06-08 06:00:00,0.3473994023100403,0.037795090098826783,20.0
2018-06-08 06:30:00,0.34805128963386556,0.03775922481865007,20.0
2018-06-08 07:00:00,0.3487031769576908,0.037723359538473354,20.0
2018-06-08 07:30:00,0.349355064281516,0.03768749425829664,20.0
2018-06-08 08:00:00,0.3500069516053413,0.037651628978119925,20.0
2018-06-08 08:30:00,0.35065883892916655,0.037615763697943214,20.0
2018-06-08 09:00:00,0.35131072625299176,0.0375798984177665,20.0
2018-06-08 09:30:00,0.351962613576817,0.037544033137589784,20.0
2018-06-08 10:00:00,0.3526145009006423,0.03750816785741307,20.0
2018-06-08 10:30:00,0.35326638822446754,0.03747230257723636,20.0
2018-06-08 11:00:00,0.3539182755482928,0.037436437297059644,20.0
2018-06-08 11:30:00,0.354570162872118,0.03740057201688293,20.0
2018-06-08 12:00:00,0.3552220501959433,0.03736470673670622,20.0
2018-06-08 12:30:00,0.35587393751976854,0.0373288414565295,20.0
2018-06-08 13:00:00,0.35652582484359374,0.03729297617635279,20.0
2018-06-08 13:30:00,0.357177712167419,0.037257110896176074,20.0
2018-06-08 14:00:00,0.35782959949124427,0.03722124561599936,20.0
2018-06-08 14:30:00,0.3578499634411255,0.03736006506518993,20.0
2018-06-08 15:00:00,0.35787032739100677,0.03749888451438049,20.0
2018-06-08 15:30:00,0.357890691340888,0.03763770396357106,20.0
2018-06-08 16:00:00,0.3579110552907693,0.03777652341276162,20.0
2018-06-08 16:30:00,0.35793141924065053,0.03791534286195218,20.0
2018-06-08 17:00:00,0.3579517831905318,0.038054162311142746,20.0
2018-06-08 17:30:00,0.357972147140413,0.03819298176033331,20.0
2018-06-08 18:00:00,0.35799251109029423,0.038331801209523876,20.0
2018-06-08 18:30:00,0.3580128750401755,0.03847062065871444,20.0
2018-06-08 19:00:00,0.35803323899005673,0.038609440107905006,20.0
2018-06-08 19:30:00,0.358053602939938,0.03874825955709557,20.0
2018-06-08 20:00:00,0.35807396688981924,0.03888707900628613,20.0
2018-06-08 20:30:00,0.3580943308397005,0.039025898455476694,20.0
2018-06-08 21:00:00,0.35811469478958174,0.03916471790466726,20.0
2018-06-08 21:30:00,0.358135058739463,0.039303537353857824,20.0
2018-06-08 22:00:00,0.35815542268934425,0.03944235680304839,20.0
2018-06-08 22:30:00,0.3581757866392255,0.039581176252238955,20.0
2018-06-08 23:00:00,0.35819615058910675,0.03971999570142952,20.0
2018-06-08 23:30:00,0.35821651453898795,0.039858815150620085,20.0
2018-06-09 00:00:00,0.3582368784888692,0.03999763459981065,20.0
2018-06-09 00:30:00,0.35825724243875046,0.04013645404900121,20.0
2018-06-09 01:00:00,0.3582776063886317,0.04027527349819177,20.0
2018-06-09 01:30:00,0.35829797033851296,0.04041409294738234,20.0
2018-06-09 02:00:00,0.3583183342883942,0.0405529123965729,20.0
2018-06-09 02:30:00,0.3585086043551874,0.040570689293174145,20.0
2018-06-09 03:00:00,0.35869887442198056,0.040588466189775387,20.0
2018-06-09 03:30:00,0.3588891444887738,0.04060624308637663,20.0
2018-06-09 04:00:00,0.35907941455556697,0.04062401998297787,20.0
2018-06-09 04:30:00,0.35926968462236014,0.04064179687957911,20.0
2018-06-09 05:00:00,0.35945995468915337,0.04065957377618036,20.0
2018-06-09 05:30:00,0.35965022475594655,0.0406773506727816,20.0
2018-06-09 06:00:00,0.3598404948227397,0.040695127569382844,20.0
2018-06-09 06:30:00,0.3600307648895329,0.040712904465984086,20.0
2018-06-09 07:00:00,0.36022103495632607,0.04073068136258533,20.0
2018-06-09 07:30:00,0.3604113050231193,0.04074845825918657,20.0
2018-06-09 08:00:00,0.3606015750899125,0.04076623515578781,20.0
2018-06-09 08:30:00,0.36079184515670565,0.04078401205238905,20.0
2018-06-09 09:00:00,0.3609821152234989,0.040801788948990295,20.0
2018-06-09 09:30:00,0.36117238529029205,0.040819565845591536,20.0
2018-06-09 10:00:00,0.3613626553570852,0.04083734274219278,20.0
2018-06-09 10:30:00,0.3615529254238784,0.04085511963879402,20.0
2018-06-09 11:00:00,0.3617431954906716,0.04087289653539527,20.0
2018-06-09 11:30:00,0.3619334655574648,0.04089067343199651,20.0
2018-06-09 12:00:00,0.362123735624258,0.04090845032859775,20.0
2018-06-09 12:30:00,0.36231400569105116,0.040926227225198994,20.0
2018-06-09 13:00:00,0.3625042757578444,0.040944004121800236,20.0
2018-06-09 13:30:00,0.36269454582463756,0.04096178101840148,20.0
2018-06-09 14:00:00,0.36288481589143073,0.04097955791500272,20.0
2018-06-09 14:30:00,0.3627588165697308,0.04101985464062243,20.0
2018-06-09 15:00:00,0.36263281724803087,0.04106015136624215,20.0
2018-06-09 15:30:00,0.36250681792633094,0.04110044809186186,20.0
2018-06-09 16:00:00,0.362380818604631,0.04114074481748158,20.0
2018-06-09 16:30:00,0.36225481928293113,0.041181041543101295,20.0
2018-06-09 17:00:00,0.3621288199612312,0.041221338268721014,20.0
2018-06-09 17:30:00,0.36200282063953126,0.041261634994340726,20.0
2018-06-09 18:00:00,0.36187682131783133,0.041301931719960445,20.0
2018-06-09 18:30:00,0.3617508219961314,0.04134222844558016,20.0
2018-06-09 19:00:00,0.36162482267443147,0.04138252517119988,20.0
2018-06-09 19:30:00,0.36149882335273154,0.04142282189681959,20.0
2018-06-09 20:00:00,0.36137282403103166,0.0414631186224393,20.0
2018-06-09 20:30:00,0.3612468247093317,0.04150341534805902,20.0
2018-06-09 21:00:00,0.3611208253876318,0.04154371207367873,20.0
2018-06-09 21:30:00,0.36099482606593186,0.04158400879929845,20.0
2018-06-09 22:00:00,0.36086882674423193,0.041624305524918165,20.0
2018-06-09 22:30:00,0.360742827422532,0.041664602250537884,20.0
2018-06-09 23:00:00,0.36061682810083207,0.041704898976157596,20.0
2018-06-09 23:30:00,0.36049082877913213,0.041745195701777316,20.0
2018-06-10 00:00:00,0.3603648294574322,0.04178549242739703,20.0
2018-06-10 00:30:00,0.3602388301357323,0.04182578915301675,20.0
2018-06-10 01:00:00,0.3601128308140324,0.04186608587863646,20.0
2018-06-10 01:30:00,0.35998683149233246,0.04190638260425618,20.0
2018-06-10 02:00:00,0.3598608321706325,0.04194667932987589,20.0
2018-06-10 02:30:00,0.3595170632874422,0.04192779329843249,20.0
2018-06-10 03:00:00,0.3591732944042519,0.041908907266989086,20.0
2018-06-10 03:30:00,0.3588295255210616,0.04189002123554569,20.0
2018-06-10 04:00:00,0.3584857566378713,0.04187113520410228,20.0
2018-06-10 04:30:00,0.358141987754681,0.04185224917265888,20.0
2018-06-10 05:00:00,0.35779821887149066,0.04183336314121548,20.0
2018-06-10 05:30:00,0.35745444998830034,0.041814477109772076,20.0
2018-06-10 06:00:00,0.35711068110511,0.04179559107832868,20.0
2018-06-10 06:30:00,0.35676691222191975,0.04177670504688528,20.0
2018-06-10 07:00:00,0.35642314333872943,0.04175781901544187,20.0
2018-06-10 07:30:00,0.3560793744555391,0.04173893298399847,20.0
2018-06-10 08:00:00,0.3557356055723488,0.04172004695255507,20.0
2018-06-10 08:30:00,0.35539183668915847,0.04170116092111167,20.0
2018-06-10 09:00:00,0.35504806780596815,0.04168227488966827,20.0
2018-06-10 09:30:00,0.3547042989227779,0.04166338885822486,20.0
2018-06-10 10:00:00,0.35436053003958756,0.04164450282678146,20.0
2018-06-10 10:30:00,0.35401676115639724,0.04162561679533806,20.0
2018-06-10 11:00:00,0.3536729922732069,0.04160673076389466,20.0
2018-06-10 11:30:00,0.3533292233900166,0.04158784473245126,20.0
2018-06-10 12:00:00,0.3529854545068263,0.04156895870100785,20.0
2018-06-10 12:30:00,0.352641685623636,0.04155007266956445,20.0
2018-06-10 13:00:00,0.3522979167404457,0.041531186638121054,20.0
2018-06-10 13:30:00,0.3519541478572554,0.04151230060667765,20.0
2018-06-10 14:00:00,0.35161037897406505,0.04149341457523425,20.0
2018-06-10 14:30:00,0.35147104817246844,0.04154685797809493,20.0
2018-06-10 15:00:00,0.3513317173708718,0.04160030138095562,20.0
2018-06-10 15:30:00,0.3511923865692752,0.04165374478381631,20.0
2018-06-10 16:00:00,0.35105305576767853,0.04170718818667699,20.0
2018-06-10 16:30:00,0.3509137249660819,0.041760631589537675,20.0
2018-06-10 17:00:00,0.3507743941644853,0.041814074992398365,20.0
2018-06-10 17:30:00,0.3506350633628887,0.041867518395259054,20.0
2018-06-10 18:00:00,0.3504957325612921,0.04192096179811974,20.0
2018-06-10 18:30:00,0.35035640175969546,0.04197440520098042,20.0
2018-06-10 19:00:00,0.3502170709580988,0.04202784860384111,20.0
2018-06-10 19:30:00,0.35007774015650217,0.0420812920067018,20.0
2018-06-10 20:00:00,0.34993840935490556,0.04213473540956248,20.0
2018-06-10 20:30:00,0.34979907855330894,0.04218817881242316,20.0
2018-06-10 21:00:00,0.3496597477517123,0.04224162221528385,20.0
2018-06-10 21:30:00,0.3495204169501157,0.04229506561814454,20.0
2018-06-10 22:00:00,0.34938108614851904,0.042348509021005225,20.0
2018-06-10 22:30:00,0.3492417553469224,0.04240195242386591,20.0
2018-06-10 23:00:00,0.3491024245453258,0.0424553958267266,20.0
2018-06-10 23:30:00,0.3489630937437292,0.042508839229587286,20.0
2018-06-11 00:00:00,0.3488237629421326,0.04256228263244797,20.0
2018-06-11 00:30:00,0.34868443214053596,0.04261572603530865,20.0
2018-06-11 01:00:00,0.3485451013389393,0.04266916943816934,20.0
2018-06-11 01:30:00,0.3484057705373427,0.04272261284103003,20.0
2018-06-11 02:00:00,0.34826643973574606,0.04277605624389071,20.0
2018-06-11 02:30:00,0.3498390697587106,0.04298682865531737,20.0
2018-06-11 03:00:00,0.35141169978167514,0.04319760106674402,20.0
2018-06-11 03:30:00,0.3529843298046397,0.04340837347817067,20.0
2018-06-11 04:00:00,0.3545569598276042,0.043619145889597324,20.0
2018-06-11 04:30:00,0.35612958985056875,0.04382991830102398,20.0
2018-06-11 05:00:00,0.3577022198735333,0.044040690712450634,20.0
2018-06-11 05:30:00,0.3592748498964978,0.04425146312387729,20.0
2018-06-11 06:00:00,0.36084747991946237,0.044462235535303936,20.0
2018-06-11 06:30:00,0.3624201099424269,0.04467300794673059,20.0
2018-06-11 07:00:00,0.36399273996539144,0.044883780358157245,20.0
2018-06-11 07:30:00,0.365565369988356,0.0450945527695839,20.0
2018-06-11 08:00:00,0.3671380000113206,0.045305325181010554,20.0
2018-06-11 08:30:00,0.3687106300342851,0.0455160975924372,20.0
2018-06-11 09:00:00,0.37028326005724965,0.045726870003863856,20.0
2018-06-11 09:30:00,0.3718558900802142,0.04593764241529051,20.0
2018-06-11 10:00:00,0.37342852010317873,0.046148414826717166,20.0
2018-06-11 10:30:00,0.37500115012614327,0.04635918723814381,20.0
2018-06-11 11:00:00,0.3765737801491078,0.04656995964957047,20.0
2018-06-11 11:30:00,0.37814641017207234,0.04678073206099712,20.0
2018-06-11 12:00:00,0.3797190401950369,0.04699150447242378,20.0
2018-06-11 12:30:00,0.3812916702180014,0.04720227688385043,20.0
2018-06-11 13:00:00,0.38286430024096596,0.04741304929527708,20.0
2018-06-11 13:30:00,0.3844369302639305,0.047623821706703734,20.0
2018-06-11 14:00:00,0.38600956028689504,0.04783459411813039,20.0
2018-06-11 14:30:00,0.3857221893703212,0.04776426019742824,20.0
2018-06-11 15:00:00,0.38543481845374733,0.0476939262767261,20.0
2018-06-11 15:30:00,0.3851474475371735,0.04762359235602395,20.0
2018-06-11 16:00:00,0.3848600766205997,0.04755325843532181,20.0
2018-06-11 16:30:00,0.38457270570402585,0.04748292451461966,20.0
2018-06-11 17:00:00,0.38428533478745197,0.047412590593917524,20.0
2018-06-11 17:30:00,0.38399796387087815,0.04734225667321538,20.0
2018-06-11 18:00:00,0.3837105929543043,0.04727192275251323,20.0
2018-06-11 18:30:00,0.38342322203773044,0.04720158883181109,20.0
2018-06-11 19:00:00,0.3831358511211566,0.04713125491110894,20.0
2018-06-11 19:30:00,0.3828484802045828,0.0470609209904068,20.0
2018-06-11 20:00:00,0.3825611092880089,0.04699058706970465,20.0
2018-06-11 20:30:00,0.3822737383714351,0.04692025314900251,20.0
2018-06-11 21:00:00,0.38198636745486125,0.04684991922830036,20.0
2018-06-11 21:30:00,0.3816989965382874,0.046779585307598216,20.0
2018-06-11 22:00:00,0.38141162562171355,0.04670925138689607,20.0
2018-06-11 22:30:00,0.3811242547051397,0.046638917466193926,20.0
2018-06-11 23:00:00,0.3808368837885659,0.04656858354549179,20.0
2018-06-11 23:30:00,0.380549512871992,0.04649824962478964,20.0
2018-06-12 00:00:00,0.3802621419554182,0.0464279157040875,20.0
2018-06-12 00:30:00,0.37997477103884436,0.04635758178338535,20.0
2018-06-12 01:00:00,0.37968740012227054,0.046287247862683206,20.0
2018-06-12 01:30:00,0.37940002920569665,0.04621691394198106,20.0
2018-06-12 02:00:00,0.37911265828912283,0.046146580021278916,20.0
2018-06-12 02:30:00,0.3791182786744247,0.0461345274961409,20.0
2018-06-12 03:00:00,0.3791238990597266,0.04612247497100288,20.0
2018-06-12 03:30:00,0.3791295194450285,0.046110422445864864,20.0
2018-06-12 04:00:00,0.37913513983033037,0.04609836992072684,20.0
2018-06-12 04:30:00,0.37914076021563226,0.04608631739558883,20.0
2018-06-12 05:00:00,0.37914638060093414,0.046074264870450805,20.0
2018-06-12 05:30:00,0.379152000986236,0.04606221234531279,20.0
2018-06-12 06:00:00,0.3791576213715379,0.04605015982017477,20.0
2018-06-12 06:30:00,0.3791632417568398,0.046038107295036754,20.0
2018-06-12 07:00:00,0.3791688621421417,0.04602605476989873,20.0
2018-06-12 07:30:00,0.37917448252744357,0.04601400224476072,20.0
2018-06-12 08:00:00,0.37918010291274545,0.0460019497196227,20.0
2018-06-12 08:30:00,0.37918572329804734,0.04598989719448468,20.0
2018-06-12 09:00:00,0.3791913436833492,0.045977844669346665,20.0
2018-06-12 09:30:00,0.3791969640686511,0.04596579214420864,20.0
2018-06-12 10:00:00,0.379202584453953,0.04595373961907063,20.0
2018-06-12 10:30:00,0.3792082048392549,0.04594168709393261,20.0
2018-06-12 11:00:00,0.37921382522455677,0.04592963456879459,20.0
2018-06-12 11:30:00,0.37921944560985865,0.04591758204365657,20.0
2018-06-12 12:00:00,0.37922506599516054,0.045905529518518555,20.0
2018-06-12 12:30:00,0.3792306863804624,0.04589347699338053,20.0
2018-06-12 13:00:00,0.3792363067657643,0.04588142446824252,20.0
2018-06-12 13:30:00,0.3792419271510662,0.045869371943104496,20.0
2018-06-12 14:00:00,0.3792475475363681,0.04585731941796648,20.0
2018-06-12 14:30:00,0.37985127592944756,0.045900579693886556,20.0
2018-06-12 15:00:00,0.3804550043225271,0.04594383996980663,20.0
2018-06-12 15:30:00,0.3810587327156066,0.04598710024572671,20.0
2018-06-12 16:00:00,0.3816624611086861,0.04603036052164679,20.0
2018-06-12 16:30:00,0.3822661895017656,0.04607362079756686,20.0
2018-06-12 17:00:00,0.38286991789484515,0.04611688107348694,20.0
2018-06-12 17:30:00,0.38347364628792463,0.04616014134940701,20.0
2018-06-12 18:00:00,0.38407737468100417,0.04620340162532709,20.0
2018-06-12 18:30:00,0.38468110307408365,0.04624666190124717,20.0
2018-06-12 19:00:00,0.3852848314671632,0.04628992217716724,20.0
2018-06-12 19:30:00,0.3858885598602427,0.04633318245308732,20.0
2018-06-12 20:00:00,0.3864922882533222,0.04637644272900739,20.0
2018-06-12 20:30:00,0.3870960166464017,0.04641970300492747,20.0
2018-06-12 21:00:00,0.3876997450394812,0.04646296328084754,20.0
2018-06-12 21:30:00,0.3883034734325607,0.046506223556767624,20.0
2018-06-12 22:00:00,0.3889072018256402,0.0465494838326877,20.0
2018-06-12 22:30:00,0.38951093021871974,0.046592744108607774,20.0
2018-06-12 23:00:00,0.3901146586117992,0.04663600438452785,20.0
2018-06-12 23:30:00,0.39071838700487876,0.046679264660447924,20.0
2018-06-13 00:00:00,0.39132211539795825,0.046722524936368,20.0
2018-06-13 00:30:00,0.3919258437910378,0.04676578521228808,20.0
2018-06-13 01:00:00,0.39252957218411727,0.046809045488208155,20.0
2018-06-13 01:30:00,0.3931333005771968,0.04685230576412823,20.0
2018-06-13 02:00:00,0.3937370289702763,0.046895566040048305,20.0
2018-06-13 02:30:00,0.3935255928297652,0.046945816450111345,20.0
2018-06-13 03:00:00,0.39331415668925407,0.046996066860174386,20.0
2018-06-13 03:30:00,0.39310272054874296,0.04704631727023743,20.0
2018-06-13 04:00:00,0.39289128440823184,0.04709656768030047,20.0
2018-06-13 04:30:00,0.39267984826772073,0.04714681809036351,20.0
2018-06-13 05:00:00,0.3924684121272096,0.04719706850042655,20.0
2018-06-13 05:30:00,0.3922569759866985,0.04724731891048959,20.0
2018-06-13 06:00:00,0.3920455398461874,0.04729756932055263,20.0
2018-06-13 06:30:00,0.3918341037056763,0.04734781973061567,20.0
2018-06-13 07:00:00,0.3916226675651652,0.04739807014067871,20.0
2018-06-13 07:30:00,0.39141123142465406,0.04744832055074175,20.0
2018-06-13 08:00:00,0.39119979528414295,0.0474985709608048,20.0
2018-06-13 08:30:00,0.3909883591436319,0.04754882137086784,20.0
2018-06-13 09:00:00,0.3907769230031208,0.04759907178093088,20.0
2018-06-13 09:30:00,0.39056548686260967,0.04764932219099392,20.0
2018-06-13 10:00:00,0.39035405072209856,0.047699572601056964,20.0
2018-06-13 10:30:00,0.39014261458158744,0.047749823011120004,20.0
2018-06-13 11:00:00,0.38993117844107633,0.047800073421183045,20.0
2018-06-13 11:30:00,0.3897197423005652,0.047850323831246086,20.0
2018-06-13 12:00:00,0.3895083061600541,0.04790057424130913,20.0
2018-06-13 12:30:00,0.389296870019543,0.04795082465137217,20.0
2018-06-13 13:00:00,0.3890854338790319,0.04800107506143521,20.0
2018-06-13 13:30:00,0.38887399773852077,0.04805132547149825,20.0
2018-06-13 14:00:00,0.38866256159800966,0.04810157588156129,20.0
2018-06-13 14:30:00,0.3881412851636825,0.048051411809461535,20.0
2018-06-13 15:00:00,0.3876200087293553,0.04800124773736178,20.0
2018-06-13 15:30:00,0.38709873229502817,0.047951083665262025,20.0
2018-06-13 16:00:00,0.386577455860701,0.04790091959316227,20.0
2018-06-13 16:30:00,0.3860561794263738,0.047850755521062514,20.0
2018-06-13 17:00:00,0.3855349029920467,0.04780059144896276,20.0
2018-06-13 17:30:00,0.3850136265577195,0.047750427376863004,20.0
2018-06-13 18:00:00,0.38449235012339233,0.04770026330476325,20.0
2018-06-13 18:30:00,0.3839710736890652,0.047650099232663494,20.0
2018-06-13 19:00:00,0.383449797254738,0.04759993516056374,20.0
2018-06-13 19:30:00,0.38292852082041084,0.047549771088463984,20.0
2018-06-13 20:00:00,0.38240724438608364,0.04749960701636422,20.0
2018-06-13 20:30:00,0.3818859679517565,0.04744944294426447,20.0
2018-06-13 21:00:00,0.38136469151742936,0.04739927887216471,20.0
2018-06-13 21:30:00,0.38084341508310215,0.047349114800064956,20.0
2018-06-13 22:00:00,0.380322138648775,0.0472989507279652,20.0
2018-06-13 22:30:00,0.37980086221444787,0.047248786655865446,20.0
2018-06-13 23:00:00,0.37927958578012066,0.04719862258376569,20.0
2018-06-13 23:30:00,0.3787583093457935,0.047148458511665936,20.0
2018-06-14 00:00:00,0.3782370329114664,0.04709829443956618,20.0
2018-06-14 00:30:00,0.3777157564771392,0.047048130367466426,20.0
2018-06-14 01:00:00,0.37719448004281203,0.04699796629536667,20.0
2018-06-14 01:30:00,0.37667320360848483,0.046947802223266916,20.0
2018-06-14 02:00:00,0.3761519271741577,0.04689763815116716,20.0
2018-06-14 02:30:00,0.3757644795911148,0.04681911373483119,20.0
2018-06-14 03:00:00,0.37537703200807193,0.04674058931849522,20.0
2018-06-14 03:30:00,0.374989584425029,0.04666206490215925,20.0
2018-06-14 04:00:00,0.3746021368419861,0.046583540485823284,20.0
2018-06-14 04:30:00,0.37421468925894324,0.046505016069487315,20.0
2018-06-14 05:00:00,0.3738272416759003,0.04642649165315134,20.0
2018-06-14 05:30:00,0.37343979409285744,0.04634796723681537,20.0
2018-06-14 06:00:00,0.37305234650981456,0.0462694428204794,20.0
2018-06-14 06:30:00,0.3726648989267717,0.04619091840414343,20.0
2018-06-14 07:00:00,0.3722774513437288,0.04611239398780746,20.0
2018-06-14 07:30:00,0.37189000376068587,0.04603386957147149,20.0
2018-06-14 08:00:00,0.371502556177643,0.045955345155135524,20.0
2018-06-14 08:30:00,0.3711151085946001,0.045876820738799555,20.0
2018-06-14 09:00:00,0.3707276610115572,0.045798296322463586,20.0
2018-06-14 09:30:00,0.3703402134285143,0.04571977190612762,20.0
2018-06-14 10:00:00,0.36995276584547143,0.04564124748979165,20.0
2018-06-14 10:30:00,0.36956531826242855,0.04556272307345568,20.0
2018-06-14 11:00:00,0.3691778706793857,0.0454841986571197,20.0
2018-06-14 11:30:00,0.36879042309634275,0.04540567424078373,20.0
2018-06-14 12:00:00,0.36840297551329987,0.045327149824447764,20.0
2018-06-14 12:30:00,0.368015527930257,0.045248625408111795,20.0
2018-06-14 13:00:00,0.36762808034721406,0.045170100991775826,20.0
2018-06-14 13:30:00,0.3672406327641712,0.04509157657543986,20.0
2018-06-14 14:00:00,0.3668531851811283,0.04501305215910389,20.0
2018-06-14 14:30:00,0.36665263138891324,0.04499657063101905,20.0
2018-06-14 15:00:00,0.3664520775966982,0.04498008910293422,20.0
2018-06-14 15:30:00,0.3662515238044831,0.04496360757484938,20.0
2018-06-14 16:00:00,0.36605097001226805,0.04494712604676454,20.0
2018-06-14 16:30:00,0.36585041622005304,0.0449306445186797,20.0
2018-06-14 17:00:00,0.365649862427838,0.044914162990594864,20.0
2018-06-14 17:30:00,0.3654493086356229,0.04489768146251003,20.0
2018-06-14 18:00:00,0.36524875484340785,0.044881199934425194,20.0
2018-06-14 18:30:00,0.3650482010511928,0.044864718406340355,20.0
2018-06-14 19:00:00,0.3648476472589777,0.044848236878255524,20.0
2018-06-14 19:30:00,0.36464709346676266,0.044831755350170685,20.0
2018-06-14 20:00:00,0.36444653967454765,0.04481527382208585,20.0
2018-06-14 20:30:00,0.3642459858823326,0.04479879229400101,20.0
2018-06-14 21:00:00,0.3640454320901175,0.04478231076591617,20.0
2018-06-14 21:30:00,0.36384487829790246,0.04476582923783134,20.0
2018-06-14 22:00:00,0.3636443245056874,0.0447493477097465,20.0
2018-06-14 22:30:00,0.36344377071347234,0.04473286618166166,20.0
2018-06-14 23:00:00,0.3632432169212573,0.04471638465357683,20.0
2018-06-14 23:30:00,0.3630426631290422,0.04469990312549199,20.0
2018-06-15 00:00:00,0.36284210933682715,0.04468342159740715,20.0
2018-06-15 00:30:00,0.36264155554461214,0.044666940069322314,20.0
2018-06-15 01:00:00,0.3624410017523971,0.044650458541237475,20.0
2018-06-15 01:30:00,0.362240447960182,0.044633977013152644,20.0
2018-06-15 02:00:00,0.36203989416796695,0.044617495485067805,20.0
2018-06-15 02:30:00,0.3618003465142156,0.044609140256592114,20.0
2018-06-15 03:00:00,0.36156079886046427,0.04460078502811643,20.0
2018-06-15 03:30:00,0.36132125120671293,0.04459242979964074,20.0
2018-06-15 04:00:00,0.36108170355296165,0.044584074571165054,20.0
2018-06-15 04:30:00,0.3608421558992103,0.04457571934268936,20.0
2018-06-15 05:00:00,0.360602608245459,0.04456736411421368,20.0
2018-06-15 05:30:00,0.36036306059170764,0.04455900888573799,20.0
2018-06-15 06:00:00,0.3601235129379563,0.044550653657262296,20.0
2018-06-15 06:30:00,0.35988396528420497,0.04454229842878661,20.0
2018-06-15 07:00:00,0.35964441763045363,0.04453394320031092,20.0
2018-06-15 07:30:00,0.3594048699767023,0.044525587971835236,20.0
2018-06-15 08:00:00,0.35916532232295095,0.044517232743359544,20.0
2018-06-15 08:30:00,0.35892577466919967,0.04450887751488385,20.0
2018-06-15 09:00:00,0.35868622701544833,0.04450052228640817,20.0
2018-06-15 09:30:00,0.358446679361697,0.04449216705793248,20.0
2018-06-15 10:00:00,0.35820713170794566,0.04448381182945679,20.0
2018-06-15 10:30:00,0.3579675840541943,0.0444754566009811,20.0
2018-06-15 11:00:00,0.357728036400443,0.04446710137250542,20.0
2018-06-15 11:30:00,0.35748848874669165,0.044458746144029726,20.0
2018-06-15 12:00:00,0.35724894109294036,0.044450390915554035,20.0
2018-06-15 12:30:00,0.357009393439189,0.04444203568707835,20.0
2018-06-15 13:00:00,0.3567698457854377,0.04443368045860266,20.0
2018-06-15 13:30:00,0.35653029813168635,0.044425325230126975,20.0
2018-06-15 14:00:00,0.356290750477935,0.04441697000165128,20.0
2018-06-15 14:30:00,0.356077770487753,0.04436184512772523,20.0
2018-06-15 15:00:00,0.355864790497571,0.04430672025379917,20.0
2018-06-15 15:30:00,0.3556518105073891,0.04425159537987312,20.0
2018-06-15 16:00:00,0.3554388305172071,0.044196470505947064,20.0
2018-06-15 16:30:00,0.3552258505270251,0.044141345632021003,20.0
2018-06-15 17:00:00,0.3550128705368431,0.04408622075809495,20.0
2018-06-15 17:30:00,0.3547998905466611,0.04403109588416889,20.0
2018-06-15 18:00:00,0.3545869105564792,0.04397597101024284,20.0
2018-06-15 18:30:00,0.3543739305662972,0.043920846136316784,20.0
2018-06-15 19:00:00,0.3541609505761152,0.043865721262390724,20.0
2018-06-15 19:30:00,0.3539479705859332,0.04381059638846467,20.0
2018-06-15 20:00:00,0.35373499059575125,0.04375547151453861,20.0
2018-06-15 20:30:00,0.35352201060556926,0.04370034664061256,20.0
2018-06-15 21:00:00,0.35330903061538727,0.043645221766686504,20.0
2018-06-15 21:30:00,0.35309605062520527,0.043590096892760444,20.0
2018-06-15 22:00:00,0.3528830706350233,0.04353497201883439,20.0
2018-06-15 22:30:00,0.35267009064484134,0.04347984714490834,20.0
2018-06-15 23:00:00,0.35245711065465934,0.04342472227098228,20.0
2018-06-15 23:30:00,0.35224413066447735,0.043369597397056224,20.0
2018-06-16 00:00:00,0.35203115067429536,0.04331447252313017,20.0
2018-06-16 00:30:00,0.35181817068411336,0.04325934764920411,20.0
2018-06-16 01:00:00,0.3516051906939314,0.04320422277527806,20.0
2018-06-16 01:30:00,0.35139221070374943,0.043149097901352,20.0
2018-06-16 02:00:00,0.35117923071356744,0.043093973027425944,20.0
2018-06-16 02:30:00,0.3509119794450362,0.043080583273714564,20.0
2018-06-16 03:00:00,0.35064472817650505,0.04306719352000318,20.0
2018-06-16 03:30:00,0.35037747690797383,0.04305380376629181,20.0
2018-06-16 04:00:00,0.3501102256394426,0.04304041401258043,20.0
2018-06-16 04:30:00,0.34984297437091144,0.04302702425886905,20.0
2018-06-16 05:00:00,0.3495757231023802,0.04301363450515767,20.0
2018-06-16 05:30:00,0.34930847183384905,0.04300024475144629,20.0
2018-06-16 06:00:00,0.34904122056531783,0.04298685499773491,20.0
2018-06-16 06:30:00,0.3487739692967866,0.04297346524402353,20.0
2018-06-16 07:00:00,0.34850671802825545,0.04296007549031215,20.0
2018-06-16 07:30:00,0.3482394667597242,0.04294668573660077,20.0
2018-06-16 08:00:00,0.34797221549119306,0.04293329598288939,20.0
2018-06-16 08:30:00,0.34770496422266184,0.04291990622917801,20.0
2018-06-16 09:00:00,0.3474377129541306,0.04290651647546663,20.0
2018-06-16 09:30:00,0.34717046168559945,0.042893126721755256,20.0
2018-06-16 10:00:00,0.34690321041706823,0.042879736968043876,20.0
2018-06-16 10:30:00,0.346635959148537,0.042866347214332495,20.0
2018-06-16 11:00:00,0.34636870788000584,0.042852957460621115,20.0
2018-06-16 11:30:00,0.3461014566114746,0.042839567706909734,20.0
2018-06-16 12:00:00,0.3458342053429434,0.042826177953198354,20.0
2018-06-16 12:30:00,0.34556695407441224,0.04281278819948698,20.0
2018-06-16 13:00:00,0.345299702805881,0.0427993984457756,20.0
2018-06-16 13:30:00,0.34503245153734985,0.04278600869206422,20.0
2018-06-16 14:00:00,0.34476520026881863,0.04277261893835284,20.0
2018-06-16 14:30:00,0.3445949762437144,0.042800502484827946,20.0
2018-06-16 15:00:00,0.34442475221861013,0.042828386031303046,20.0
2018-06-16 15:30:00,0.3442545281935059,0.042856269577778154,20.0
2018-06-16 16:00:00,0.3440843041684017,0.042884153124253255,20.0
2018-06-16 16:30:00,0.34391408014329744,0.04291203667072836,20.0
2018-06-16 17:00:00,0.3437438561181932,0.04293992021720346,20.0
2018-06-16 17:30:00,0.34357363209308894,0.04296780376367857,20.0
2018-06-16 18:00:00,0.3434034080679847,0.04299568731015367,20.0
2018-06-16 18:30:00,0.34323318404288045,0.04302357085662878,20.0
2018-06-16 19:00:00,0.34306296001777625,0.04305145440310388,20.0
2018-06-16 19:30:00,0.342892735992672,0.04307933794957899,20.0
2018-06-16 20:00:00,0.34272251196756776,0.04310722149605409,20.0
2018-06-16 20:30:00,0.3425522879424635,0.043135105042529195,20.0
2018-06-16 21:00:00,0.34238206391735926,0.0431629885890043,20.0
2018-06-16 21:30:00,0.342211839892255,0.043190872135479404,20.0
2018-06-16 22:00:00,0.3420416158671508,0.04321875568195451,20.0
2018-06-16 22:30:00,0.34187139184204657,0.04324663922842961,20.0
2018-06-16 23:00:00,0.3417011678169423,0.04327452277490472,20.0
2018-06-16 23:30:00,0.34153094379183807,0.04330240632137982,20.0
2018-06-17 00:00:00,0.3413607197667338,0.04333028986785493,20.0
2018-06-17 00:30:00,0.3411904957416296,0.04335817341433003,20.0
2018-06-17 01:00:00,0.3410202717165254,0.043386056960805136,20.0
2018-06-17 01:30:00,0.34085004769142113,0.04341394050728024,20.0
2018-06-17 02:00:00,0.3406798236663169,0.043441824053755344,20.0
2018-06-17 02:30:00,0.3404169068722489,0.043443021471441856,20.0
2018-06-17 03:00:00,0.340153990078181,0.04344421888912837,20.0
2018-06-17 03:30:00,0.339891073284113,0.04344541630681488,20.0
2018-06-17 04:00:00,0.3396281564900451,0.04344661372450139,20.0
2018-06-17 04:30:00,0.3393652396959771,0.0434478111421879,20.0
2018-06-17 05:00:00,0.33910232290190917,0.043449008559874415,20.0
2018-06-17 05:30:00,0.3388394061078412,0.04345020597756093,20.0
2018-06-17 06:00:00,0.3385764893137732,0.04345140339524744,20.0
2018-06-17 06:30:00,0.3383135725197053,0.04345260081293395,20.0
2018-06-17 07:00:00,0.3380506557256373,0.04345379823062046,20.0
2018-06-17 07:30:00,0.3377877389315694,0.043454995648306974,20.0
2018-06-17 08:00:00,0.3375248221375014,0.043456193065993486,20.0
2018-06-17 08:30:00,0.3372619053434334,0.04345739048367999,20.0
2018-06-17 09:00:00,0.3369989885493655,0.0434585879013665,20.0
2018-06-17 09:30:00,0.3367360717552975,0.043459785319053014,20.0
2018-06-17 10:00:00,0.3364731549612296,0.043460982736739526,20.0
2018-06-17 10:30:00,0.3362102381671616,0.04346218015442604,20.0
2018-06-17 11:00:00,0.3359473213730937,0.04346337757211255,20.0
2018-06-17 11:30:00,0.3356844045790257,0.04346457498979906,20.0
2018-06-17 12:00:00,0.33542148778495773,0.04346577240748557,20.0
2018-06-17 12:30:00,0.3351585709908898,0.043466969825172085,20.0
2018-06-17 13:00:00,0.3348956541968218,0.043468167242858596,20.0
2018-06-17 13:30:00,0.3346327374027539,0.04346936466054511,20.0
2018-06-17 14:00:00,0.3343698206086859,0.04347056207823162,20.0
2018-06-17 14:30:00,0.3341633899015844,0.043476905642244074,20.0
2018-06-17 15:00:00,0.33395695919448287,0.04348324920625653,20.0
2018-06-17 15:30:00,0.33375052848738135,0.04348959277026898,20.0
2018-06-17 16:00:00,0.3335440977802798,0.04349593633428143,20.0
2018-06-17 16:30:00,0.33333766707317836,0.04350227989829388,20.0
2018-06-17 17:00:00,0.33313123636607683,0.043508623462306335,20.0
2018-06-17 17:30:00,0.3329248056589753,0.04351496702631879,20.0
2018-06-17 18:00:00,0.3327183749518738,0.04352131059033124,20.0
2018-06-17 18:30:00,0.33251194424477226,0.043527654154343697,20.0
2018-06-17 19:00:00,0.33230551353767074,0.04353399771835614,20.0
2018-06-17 19:30:00,0.3320990828305692,0.0435403412823686,20.0
2018-06-17 20:00:00,0.33189265212346775,0.04354668484638105,20.0
2018-06-17 20:30:00,0.3316862214163662,0.043553028410393504,20.0
2018-06-17 21:00:00,0.3314797907092647,0.04355937197440596,20.0
2018-06-17 21:30:00,0.3312733600021632,0.04356571553841841,20.0
2018-06-17 22:00:00,0.33106692929506165,0.04357205910243086,20.0
2018-06-17 22:30:00,0.33086049858796013,0.04357840266644331,20.0
2018-06-17 23:00:00,0.3306540678808586,0.043584746230455766,20.0
2018-06-17 23:30:00,0.3304476371737571,0.04359108979446822,20.0
2018-06-18 00:00:00,0.33024120646665556,0.043597433358480674,20.0
2018-06-18 00:30:00,0.3300347757595541,0.04360377692249313,20.0
2018-06-18 01:00:00,0.32982834505245257,0.043610120486505574,20.0
2018-06-18 01:30:00,0.32962191434535104,0.04361646405051803,20.0
2018-06-18 02:00:00,0.3294154836382495,0.04362280761453048,20.0
2018-06-18 02:30:00,0.32907757857380765,0.04362189828358965,20.0
2018-06-18 03:00:00,0.32873967350936584,0.04362098895264882,20.0
2018-06-18 03:30:00,0.32840176844492397,0.04362007962170799,20.0
2018-06-18 04:00:00,0.32806386338048216,0.04361917029076716,20.0
2018-06-18 04:30:00,0.3277259583160403,0.04361826095982633,20.0
2018-06-18 05:00:00,0.3273880532515985,0.0436173516288855,20.0
2018-06-18 05:30:00,0.3270501481871566,0.04361644229794467,20.0
2018-06-18 06:00:00,0.32671224312271474,0.04361553296700384,20.0
2018-06-18 06:30:00,0.32637433805827293,0.043614623636063006,20.0
2018-06-18 07:00:00,0.32603643299383106,0.043613714305122175,20.0
2018-06-18 07:30:00,0.32569852792938925,0.043612804974181345,20.0
2018-06-18 08:00:00,0.3253606228649474,0.043611895643240514,20.0
2018-06-18 08:30:00,0.3250227178005055,0.043610986312299684,20.0
2018-06-18 09:00:00,0.3246848127360637,0.04361007698135885,20.0
2018-06-18 09:30:00,0.32434690767162183,0.04360916765041802,20.0
2018-06-18 10:00:00,0.32400900260718,0.04360825831947719,20.0
2018-06-18 10:30:00,0.32367109754273815,0.04360734898853636,20.0
2018-06-18 11:00:00,0.32333319247829634,0.04360643965759553,20.0
2018-06-18 11:30:00,0.32299528741385447,0.0436055303266547,20.0
2018-06-18 12:00:00,0.3226573823494126,0.04360462099571387,20.0
2018-06-18 12:30:00,0.3223194772849708,0.04360371166477304,20.0
2018-06-18 13:00:00,0.3219815722205289,0.04360280233383221,20.0
2018-06-18 13:30:00,0.3216436671560871,0.04360189300289138,20.0
2018-06-18 14:00:00,0.32130576209164524,0.04360098367195055,20.0
2018-06-18 14:30:00,0.3210425113732434,0.04360113998945432,20.0
2018-06-18 15:00:00,0.3207792606548415,0.04360129630695809,20.0
2018-06-18 15:30:00,0.3205160099364397,0.04360145262446186,20.0
2018-06-18 16:00:00,0.3202527592180378,0.04360160894196563,20.0
2018-06-18 16:30:00,0.319989508499636,0.043601765259469405,20.0
2018-06-18 17:00:00,0.3197262577812341,0.04360192157697318,20.0
2018-06-18 17:30:00,0.31946300706283226,0.04360207789447695,20.0
2018-06-18 18:00:00,0.31919975634443043,0.04360223421198072,20.0
2018-06-18 18:30:00,0.31893650562602854,0.043602390529484496,20.0
2018-06-18 19:00:00,0.3186732549076267,0.04360254684698826,20.0
2018-06-18 19:30:00,0.3184100041892248,0.04360270316449204,20.0
2018-06-18 20:00:00,0.318146753470823,0.04360285948199581,20.0
2018-06-18 20:30:00,0.31788350275242117,0.04360301579949958,20.0
2018-06-18 21:00:00,0.3176202520340193,0.043603172117003354,20.0
2018-06-18 21:30:00,0.31735700131561745,0.04360332843450712,20.0
2018-06-18 22:00:00,0.31709375059721556,0.043603484752010896,20.0
2018-06-18 22:30:00,0.31683049987881373,0.04360364106951467,20.0
2018-06-18 23:00:00,0.31656724916041185,0.04360379738701844,20.0
2018-06-18 23:30:00,0.31630399844201,0.04360395370452221,20.0
2018-06-19 00:00:00,0.3160407477236082,0.04360411002202598,20.0
2018-06-19 00:30:00,0.3157774970052063,0.043604266339529754,20.0
2018-06-19 01:00:00,0.31551424628680447,0.04360442265703353,20.0
2018-06-19 01:30:00,0.3152509955684026,0.043604578974537296,20.0
2018-06-19 02:00:00,0.31498774485000075,0.04360473529204107,20.0
2018-06-19 02:30:00,0.3146530386194585,0.04367081579233864,20.0
2018-06-19 03:00:00,0.31431833238891627,0.04373689629263621,20.0
2018-06-19 03:30:00,0.31398362615837405,0.04380297679293379,20.0
2018-06-19 04:00:00,0.3136489199278318,0.04386905729323136,20.0
2018-06-19 04:30:00,0.3133142136972895,0.04393513779352893,20.0
2018-06-19 05:00:00,0.3129795074667473,0.0440012182938265,20.0
2018-06-19 05:30:00,0.3126448012362051,0.04406729879412407,20.0
2018-06-19 06:00:00,0.3123100950056628,0.04413337929442165,20.0
2018-06-19 06:30:00,0.31197538877512054,0.04419945979471922,20.0
2018-06-19 07:00:00,0.31164068254457833,0.04426554029501679,20.0
2018-06-19 07:30:00,0.3113059763140361,0.04433162079531436,20.0
2018-06-19 08:00:00,0.31097127008349384,0.044397701295611935,20.0
2018-06-19 08:30:00,0.3106365638529516,0.044463781795909506,20.0
2018-06-19 09:00:00,0.31030185762240936,0.044529862296207076,20.0
2018-06-19 09:30:00,0.30996715139186715,0.044595942796504646,20.0
2018-06-19 10:00:00,0.3096324451613249,0.04466202329680222,20.0
2018-06-19 10:30:00,0.3092977389307826,0.044728103797099794,20.0
2018-06-19 11:00:00,0.3089630327002404,0.044794184297397364,20.0
2018-06-19 11:30:00,0.3086283264696982,0.044860264797694935,20.0
2018-06-19 12:00:00,0.3082936202391559,0.044926345297992505,20.0
2018-06-19 12:30:00,0.30795891400861364,0.044992425798290075,20.0
2018-06-19 13:00:00,0.3076242077780714,0.04505850629858765,20.0
2018-06-19 13:30:00,0.3072895015475292,0.04512458679888522,20.0
2018-06-19 14:00:00,0.30695479531698694,0.04519066729918279,20.0
2018-06-19 14:30:00,0.3066778996057414,0.04523398903370675,20.0
2018-06-19 15:00:00,0.30640100389449576,0.0452773107682307,20.0
2018-06-19 15:30:00,0.3061241081832502,0.04532063250275465,20.0
2018-06-19 16:00:00,0.3058472124720046,0.045363954237278604,20.0
2018-06-19 16:30:00,0.305570316760759,0.04540727597180256,20.0
2018-06-19 17:00:00,0.3052934210495134,0.04545059770632651,20.0
2018-06-19 17:30:00,0.30501652533826784,0.04549391944085046,20.0
2018-06-19 18:00:00,0.3047396296270222,0.045537241175374416,20.0
2018-06-19 18:30:00,0.30446273391577666,0.04558056290989837,20.0
2018-06-19 19:00:00,0.30418583820453104,0.045623884644422324,20.0
2018-06-19 19:30:00,0.3039089424932855,0.04566720637894627,20.0
2018-06-19 20:00:00,0.3036320467820399,0.04571052811347023,20.0
2018-06-19 20:30:00,0.3033551510707943,0.04575384984799418,20.0
2018-06-19 21:00:00,0.30307825535954874,0.04579717158251813,20.0
2018-06-19 21:30:00,0.3028013596483031,0.04584049331704208,20.0
2018-06-19 22:00:00,0.30252446393705756,0.04588381505156604,20.0
2018-06-19 22:30:00,0.30224756822581195,0.04592713678608999,20.0
2018-06-19 23:00:00,0.3019706725145664,0.04597045852061395,20.0
2018-06-19 23:30:00,0.30169377680332077,0.046013780255137894,20.0
2018-06-20 00:00:00,0.3014168810920752,0.04605710198966185,20.0
2018-06-20 00:30:00,0.3011399853808296,0.0461004237241858,20.0
2018-06-20 01:00:00,0.300863089669584,0.04614374545870975,20.0
2018-06-20 01:30:00,0.3005861939583384,0.046187067193233705,20.0
2018-06-20 02:00:00,0.30030929824709285,0.04623038892775766,20.0
2018-06-20 02:30:00,0.2999305450746207,0.046326756408535126,20.0
2018-06-20 03:00:00,0.29955179190214853,0.0464231238893126,20.0
2018-06-20 03:30:00,0.2991730387296764,0.046519491370090066,20.0
2018-06-20 04:00:00,0.2987942855572042,0.04661585885086754,20.0
2018-06-20 04:30:00,0.2984155323847321,0.046712226331645006,20.0
2018-06-20 05:00:00,0.29803677921225996,0.04680859381242247,20.0
2018-06-20 05:30:00,0.2976580260397878,0.046904961293199945,20.0
2018-06-20 06:00:00,0.29727927286731565,0.04700132877397741,20.0
2018-06-20 06:30:00,0.2969005196948435,0.04709769625475488,20.0
2018-06-20 07:00:00,0.29652176652237133,0.04719406373553235,20.0
2018-06-20 07:30:00,0.2961430133498992,0.04729043121630982,20.0
2018-06-20 08:00:00,0.2957642601774271,0.047386798697087285,20.0
2018-06-20 08:30:00,0.2953855070049549,0.04748316617786476,20.0
2018-06-20 09:00:00,0.29500675383248276,0.047579533658642224,20.0
2018-06-20 09:30:00,0.2946280006600106,0.0476759011394197,20.0
2018-06-20 10:00:00,0.29424924748753845,0.047772268620197164,20.0
2018-06-20 10:30:00,0.2938704943150663,0.04786863610097463,20.0
2018-06-20 11:00:00,0.29349174114259413,0.047965003581752104,20.0
2018-06-20 11:30:00,0.293112987970122,0.04806137106252957,20.0
2018-06-20 12:00:00,0.2927342347976498,0.048157738543307044,20.0
2018-06-20 12:30:00,0.2923554816251777,0.04825410602408451,20.0
2018-06-20 13:00:00,0.29197672845270556,0.04835047350486198,20.0
2018-06-20 13:30:00,0.2915979752802334,0.04844684098563945,20.0
2018-06-20 14:00:00,0.29121922210776124,0.048543208466416916,20.0
2018-06-20 14:30:00,0.29094103537924426,0.048563351457094624,20.0
2018-06-20 15:00:00,0.29066284865072733,0.048583494447772324,20.0
2018-06-20 15:30:00,0.29038466192221035,0.04860363743845003,20.0
2018-06-20 16:00:00,0.29010647519369337,0.04862378042912774,20.0
2018-06-20 16:30:00,0.2898282884651764,0.04864392341980544,20.0
2018-06-20 17:00:00,0.28955010173665946,0.048664066410483146,20.0
2018-06-20 17:30:00,0.2892719150081425,0.048684209401160854,20.0
2018-06-20 18:00:00,0.2889937282796255,0.048704352391838554,20.0
2018-06-20 18:30:00,0.28871554155110857,0.04872449538251626,20.0
2018-06-20 19:00:00,0.2884373548225916,0.04874463837319397,20.0
2018-06-20 19:30:00,0.2881591680940746,0.04876478136387167,20.0
2018-06-20 20:00:00,0.2878809813655577,0.048784924354549376,20.0
2018-06-20 20:30:00,0.2876027946370407,0.048805067345227084,20.0
2018-06-20 21:00:00,0.2873246079085237,0.048825210335904784,20.0
2018-06-20 21:30:00,0.28704642118000673,0.04884535332658249,20.0
2018-06-20 22:00:00,0.2867682344514898,0.0488654963172602,20.0
2018-06-20 22:30:00,0.2864900477229728,0.0488856393079379,20.0
2018-06-20 23:00:00,0.28621186099445584,0.048905782298615606,20.0
2018-06-20 23:30:00,0.2859336742659389,0.048925925289293314,20.0
2018-06-21 00:00:00,0.2856554875374219,0.048946068279971014,20.0
2018-06-21 00:30:00,0.28537730080890494,0.04896621127064872,20.0
2018-06-21 01:00:00,0.28509911408038796,0.04898635426132643,20.0
2018-06-21 01:30:00,0.28482092735187103,0.04900649725200413,20.0
2018-06-21 02:00:00,0.28454274062335405,0.049026640242681836,20.0
2018-06-21 02:30:00,0.2841455254439326,0.04909624728513457,20.0
2018-06-21 03:00:00,0.28374831026451114,0.049165854327587306,20.0
2018-06-21 03:30:00,0.2833510950850897,0.04923546137004004,20.0
2018-06-21 04:00:00,0.2829538799056682,0.04930506841249277,20.0
2018-06-21 04:30:00,0.2825566647262468,0.049374675454945505,20.0
2018-06-21 05:00:00,0.28215944954682537,0.04944428249739824,20.0
2018-06-21 05:30:00,0.2817622343674039,0.049513889539850975,20.0
2018-06-21 06:00:00,0.28136501918798246,0.04958349658230371,20.0
2018-06-21 06:30:00,0.28096780400856103,0.049653103624756445,20.0
2018-06-21 07:00:00,0.28057058882913954,0.04972271066720917,20.0
2018-06-21 07:30:00,0.2801733736497181,0.04979231770966191,20.0
2018-06-21 08:00:00,0.2797761584702967,0.04986192475211464,20.0
2018-06-21 08:30:00,0.2793789432908752,0.04993153179456738,20.0
2018-06-21 09:00:00,0.2789817281114538,0.050001138837020113,20.0
2018-06-21 09:30:00,0.2785845129320323,0.05007074587947285,20.0
2018-06-21 10:00:00,0.27818729775261086,0.05014035292192558,20.0
2018-06-21 10:30:00,0.27779008257318943,0.05020995996437831,20.0
2018-06-21 11:00:00,0.27739286739376795,0.05027956700683105,20.0
2018-06-21 11:30:00,0.2769956522143465,0.05034917404928378,20.0
2018-06-21 12:00:00,0.27659843703492504,0.05041878109173652,20.0
2018-06-21 12:30:00,0.2762012218555036,0.05048838813418925,20.0
2018-06-21 13:00:00,0.2758040066760822,0.05055799517664198,20.0
2018-06-21 13:30:00,0.2754067914966607,0.050627602219094715,20.0
2018-06-21 14:00:00,0.27500957631723927,0.05069720926154745,20.0
2018-06-21 14:30:00,0.27470982017115336,0.05067489347593422,20.0
2018-06-21 15:00:00,0.2744100640250674,0.05065257769032099,20.0
2018-06-21 15:30:00,0.2741103078789815,0.05063026190470776,20.0
2018-06-21 16:00:00,0.2738105517328956,0.05060794611909454,20.0
2018-06-21 16:30:00,0.27351079558680963,0.05058563033348131,20.0
2018-06-21 17:00:00,0.2732110394407237,0.05056331454786808,20.0
2018-06-21 17:30:00,0.27291128329463776,0.05054099876225485,20.0
2018-06-21 18:00:00,0.27261152714855186,0.050518682976641624,20.0
2018-06-21 18:30:00,0.27231177100246595,0.050496367191028395,20.0
2018-06-21 19:00:00,0.27201201485638,0.05047405140541517,20.0
2018-06-21 19:30:00,0.2717122587102941,0.05045173561980194,20.0
2018-06-21 20:00:00,0.2714125025642081,0.050429419834188714,20.0
2018-06-21 20:30:00,0.2711127464181222,0.050407104048575485,20.0
2018-06-21 21:00:00,0.2708129902720363,0.050384788262962256,20.0
2018-06-21 21:30:00,0.27051323412595035,0.05036247247734903,20.0
2018-06-21 22:00:00,0.27021347797986445,0.050340156691735805,20.0
2018-06-21 22:30:00,0.26991372183377854,0.050317840906122575,20.0
2018-06-21 23:00:00,0.2696139656876926,0.050295525120509346,20.0
2018-06-21 23:30:00,0.2693142095416067,0.05027320933489612,20.0
2018-06-22 00:00:00,0.26901445339552077,0.05025089354928289,20.0
2018-06-22 00:30:00,0.2687146972494348,0.05022857776366966,20.0
2018-06-22 01:00:00,0.2684149411033489,0.050206261978056436,20.0
2018-06-22 01:30:00,0.26811518495726294,0.05018394619244321,20.0
2018-06-22 02:00:00,0.26781542881117704,0.05016163040682998,20.0
2018-06-22 02:30:00,0.26753132139931113,0.05012123495717685,20.0
2018-06-22 03:00:00,0.2672472139874452,0.050080839507523726,20.0
2018-06-22 03:30:00,0.2669631065755793,0.0500404440578706,20.0
2018-06-22 04:00:00,0.2666789991637134,0.05000004860821747,20.0
2018-06-22 04:30:00,0.2663948917518475,0.04995965315856434,20.0
2018-06-22 05:00:00,0.2661107843399816,0.049919257708911216,20.0
2018-06-22 05:30:00,0.26582667692811573,0.04987886225925809,20.0
2018-06-22 06:00:00,0.2655425695162498,0.049838466809604964,20.0
2018-06-22 06:30:00,0.2652584621043839,0.04979807135995184,20.0
2018-06-22 07:00:00,0.264974354692518,0.04975767591029871,20.0
2018-06-22 07:30:00,0.2646902472806521,0.04971728046064559,20.0
2018-06-22 08:00:00,0.2644061398687862,0.04967688501099246,20.0
2018-06-22 08:30:00,0.2641220324569203,0.04963648956133933,20.0
2018-06-22 09:00:00,0.2638379250450544,0.0495960941116862,20.0
2018-06-22 09:30:00,0.26355381763318847,0.049555698662033076,20.0
2018-06-22 10:00:00,0.26326971022132256,0.04951530321237995,20.0
2018-06-22 10:30:00,0.26298560280945665,0.049474907762726825,20.0
2018-06-22 11:00:00,0.26270149539759075,0.0494345123130737,20.0
2018-06-22 11:30:00,0.2624173879857249,0.04939411686342057,20.0
2018-06-22 12:00:00,0.262133280573859,0.04935372141376744,20.0
2018-06-22 12:30:00,0.2618491731619931,0.049313325964114314,20.0
2018-06-22 13:00:00,0.26156506575012717,0.04927293051446119,20.0
2018-06-22 13:30:00,0.26128095833826126,0.04923253506480806,20.0
2018-06-22 14:00:00,0.26099685092639535,0.04919213961515494,20.0
2018-06-22 14:30:00,0.2607642014088713,0.049159564335526616,20.0
2018-06-22 15:00:00,0.26053155189134725,0.049126989055898296,20.0
2018-06-22 15:30:00,0.26029890237382325,0.049094413776269975,20.0
2018-06-22 16:00:00,0.2600662528562992,0.049061838496641655,20.0
2018-06-22 16:30:00,0.25983360333877514,0.049029263217013334,20.0
2018-06-22 17:00:00,0.25960095382125115,0.048996687937385014,20.0
2018-06-22 17:30:00,0.2593683043037271,0.0489641126577567,20.0
2018-06-22 18:00:00,0.25913565478620304,0.04893153737812838,20.0
2018-06-22 18:30:00,0.258903005268679,0.04889896209850006,20.0
2018-06-22 19:00:00,0.25867035575115493,0.04886638681887174,20.0
2018-06-22 19:30:00,0.25843770623363094,0.04883381153924342,20.0
2018-06-22 20:00:00,0.2582050567161069,0.0488012362596151,20.0
2018-06-22 20:30:00,0.25797240719858283,0.04876866097998678,20.0
2018-06-22 21:00:00,0.25773975768105883,0.04873608570035846,20.0
2018-06-22 21:30:00,0.2575071081635348,0.04870351042073014,20.0
2018-06-22 22:00:00,0.25727445864601073,0.048670935141101816,20.0
2018-06-22 22:30:00,0.2570418091284867,0.048638359861473496,20.0
2018-06-22 23:00:00,0.2568091596109626,0.048605784581845175,20.0
2018-06-22 23:30:00,0.2565765100934386,0.04857320930221686,20.0
2018-06-23 00:00:00,0.2563438605759146,0.04854063402258854,20.0
2018-06-23 00:30:00,0.2561112110583905,0.04850805874296022,20.0
2018-06-23 01:00:00,0.2558785615408665,0.0484754834633319,20.0
2018-06-23 01:30:00,0.25564591202334247,0.04844290818370358,20.0
2018-06-23 02:00:00,0.2554132625058184,0.04841033290407526,20.0
2018-06-23 02:30:00,0.25512706437704397,0.048421821156275746,20.0
2018-06-23 03:00:00,0.2548408662482695,0.04843330940847623,20.0
2018-06-23 03:30:00,0.25455466811949506,0.048444797660676726,20.0
2018-06-23 04:00:00,0.25426846999072067,0.04845628591287721,20.0
2018-06-23 04:30:00,0.2539822718619462,0.0484677741650777,20.0
2018-06-23 05:00:00,0.25369607373317177,0.048479262417278186,20.0
2018-06-23 05:30:00,0.2534098756043973,0.04849075066947867,20.0
2018-06-23 06:00:00,0.25312367747562287,0.04850223892167917,20.0
2018-06-23 06:30:00,0.2528374793468484,0.04851372717387965,20.0
2018-06-23 07:00:00,0.25255128121807396,0.04852521542608014,20.0
2018-06-23 07:30:00,0.25226508308929957,0.04853670367828063,20.0
2018-06-23 08:00:00,0.2519788849605251,0.04854819193048111,20.0
2018-06-23 08:30:00,0.25169268683175067,0.04855968018268161,20.0
2018-06-23 09:00:00,0.2514064887029762,0.048571168434882094,20.0
2018-06-23 09:30:00,0.25112029057420177,0.04858265668708258,20.0
2018-06-23 10:00:00,0.2508340924454273,0.04859414493928307,20.0
2018-06-23 10:30:00,0.25054789431665286,0.04860563319148356,20.0
2018-06-23 11:00:00,0.25026169618787847,0.04861712144368405,20.0
2018-06-23 11:30:00,0.24997549805910402,0.048628609695884534,20.0
2018-06-23 12:00:00,0.24968929993032957,0.04864009794808502,20.0
2018-06-23 12:30:00,0.24940310180155512,0.04865158620028551,20.0
2018-06-23 13:00:00,0.24911690367278067,0.048663074452486,20.0
2018-06-23 13:30:00,0.24883070554400624,0.04867456270468649,20.0
2018-06-23 14:00:00,0.2485445074152318,0.048686050956886974,20.0
2018-06-23 14:30:00,0.24835243926506875,0.0486587196053755,20.0
2018-06-23 15:00:00,0.24816037111490571,0.04863138825386403,20.0
2018-06-23 15:30:00,0.2479683029647427,0.04860405690235256,20.0
2018-06-23 16:00:00,0.24777623481457967,0.048576725550841096,20.0
2018-06-23 16:30:00,0.24758416666441663,0.048549394199329625,20.0
2018-06-23 17:00:00,0.2473920985142536,0.048522062847818154,20.0
2018-06-23 17:30:00,0.24720003036409055,0.04849473149630668,20.0
2018-06-23 18:00:00,0.24700796221392754,0.04846740014479521,20.0
2018-06-23 18:30:00,0.2468158940637645,0.04844006879328374,20.0
2018-06-23 19:00:00,0.24662382591360146,0.04841273744177227,20.0
2018-06-23 19:30:00,0.24643175776343842,0.0483854060902608,20.0
2018-06-23 20:00:00,0.2462396896132754,0.048358074738749326,20.0
2018-06-23 20:30:00,0.24604762146311238,0.04833074338723786,20.0
2018-06-23 21:00:00,0.24585555331294934,0.04830341203572639,20.0
2018-06-23 21:30:00,0.2456634851627863,0.04827608068421492,20.0
2018-06-23 22:00:00,0.24547141701262326,0.04824874933270345,20.0
2018-06-23 22:30:00,0.24527934886246025,0.04822141798119198,20.0
2018-06-23 23:00:00,0.2450872807122972,0.048194086629680506,20.0
2018-06-23 23:30:00,0.24489521256213417,0.048166755278169035,20.0
2018-06-24 00:00:00,0.24470314441197114,0.04813942392665757,20.0
2018-06-24 00:30:00,0.2445110762618081,0.0481120925751461,20.0
2018-06-24 01:00:00,0.2443190081116451,0.04808476122363463,20.0
2018-06-24 01:30:00,0.24412693996148205,0.04805742987212316,20.0
2018-06-24 02:00:00,0.243934871811319,0.048030098520611686,20.0
2018-06-24 02:30:00,0.24381459862001031,0.048004621217559995,19.958333333333332
2018-06-24 03:00:00,0.24369432542870162,0.0479791439145083,19.916666666666668
2018-06-24 03:30:00,0.24357405223739292,0.047953666611456607,19.875
2018-06-24 04:00:00,0.24345377904608423,0.04792818930840491,19.833333333333332
2018-06-24 04:30:00,0.24333350585477556,0.04790271200535322,19.791666666666668
2018-06-24 05:00:00,0.24321323266346687,0.04787723470230153,19.75
2018-06-24 05:30:00,0.24309295947215817,0.04785175739924983,19.708333333333332
2018-06-24 06:00:00,0.24297268628084948,0.04782628009619814,19.666666666666668
2018-06-24 06:30:00,0.24285241308954078,0.04780080279314644,19.625
2018-06-24 07:00:00,0.24273213989823209,0.04777532549009475,19.583333333333332
2018-06-24 07:30:00,0.2426118667069234,0.04774984818704305,19.541666666666668
2018-06-24 08:00:00,0.24249159351561472,0.04772437088399136,19.5
2018-06-24 08:30:00,0.24237132032430603,0.04769889358093967,19.458333333333332
2018-06-24 09:00:00,0.24225104713299733,0.04767341627788797,19.416666666666668
2018-06-24 09:30:00,0.24213077394168864,0.04764793897483628,19.375
2018-06-24 10:00:00,0.24201050075037994,0.047622461671784584,19.333333333333332
2018-06-24 10:30:00,0.24189022755907125,0.04759698436873289,19.291666666666668
2018-06-24 11:00:00,0.24176995436776255,0.0475715070656812,19.25
2018-06-24 11:30:00,0.24164968117645386,0.047546029762629505,19.208333333333332
2018-06-24 12:00:00,0.24152940798514516,0.047520552459577814,19.166666666666668
2018-06-24 12:30:00,0.2414091347938365,0.047495075156526116,19.125
2018-06-24 13:00:00,0.2412888616025278,0.047469597853474425,19.083333333333332
2018-06-24 13:30:00,0.2411685884112191,0.04744412055042273,19.041666666666668
2018-06-24 14:00:00,0.2410483152199104,0.04741864324737104,19.0
2018-06-24 14:30:00,0.2407672794853142,0.04739454374521132,19.041666666666668
2018-06-24 15:00:00,0.24048624375071798,0.0473704442430516,19.083333333333332
2018-06-24 15:30:00,0.24020520801612177,0.04734634474089188,19.125
2018-06-24 16:00:00,0.23992417228152557,0.047322245238732165,19.166666666666668
2018-06-24 16:30:00,0.23964313654692934,0.04729814573657245,19.208333333333332
2018-06-24 17:00:00,0.23936210081233314,0.047274046234412725,19.25
2018-06-24 17:30:00,0.23908106507773694,0.04724994673225301,19.291666666666668
2018-06-24 18:00:00,0.2388000293431407,0.04722584723009329,19.333333333333332
2018-06-24 18:30:00,0.2385189936085445,0.04720174772793357,19.375
2018-06-24 19:00:00,0.2382379578739483,0.047177648225773854,19.416666666666668
2018-06-24 19:30:00,0.23795692213935207,0.04715354872361414,19.458333333333332
2018-06-24 20:00:00,0.23767588640475587,0.04712944922145442,19.5
2018-06-24 20:30:00,0.23739485067015967,0.0471053497192947,19.541666666666668
2018-06-24 21:00:00,0.23711381493556344,0.04708125021713498,19.583333333333332
2018-06-24 21:30:00,0.23683277920096724,0.047057150714975265,19.625
2018-06-24 22:00:00,0.23655174346637103,0.04703305121281554,19.666666666666668
2018-06-24 22:30:00,0.2362707077317748,0.047008951710655826,19.708333333333332
2018-06-24 23:00:00,0.2359896719971786,0.04698485220849611,19.75
2018-06-24 23:30:00,0.2357086362625824,0.04696075270633639,19.791666666666668
2018-06-25 00:00:00,0.23542760052798617,0.04693665320417667,19.833333333333332
2018-06-25 00:30:00,0.23514656479338997,0.046912553702016954,19.875
2018-06-25 01:00:00,0.23486552905879376,0.04688845419985724,19.916666666666668
2018-06-25 01:30:00,0.23458449332419753,0.046864354697697515,19.958333333333332
2018-06-25 02:00:00,0.23430345758960133,0.0468402551955378,20.0
2018-06-25 02:30:00,0.2340549527762937,0.04684617465119312,20.0
2018-06-25 03:00:00,0.23380644796298605,0.04685209410684843,20.0
2018-06-25 03:30:00,0.23355794314967843,0.04685801356250375,20.0
2018-06-25 04:00:00,0.23330943833637077,0.04686393301815907,20.0
2018-06-25 04:30:00,0.23306093352306315,0.04686985247381439,20.0
2018-06-25 05:00:00,0.2328124287097555,0.0468757719294697,20.0
2018-06-25 05:30:00,0.23256392389644787,0.04688169138512502,20.0
2018-06-25 06:00:00,0.2323154190831402,0.04688761084078034,20.0
2018-06-25 06:30:00,0.23206691426983259,0.04689353029643565,20.0
2018-06-25 07:00:00,0.23181840945652493,0.04689944975209097,20.0
2018-06-25 07:30:00,0.2315699046432173,0.04690536920774629,20.0
2018-06-25 08:00:00,0.23132139982990965,0.04691128866340161,20.0
2018-06-25 08:30:00,0.23107289501660203,0.04691720811905692,20.0
2018-06-25 09:00:00,0.2308243902032944,0.04692312757471224,20.0
2018-06-25 09:30:00,0.23057588538998675,0.04692904703036756,20.0
2018-06-25 10:00:00,0.23032738057667912,0.04693496648602287,20.0
2018-06-25 10:30:00,0.23007887576337147,0.04694088594167819,20.0
2018-06-25 11:00:00,0.22983037095006384,0.04694680539733351,20.0
2018-06-25 11:30:00,0.22958186613675619,0.04695272485298882,20.0
2018-06-25 12:00:00,0.22933336132344856,0.04695864430864414,20.0
2018-06-25 12:30:00,0.2290848565101409,0.04696456376429946,20.0
2018-06-25 13:00:00,0.22883635169683328,0.04697048321995478,20.0
2018-06-25 13:30:00,0.22858784688352562,0.04697640267561009,20.0
2018-06-25 14:00:00,0.228339342070218,0.04698232213126541,20.0
2018-06-25 14:30:00,0.2281930195332816,0.046915683844243196,20.0
2018-06-25 15:00:00,0.22804669699634522,0.046849045557220984,20.0
2018-06-25 15:30:00,0.2279003744594088,0.04678240727019878,20.0
2018-06-25 16:00:00,0.22775405192247242,0.046715768983176566,20.0
2018-06-25 16:30:00,0.22760772938553603,0.04664913069615435,20.0
2018-06-25 17:00:00,0.2274614068485996,0.04658249240913214,20.0
2018-06-25 17:30:00,0.22731508431166322,0.04651585412210993,20.0
2018-06-25 18:00:00,0.22716876177472684,0.04644921583508772,20.0
2018-06-25 18:30:00,0.22702243923779045,0.04638257754806551,20.0
2018-06-25 19:00:00,0.22687611670085406,0.0463159392610433,20.0
2018-06-25 19:30:00,0.22672979416391764,0.046249300974021086,20.0
2018-06-25 20:00:00,0.22658347162698125,0.04618266268699888,20.0
2018-06-25 20:30:00,0.22643714909004486,0.04611602439997667,20.0
2018-06-25 21:00:00,0.22629082655310845,0.046049386112954456,20.0
2018-06-25 21:30:00,0.22614450401617206,0.045982747825932244,20.0
2018-06-25 22:00:00,0.22599818147923567,0.04591610953891003,20.0
2018-06-25 22:30:00,0.22585185894229928,0.045849471251887826,20.0
2018-06-25 23:00:00,0.2257055364053629,0.045782832964865613,20.0
2018-06-25 23:30:00,0.22555921386842648,0.0457161946778434,20.0
2018-06-26 00:00:00,0.2254128913314901,0.04564955639082119,20.0
2018-06-26 00:30:00,0.2252665687945537,0.045582918103798976,20.0
2018-06-26 01:00:00,0.22512024625761728,0.04551627981677677,20.0
2018-06-26 01:30:00,0.2249739237206809,0.04544964152975456,20.0
2018-06-26 02:00:00,0.2248276011837445,0.045383003242732346,20.0
2018-06-26 02:30:00,0.22473680985027564,0.04529614724707785,19.958333333333332
2018-06-26 03:00:00,0.22464601851680677,0.04520929125142336,19.916666666666668
2018-06-26 03:30:00,0.2245552271833379,0.04512243525576887,19.875
2018-06-26 04:00:00,0.22446443584986903,0.045035579260114374,19.833333333333332
2018-06-26 04:30:00,0.22437364451640018,0.04494872326445988,19.791666666666668
2018-06-26 05:00:00,0.2242828531829313,0.04486186726880539,19.75
2018-06-26 05:30:00,0.22419206184946244,0.044775011273150894,19.708333333333332
2018-06-26 06:00:00,0.22410127051599357,0.0446881552774964,19.666666666666668
2018-06-26 06:30:00,0.2240104791825247,0.04460129928184191,19.625
2018-06-26 07:00:00,0.22391968784905583,0.044514443286187415,19.583333333333332
2018-06-26 07:30:00,0.22382889651558696,0.04442758729053292,19.541666666666668
2018-06-26 08:00:00,0.22373810518211812,0.04434073129487843,19.5
2018-06-26 08:30:00,0.22364731384864925,0.044253875299223935,19.458333333333332
2018-06-26 09:00:00,0.22355652251518038,0.04416701930356944,19.416666666666668
2018-06-26 09:30:00,0.2234657311817115,0.04408016330791495,19.375
2018-06-26 10:00:00,0.22337493984824264,0.043993307312260456,19.333333333333332
2018-06-26 10:30:00,0.22328414851477377,0.04390645131660596,19.291666666666668
2018-06-26 11:00:00,0.2231933571813049,0.04381959532095147,19.25
2018-06-26 11:30:00,0.22310256584783603,0.043732739325296976,19.208333333333332
2018-06-26 12:00:00,0.22301177451436716,0.04364588332964248,19.166666666666668
2018-06-26 12:30:00,0.2229209831808983,0.04355902733398799,19.125
2018-06-26 13:00:00,0.22283019184742944,0.0434721713383335,19.083333333333332
2018-06-26 13:30:00,0.22273940051396057,0.043385315342679004,19.041666666666668
2018-06-26 14:00:00,0.2226486091804917,0.04329845934702451,19.0
2018-06-26 14:30:00,0.22233013434034077,0.04325995007032722,19.041666666666668
2018-06-26 15:00:00,0.2220116595001898,0.043221440793629926,19.083333333333332
2018-06-26 15:30:00,0.22169318466003887,0.043182931516932636,19.125
2018-06-26 16:00:00,0.22137470981988794,0.04314442224023535,19.166666666666668
2018-06-26 16:30:00,0.221056234979737,0.04310591296353806,19.208333333333332
2018-06-26 17:00:00,0.22073776013958604,0.04306740368684076,19.25
2018-06-26 17:30:00,0.2204192852994351,0.04302889441014347,19.291666666666668
2018-06-26 18:00:00,0.22010081045928417,0.042990385133446184,19.333333333333332
2018-06-26 18:30:00,0.2197823356191332,0.04295187585674889,19.375
2018-06-26 19:00:00,0.21946386077898228,0.0429133665800516,19.416666666666668
2018-06-26 19:30:00,0.21914538593883134,0.04287485730335431,19.458333333333332
2018-06-26 20:00:00,0.2188269110986804,0.04283634802665701,19.5
2018-06-26 20:30:00,0.21850843625852945,0.042797838749959724,19.541666666666668
2018-06-26 21:00:00,0.21818996141837851,0.042759329473262435,19.583333333333332
2018-06-26 21:30:00,0.21787148657822758,0.042720820196565146,19.625
2018-06-26 22:00:00,0.21755301173807662,0.04268231091986785,19.666666666666668
2018-06-26 22:30:00,0.21723453689792568,0.04264380164317056,19.708333333333332
2018-06-26 23:00:00,0.21691606205777475,0.04260529236647327,19.75
2018-06-26 23:30:00,0.2165975872176238,0.042566783089775975,19.791666666666668
2018-06-27 00:00:00,0.21627911237747285,0.042528273813078686,19.833333333333332
2018-06-27 00:30:00,0.21596063753732192,0.0424897645363814,19.875
2018-06-27 01:00:00,0.21564216269717099,0.04245125525968411,19.916666666666668
2018-06-27 01:30:00,0.21532368785702002,0.04241274598298681,19.958333333333332
2018-06-27 02:00:00,0.2150052130168691,0.04237423670628952,20.0
2018-06-27 02:30:00,0.2147354833686346,0.042284771787079595,20.0
2018-06-27 03:00:00,0.2144657537204001,0.04219530686786967,20.0
2018-06-27 03:30:00,0.21419602407216562,0.04210584194865974,20.0
2018-06-27 04:00:00,0.21392629442393113,0.04201637702944981,20.0
2018-06-27 04:30:00,0.2136565647756966,0.041926912110239876,20.0
2018-06-27 05:00:00,0.21338683512746212,0.04183744719102995,20.0
2018-06-27 05:30:00,0.21311710547922763,0.04174798227182002,20.0
2018-06-27 06:00:00,0.21284737583099314,0.04165851735261009,20.0
2018-06-27 06:30:00,0.21257764618275865,0.041569052433400165,20.0
2018-06-27 07:00:00,0.21230791653452416,0.04147958751419024,20.0
2018-06-27 07:30:00,0.21203818688628967,0.04139012259498031,20.0
2018-06-27 08:00:00,0.21176845723805515,0.041300657675770375,20.0
2018-06-27 08:30:00,0.21149872758982066,0.04121119275656045,20.0
2018-06-27 09:00:00,0.21122899794158617,0.04112172783735052,20.0
2018-06-27 09:30:00,0.21095926829335168,0.04103226291814059,20.0
2018-06-27 10:00:00,0.2106895386451172,0.04094279799893066,20.0
2018-06-27 10:30:00,0.2104198089968827,0.040853333079720736,20.0
2018-06-27 11:00:00,0.2101500793486482,0.04076386816051081,20.0
2018-06-27 11:30:00,0.20988034970041372,0.04067440324130088,20.0
2018-06-27 12:00:00,0.20961062005217923,0.04058493832209095,20.0
2018-06-27 12:30:00,0.2093408904039447,0.04049547340288102,20.0
2018-06-27 13:00:00,0.20907116075571022,0.04040600848367109,20.0
2018-06-27 13:30:00,0.20880143110747573,0.04031654356446116,20.0
2018-06-27 14:00:00,0.20853170145924124,0.040227078645251234,20.0
2018-06-27 14:30:00,0.20832278998630607,0.04011643679680454,20.0
2018-06-27 15:00:00,0.20811387851337088,0.04000579494835785,20.0
2018-06-27 15:30:00,0.2079049670404357,0.03989515309991115,20.0
2018-06-27 16:00:00,0.20769605556750054,0.039784511251464455,20.0
2018-06-27 16:30:00,0.20748714409456537,0.03967386940301776,20.0
2018-06-27 17:00:00,0.2072782326216302,0.03956322755457106,20.0
2018-06-27 17:30:00,0.207069321148695,0.03945258570612437,20.0
2018-06-27 18:00:00,0.20686040967575983,0.039341943857677676,20.0
2018-06-27 18:30:00,0.20665149820282466,0.03923130200923098,20.0
2018-06-27 19:00:00,0.20644258672988947,0.03912066016078429,20.0
2018-06-27 19:30:00,0.2062336752569543,0.039010018312337594,20.0
2018-06-27 20:00:00,0.20602476378401913,0.0388993764638909,20.0
2018-06-27 20:30:00,0.20581585231108396,0.0387887346154442,20.0
2018-06-27 21:00:00,0.2056069408381488,0.038678092766997504,20.0
2018-06-27 21:30:00,0.2053980293652136,0.038567450918550815,20.0
2018-06-27 22:00:00,0.20518911789227842,0.03845680907010412,20.0
2018-06-27 22:30:00,0.20498020641934325,0.03834616722165742,20.0
2018-06-27 23:00:00,0.20477129494640806,0.03823552537321073,20.0
2018-06-27 23:30:00,0.2045623834734729,0.038124883524764036,20.0
2018-06-28 00:00:00,0.20435347200053772,0.03801424167631734,20.0
2018-06-28 00:30:00,0.20414456052760255,0.03790359982787064,20.0
2018-06-28 01:00:00,0.20393564905466738,0.03779295797942395,20.0
2018-06-28 01:30:00,0.20372673758173218,0.03768231613097726,20.0
2018-06-28 02:00:00,0.203517826108797,0.03757167428253056,20.0
2018-06-28 02:30:00,0.20330743644241267,0.03747191959482973,20.0
2018-06-28 03:00:00,0.20309704677602833,0.037372164907128906,20.0
2018-06-28 03:30:00,0.202886657109644,0.03727241021942808,20.0
2018-06-28 04:00:00,0.20267626744325962,0.03717265553172725,20.0
2018-06-28 04:30:00,0.20246587777687527,0.037072900844026424,20.0
2018-06-28 05:00:00,0.20225548811049093,0.03697314615632559,20.0
2018-06-28 05:30:00,0.2020450984441066,0.03687339146862476,20.0
2018-06-28 06:00:00,0.20183470877772225,0.036773636780923935,20.0
2018-06-28 06:30:00,0.2016243191113379,0.03667388209322311,20.0
2018-06-28 07:00:00,0.20141392944495357,0.03657412740552228,20.0
2018-06-28 07:30:00,0.20120353977856922,0.03647437271782145,20.0
2018-06-28 08:00:00,0.20099315011218488,0.036374618030120626,20.0
2018-06-28 08:30:00,0.2007827604458005,0.0362748633424198,20.0
2018-06-28 09:00:00,0.20057237077941617,0.03617510865471897,20.0
2018-06-28 09:30:00,0.20036198111303183,0.036075353967018144,20.0
2018-06-28 10:00:00,0.2001515914466475,0.035975599279317316,20.0
2018-06-28 10:30:00,0.19994120178026314,0.03587584459161649,20.0
2018-06-28 11:00:00,0.1997308121138788,0.035776089903915655,20.0
2018-06-28 11:30:00,0.19952042244749446,0.03567633521621483,20.0
2018-06-28 12:00:00,0.1993100327811101,0.035576580528514,20.0
2018-06-28 12:30:00,0.19909964311472575,0.03547682584081317,20.0
2018-06-28 13:00:00,0.1988892534483414,0.035377071153112345,20.0
2018-06-28 13:30:00,0.19867886378195707,0.03527731646541152,20.0
2018-06-28 14:00:00,0.19846847411557272,0.03517756177771069,20.0
2018-06-28 14:30:00,0.1983326708813517,0.03513024297787566,20.0
2018-06-28 15:00:00,0.19819686764713065,0.035082924178040625,20.0
2018-06-28 15:30:00,0.1980610644129096,0.03503560537820559,20.0
2018-06-28 16:00:00,0.19792526117868858,0.03498828657837056,20.0
2018-06-28 16:30:00,0.19778945794446756,0.03494096777853553,20.0
2018-06-28 17:00:00,0.1976536547102465,0.034893648978700495,20.0
2018-06-28 17:30:00,0.19751785147602546,0.03484633017886546,20.0
2018-06-28 18:00:00,0.19738204824180444,0.03479901137903043,20.0
2018-06-28 18:30:00,0.19724624500758342,0.0347516925791954,20.0
2018-06-28 19:00:00,0.19711044177336237,0.034704373779360365,20.0
2018-06-28 19:30:00,0.19697463853914132,0.03465705497952533,20.0
2018-06-28 20:00:00,0.1968388353049203,0.0346097361796903,20.0
2018-06-28 20:30:00,0.19670303207069928,0.03456241737985527,20.0
2018-06-28 21:00:00,0.19656722883647823,0.034515098580020234,20.0
2018-06-28 21:30:00,0.19643142560225718,0.0344677797801852,20.0
2018-06-28 22:00:00,0.19629562236803616,0.03442046098035017,20.0
2018-06-28 22:30:00,0.19615981913381514,0.03437314218051514,20.0
2018-06-28 23:00:00,0.1960240158995941,0.034325823380680104,20.0
2018-06-28 23:30:00,0.19588821266537304,0.03427850458084507,20.0
2018-06-29 00:00:00,0.19575240943115202,0.03423118578101004,20.0
2018-06-29 00:30:00,0.195616606196931,0.03418386698117501,20.0
2018-06-29 01:00:00,0.19548080296270995,0.034136548181339973,20.0
2018-06-29 01:30:00,0.1953449997284889,0.03408922938150494,20.0
2018-06-29 02:00:00,0.19520919649426788,0.03404191058166991,20.0
2018-06-29 02:30:00,0.19510735533856827,0.03400704814203581,20.0
2018-06-29 03:00:00,0.19500551418286868,0.03397218570240171,20.0
2018-06-29 03:30:00,0.19490367302716907,0.03393732326276761,20.0
2018-06-29 04:00:00,0.19480183187146946,0.033902460823133515,20.0
2018-06-29 04:30:00,0.19469999071576985,0.03386759838349942,20.0
2018-06-29 05:00:00,0.19459814956007027,0.03383273594386532,20.0
2018-06-29 05:30:00,0.19449630840437065,0.03379787350423122,20.0
2018-06-29 06:00:00,0.19439446724867104,0.03376301106459712,20.0
2018-06-29 06:30:00,0.19429262609297146,0.033728148624963025,20.0
2018-06-29 07:00:00,0.19419078493727185,0.03369328618532892,20.0
2018-06-29 07:30:00,0.19408894378157224,0.033658423745694825,20.0
2018-06-29 08:00:00,0.19398710262587263,0.03362356130606073,20.0
2018-06-29 08:30:00,0.19388526147017304,0.03358869886642663,20.0
2018-06-29 09:00:00,0.19378342031447343,0.033553836426792535,20.0
2018-06-29 09:30:00,0.19368157915877382,0.03351897398715843,20.0
2018-06-29 10:00:00,0.19357973800307424,0.033484111547524335,20.0
2018-06-29 10:30:00,0.19347789684737463,0.03344924910789024,20.0
2018-06-29 11:00:00,0.19337605569167501,0.033414386668256135,20.0
2018-06-29 11:30:00,0.19327421453597543,0.03337952422862204,20.0
2018-06-29 12:00:00,0.19317237338027582,0.03334466178898794,20.0
2018-06-29 12:30:00,0.1930705322245762,0.033309799349353846,20.0
2018-06-29 13:00:00,0.1929686910688766,0.03327493690971975,20.0
2018-06-29 13:30:00,0.192866849913177,0.033240074470085645,20.0
2018-06-29 14:00:00,0.1927650087574774,0.03320521203045155,20.0
2018-06-29 14:30:00,0.1926513629126087,0.03316915497097634,20.0
2018-06-29 15:00:00,0.19253771706773998,0.03313309791150114,20.0
2018-06-29 15:30:00,0.19242407122287128,0.03309704085202593,20.0
2018-06-29 16:00:00,0.19231042537800258,0.03306098379255073,20.0
2018-06-29 16:30:00,0.19219677953313388,0.03302492673307552,20.0
2018-06-29 17:00:00,0.19208313368826518,0.03298886967360032,20.0
2018-06-29 17:30:00,0.19196948784339646,0.03295281261412511,20.0
2018-06-29 18:00:00,0.19185584199852776,0.0329167555546499,20.0
2018-06-29 18:30:00,0.19174219615365906,0.0328806984951747,20.0
2018-06-29 19:00:00,0.19162855030879034,0.03284464143569949,20.0
2018-06-29 19:30:00,0.19151490446392164,0.03280858437622429,20.0
2018-06-29 20:00:00,0.19140125861905294,0.03277252731674908,20.0
2018-06-29 20:30:00,0.19128761277418424,0.03273647025727387,20.0
2018-06-29 21:00:00,0.19117396692931554,0.03270041319779867,20.0
2018-06-29 21:30:00,0.19106032108444682,0.03266435613832346,20.0
2018-06-29 22:00:00,0.19094667523957812,0.03262829907884826,20.0
2018-06-29 22:30:00,0.19083302939470942,0.03259224201937305,20.0
2018-06-29 23:00:00,0.1907193835498407,0.03255618495989785,20.0
2018-06-29 23:30:00,0.190605737704972,0.03252012790042264,20.0
2018-06-30 00:00:00,0.1904920918601033,0.032484070840947434,20.0
2018-06-30 00:30:00,0.1903784460152346,0.03244801378147223,20.0
2018-06-30 01:00:00,0.1902648001703659,0.03241195672199702,20.0
2018-06-30 01:30:00,0.19015115432549717,0.03237589966252182,20.0
2018-06-30 02:00:00,0.19003750848062848,0.03233984260304661,20.0
2018-06-30 02:30:00,0.18989929454798932,0.03231775665307867,20.0
2018-06-30 03:00:00,0.18976108061535016,0.03229567070311072,20.0
2018-06-30 03:30:00,0.18962286668271103,0.03227358475314278,20.0
2018-06-30 04:00:00,0.18948465275007187,0.03225149880317483,20.0
2018-06-30 04:30:00,0.1893464388174327,0.032229412853206886,20.0
2018-06-30 05:00:00,0.18920822488479355,0.032207326903238936,20.0
2018-06-30 05:30:00,0.1890700109521544,0.032185240953270994,20.0
2018-06-30 06:00:00,0.18893179701951526,0.032163155003303044,20.0
2018-06-30 06:30:00,0.1887935830868761,0.0321410690533351,20.0
2018-06-30 07:00:00,0.18865536915423695,0.03211898310336715,20.0
2018-06-30 07:30:00,0.1885171552215978,0.03209689715339921,20.0
2018-06-30 08:00:00,0.18837894128895863,0.03207481120343126,20.0
2018-06-30 08:30:00,0.1882407273563195,0.03205272525346332,20.0
2018-06-30 09:00:00,0.18810251342368034,0.032030639303495374,20.0
2018-06-30 09:30:00,0.18796429949104118,0.032008553353527425,20.0
2018-06-30 10:00:00,0.18782608555840202,0.03198646740355948,20.0
2018-06-30 10:30:00,0.1876878716257629,0.03196438145359153,20.0
2018-06-30 11:00:00,0.18754965769312373,0.03194229550362359,20.0
2018-06-30 11:30:00,0.18741144376048458,0.03192020955365564,20.0
2018-06-30 12:00:00,0.18727322982784542,0.0318981236036877,20.0
2018-06-30 12:30:00,0.18713501589520626,0.03187603765371975,20.0
2018-06-30 13:00:00,0.18699680196256713,0.031853951703751805,20.0
2018-06-30 13:30:00,0.18685858802992797,0.031831865753783856,20.0
2018-06-30 14:00:00,0.1867203740972888,0.03180977980381591,20.0
2018-06-30 14:30:00,0.1865861026562426,0.03176850420440304,20.0
2018-06-30 15:00:00,0.18645183121519637,0.031727228604990165,20.0
2018-06-30 15:30:00,0.18631755977415015,0.031685953005577285,20.0
2018-06-30 16:00:00,0.18618328833310394,0.03164467740616441,20.0
2018-06-30 16:30:00,0.1860490168920577,0.03160340180675154,20.0
2018-06-30 17:00:00,0.18591474545101147,0.03156212620733866,20.0
2018-06-30 17:30:00,0.18578047400996525,0.03152085060792578,20.0
2018-06-30 18:00:00,0.18564620256891903,0.03147957500851291,20.0
2018-06-30 18:30:00,0.18551193112787281,0.031438299409100035,20.0
2018-06-30 19:00:00,0.1853776596868266,0.03139702380968716,20.0
2018-06-30 19:30:00,0.18524338824578038,0.03135574821027428,20.0
2018-06-30 20:00:00,0.18510911680473413,0.031314472610861406,20.0
2018-06-30 20:30:00,0.1849748453636879,0.03127319701144853,20.0
2018-06-30 21:00:00,0.1848405739226417,0.03123192141203566,20.0
2018-06-30 21:30:00,0.18470630248159547,0.03119064581262278,20.0
2018-06-30 22:00:00,0.18457203104054926,0.031149370213209907,20.0
2018-06-30 22:30:00,0.18443775959950304,0.03110809461379703,20.0
2018-06-30 23:00:00,0.18430348815845682,0.031066819014384156,20.0
2018-06-30 23:30:00,0.1841692167174106,0.03102554341497128,20.0
2018-07-01 00:00:00,0.18403494527636438,0.030984267815558405,20.0
2018-07-01 00:30:00,0.18390067383531813,0.030942992216145528,20.0
2018-07-01 01:00:00,0.18376640239427192,0.030901716616732654,20.0
2018-07-01 01:30:00,0.1836321309532257,0.030860441017319776,20.0
2018-07-01 02:00:00,0.18349785951217948,0.030819165417906903,20.0
2018-07-01 02:30:00,0.18336006178590203,0.03080401130526322,20.0
2018-07-01 03:00:00,0.18322226405962455,0.030788857192619538,20.0
2018-07-01 03:30:00,0.1830844663333471,0.030773703079975855,20.0
2018-07-01 04:00:00,0.18294666860706962,0.030758548967332173,20.0
2018-07-01 04:30:00,0.18280887088079217,0.03074339485468849,20.0
2018-07-01 05:00:00,0.1826710731545147,0.03072824074204481,20.0
2018-07-01 05:30:00,0.18253327542823725,0.03071308662940113,20.0
2018-07-01 06:00:00,0.18239547770195977,0.030697932516757447,20.0
2018-07-01 06:30:00,0.18225767997568232,0.030682778404113764,20.0
2018-07-01 07:00:00,0.18211988224940484,0.03066762429147008,20.0
2018-07-01 07:30:00,0.1819820845231274,0.0306524701788264,20.0
2018-07-01 08:00:00,0.18184428679684994,0.030637316066182717,20.0
2018-07-01 08:30:00,0.18170648907057246,0.030622161953539034,20.0
2018-07-01 09:00:00,0.181568691344295,0.030607007840895352,20.0
2018-07-01 09:30:00,0.18143089361801754,0.03059185372825167,20.0
2018-07-01 10:00:00,0.18129309589174009,0.030576699615607987,20.0
2018-07-01 10:30:00,0.1811552981654626,0.030561545502964305,20.0
2018-07-01 11:00:00,0.18101750043918516,0.030546391390320626,20.0
2018-07-01 11:30:00,0.18087970271290768,0.030531237277676943,20.0
2018-07-01 12:00:00,0.18074190498663023,0.03051608316503326,20.0
2018-07-01 12:30:00,0.18060410726035275,0.03050092905238958,20.0
2018-07-01 13:00:00,0.1804663095340753,0.030485774939745896,20.0
2018-07-01 13:30:00,0.18032851180779783,0.030470620827102213,20.0
2018-07-01 14:00:00,0.18019071408152038,0.03045546671445853,20.0
2018-07-01 14:30:00,0.18003450315634242,0.03041397004821198,20.0
2018-07-01 15:00:00,0.17987829223116447,0.03037247338196543,20.0
2018-07-01 15:30:00,0.17972208130598652,0.03033097671571888,20.0
2018-07-01 16:00:00,0.17956587038080857,0.03028948004947233,20.0
2018-07-01 16:30:00,0.1794096594556306,0.03024798338322578,20.0
2018-07-01 17:00:00,0.17925344853045264,0.030206486716979227,20.0
2018-07-01 17:30:00,0.17909723760527468,0.030164990050732678,20.0
2018-07-01 18:00:00,0.17894102668009673,0.030123493384486128,20.0
2018-07-01 18:30:00,0.17878481575491878,0.030081996718239575,20.0
2018-07-01 19:00:00,0.17862860482974083,0.030040500051993026,20.0
2018-07-01 19:30:00,0.17847239390456288,0.029999003385746476,20.0
2018-07-01 20:00:00,0.1783161829793849,0.029957506719499927,20.0
2018-07-01 20:30:00,0.17815997205420694,0.029916010053253374,20.0
2018-07-01 21:00:00,0.178003761129029,0.029874513387006824,20.0
2018-07-01 21:30:00,0.17784755020385104,0.029833016720760275,20.0
2018-07-01 22:00:00,0.1776913392786731,0.029791520054513722,20.0
2018-07-01 22:30:00,0.17753512835349514,0.029750023388267172,20.0
2018-07-01 23:00:00,0.17737891742831718,0.029708526722020623,20.0
2018-07-01 23:30:00,0.17722270650313923,0.02966703005577407,20.0
2018-07-02 00:00:00,0.17706649557796128,0.02962553338952752,20.0
2018-07-02 00:30:00,0.1769102846527833,0.02958403672328097,20.0
2018-07-02 01:00:00,0.17675407372760535,0.02954254005703442,20.0
2018-07-02 01:30:00,0.1765978628024274,0.02950104339078787,20.0
2018-07-02 02:00:00,0.17644165187724944,0.02945954672454132,20.0
2018-07-02 02:30:00,0.17632989461344525,0.02944719751397118,20.0
2018-07-02 03:00:00,0.17621813734964104,0.02943484830340104,20.0
2018-07-02 03:30:00,0.17610638008583684,0.0294224990928309,20.0
2018-07-02 04:00:00,0.17599462282203265,0.02941014988226076,20.0
2018-07-02 04:30:00,0.17588286555822844,0.02939780067169062,20.0
2018-07-02 05:00:00,0.17577110829442424,0.02938545146112048,20.0
2018-07-02 05:30:00,0.17565935103062005,0.02937310225055034,20.0
2018-07-02 06:00:00,0.17554759376681583,0.0293607530399802,20.0
2018-07-02 06:30:00,0.17543583650301164,0.02934840382941006,20.0
2018-07-02 07:00:00,0.17532407923920745,0.02933605461883992,20.0
2018-07-02 07:30:00,0.17521232197540323,0.02932370540826978,20.0
2018-07-02 08:00:00,0.17510056471159904,0.02931135619769964,20.0
2018-07-02 08:30:00,0.17498880744779485,0.029299006987129502,20.0
2018-07-02 09:00:00,0.17487705018399063,0.029286657776559363,20.0
2018-07-02 09:30:00,0.17476529292018644,0.029274308565989223,20.0
2018-07-02 10:00:00,0.17465353565638225,0.029261959355419084,20.0
2018-07-02 10:30:00,0.17454177839257803,0.029249610144848944,20.0
2018-07-02 11:00:00,0.17443002112877384,0.0292372609342788,20.0
2018-07-02 11:30:00,0.17431826386496965,0.02922491172370866,20.0
2018-07-02 12:00:00,0.17420650660116543,0.029212562513138522,20.0
2018-07-02 12:30:00,0.17409474933736124,0.029200213302568383,20.0
2018-07-02 13:00:00,0.17398299207355705,0.029187864091998243,20.0
2018-07-02 13:30:00,0.17387123480975283,0.029175514881428104,20.0
2018-07-02 14:00:00,0.17375947754594864,0.029163165670857964,20.0
2018-07-02 14:30:00,0.1752735737480188,0.029228369340900732,20.0
2018-07-02 15:00:00,0.17678766995008893,0.029293573010943496,20.0
2018-07-02 15:30:00,0.1783017661521591,0.029358776680986264,20.0
2018-07-02 16:00:00,0.17981586235422925,0.02942398035102903,20.0
2018-07-02 16:30:00,0.18132995855629938,0.0294891840210718,20.0
2018-07-02 17:00:00,0.18284405475836954,0.029554387691114563,20.0
2018-07-02 17:30:00,0.1843581509604397,0.02961959136115733,20.0
2018-07-02 18:00:00,0.18587224716250983,0.029684795031200098,20.0
2018-07-02 18:30:00,0.18738634336458,0.029749998701242862,20.0
2018-07-02 19:00:00,0.18890043956665015,0.02981520237128563,20.0
2018-07-02 19:30:00,0.19041453576872028,0.029880406041328397,20.0
2018-07-02 20:00:00,0.19192863197079044,0.02994560971137116,20.0
2018-07-02 20:30:00,0.1934427281728606,0.03001081338141393,20.0
2018-07-02 21:00:00,0.19495682437493073,0.030076017051456697,20.0
2018-07-02 21:30:00,0.19647092057700088,0.030141220721499464,20.0
2018-07-02 22:00:00,0.19798501677907104,0.03020642439154223,20.0
2018-07-02 22:30:00,0.19949911298114117,0.030271628061584996,20.0
2018-07-02 23:00:00,0.20101320918321133,0.030336831731627763,20.0
2018-07-02 23:30:00,0.2025273053852815,0.030402035401670528,20.0
2018-07-03 00:00:00,0.20404140158735162,0.030467239071713295,20.0
2018-07-03 00:30:00,0.20555549778942178,0.030532442741756063,20.0
2018-07-03 01:00:00,0.20706959399149194,0.03059764641179883,20.0
2018-07-03 01:30:00,0.20858369019356207,0.030662850081841594,20.0
2018-07-03 02:00:00,0.21009778639563223,0.030728053751884362,20.0
2018-07-03 02:30:00,0.21277001857295766,0.031315846349743146,20.0
2018-07-03 03:00:00,0.21544225075028312,0.03190363894760193,20.0
2018-07-03 03:30:00,0.21811448292760854,0.03249143154546072,20.0
2018-07-03 04:00:00,0.220786715104934,0.033079224143319506,20.0
2018-07-03 04:30:00,0.22345894728225943,0.03366701674117829,20.0
2018-07-03 05:00:00,0.22613117945958489,0.03425480933903708,20.0
2018-07-03 05:30:00,0.22880341163691031,0.03484260193689587,20.0
2018-07-03 06:00:00,0.23147564381423577,0.03543039453475465,20.0
2018-07-03 06:30:00,0.2341478759915612,0.036018187132613434,20.0
2018-07-03 07:00:00,0.23682010816888666,0.03660597973047222,20.0
2018-07-03 07:30:00,0.23949234034621208,0.03719377232833101,20.0
2018-07-03 08:00:00,0.2421645725235375,0.037781564926189795,20.0
2018-07-03 08:30:00,0.24483680470086297,0.03836935752404858,20.0
2018-07-03 09:00:00,0.2475090368781884,0.03895715012190737,20.0
2018-07-03 09:30:00,0.25018126905551386,0.03954494271976615,20.0
2018-07-03 10:00:00,0.2528535012328393,0.040132735317624936,20.0
2018-07-03 10:30:00,0.2555257334101647,0.04072052791548372,20.0
2018-07-03 11:00:00,0.2581979655874902,0.04130832051334251,20.0
2018-07-03 11:30:00,0.2608701977648156,0.0418961131112013,20.0
2018-07-03 12:00:00,0.26354242994214105,0.042483905709060084,20.0
2018-07-03 12:30:00,0.2662146621194665,0.04307169830691887,20.0
2018-07-03 13:00:00,0.2688868942967919,0.04365949090477765,20.0
2018-07-03 13:30:00,0.2715591264741174,0.04424728350263644,20.0
2018-07-03 14:00:00,0.2742313586514428,0.044835076100495225,20.0
2018-07-03 14:30:00,0.27381651090162534,0.04481882830675972,20.0
2018-07-03 15:00:00,0.27340166315180786,0.04480258051302422,20.0
2018-07-03 15:30:00,0.2729868154019903,0.04478633271928872,20.0
2018-07-03 16:00:00,0.27257196765217284,0.04477008492555322,20.0
2018-07-03 16:30:00,0.27215711990235536,0.044753837131817714,20.0
2018-07-03 17:00:00,0.2717422721525379,0.04473758933808221,20.0
2018-07-03 17:30:00,0.2713274244027204,0.04472134154434671,20.0
2018-07-03 18:00:00,0.27091257665290286,0.044705093750611206,20.0
2018-07-03 18:30:00,0.2704977289030854,0.04468884595687571,20.0
2018-07-03 19:00:00,0.2700828811532679,0.044672598163140204,20.0
2018-07-03 19:30:00,0.2696680334034504,0.044656350369404706,20.0
2018-07-03 20:00:00,0.26925318565363293,0.0446401025756692,20.0
2018-07-03 20:30:00,0.2688383379038154,0.044623854781933696,20.0
2018-07-03 21:00:00,0.2684234901539979,0.0446076069881982,20.0
2018-07-03 21:30:00,0.26800864240418043,0.04459135919446269,20.0
2018-07-03 22:00:00,0.26759379465436295,0.044575111400727195,20.0
2018-07-03 22:30:00,0.2671789469045454,0.04455886360699169,20.0
2018-07-03 23:00:00,0.26676409915472793,0.044542615813256185,20.0
2018-07-03 23:30:00,0.26634925140491045,0.04452636801952069,20.0
2018-07-04 00:00:00,0.26593440365509297,0.04451012022578518,20.0
2018-07-04 00:30:00,0.2655195559052755,0.044493872432049685,20.0
2018-07-04 01:00:00,0.26510470815545795,0.04447762463831418,20.0
2018-07-04 01:30:00,0.26468986040564046,0.04446137684457868,20.0
2018-07-04 02:00:00,0.264275012655823,0.04444512905084318,20.0
2018-07-04 02:30:00,0.26382531772100865,0.0444142158254181,20.0
2018-07-04 03:00:00,0.26337562278619436,0.044383302599993034,20.0
2018-07-04 03:30:00,0.26292592785138,0.04435238937456796,20.0
2018-07-04 04:00:00,0.2624762329165657,0.044321476149142884,20.0
2018-07-04 04:30:00,0.2620265379817514,0.04429056292371781,20.0
2018-07-04 05:00:00,0.26157684304693707,0.04425964969829274,20.0
2018-07-04 05:30:00,0.26112714811212273,0.044228736472867666,20.0
2018-07-04 06:00:00,0.26067745317730845,0.04419782324744259,20.0
2018-07-04 06:30:00,0.2602277582424941,0.04416691002201752,20.0
2018-07-04 07:00:00,0.2597780633076798,0.04413599679659245,20.0
2018-07-04 07:30:00,0.2593283683728655,0.044105083571167374,20.0
2018-07-04 08:00:00,0.25887867343805115,0.044074170345742306,20.0
2018-07-04 08:30:00,0.2584289785032368,0.04404325712031723,20.0
2018-07-04 09:00:00,0.25797928356842253,0.044012343894892156,20.0
2018-07-04 09:30:00,0.2575295886336082,0.04398143066946708,20.0
2018-07-04 10:00:00,0.25707989369879386,0.04395051744404201,20.0
2018-07-04 10:30:00,0.2566301987639796,0.04391960421861694,20.0
2018-07-04 11:00:00,0.25618050382916524,0.04388869099319186,20.0
2018-07-04 11:30:00,0.2557308088943509,0.043857777767766795,20.0
2018-07-04 12:00:00,0.2552811139595366,0.04382686454234172,20.0
2018-07-04 12:30:00,0.2548314190247223,0.043795951316916645,20.0
2018-07-04 13:00:00,0.25438172408990795,0.04376503809149157,20.0
2018-07-04 13:30:00,0.25393202915509366,0.0437341248660665,20.0
2018-07-04 14:00:00,0.2534823342202793,0.04370321164064143,20.0
2018-07-04 14:30:00,0.25539375982729196,0.04387579141667024,20.0
2018-07-04 15:00:00,0.25730518543430464,0.04404837119269904,20.0
2018-07-04 15:30:00,0.2592166110413173,0.04422095096872785,20.0
2018-07-04 16:00:00,0.26112803664832995,0.04439353074475666,20.0
2018-07-04 16:30:00,0.2630394622553426,0.04456611052078547,20.0
2018-07-04 17:00:00,0.26495088786235527,0.04473869029681428,20.0
2018-07-04 17:30:00,0.26686231346936795,0.04491127007284308,20.0
2018-07-04 18:00:00,0.2687737390763806,0.04508384984887189,20.0
2018-07-04 18:30:00,0.2706851646833932,0.0452564296249007,20.0
2018-07-04 19:00:00,0.2725965902904059,0.045429009400929504,20.0
2018-07-04 19:30:00,0.2745080158974186,0.045601589176958314,20.0
2018-07-04 20:00:00,0.2764194415044312,0.045774168952987124,20.0
2018-07-04 20:30:00,0.27833086711144384,0.045946748729015933,20.0
2018-07-04 21:00:00,0.2802422927184565,0.04611932850504474,20.0
2018-07-04 21:30:00,0.2821537183254692,0.046291908281073546,20.0
2018-07-04 22:00:00,0.28406514393248183,0.046464488057102356,20.0
2018-07-04 22:30:00,0.28597656953949446,0.046637067833131166,20.0
2018-07-04 23:00:00,0.28788799514650715,0.04680964760915997,20.0
2018-07-04 23:30:00,0.28979942075351983,0.04698222738518878,20.0
2018-07-05 00:00:00,0.29171084636053246,0.04715480716121759,20.0
2018-07-05 00:30:00,0.2936222719675451,0.0473273869372464,20.0
2018-07-05 01:00:00,0.2955336975745578,0.04749996671327521,20.0
2018-07-05 01:30:00,0.29744512318157046,0.04767254648930401,20.0
2018-07-05 02:00:00,0.2993565487885831,0.04784512626533282,20.0
2018-07-05 02:30:00,0.2997627096090114,0.04777931867622131,20.0
2018-07-05 03:00:00,0.30016887042943974,0.04771351108710979,20.0
2018-07-05 03:30:00,0.30057503124986806,0.04764770349799828,20.0
2018-07-05 04:00:00,0.3009811920702964,0.04758189590888677,20.0
2018-07-05 04:30:00,0.3013873528907247,0.04751608831977525,20.0
2018-07-05 05:00:00,0.30179351371115304,0.04745028073066374,20.0
2018-07-05 05:30:00,0.30219967453158136,0.047384473141552225,20.0
2018-07-05 06:00:00,0.3026058353520097,0.047318665552440714,20.0
2018-07-05 06:30:00,0.303011996172438,0.0472528579633292,20.0
2018-07-05 07:00:00,0.30341815699286634,0.047187050374217686,20.0
2018-07-05 07:30:00,0.30382431781329466,0.047121242785106175,20.0
2018-07-05 08:00:00,0.304230478633723,0.04705543519599466,20.0
2018-07-05 08:30:00,0.3046366394541513,0.04698962760688315,20.0
2018-07-05 09:00:00,0.30504280027457964,0.046923820017771636,20.0
2018-07-05 09:30:00,0.30544896109500796,0.04685801242866012,20.0
2018-07-05 10:00:00,0.3058551219154363,0.04679220483954861,20.0
2018-07-05 10:30:00,0.3062612827358646,0.0467263972504371,20.0
2018-07-05 11:00:00,0.30666744355629294,0.04666058966132558,20.0
2018-07-05 11:30:00,0.30707360437672127,0.04659478207221407,20.0
2018-07-05 12:00:00,0.3074797651971496,0.04652897448310256,20.0
2018-07-05 12:30:00,0.3078859260175779,0.04646316689399104,20.0
2018-07-05 13:00:00,0.30829208683800624,0.04639735930487953,20.0
2018-07-05 13:30:00,0.30869824765843457,0.04633155171576801,20.0
2018-07-05 14:00:00,0.3091044084788629,0.0462657441266565,20.0
2018-07-05 14:30:00,0.30987904318248816,0.04622584200739903,20.0
2018-07-05 15:00:00,0.3106536778861134,0.046185939888141556,20.0
2018-07-05 15:30:00,0.31142831258973863,0.04614603776888408,20.0
2018-07-05 16:00:00,0.3122029472933639,0.04610613564962661,20.0
2018-07-05 16:30:00,0.31297758199698916,0.046066233530369136,20.0
2018-07-05 17:00:00,0.31375221670061443,0.04602633141111166,20.0
2018-07-05 17:30:00,0.3145268514042397,0.04598642929185418,20.0
2018-07-05 18:00:00,0.3153014861078649,0.04594652717259671,20.0
2018-07-05 18:30:00,0.31607612081149017,0.045906625053339235,20.0
2018-07-05 19:00:00,0.31685075551511543,0.04586672293408176,20.0
2018-07-05 19:30:00,0.3176253902187407,0.04582682081482429,20.0
2018-07-05 20:00:00,0.3184000249223659,0.045786918695566815,20.0
2018-07-05 20:30:00,0.3191746596259912,0.04574701657630934,20.0
2018-07-05 21:00:00,0.31994929432961644,0.04570711445705187,20.0
2018-07-05 21:30:00,0.3207239290332417,0.045667212337794395,20.0
2018-07-05 22:00:00,0.32149856373686697,0.04562731021853692,20.0
2018-07-05 22:30:00,0.3222731984404922,0.04558740809927945,20.0
2018-07-05 23:00:00,0.32304783314411745,0.045547505980021975,20.0
2018-07-05 23:30:00,0.3238224678477427,0.045507603860764495,20.0
2018-07-06 00:00:00,0.324597102551368,0.04546770174150702,20.0
2018-07-06 00:30:00,0.32537173725499324,0.04542779962224955,20.0
2018-07-06 01:00:00,0.32614637195861845,0.045387897502992075,20.0
2018-07-06 01:30:00,0.3269210066622437,0.0453479953837346,20.0
2018-07-06 02:00:00,0.327695641365869,0.04530809326447713,20.0
2018-07-06 02:30:00,0.3274554601690675,0.04514965814678096,20.0
2018-07-06 03:00:00,0.32721527897226604,0.04499122302908479,20.0
2018-07-06 03:30:00,0.3269750977754646,0.044832787911388616,20.0
2018-07-06 04:00:00,0.3267349165786631,0.044674352793692446,20.0
2018-07-06 04:30:00,0.32649473538186163,0.044515917675996275,20.0
2018-07-06 05:00:00,0.32625455418506016,0.044357482558300104,20.0
2018-07-06 05:30:00,0.3260143729882587,0.04419904744060394,20.0
2018-07-06 06:00:00,0.3257741917914572,0.04404061232290777,20.0
2018-07-06 06:30:00,0.32553401059465575,0.0438821772052116,20.0
2018-07-06 07:00:00,0.3252938293978543,0.04372374208751543,20.0
2018-07-06 07:30:00,0.3250536482010528,0.04356530696981926,20.0
2018-07-06 08:00:00,0.32481346700425134,0.04340687185212309,20.0
2018-07-06 08:30:00,0.32457328580744993,0.043248436734426916,20.0
2018-07-06 09:00:00,0.32433310461064846,0.043090001616730746,20.0
2018-07-06 09:30:00,0.324092923413847,0.042931566499034575,20.0
2018-07-06 10:00:00,0.3238527422170455,0.042773131381338404,20.0
2018-07-06 10:30:00,0.32361256102024405,0.042614696263642234,20.0
2018-07-06 11:00:00,0.3233723798234426,0.04245626114594606,20.0
2018-07-06 11:30:00,0.3231321986266411,0.0422978260282499,20.0
2018-07-06 12:00:00,0.32289201742983964,0.04213939091055373,20.0
2018-07-06 12:30:00,0.32265183623303817,0.04198095579285756,20.0
2018-07-06 13:00:00,0.3224116550362367,0.04182252067516139,20.0
2018-07-06 13:30:00,0.32217147383943523,0.041664085557465216,20.0
2018-07-06 14:00:00,0.32193129264263376,0.041505650439769046,20.0
2018-07-06 14:30:00,0.3215372819279187,0.041546860736737544,20.0
2018-07-06 15:00:00,0.32114327121320363,0.04158807103370604,20.0
2018-07-06 15:30:00,0.3207492604984885,0.041629281330674534,20.0
2018-07-06 16:00:00,0.32035524978377344,0.04167049162764303,20.0
2018-07-06 16:30:00,0.3199612390690584,0.04171170192461153,20.0
2018-07-06 17:00:00,0.31956722835434326,0.04175291222158003,20.0
2018-07-06 17:30:00,0.3191732176396282,0.04179412251854853,20.0
2018-07-06 18:00:00,0.3187792069249131,0.041835332815517025,20.0
2018-07-06 18:30:00,0.31838519621019806,0.041876543112485516,20.0
2018-07-06 19:00:00,0.317991185495483,0.041917753409454014,20.0
2018-07-06 19:30:00,0.3175971747807679,0.04195896370642251,20.0
2018-07-06 20:00:00,0.3172031640660528,0.04200017400339101,20.0
2018-07-06 20:30:00,0.31680915335133775,0.04204138430035951,20.0
2018-07-06 21:00:00,0.3164151426366226,0.04208259459732801,20.0
2018-07-06 21:30:00,0.31602113192190756,0.0421238048942965,20.0
2018-07-06 22:00:00,0.3156271212071925,0.042165015191265,20.0
2018-07-06 22:30:00,0.31523311049247743,0.042206225488233495,20.0
2018-07-06 23:00:00,0.31483909977776237,0.042247435785201994,20.0
2018-07-06 23:30:00,0.31444508906304725,0.04228864608217049,20.0
2018-07-07 00:00:00,0.3140510783483322,0.04232985637913899,20.0
2018-07-07 00:30:00,0.3136570676336171,0.04237106667610748,20.0
2018-07-07 01:00:00,0.313263056918902,0.04241227697307598,20.0
2018-07-07 01:30:00,0.31286904620418693,0.04245348727004448,20.0
2018-07-07 02:00:00,0.31247503548947186,0.042494697567012976,20.0
2018-07-07 02:30:00,0.31201376248540014,0.04255570124420003,20.0
2018-07-07 03:00:00,0.3115524894813284,0.04261670492138708,20.0
2018-07-07 03:30:00,0.3110912164772566,0.04267770859857413,20.0
2018-07-07 04:00:00,0.3106299434731849,0.04273871227576118,20.0
2018-07-07 04:30:00,0.3101686704691132,0.042799715952948236,20.0
2018-07-07 05:00:00,0.30970739746504145,0.04286071963013528,20.0
2018-07-07 05:30:00,0.3092461244609697,0.042921723307322336,20.0
2018-07-07 06:00:00,0.30878485145689794,0.04298272698450939,20.0
2018-07-07 06:30:00,0.3083235784528262,0.04304373066169644,20.0
2018-07-07 07:00:00,0.3078623054487545,0.043104734338883496,20.0
2018-07-07 07:30:00,0.30740103244468275,0.04316573801607054,20.0
2018-07-07 08:00:00,0.306939759440611,0.043226741693257596,20.0
2018-07-07 08:30:00,0.30647848643653924,0.04328774537044465,20.0
2018-07-07 09:00:00,0.3060172134324675,0.043348749047631696,20.0
2018-07-07 09:30:00,0.3055559404283958,0.04340975272481875,20.0
2018-07-07 10:00:00,0.30509466742432406,0.0434707564020058,20.0
2018-07-07 10:30:00,0.3046333944202523,0.043531760079192856,20.0
2018-07-07 11:00:00,0.30417212141618055,0.04359276375637991,20.0
2018-07-07 11:30:00,0.3037108484121088,0.043653767433566956,20.0
2018-07-07 12:00:00,0.3032495754080371,0.04371477111075401,20.0
2018-07-07 12:30:00,0.30278830240396537,0.04377577478794106,20.0
2018-07-07 13:00:00,0.3023270293998936,0.04383677846512811,20.0
2018-07-07 13:30:00,0.30186575639582186,0.04389778214231516,20.0
2018-07-07 14:00:00,0.30140448339175013,0.043958785819502216,20.0
2018-07-07 14:30:00,0.30111957387682675,0.04401611979031447,20.0
2018-07-07 15:00:00,0.3008346643619034,0.04407345376112673,20.0
2018-07-07 15:30:00,0.30054975484698004,0.044130787731938986,20.0
2018-07-07 16:00:00,0.3002648453320567,0.04418812170275124,20.0
2018-07-07 16:30:00,0.29997993581713334,0.04424545567356351,20.0
2018-07-07 17:00:00,0.29969502630221,0.04430278964437576,20.0
2018-07-07 17:30:00,0.29941011678728663,0.04436012361518802,20.0
2018-07-07 18:00:00,0.2991252072723633,0.04441745758600028,20.0
2018-07-07 18:30:00,0.2988402977574399,0.04447479155681253,20.0
2018-07-07 19:00:00,0.2985553882425166,0.04453212552762479,20.0
2018-07-07 19:30:00,0.2982704787275932,0.04458945949843705,20.0
2018-07-07 20:00:00,0.29798556921266983,0.04464679346924931,20.0
2018-07-07 20:30:00,0.2977006596977465,0.04470412744006157,20.0
2018-07-07 21:00:00,0.2974157501828231,0.04476146141087382,20.0
2018-07-07 21:30:00,0.2971308406678998,0.04481879538168608,20.0
2018-07-07 22:00:00,0.2968459311529764,0.04487612935249834,20.0
2018-07-07 22:30:00,0.2965610216380531,0.04493346332331059,20.0
2018-07-07 23:00:00,0.2962761121231297,0.04499079729412285,20.0
2018-07-07 23:30:00,0.2959912026082064,0.04504813126493511,20.0
2018-07-08 00:00:00,0.295706293093283,0.04510546523574736,20.0
2018-07-08 00:30:00,0.2954213835783597,0.04516279920655963,20.0
2018-07-08 01:00:00,0.2951364740634363,0.045220133177371884,20.0
2018-07-08 01:30:00,0.29485156454851297,0.04527746714818414,20.0
2018-07-08 02:00:00,0.2945666550335896,0.0453348011189964,20.0
2018-07-08 02:30:00,0.2941602965502413,0.045399276142719915,20.0
2018-07-08 03:00:00,0.293753938066893,0.04546375116644344,20.0
2018-07-08 03:30:00,0.29334757958354474,0.04552822619016696,20.0
2018-07-08 04:00:00,0.29294122110019644,0.04559270121389048,20.0
2018-07-08 04:30:00,0.29253486261684813,0.045657176237614,20.0
2018-07-08 05:00:00,0.29212850413349983,0.04572165126133752,20.0
2018-07-08 05:30:00,0.29172214565015153,0.04578612628506104,20.0
2018-07-08 06:00:00,0.29131578716680323,0.045850601308784565,20.0
2018-07-08 06:30:00,0.290909428683455,0.04591507633250808,20.0
2018-07-08 07:00:00,0.2905030702001067,0.04597955135623161,20.0
2018-07-08 07:30:00,0.2900967117167584,0.046044026379955125,20.0
2018-07-08 08:00:00,0.2896903532334101,0.04610850140367865,20.0
2018-07-08 08:30:00,0.2892839947500618,0.04617297642740217,20.0
2018-07-08 09:00:00,0.2888776362667135,0.046237451451125684,20.0
2018-07-08 09:30:00,0.28847127778336523,0.04630192647484921,20.0
2018-07-08 10:00:00,0.28806491930001693,0.046366401498572726,20.0
2018-07-08 10:30:00,0.28765856081666863,0.04643087652229625,20.0
2018-07-08 11:00:00,0.28725220233332033,0.04649535154601977,20.0
2018-07-08 11:30:00,0.286845843849972,0.04655982656974329,20.0
2018-07-08 12:00:00,0.2864394853666237,0.04662430159346681,20.0
2018-07-08 12:30:00,0.2860331268832755,0.046688776617190335,20.0
2018-07-08 13:00:00,0.2856267683999272,0.04675325164091385,20.0
2018-07-08 13:30:00,0.2852204099165789,0.04681772666463738,20.0
2018-07-08 14:00:00,0.2848140514332306,0.046882201688360894,20.0
2018-07-08 14:30:00,0.28447079746317344,0.04687406805150491,20.0
2018-07-08 15:00:00,0.2841275434931163,0.04686593441464893,20.0
2018-07-08 15:30:00,0.2837842895230592,0.046857800777792946,20.0
2018-07-08 16:00:00,0.28344103555300204,0.04684966714093697,20.0
2018-07-08 16:30:00,0.2830977815829449,0.04684153350408098,20.0
2018-07-08 17:00:00,0.2827545276128878,0.046833399867225005,20.0
2018-07-08 17:30:00,0.28241127364283064,0.04682526623036902,20.0
2018-07-08 18:00:00,0.2820680196727735,0.046817132593513035,20.0
2018-07-08 18:30:00,0.2817247657027164,0.04680899895665706,20.0
2018-07-08 19:00:00,0.28138151173265924,0.04680086531980107,20.0
2018-07-08 19:30:00,0.2810382577626021,0.04679273168294509,20.0
2018-07-08 20:00:00,0.280695003792545,0.04678459804608911,20.0
2018-07-08 20:30:00,0.28035174982248784,0.04677646440923312,20.0
2018-07-08 21:00:00,0.2800084958524307,0.046768330772377145,20.0
2018-07-08 21:30:00,0.27966524188237357,0.04676019713552116,20.0
2018-07-08 22:00:00,0.27932198791231644,0.04675206349866518,20.0
2018-07-08 22:30:00,0.2789787339422593,0.0467439298618092,20.0
2018-07-08 23:00:00,0.27863547997220217,0.04673579622495322,20.0
2018-07-08 23:30:00,0.27829222600214504,0.046727662588097234,20.0
2018-07-09 00:00:00,0.2779489720320879,0.04671952895124125,20.0
2018-07-09 00:30:00,0.27760571806203077,0.04671139531438527,20.0
2018-07-09 01:00:00,0.27726246409197364,0.046703261677529286,20.0
2018-07-09 01:30:00,0.2769192101219165,0.04669512804067331,20.0
2018-07-09 02:00:00,0.27657595615185937,0.04668699440381732,20.0
2018-07-09 02:30:00,0.27609264345226486,0.04672754156393279,20.0
2018-07-09 03:00:00,0.2756093307526704,0.04676808872404826,20.0
2018-07-09 03:30:00,0.2751260180530759,0.04680863588416372,20.0
2018-07-09 04:00:00,0.2746427053534814,0.04684918304427919,20.0
2018-07-09 04:30:00,0.2741593926538869,0.04688973020439466,20.0
2018-07-09 05:00:00,0.27367607995429244,0.04693027736451012,20.0
2018-07-09 05:30:00,0.27319276725469793,0.04697082452462559,20.0
2018-07-09 06:00:00,0.2727094545551034,0.04701137168474106,20.0
2018-07-09 06:30:00,0.272226141855509,0.04705191884485652,20.0
2018-07-09 07:00:00,0.27174282915591447,0.04709246600497199,20.0
2018-07-09 07:30:00,0.27125951645631996,0.04713301316508746,20.0
2018-07-09 08:00:00,0.2707762037567255,0.04717356032520292,20.0
2018-07-09 08:30:00,0.270292891057131,0.04721410748531839,20.0
2018-07-09 09:00:00,0.2698095783575365,0.04725465464543386,20.0
2018-07-09 09:30:00,0.269326265657942,0.047295201805549324,20.0
2018-07-09 10:00:00,0.26884295295834754,0.04733574896566479,20.0
2018-07-09 10:30:00,0.26835964025875303,0.04737629612578026,20.0
2018-07-09 11:00:00,0.2678763275591585,0.047416843285895724,20.0
2018-07-09 11:30:00,0.26739301485956407,0.04745739044601119,20.0
2018-07-09 12:00:00,0.26690970215996956,0.04749793760612666,20.0
2018-07-09 12:30:00,0.26642638946037506,0.047538484766242124,20.0
2018-07-09 13:00:00,0.26594307676078055,0.04757903192635759,20.0
2018-07-09 13:30:00,0.2654597640611861,0.04761957908647306,20.0
2018-07-09 14:00:00,0.2649764513615916,0.047660126246588524,20.0
2018-07-09 14:30:00,0.26464759971828977,0.04765025067502021,20.0
2018-07-09 15:00:00,0.2643187480749879,0.047640375103451905,20.0
2018-07-09 15:30:00,0.2639898964316861,0.0476304995318836,20.0
2018-07-09 16:00:00,0.26366104478838426,0.047620623960315286,20.0
2018-07-09 16:30:00,0.26333219314508244,0.04761074838874697,20.0
2018-07-09 17:00:00,0.2630033415017806,0.04760087281717867,20.0
2018-07-09 17:30:00,0.26267448985847874,0.04759099724561036,20.0
2018-07-09 18:00:00,0.2623456382151769,0.04758112167404205,20.0
2018-07-09 18:30:00,0.2620167865718751,0.047571246102473735,20.0
2018-07-09 19:00:00,0.26168793492857323,0.04756137053090543,20.0
2018-07-09 19:30:00,0.2613590832852714,0.04755149495933712,20.0
2018-07-09 20:00:00,0.2610302316419696,0.04754161938776881,20.0
2018-07-09 20:30:00,0.26070137999866777,0.0475317438162005,20.0
2018-07-09 21:00:00,0.26037252835536595,0.04752186824463219,20.0
2018-07-09 21:30:00,0.2600436767120641,0.047511992673063885,20.0
2018-07-09 22:00:00,0.25971482506876226,0.04750211710149557,20.0
2018-07-09 22:30:00,0.25938597342546044,0.04749224152992726,20.0
2018-07-09 23:00:00,0.25905712178215856,0.04748236595835895,20.0
2018-07-09 23:30:00,0.25872827013885674,0.04747249038679065,20.0
2018-07-10 00:00:00,0.2583994184955549,0.047462614815222334,20.0
2018-07-10 00:30:00,0.2580705668522531,0.04745273924365402,20.0
2018-07-10 01:00:00,0.2577417152089513,0.047442863672085715,20.0
2018-07-10 01:30:00,0.2574128635656494,0.04743298810051741,20.0
2018-07-10 02:00:00,0.2570840119223476,0.047423112528949096,20.0
2018-07-10 02:30:00,0.25666685514413723,0.047413301706725614,20.0
2018-07-10 03:00:00,0.2562496983659268,0.04740349088450213,20.0
2018-07-10 03:30:00,0.25583254158771646,0.04739368006227865,20.0
2018-07-10 04:00:00,0.2554153848095061,0.047383869240055165,20.0
2018-07-10 04:30:00,0.25499822803129574,0.04737405841783168,20.0
2018-07-10 05:00:00,0.2545810712530854,0.0473642475956082,20.0
2018-07-10 05:30:00,0.25416391447487496,0.04735443677338472,20.0
2018-07-10 06:00:00,0.2537467576966646,0.047344625951161234,20.0
2018-07-10 06:30:00,0.25332960091845425,0.04733481512893775,20.0
2018-07-10 07:00:00,0.25291244414024383,0.04732500430671427,20.0
2018-07-10 07:30:00,0.25249528736203347,0.047315193484490786,20.0
2018-07-10 08:00:00,0.2520781305838231,0.0473053826622673,20.0
2018-07-10 08:30:00,0.25166097380561275,0.047295571840043814,20.0
2018-07-10 09:00:00,0.2512438170274024,0.04728576101782033,20.0
2018-07-10 09:30:00,0.250826660249192,0.04727595019559685,20.0
2018-07-10 10:00:00,0.2504095034709816,0.047266139373373366,20.0
2018-07-10 10:30:00,0.24999234669277126,0.04725632855114988,20.0
2018-07-10 11:00:00,0.24957518991456087,0.0472465177289264,20.0
2018-07-10 11:30:00,0.2491580331363505,0.04723670690670292,20.0
2018-07-10 12:00:00,0.24874087635814013,0.047226896084479435,20.0
2018-07-10 12:30:00,0.24832371957992977,0.04721708526225595,20.0
2018-07-10 13:00:00,0.24790656280171938,0.04720727444003247,20.0
2018-07-10 13:30:00,0.247489406023509,0.047197463617808987,20.0
2018-07-10 14:00:00,0.24707224924529864,0.047187652795585504,20.0
2018-07-10 14:30:00,0.246763864505875,0.04716267437291758,20.0
2018-07-10 15:00:00,0.24645547976645135,0.04713769595024966,20.0
2018-07-10 15:30:00,0.24614709502702772,0.047112717527581734,20.0
2018-07-10 16:00:00,0.24583871028760407,0.04708773910491381,20.0
2018-07-10 16:30:00,0.24553032554818044,0.04706276068224589,20.0
2018-07-10 17:00:00,0.2452219408087568,0.04703778225957796,20.0
2018-07-10 17:30:00,0.24491355606933315,0.04701280383691003,20.0
2018-07-10 18:00:00,0.24460517132990953,0.04698782541424211,20.0
2018-07-10 18:30:00,0.24429678659048587,0.046962846991574186,20.0
2018-07-10 19:00:00,0.24398840185106224,0.04693786856890626,20.0
2018-07-10 19:30:00,0.24368001711163859,0.04691289014623834,20.0
2018-07-10 20:00:00,0.24337163237221496,0.046887911723570416,20.0
2018-07-10 20:30:00,0.24306324763279133,0.04686293330090249,20.0
2018-07-10 21:00:00,0.24275486289336767,0.04683795487823457,20.0
2018-07-10 21:30:00,0.24244647815394404,0.046812976455566646,20.0
2018-07-10 22:00:00,0.2421380934145204,0.04678799803289872,20.0
2018-07-10 22:30:00,0.24182970867509676,0.0467630196102308,20.0
2018-07-10 23:00:00,0.24152132393567313,0.04673804118756287,20.0
2018-07-10 23:30:00,0.24121293919624948,0.046713062764894946,20.0
2018-07-11 00:00:00,0.24090455445682585,0.04668808434222702,20.0
2018-07-11 00:30:00,0.2405961697174022,0.0466631059195591,20.0
2018-07-11 01:00:00,0.24028778497797856,0.046638127496891175,20.0
2018-07-11 01:30:00,0.2399794002385549,0.04661314907422325,20.0
2018-07-11 02:00:00,0.23967101549913128,0.04658817065155533,20.0
2018-07-11 02:30:00,0.23926436649035754,0.046519059546875005,20.0
2018-07-11 03:00:00,0.2388577174815838,0.04644994844219469,20.0
2018-07-11 03:30:00,0.23845106847281006,0.04638083733751437,20.0
2018-07-11 04:00:00,0.23804441946403632,0.04631172623283405,20.0
2018-07-11 04:30:00,0.23763777045526255,0.046242615128153725,20.0
2018-07-11 05:00:00,0.2372311214464888,0.04617350402347341,20.0
2018-07-11 05:30:00,0.23682447243771507,0.04610439291879309,20.0
2018-07-11 06:00:00,0.23641782342894133,0.04603528181411277,20.0
2018-07-11 06:30:00,0.23601117442016759,0.045966170709432444,20.0
2018-07-11 07:00:00,0.23560452541139384,0.04589705960475213,20.0
2018-07-11 07:30:00,0.2351978764026201,0.04582794850007181,20.0
2018-07-11 08:00:00,0.23479122739384634,0.04575883739539149,20.0
2018-07-11 08:30:00,0.2343845783850726,0.04568972629071116,20.0
2018-07-11 09:00:00,0.23397792937629885,0.04562061518603085,20.0
2018-07-11 09:30:00,0.2335712803675251,0.04555150408135053,20.0
2018-07-11 10:00:00,0.23316463135875137,0.045482392976670206,20.0
2018-07-11 10:30:00,0.23275798234997763,0.04541328187198988,20.0
2018-07-11 11:00:00,0.2323513333412039,0.045344170767309566,20.0
2018-07-11 11:30:00,0.23194468433243015,0.04527505966262925,20.0
2018-07-11 12:00:00,0.2315380353236564,0.045205948557948926,20.0
2018-07-11 12:30:00,0.23113138631488264,0.0451368374532686,20.0
2018-07-11 13:00:00,0.2307247373061089,0.045067726348588286,20.0
2018-07-11 13:30:00,0.23031808829733516,0.04499861524390797,20.0
2018-07-11 14:00:00,0.22991143928856142,0.044929504139227645,20.0
2018-07-11 14:30:00,0.22961384050793782,0.04483185002800348,20.0
2018-07-11 15:00:00,0.22931624172731424,0.044734195916779323,20.0
2018-07-11 15:30:00,0.22901864294669064,0.044636541805555166,20.0
2018-07-11 16:00:00,0.22872104416606706,0.044538887694331,20.0
2018-07-11 16:30:00,0.22842344538544346,0.04444123358310684,20.0
2018-07-11 17:00:00,0.22812584660481988,0.04434357947188268,20.0
2018-07-11 17:30:00,0.22782824782419628,0.04424592536065852,20.0
2018-07-11 18:00:00,0.2275306490435727,0.04414827124943436,20.0
2018-07-11 18:30:00,0.2272330502629491,0.044050617138210194,20.0
2018-07-11 19:00:00,0.22693545148232552,0.043952963026986036,20.0
2018-07-11 19:30:00,0.22663785270170192,0.04385530891576188,20.0
2018-07-11 20:00:00,0.22634025392107834,0.043757654804537714,20.0
2018-07-11 20:30:00,0.22604265514045474,0.04366000069331355,20.0
2018-07-11 21:00:00,0.22574505635983114,0.04356234658208939,20.0
2018-07-11 21:30:00,0.22544745757920756,0.043464692470865235,20.0
2018-07-11 22:00:00,0.22514985879858396,0.04336703835964107,20.0
2018-07-11 22:30:00,0.22485226001796038,0.043269384248416906,20.0
2018-07-11 23:00:00,0.22455466123733678,0.04317173013719275,20.0
2018-07-11 23:30:00,0.2242570624567132,0.04307407602596859,20.0
2018-07-12 00:00:00,0.2239594636760896,0.04297642191474443,20.0
2018-07-12 00:30:00,0.22366186489546602,0.04287876780352026,20.0
2018-07-12 01:00:00,0.22336426611484242,0.042781113692296105,20.0
2018-07-12 01:30:00,0.22306666733421884,0.04268345958107195,20.0
2018-07-12 02:00:00,0.22276906855359524,0.04258580546984778,20.0
2018-07-12 02:30:00,0.2223969158778297,0.04247074150770124,20.0
2018-07-12 03:00:00,0.22202476320206413,0.04235567754555469,20.0
2018-07-12 03:30:00,0.2216526105262986,0.04224061358340815,20.0
2018-07-12 04:00:00,0.22128045785053302,0.0421255496212616,20.0
2018-07-12 04:30:00,0.22090830517476748,0.04201048565911506,20.0
2018-07-12 05:00:00,0.2205361524990019,0.04189542169696852,20.0
2018-07-12 05:30:00,0.22016399982323637,0.04178035773482197,20.0
2018-07-12 06:00:00,0.2197918471474708,0.04166529377267543,20.0
2018-07-12 06:30:00,0.21941969447170526,0.04155022981052888,20.0
2018-07-12 07:00:00,0.2190475417959397,0.04143516584838234,20.0
2018-07-12 07:30:00,0.21867538912017415,0.04132010188623579,20.0
2018-07-12 08:00:00,0.21830323644440858,0.04120503792408925,20.0
2018-07-12 08:30:00,0.21793108376864304,0.04108997396194271,20.0
2018-07-12 09:00:00,0.2175589310928775,0.04097490999979616,20.0
2018-07-12 09:30:00,0.21718677841711193,0.04085984603764962,20.0
2018-07-12 10:00:00,0.21681462574134638,0.04074478207550307,20.0
2018-07-12 10:30:00,0.21644247306558081,0.04062971811335653,20.0
2018-07-12 11:00:00,0.21607032038981527,0.040514654151209986,20.0
2018-07-12 11:30:00,0.2156981677140497,0.04039959018906344,20.0
2018-07-12 12:00:00,0.21532601503828416,0.040284526226916896,20.0
2018-07-12 12:30:00,0.2149538623625186,0.04016946226477035,20.0
2018-07-12 13:00:00,0.21458170968675305,0.040054398302623806,20.0
2018-07-12 13:30:00,0.21420955701098748,0.03993933434047726,20.0
2018-07-12 14:00:00,0.21383740433522194,0.039824270378330716,20.0
2018-07-12 14:30:00,0.2135925260343102,0.0396938842518032,20.0
2018-07-12 15:00:00,0.21334764773339848,0.03956349812527568,20.0
2018-07-12 15:30:00,0.21310276943248674,0.03943311199874816,20.0
2018-07-12 16:00:00,0.21285789113157502,0.03930272587222065,20.0
2018-07-12 16:30:00,0.21261301283066328,0.03917233974569313,20.0
2018-07-12 17:00:00,0.21236813452975156,0.03904195361916561,20.0
2018-07-12 17:30:00,0.21212325622883982,0.03891156749263809,20.0
2018-07-12 18:00:00,0.2118783779279281,0.03878118136611058,20.0
2018-07-12 18:30:00,0.21163349962701636,0.03865079523958306,20.0
2018-07-12 19:00:00,0.21138862132610464,0.03852040911305554,20.0
2018-07-12 19:30:00,0.2111437430251929,0.03839002298652802,20.0
2018-07-12 20:00:00,0.21089886472428118,0.03825963686000051,20.0
2018-07-12 20:30:00,0.21065398642336944,0.038129250733472994,20.0
2018-07-12 21:00:00,0.2104091081224577,0.03799886460694547,20.0
2018-07-12 21:30:00,0.21016422982154598,0.03786847848041795,20.0
2018-07-12 22:00:00,0.20991935152063423,0.03773809235389044,20.0
2018-07-12 22:30:00,0.20967447321972252,0.037607706227362925,20.0
2018-07-12 23:00:00,0.20942959491881077,0.037477320100835404,20.0
2018-07-12 23:30:00,0.20918471661789906,0.03734693397430788,20.0
2018-07-13 00:00:00,0.20893983831698731,0.03721654784778037,20.0
2018-07-13 00:30:00,0.2086949600160756,0.037086161721252855,20.0
2018-07-13 01:00:00,0.20845008171516385,0.036955775594725335,20.0
2018-07-13 01:30:00,0.20820520341425214,0.036825389468197814,20.0
2018-07-13 02:00:00,0.2079603251133404,0.0366950033416703,20.0
2018-07-13 02:30:00,0.20764412126130258,0.036596522980060456,20.0
2018-07-13 03:00:00,0.20732791740926476,0.03649804261845062,20.0
2018-07-13 03:30:00,0.20701171355722695,0.036399562256840774,20.0
2018-07-13 04:00:00,0.20669550970518913,0.03630108189523093,20.0
2018-07-13 04:30:00,0.2063793058531513,0.03620260153362109,20.0
2018-07-13 05:00:00,0.20606310200111352,0.03610412117201125,20.0
2018-07-13 05:30:00,0.2057468981490757,0.036005640810401404,20.0
2018-07-13 06:00:00,0.2054306942970379,0.03590716044879157,20.0
2018-07-13 06:30:00,0.20511449044500007,0.03580868008718172,20.0
2018-07-13 07:00:00,0.20479828659296226,0.03571019972557188,20.0
2018-07-13 07:30:00,0.20448208274092444,0.03561171936396204,20.0
2018-07-13 08:00:00,0.20416587888888663,0.0355132390023522,20.0
2018-07-13 08:30:00,0.2038496750368488,0.03541475864074235,20.0
2018-07-13 09:00:00,0.203533471184811,0.035316278279132515,20.0
2018-07-13 09:30:00,0.20321726733277318,0.03521779791752267,20.0
2018-07-13 10:00:00,0.20290106348073536,0.03511931755591283,20.0
2018-07-13 10:30:00,0.20258485962869754,0.03502083719430299,20.0
2018-07-13 11:00:00,0.20226865577665976,0.034922356832693145,20.0
2018-07-13 11:30:00,0.20195245192462194,0.0348238764710833,20.0
2018-07-13 12:00:00,0.20163624807258412,0.034725396109473464,20.0
2018-07-13 12:30:00,0.2013200442205463,0.03462691574786362,20.0
2018-07-13 13:00:00,0.2010038403685085,0.034528435386253775,20.0
2018-07-13 13:30:00,0.20068763651647067,0.03442995502464394,20.0
2018-07-13 14:00:00,0.20037143266443286,0.034331474663034094,20.0
2018-07-13 14:30:00,0.20015195307799055,0.03424158942866862,20.0
2018-07-13 15:00:00,0.19993247349154825,0.03415170419430315,20.0
2018-07-13 15:30:00,0.19971299390510594,0.03406181895993767,20.0
2018-07-13 16:00:00,0.19949351431866363,0.033971933725572195,20.0
2018-07-13 16:30:00,0.1992740347322213,0.03388204849120672,20.0
2018-07-13 17:00:00,0.199054555145779,0.03379216325684125,20.0
2018-07-13 17:30:00,0.1988350755593367,0.03370227802247577,20.0
2018-07-13 18:00:00,0.19861559597289438,0.0336123927881103,20.0
2018-07-13 18:30:00,0.19839611638645208,0.03352250755374483,20.0
2018-07-13 19:00:00,0.19817663680000977,0.03343262231937935,20.0
2018-07-13 19:30:00,0.19795715721356746,0.033342737085013875,20.0
2018-07-13 20:00:00,0.19773767762712513,0.0332528518506484,20.0
2018-07-13 20:30:00,0.19751819804068282,0.03316296661628293,20.0
2018-07-13 21:00:00,0.19729871845424052,0.03307308138191745,20.0
2018-07-13 21:30:00,0.1970792388677982,0.03298319614755198,20.0
2018-07-13 22:00:00,0.1968597592813559,0.03289331091318651,20.0
2018-07-13 22:30:00,0.1966402796949136,0.03280342567882103,20.0
2018-07-13 23:00:00,0.1964208001084713,0.032713540444455555,20.0
2018-07-13 23:30:00,0.196201320522029,0.032623655210090086,20.0
2018-07-14 00:00:00,0.19598184093558668,0.03253376997572461,20.0
2018-07-14 00:30:00,0.19576236134914435,0.03244388474135913,20.0
2018-07-14 01:00:00,0.19554288176270204,0.03235399950699366,20.0
2018-07-14 01:30:00,0.19532340217625974,0.03226411427262819,20.0
2018-07-14 02:00:00,0.19510392258981743,0.03217422903826271,20.0
2018-07-14 02:30:00,0.19484078481502318,0.03212947501151843,20.0
2018-07-14 03:00:00,0.1945776470402289,0.032084720984774155,20.0
2018-07-14 03:30:00,0.19431450926543464,0.032039966958029874,20.0
2018-07-14 04:00:00,0.1940513714906404,0.0319952129312856,20.0
2018-07-14 04:30:00,0.19378823371584614,0.03195045890454132,20.0
2018-07-14 05:00:00,0.19352509594105186,0.031905704877797036,20.0
2018-07-14 05:30:00,0.1932619581662576,0.03186095085105276,20.0
2018-07-14 06:00:00,0.19299882039146335,0.03181619682430848,20.0
2018-07-14 06:30:00,0.19273568261666907,0.031771442797564206,20.0
2018-07-14 07:00:00,0.19247254484187482,0.031726688770819925,20.0
2018-07-14 07:30:00,0.19220940706708056,0.03168193474407564,20.0
2018-07-14 08:00:00,0.1919462692922863,0.03163718071733137,20.0
2018-07-14 08:30:00,0.19168313151749203,0.03159242669058709,20.0
2018-07-14 09:00:00,0.19141999374269777,0.03154767266384281,20.0
2018-07-14 09:30:00,0.19115685596790352,0.03150291863709853,20.0
2018-07-14 10:00:00,0.19089371819310924,0.03145816461035425,20.0
2018-07-14 10:30:00,0.190630580418315,0.031413410583609976,20.0
2018-07-14 11:00:00,0.19036744264352073,0.031368656556865694,20.0
2018-07-14 11:30:00,0.19010430486872645,0.03132390253012142,20.0
2018-07-14 12:00:00,0.1898411670939322,0.03127914850337714,20.0
2018-07-14 12:30:00,0.18957802931913795,0.03123439447663286,20.0
2018-07-14 13:00:00,0.1893148915443437,0.03118964044988858,20.0
2018-07-14 13:30:00,0.1890517537695494,0.0311448864231443,20.0
2018-07-14 14:00:00,0.18878861599475516,0.031100132396400023,20.0
2018-07-14 14:30:00,0.188607351429718,0.031036219446153597,20.0
2018-07-14 15:00:00,0.18842608686468082,0.030972306495907174,20.0
2018-07-14 15:30:00,0.18824482229964365,0.03090839354566075,20.0
2018-07-14 16:00:00,0.18806355773460648,0.030844480595414323,20.0
2018-07-14 16:30:00,0.18788229316956934,0.030780567645167897,20.0
2018-07-14 17:00:00,0.18770102860453217,0.030716654694921474,20.0
2018-07-14 17:30:00,0.187519764039495,0.030652741744675048,20.0
2018-07-14 18:00:00,0.18733849947445783,0.030588828794428622,20.0
2018-07-14 18:30:00,0.18715723490942066,0.0305249158441822,20.0
2018-07-14 19:00:00,0.18697597034438349,0.030461002893935774,20.0
2018-07-14 19:30:00,0.18679470577934632,0.030397089943689348,20.0
2018-07-14 20:00:00,0.18661344121430917,0.030333176993442925,20.0
2018-07-14 20:30:00,0.186432176649272,0.0302692640431965,20.0
2018-07-14 21:00:00,0.18625091208423483,0.030205351092950073,20.0
2018-07-14 21:30:00,0.18606964751919766,0.030141438142703647,20.0
2018-07-14 22:00:00,0.1858883829541605,0.030077525192457225,20.0
2018-07-14 22:30:00,0.18570711838912332,0.0300136122422108,20.0
2018-07-14 23:00:00,0.18552585382408615,0.029949699291964373,20.0
2018-07-14 23:30:00,0.18534458925904898,0.02988578634171795,20.0
2018-07-15 00:00:00,0.1851633246940118,0.029821873391471524,20.0
2018-07-15 00:30:00,0.18498206012897467,0.029757960441225098,20.0
2018-07-15 01:00:00,0.1848007955639375,0.029694047490978672,20.0
2018-07-15 01:30:00,0.18461953099890033,0.02963013454073225,20.0
2018-07-15 02:00:00,0.18443826643386316,0.029566221590485824,20.0
2018-07-15 02:30:00,0.18481947080670189,0.02967347361366657,20.0
2018-07-15 03:00:00,0.1852006751795406,0.02978072563684732,20.0
2018-07-15 03:30:00,0.18558187955237934,0.029887977660028067,20.0
2018-07-15 04:00:00,0.18596308392521807,0.029995229683208814,20.0
2018-07-15 04:30:00,0.1863442882980568,0.030102481706389562,20.0
2018-07-15 05:00:00,0.18672549267089553,0.03020973372957031,20.0
2018-07-15 05:30:00,0.18710669704373425,0.030316985752751054,20.0
2018-07-15 06:00:00,0.18748790141657298,0.0304242377759318,20.0
2018-07-15 06:30:00,0.1878691057894117,0.03053148979911255,20.0
2018-07-15 07:00:00,0.18825031016225044,0.030638741822293297,20.0
2018-07-15 07:30:00,0.18863151453508917,0.030745993845474044,20.0
2018-07-15 08:00:00,0.1890127189079279,0.030853245868654792,20.0
2018-07-15 08:30:00,0.1893939232807666,0.03096049789183554,20.0
2018-07-15 09:00:00,0.18977512765360532,0.031067749915016287,20.0
2018-07-15 09:30:00,0.19015633202644405,0.031175001938197035,20.0
2018-07-15 10:00:00,0.19053753639928278,0.03128225396137778,20.0
2018-07-15 10:30:00,0.1909187407721215,0.03138950598455853,20.0
2018-07-15 11:00:00,0.19129994514496024,0.031496758007739274,20.0
2018-07-15 11:30:00,0.19168114951779897,0.031604010030920025,20.0
2018-07-15 12:00:00,0.1920623538906377,0.03171126205410077,20.0
2018-07-15 12:30:00,0.19244355826347642,0.03181851407728152,20.0
2018-07-15 13:00:00,0.19282476263631515,0.031925766100462265,20.0
2018-07-15 13:30:00,0.19320596700915388,0.032033018123643016,20.0
2018-07-15 14:00:00,0.1935871713819926,0.03214027014682376,20.0
2018-07-15 14:30:00,0.19367671685122817,0.03217578278936966,20.0
2018-07-15 15:00:00,0.19376626232046373,0.03221129543191556,20.0
2018-07-15 15:30:00,0.1938558077896993,0.03224680807446145,20.0
2018-07-15 16:00:00,0.19394535325893483,0.03228232071700735,20.0
2018-07-15 16:30:00,0.1940348987281704,0.03231783335955325,20.0
2018-07-15 17:00:00,0.19412444419740596,0.03235334600209915,20.0
2018-07-15 17:30:00,0.19421398966664152,0.03238885864464505,20.0
2018-07-15 18:00:00,0.1943035351358771,0.03242437128719095,20.0
2018-07-15 18:30:00,0.19439308060511265,0.032459883929736845,20.0
2018-07-15 19:00:00,0.19448262607434819,0.032495396572282745,20.0
2018-07-15 19:30:00,0.19457217154358375,0.032530909214828645,20.0
2018-07-15 20:00:00,0.1946617170128193,0.032566421857374545,20.0
2018-07-15 20:30:00,0.19475126248205488,0.032601934499920444,20.0
2018-07-15 21:00:00,0.19484080795129044,0.032637447142466344,20.0
2018-07-15 21:30:00,0.194930353420526,0.03267295978501224,20.0
2018-07-15 22:00:00,0.19501989888976154,0.03270847242755814,20.0
2018-07-15 22:30:00,0.1951094443589971,0.03274398507010404,20.0
2018-07-15 23:00:00,0.19519898982823267,0.03277949771264994,20.0
2018-07-15 23:30:00,0.19528853529746823,0.03281501035519584,20.0
2018-07-16 00:00:00,0.1953780807667038,0.032850522997741737,20.0
2018-07-16 00:30:00,0.19546762623593936,0.03288603564028763,20.0
2018-07-16 01:00:00,0.1955571717051749,0.03292154828283353,20.0
2018-07-16 01:30:00,0.19564671717441046,0.03295706092537943,20.0
2018-07-16 02:00:00,0.19573626264364602,0.03299257356792533,20.0
2018-07-16 02:30:00,0.19534225688665346,0.03287820548490603,20.0
2018-07-16 03:00:00,0.19494825112966094,0.032763837401886736,20.0
2018-07-16 03:30:00,0.1945542453726684,0.03264946931886744,20.0
2018-07-16 04:00:00,0.19416023961567586,0.03253510123584814,20.0
2018-07-16 04:30:00,0.1937662338586833,0.03242073315282884,20.0
2018-07-16 05:00:00,0.19337222810169077,0.032306365069809544,20.0
2018-07-16 05:30:00,0.19297822234469825,0.03219199698679025,20.0
2018-07-16 06:00:00,0.1925842165877057,0.03207762890377095,20.0
2018-07-16 06:30:00,0.19219021083071314,0.031963260820751654,20.0
2018-07-16 07:00:00,0.1917962050737206,0.03184889273773236,20.0
2018-07-16 07:30:00,0.19140219931672808,0.03173452465471306,20.0
2018-07-16 08:00:00,0.19100819355973553,0.03162015657169376,20.0
2018-07-16 08:30:00,0.19061418780274297,0.03150578848867446,20.0
2018-07-16 09:00:00,0.19022018204575045,0.031391420405655165,20.0
2018-07-16 09:30:00,0.18982617628875792,0.03127705232263587,20.0
2018-07-16 10:00:00,0.18943217053176536,0.031162684239616573,20.0
2018-07-16 10:30:00,0.1890381647747728,0.031048316156597276,20.0
2018-07-16 11:00:00,0.18864415901778028,0.03093394807357798,20.0
2018-07-16 11:30:00,0.18825015326078776,0.03081957999055868,20.0
2018-07-16 12:00:00,0.1878561475037952,0.030705211907539384,20.0
2018-07-16 12:30:00,0.18746214174680265,0.030590843824520087,20.0
2018-07-16 13:00:00,0.18706813598981012,0.030476475741500787,20.0
2018-07-16 13:30:00,0.1866741302328176,0.03036210765848149,20.0
2018-07-16 14:00:00,0.18628012447582504,0.030247739575462194,20.0
2018-07-16 14:30:00,0.18604113746561945,0.030203176401455527,20.0
2018-07-16 15:00:00,0.1858021504554139,0.030158613227448856,20.0
2018-07-16 15:30:00,0.18556316344520832,0.030114050053442188,20.0
2018-07-16 16:00:00,0.18532417643500274,0.030069486879435517,20.0
2018-07-16 16:30:00,0.18508518942479718,0.03002492370542885,20.0
2018-07-16 17:00:00,0.1848462024145916,0.02998036053142218,20.0
2018-07-16 17:30:00,0.18460721540438602,0.02993579735741551,20.0
2018-07-16 18:00:00,0.18436822839418046,0.029891234183408843,20.0
2018-07-16 18:30:00,0.18412924138397488,0.02984667100940217,20.0
2018-07-16 19:00:00,0.1838902543737693,0.029802107835395504,20.0
2018-07-16 19:30:00,0.18365126736356374,0.029757544661388833,20.0
2018-07-16 20:00:00,0.18341228035335816,0.029712981487382165,20.0
2018-07-16 20:30:00,0.18317329334315258,0.029668418313375498,20.0
2018-07-16 21:00:00,0.18293430633294702,0.029623855139368827,20.0
2018-07-16 21:30:00,0.18269531932274144,0.02957929196536216,20.0
2018-07-16 22:00:00,0.18245633231253586,0.029534728791355488,20.0
2018-07-16 22:30:00,0.1822173453023303,0.02949016561734882,20.0
2018-07-16 23:00:00,0.18197835829212472,0.029445602443342152,20.0
2018-07-16 23:30:00,0.18173937128191914,0.02940103926933548,20.0
2018-07-17 00:00:00,0.18150038427171358,0.029356476095328814,20.0
2018-07-17 00:30:00,0.181261397261508,0.029311912921322143,20.0
2018-07-17 01:00:00,0.18102241025130242,0.029267349747315475,20.0
2018-07-17 01:30:00,0.18078342324109686,0.029222786573308804,20.0
2018-07-17 02:00:00,0.18054443623089128,0.029178223399302136,20.0
2018-07-17 02:30:00,0.18033998211026242,0.02914887426485988,20.0
2018-07-17 03:00:00,0.18013552798963353,0.029119525130417625,20.0
2018-07-17 03:30:00,0.17993107386900467,0.029090175995975368,20.0
2018-07-17 04:00:00,0.17972661974837578,0.02906082686153311,20.0
2018-07-17 04:30:00,0.17952216562774692,0.029031477727090853,20.0
2018-07-17 05:00:00,0.17931771150711806,0.0290021285926486,20.0
2018-07-17 05:30:00,0.17911325738648917,0.02897277945820634,20.0
2018-07-17 06:00:00,0.1789088032658603,0.028943430323764084,20.0
2018-07-17 06:30:00,0.17870434914523145,0.02891408118932183,20.0
2018-07-17 07:00:00,0.17849989502460256,0.028884732054879573,20.0
2018-07-17 07:30:00,0.1782954409039737,0.028855382920437316,20.0
2018-07-17 08:00:00,0.17809098678334484,0.02882603378599506,20.0
2018-07-17 08:30:00,0.17788653266271595,0.028796684651552804,20.0
2018-07-17 09:00:00,0.1776820785420871,0.028767335517110547,20.0
2018-07-17 09:30:00,0.1774776244214582,0.02873798638266829,20.0
2018-07-17 10:00:00,0.17727317030082934,0.028708637248226036,20.0
2018-07-17 10:30:00,0.17706871618020048,0.028679288113783778,20.0
2018-07-17 11:00:00,0.1768642620595716,0.02864993897934152,20.0
2018-07-17 11:30:00,0.17665980793894273,0.028620589844899267,20.0
2018-07-17 12:00:00,0.17645535381831384,0.02859124071045701,20.0
2018-07-17 12:30:00,0.17625089969768498,0.028561891576014752,20.0
2018-07-17 13:00:00,0.17604644557705612,0.028532542441572495,20.0
2018-07-17 13:30:00,0.17584199145642723,0.02850319330713024,20.0
2018-07-17 14:00:00,0.17563753733579837,0.028473844172687984,20.0
2018-07-17 14:30:00,0.1754824725975507,0.028439412905175064,20.0
2018-07-17 15:00:00,0.175327407859303,0.028404981637662148,20.0
2018-07-17 15:30:00,0.17517234312105534,0.028370550370149232,20.0
2018-07-17 16:00:00,0.17501727838280765,0.028336119102636313,20.0
2018-07-17 16:30:00,0.17486221364455998,0.028301687835123393,20.0
2018-07-17 17:00:00,0.17470714890631228,0.028267256567610477,20.0
2018-07-17 17:30:00,0.17455208416806461,0.02823282530009756,20.0
2018-07-17 18:00:00,0.17439701942981692,0.02819839403258464,20.0
2018-07-17 18:30:00,0.17424195469156925,0.028163962765071722,20.0
2018-07-17 19:00:00,0.17408688995332156,0.028129531497558806,20.0
2018-07-17 19:30:00,0.1739318252150739,0.02809510023004589,20.0
2018-07-17 20:00:00,0.17377676047682622,0.02806066896253297,20.0
2018-07-17 20:30:00,0.17362169573857852,0.02802623769502005,20.0
2018-07-17 21:00:00,0.17346663100033086,0.027991806427507135,20.0
2018-07-17 21:30:00,0.17331156626208316,0.02795737515999422,20.0
2018-07-17 22:00:00,0.1731565015238355,0.0279229438924813,20.0
2018-07-17 22:30:00,0.1730014367855878,0.02788851262496838,20.0
2018-07-17 23:00:00,0.17284637204734013,0.027854081357455464,20.0
2018-07-17 23:30:00,0.17269130730909243,0.027819650089942548,20.0
2018-07-18 00:00:00,0.17253624257084477,0.02778521882242963,20.0
2018-07-18 00:30:00,0.17238117783259707,0.02775078755491671,20.0
2018-07-18 01:00:00,0.1722261130943494,0.027716356287403793,20.0
2018-07-18 01:30:00,0.1720710483561017,0.027681925019890877,20.0
2018-07-18 02:00:00,0.17191598361785404,0.027647493752377957,20.0
2018-07-18 02:30:00,0.17178104091847987,0.027633432573301746,20.0
2018-07-18 03:00:00,0.1716460982191057,0.027619371394225538,20.0
2018-07-18 03:30:00,0.17151115551973153,0.027605310215149326,20.0
2018-07-18 04:00:00,0.17137621282035737,0.027591249036073115,20.0
2018-07-18 04:30:00,0.1712412701209832,0.027577187856996907,20.0
2018-07-18 05:00:00,0.17110632742160903,0.027563126677920696,20.0
2018-07-18 05:30:00,0.17097138472223486,0.027549065498844488,20.0
2018-07-18 06:00:00,0.1708364420228607,0.027535004319768276,20.0
2018-07-18 06:30:00,0.17070149932348652,0.027520943140692065,20.0
2018-07-18 07:00:00,0.17056655662411235,0.027506881961615857,20.0
2018-07-18 07:30:00,0.17043161392473818,0.027492820782539645,20.0
2018-07-18 08:00:00,0.17029667122536404,0.027478759603463437,20.0
2018-07-18 08:30:00,0.17016172852598987,0.027464698424387226,20.0
2018-07-18 09:00:00,0.1700267858266157,0.027450637245311015,20.0
2018-07-18 09:30:00,0.16989184312724154,0.027436576066234807,20.0
2018-07-18 10:00:00,0.16975690042786737,0.027422514887158595,20.0
2018-07-18 10:30:00,0.1696219577284932,0.027408453708082384,20.0
2018-07-18 11:00:00,0.16948701502911903,0.027394392529006176,20.0
2018-07-18 11:30:00,0.16935207232974486,0.027380331349929964,20.0
2018-07-18 12:00:00,0.1692171296303707,0.027366270170853753,20.0
2018-07-18 12:30:00,0.16908218693099653,0.027352208991777545,20.0
2018-07-18 13:00:00,0.16894724423162236,0.027338147812701333,20.0
2018-07-18 13:30:00,0.1688123015322482,0.027324086633625125,20.0
2018-07-18 14:00:00,0.16867735883287402,0.027310025454548914,20.0
2018-07-18 14:30:00,0.16853544469057974,0.027282452465457855,20.0
2018-07-18 15:00:00,0.16839353054828546,0.027254879476366796,20.0
2018-07-18 15:30:00,0.16825161640599118,0.027227306487275733,20.0
2018-07-18 16:00:00,0.16810970226369687,0.027199733498184674,20.0
2018-07-18 16:30:00,0.1679677881214026,0.027172160509093615,20.0
2018-07-18 17:00:00,0.1678258739791083,0.027144587520002556,20.0
2018-07-18 17:30:00,0.16768395983681403,0.027117014530911497,20.0
2018-07-18 18:00:00,0.16754204569451975,0.027089441541820435,20.0
2018-07-18 18:30:00,0.16740013155222547,0.027061868552729375,20.0
2018-07-18 19:00:00,0.1672582174099312,0.027034295563638316,20.0
2018-07-18 19:30:00,0.1671163032676369,0.027006722574547257,20.0
2018-07-18 20:00:00,0.16697438912534263,0.0269791495854562,20.0
2018-07-18 20:30:00,0.16683247498304832,0.026951576596365136,20.0
2018-07-18 21:00:00,0.16669056084075404,0.026924003607274077,20.0
2018-07-18 21:30:00,0.16654864669845976,0.026896430618183018,20.0
2018-07-18 22:00:00,0.16640673255616548,0.02686885762909196,20.0
2018-07-18 22:30:00,0.1662648184138712,0.026841284640000896,20.0
2018-07-18 23:00:00,0.16612290427157692,0.026813711650909837,20.0
2018-07-18 23:30:00,0.16598099012928264,0.026786138661818778,20.0
2018-07-19 00:00:00,0.16583907598698833,0.02675856567272772,20.0
2018-07-19 00:30:00,0.16569716184469405,0.02673099268363666,20.0
2018-07-19 01:00:00,0.16555524770239977,0.026703419694545597,20.0
2018-07-19 01:30:00,0.16541333356010549,0.026675846705454538,20.0
2018-07-19 02:00:00,0.1652714194178112,0.02664827371636348,20.0
2018-07-19 02:30:00,0.1651594004262599,0.026637334686571305,20.0
2018-07-19 03:00:00,0.1650473814347086,0.02662639565677913,20.0
2018-07-19 03:30:00,0.16493536244315726,0.026615456626986958,20.0
2018-07-19 04:00:00,0.16482334345160596,0.026604517597194784,20.0
2018-07-19 04:30:00,0.16471132446005465,0.02659357856740261,20.0
2018-07-19 05:00:00,0.16459930546850332,0.026582639537610434,20.0
2018-07-19 05:30:00,0.16448728647695202,0.02657170050781826,20.0
2018-07-19 06:00:00,0.1643752674854007,0.026560761478026086,20.0
2018-07-19 06:30:00,0.1642632484938494,0.026549822448233912,20.0
2018-07-19 07:00:00,0.1641512295022981,0.02653888341844174,20.0
2018-07-19 07:30:00,0.16403921051074677,0.026527944388649565,20.0
2018-07-19 08:00:00,0.16392719151919546,0.02651700535885739,20.0
2018-07-19 08:30:00,0.16381517252764416,0.026506066329065218,20.0
2018-07-19 09:00:00,0.16370315353609283,0.026495127299273044,20.0
2018-07-19 09:30:00,0.16359113454454152,0.02648418826948087,20.0
2018-07-19 10:00:00,0.16347911555299022,0.026473249239688697,20.0
2018-07-19 10:30:00,0.1633670965614389,0.026462310209896523,20.0
2018-07-19 11:00:00,0.1632550775698876,0.026451371180104346,20.0
2018-07-19 11:30:00,0.16314305857833628,0.026440432150312172,20.0
2018-07-19 12:00:00,0.16303103958678497,0.02642949312052,20.0
2018-07-19 12:30:00,0.16291902059523367,0.026418554090727825,20.0
2018-07-19 13:00:00,0.16280700160368233,0.02640761506093565,20.0
2018-07-19 13:30:00,0.16269498261213103,0.026396676031143478,20.0
2018-07-19 14:00:00,0.16258296362057972,0.026385737001351304,20.0
2018-07-19 14:30:00,0.16245151871160202,0.02637209699902028,20.0
2018-07-19 15:00:00,0.1623200738026243,0.02635845699668926,20.0
2018-07-19 15:30:00,0.1621886288936466,0.026344816994358238,20.0
2018-07-19 16:00:00,0.1620571839846689,0.02633117699202722,20.0
2018-07-19 16:30:00,0.1619257390756912,0.026317536989696196,20.0
2018-07-19 17:00:00,0.16179429416671348,0.026303896987365172,20.0
2018-07-19 17:30:00,0.16166284925773577,0.026290256985034153,20.0
2018-07-19 18:00:00,0.16153140434875807,0.02627661698270313,20.0
2018-07-19 18:30:00,0.16139995943978036,0.02626297698037211,20.0
2018-07-19 19:00:00,0.16126851453080265,0.026249336978041087,20.0
2018-07-19 19:30:00,0.16113706962182495,0.026235696975710068,20.0
2018-07-19 20:00:00,0.16100562471284727,0.026222056973379045,20.0
2018-07-19 20:30:00,0.16087417980386956,0.02620841697104802,20.0
2018-07-19 21:00:00,0.16074273489489185,0.026194776968717002,20.0
2018-07-19 21:30:00,0.16061128998591415,0.02618113696638598,20.0
2018-07-19 22:00:00,0.16047984507693644,0.02616749696405496,20.0
2018-07-19 22:30:00,0.16034840016795873,0.026153856961723936,20.0
2018-07-19 23:00:00,0.16021695525898103,0.026140216959392913,20.0
2018-07-19 23:30:00,0.16008551035000332,0.026126576957061894,20.0
2018-07-20 00:00:00,0.1599540654410256,0.02611293695473087,20.0
2018-07-20 00:30:00,0.1598226205320479,0.02609929695239985,20.0
2018-07-20 01:00:00,0.1596911756230702,0.026085656950068828,20.0
2018-07-20 01:30:00,0.1595597307140925,0.02607201694773781,20.0
2018-07-20 02:00:00,0.15942828580511478,0.026058376945406785,20.0
2018-07-20 02:30:00,0.1595434686550852,0.02605291663787413,20.0
2018-07-20 03:00:00,0.15965865150505565,0.02604745633034148,20.0
2018-07-20 03:30:00,0.15977383435502607,0.026041996022808826,20.0
2018-07-20 04:00:00,0.15988901720499651,0.02603653571527617,20.0
2018-07-20 04:30:00,0.16000420005496693,0.02603107540774352,20.0
2018-07-20 05:00:00,0.16011938290493735,0.026025615100210866,20.0
2018-07-20 05:30:00,0.1602345657549078,0.02602015479267821,20.0
2018-07-20 06:00:00,0.16034974860487822,0.02601469448514556,20.0
2018-07-20 06:30:00,0.16046493145484866,0.026009234177612906,20.0
2018-07-20 07:00:00,0.16058011430481908,0.026003773870080252,20.0
2018-07-20 07:30:00,0.16069529715478953,0.0259983135625476,20.0
2018-07-20 08:00:00,0.16081048000475995,0.025992853255014946,20.0
2018-07-20 08:30:00,0.16092566285473037,0.025987392947482292,20.0
2018-07-20 09:00:00,0.1610408457047008,0.02598193263994964,20.0
2018-07-20 09:30:00,0.16115602855467123,0.025976472332416987,20.0
2018-07-20 10:00:00,0.16127121140464168,0.025971012024884332,20.0
2018-07-20 10:30:00,0.1613863942546121,0.02596555171735168,20.0
2018-07-20 11:00:00,0.16150157710458252,0.025960091409819027,20.0
2018-07-20 11:30:00,0.16161675995455296,0.025954631102286373,20.0
2018-07-20 12:00:00,0.16173194280452338,0.025949170794753722,20.0
2018-07-20 12:30:00,0.16184712565449383,0.025943710487221067,20.0
2018-07-20 13:00:00,0.16196230850446425,0.025938250179688413,20.0
2018-07-20 13:30:00,0.1620774913544347,0.025932789872155762,20.0
2018-07-20 14:00:00,0.1621926742044051,0.025927329564623108,20.0
2018-07-20 14:30:00,0.16219117643727904,0.025919907923699387,20.0
2018-07-20 15:00:00,0.16218967867015294,0.025912486282775666,20.0
2018-07-20 15:30:00,0.16218818090302686,0.025905064641851945,20.0
2018-07-20 16:00:00,0.1621866831359008,0.025897643000928224,20.0
2018-07-20 16:30:00,0.16218518536877471,0.025890221360004503,20.0
2018-07-20 17:00:00,0.1621836876016486,0.025882799719080783,20.0
2018-07-20 17:30:00,0.16218218983452254,0.025875378078157058,20.0
2018-07-20 18:00:00,0.16218069206739646,0.025867956437233337,20.0
2018-07-20 18:30:00,0.16217919430027036,0.025860534796309616,20.0
2018-07-20 19:00:00,0.1621776965331443,0.025853113155385896,20.0
2018-07-20 19:30:00,0.16217619876601821,0.025845691514462175,20.0
2018-07-20 20:00:00,0.16217470099889214,0.025838269873538454,20.0
2018-07-20 20:30:00,0.16217320323176604,0.025830848232614733,20.0
2018-07-20 21:00:00,0.16217170546463996,0.025823426591691012,20.0
2018-07-20 21:30:00,0.1621702076975139,0.02581600495076729,20.0
2018-07-20 22:00:00,0.1621687099303878,0.02580858330984357,20.0
2018-07-20 22:30:00,0.16216721216326171,0.02580116166891985,20.0
2018-07-20 23:00:00,0.16216571439613564,0.02579374002799613,20.0
2018-07-20 23:30:00,0.16216421662900954,0.025786318387072404,20.0
2018-07-21 00:00:00,0.16216271886188346,0.025778896746148684,20.0
2018-07-21 00:30:00,0.1621612210947574,0.025771475105224963,20.0
2018-07-21 01:00:00,0.16215972332763132,0.025764053464301242,20.0
2018-07-21 01:30:00,0.16215822556050521,0.02575663182337752,20.0
2018-07-21 02:00:00,0.16215672779337914,0.0257492101824538,20.0
2018-07-21 02:30:00,0.16253358741897767,0.02579638836838981,20.0
2018-07-21 03:00:00,0.16291044704457622,0.025843566554325823,20.0
2018-07-21 03:30:00,0.16328730667017474,0.025890744740261835,20.0
2018-07-21 04:00:00,0.16366416629577327,0.025937922926197846,20.0
2018-07-21 04:30:00,0.16404102592137182,0.025985101112133858,20.0
2018-07-21 05:00:00,0.16441788554697034,0.02603227929806987,20.0
2018-07-21 05:30:00,0.16479474517256887,0.02607945748400588,20.0
2018-07-21 06:00:00,0.16517160479816742,0.026126635669941892,20.0
2018-07-21 06:30:00,0.16554846442376595,0.026173813855877904,20.0
2018-07-21 07:00:00,0.16592532404936447,0.026220992041813915,20.0
2018-07-21 07:30:00,0.16630218367496302,0.026268170227749927,20.0
2018-07-21 08:00:00,0.16667904330056155,0.02631534841368594,20.0
2018-07-21 08:30:00,0.16705590292616007,0.02636252659962195,20.0
2018-07-21 09:00:00,0.16743276255175862,0.02640970478555796,20.0
2018-07-21 09:30:00,0.16780962217735715,0.026456882971493973,20.0
2018-07-21 10:00:00,0.16818648180295567,0.026504061157429985,20.0
2018-07-21 10:30:00,0.16856334142855423,0.026551239343365996,20.0
2018-07-21 11:00:00,0.16894020105415275,0.026598417529302008,20.0
2018-07-21 11:30:00,0.16931706067975127,0.02664559571523802,20.0
2018-07-21 12:00:00,0.16969392030534983,0.02669277390117403,20.0
2018-07-21 12:30:00,0.17007077993094835,0.026739952087110042,20.0
2018-07-21 13:00:00,0.17044763955654688,0.026787130273046054,20.0
2018-07-21 13:30:00,0.17082449918214543,0.026834308458982065,20.0
2018-07-21 14:00:00,0.17120135880774395,0.026881486644918077,20.0
2018-07-21 14:30:00,0.1710115191185634,0.026859764066897253,20.0
2018-07-21 15:00:00,0.17082167942938287,0.026838041488876425,20.0
2018-07-21 15:30:00,0.1706318397402023,0.026816318910855598,20.0
2018-07-21 16:00:00,0.17044200005102175,0.026794596332834774,20.0
2018-07-21 16:30:00,0.1702521603618412,0.02677287375481395,20.0
2018-07-21 17:00:00,0.17006232067266064,0.026751151176793123,20.0
2018-07-21 17:30:00,0.1698724809834801,0.026729428598772295,20.0
2018-07-21 18:00:00,0.16968264129429955,0.02670770602075147,20.0
2018-07-21 18:30:00,0.169492801605119,0.026685983442730647,20.0
2018-07-21 19:00:00,0.16930296191593847,0.02666426086470982,20.0
2018-07-21 19:30:00,0.1691131222267579,0.026642538286688992,20.0
2018-07-21 20:00:00,0.16892328253757735,0.02662081570866817,20.0
2018-07-21 20:30:00,0.1687334428483968,0.026599093130647344,20.0
2018-07-21 21:00:00,0.16854360315921624,0.026577370552626517,20.0
2018-07-21 21:30:00,0.1683537634700357,0.02655564797460569,20.0
2018-07-21 22:00:00,0.16816392378085515,0.026533925396584866,20.0
2018-07-21 22:30:00,0.1679740840916746,0.02651220281856404,20.0
2018-07-21 23:00:00,0.16778424440249406,0.026490480240543214,20.0
2018-07-21 23:30:00,0.1675944047133135,0.026468757662522387,20.0
2018-07-22 00:00:00,0.16740456502413295,0.026447035084501563,20.0
2018-07-22 00:30:00,0.1672147253349524,0.02642531250648074,20.0
2018-07-22 01:00:00,0.16702488564577184,0.02640358992845991,20.0
2018-07-22 01:30:00,0.1668350459565913,0.026381867350439084,20.0
2018-07-22 02:00:00,0.16664520626741075,0.02636014477241826,20.0
2018-07-22 02:30:00,0.16647387387603818,0.026358451467139336,20.0
2018-07-22 03:00:00,0.1663025414846656,0.02635675816186041,20.0
2018-07-22 03:30:00,0.16613120909329304,0.026355064856581487,20.0
2018-07-22 04:00:00,0.16595987670192047,0.026353371551302563,20.0
2018-07-22 04:30:00,0.1657885443105479,0.02635167824602364,20.0
2018-07-22 05:00:00,0.16561721191917533,0.026349984940744715,20.0
2018-07-22 05:30:00,0.16544587952780276,0.026348291635465794,20.0
2018-07-22 06:00:00,0.1652745471364302,0.02634659833018687,20.0
2018-07-22 06:30:00,0.16510321474505762,0.026344905024907946,20.0
2018-07-22 07:00:00,0.16493188235368506,0.02634321171962902,20.0
2018-07-22 07:30:00,0.16476054996231249,0.026341518414350097,20.0
2018-07-22 08:00:00,0.1645892175709399,0.026339825109071173,20.0
2018-07-22 08:30:00,0.16441788517956732,0.02633813180379225,20.0
2018-07-22 09:00:00,0.16424655278819475,0.026336438498513325,20.0
2018-07-22 09:30:00,0.16407522039682218,0.0263347451932344,20.0
2018-07-22 10:00:00,0.1639038880054496,0.026333051887955476,20.0
2018-07-22 10:30:00,0.16373255561407704,0.026331358582676552,20.0
2018-07-22 11:00:00,0.16356122322270447,0.026329665277397628,20.0
2018-07-22 11:30:00,0.1633898908313319,0.026327971972118707,20.0
2018-07-22 12:00:00,0.16321855843995933,0.026326278666839783,20.0
2018-07-22 12:30:00,0.16304722604858676,0.02632458536156086,20.0
2018-07-22 13:00:00,0.1628758936572142,0.026322892056281934,20.0
2018-07-22 13:30:00,0.16270456126584162,0.02632119875100301,20.0
2018-07-22 14:00:00,0.16253322887446905,0.026319505445724086,20.0
2018-07-22 14:30:00,0.16241279084796795,0.026309599369598247,20.0
2018-07-22 15:00:00,0.1622923528214668,0.026299693293472412,20.0
2018-07-22 15:30:00,0.1621719147949657,0.026289787217346573,20.0
2018-07-22 16:00:00,0.1620514767684646,0.026279881141220738,20.0
2018-07-22 16:30:00,0.16193103874196346,0.0262699750650949,20.0
2018-07-22 17:00:00,0.16181060071546235,0.02626006898896906,20.0
2018-07-22 17:30:00,0.16169016268896122,0.026250162912843225,20.0
2018-07-22 18:00:00,0.1615697246624601,0.026240256836717386,20.0
2018-07-22 18:30:00,0.161449286635959,0.02623035076059155,20.0
2018-07-22 19:00:00,0.16132884860945787,0.026220444684465712,20.0
2018-07-22 19:30:00,0.16120841058295676,0.026210538608339877,20.0
2018-07-22 20:00:00,0.16108797255645563,0.026200632532214038,20.0
2018-07-22 20:30:00,0.16096753452995452,0.0261907264560882,20.0
2018-07-22 21:00:00,0.1608470965034534,0.026180820379962364,20.0
2018-07-22 21:30:00,0.16072665847695228,0.026170914303836525,20.0
2018-07-22 22:00:00,0.16060622045045117,0.02616100822771069,20.0
2018-07-22 22:30:00,0.16048578242395006,0.02615110215158485,20.0
2018-07-22 23:00:00,0.16036534439744893,0.026141196075459013,20.0
2018-07-22 23:30:00,0.16024490637094782,0.026131289999333177,20.0
2018-07-23 00:00:00,0.1601244683444467,0.02612138392320734,20.0
2018-07-23 00:30:00,0.16000403031794558,0.026111477847081503,20.0
2018-07-23 01:00:00,0.15988359229144447,0.026101571770955664,20.0
2018-07-23 01:30:00,0.15976315426494334,0.02609166569482983,20.0
2018-07-23 02:00:00,0.15964271623844223,0.02608175961870399,20.0
2018-07-23 02:30:00,0.15955447160824487,0.026089657393978876,20.0
2018-07-23 03:00:00,0.1594662269780475,0.026097555169253762,20.0
2018-07-23 03:30:00,0.15937798234785014,0.026105452944528644,20.0
2018-07-23 04:00:00,0.15928973771765279,0.02611335071980353,20.0
2018-07-23 04:30:00,0.15920149308745543,0.026121248495078415,20.0
2018-07-23 05:00:00,0.15911324845725805,0.0261291462703533,20.0
2018-07-23 05:30:00,0.1590250038270607,0.026137044045628187,20.0
2018-07-23 06:00:00,0.15893675919686334,0.02614494182090307,20.0
2018-07-23 06:30:00,0.15884851456666596,0.026152839596177955,20.0
2018-07-23 07:00:00,0.1587602699364686,0.02616073737145284,20.0
2018-07-23 07:30:00,0.15867202530627125,0.026168635146727726,20.0
2018-07-23 08:00:00,0.1585837806760739,0.02617653292200261,20.0
2018-07-23 08:30:00,0.15849553604587652,0.026184430697277494,20.0
2018-07-23 09:00:00,0.15840729141567916,0.02619232847255238,20.0
2018-07-23 09:30:00,0.1583190467854818,0.026200226247827266,20.0
2018-07-23 10:00:00,0.15823080215528443,0.02620812402310215,20.0
2018-07-23 10:30:00,0.15814255752508707,0.026216021798377034,20.0
2018-07-23 11:00:00,0.15805431289488972,0.02622391957365192,20.0
2018-07-23 11:30:00,0.15796606826469234,0.026231817348926805,20.0
2018-07-23 12:00:00,0.15787782363449498,0.02623971512420169,20.0
2018-07-23 12:30:00,0.15778957900429763,0.026247612899476577,20.0
2018-07-23 13:00:00,0.15770133437410028,0.02625551067475146,20.0
2018-07-23 13:30:00,0.1576130897439029,0.026263408450026345,20.0
2018-07-23 14:00:00,0.15752484511370554,0.02627130622530123,20.0
2018-07-23 14:30:00,0.15742973872567975,0.02626555506624267,20.0
2018-07-23 15:00:00,0.15733463233765393,0.02625980390718411,20.0
2018-07-23 15:30:00,0.15723952594962814,0.026254052748125548,20.0
2018-07-23 16:00:00,0.15714441956160233,0.026248301589066988,20.0
2018-07-23 16:30:00,0.15704931317357654,0.026242550430008428,20.0
2018-07-23 17:00:00,0.15695420678555075,0.02623679927094987,20.0
2018-07-23 17:30:00,0.15685910039752493,0.02623104811189131,20.0
2018-07-23 18:00:00,0.15676399400949914,0.02622529695283275,20.0
2018-07-23 18:30:00,0.15666888762147332,0.026219545793774186,20.0
2018-07-23 19:00:00,0.15657378123344753,0.026213794634715626,20.0
2018-07-23 19:30:00,0.15647867484542172,0.026208043475657066,20.0
2018-07-23 20:00:00,0.15638356845739593,0.026202292316598506,20.0
2018-07-23 20:30:00,0.15628846206937014,0.026196541157539947,20.0
2018-07-23 21:00:00,0.15619335568134432,0.026190789998481387,20.0
2018-07-23 21:30:00,0.15609824929331853,0.026185038839422824,20.0
2018-07-23 22:00:00,0.1560031429052927,0.026179287680364264,20.0
2018-07-23 22:30:00,0.15590803651726692,0.026173536521305704,20.0
2018-07-23 23:00:00,0.15581293012924113,0.026167785362247144,20.0
2018-07-23 23:30:00,0.15571782374121532,0.026162034203188585,20.0
2018-07-24 00:00:00,0.15562271735318953,0.026156283044130025,20.0
2018-07-24 00:30:00,0.1555276109651637,0.02615053188507146,20.0
2018-07-24 01:00:00,0.15543250457713792,0.026144780726012902,20.0
2018-07-24 01:30:00,0.1553373981891121,0.026139029566954342,20.0
2018-07-24 02:00:00,0.1552422918010863,0.026133278407895782,20.0
2018-07-24 02:30:00,0.1551819398602373,0.02614257533138497,20.0
2018-07-24 03:00:00,0.15512158791938827,0.026151872254874156,20.0
2018-07-24 03:30:00,0.15506123597853924,0.02616116917836334,20.0
2018-07-24 04:00:00,0.15500088403769022,0.026170466101852526,20.0
2018-07-24 04:30:00,0.1549405320968412,0.026179763025341713,20.0
2018-07-24 05:00:00,0.15488018015599217,0.0261890599488309,20.0
2018-07-24 05:30:00,0.15481982821514315,0.026198356872320087,20.0
2018-07-24 06:00:00,0.15475947627429412,0.02620765379580927,20.0
2018-07-24 06:30:00,0.1546991243334451,0.026216950719298457,20.0
2018-07-24 07:00:00,0.15463877239259607,0.026226247642787644,20.0
2018-07-24 07:30:00,0.15457842045174705,0.02623554456627683,20.0
2018-07-24 08:00:00,0.15451806851089805,0.026244841489766014,20.0
2018-07-24 08:30:00,0.15445771657004903,0.0262541384132552,20.0
2018-07-24 09:00:00,0.1543973646292,0.026263435336744387,20.0
2018-07-24 09:30:00,0.15433701268835098,0.026272732260233574,20.0
2018-07-24 10:00:00,0.15427666074750196,0.02628202918372276,20.0
2018-07-24 10:30:00,0.15421630880665294,0.026291326107211944,20.0
2018-07-24 11:00:00,0.1541559568658039,0.02630062303070113,20.0
2018-07-24 11:30:00,0.1540956049249549,0.026309919954190318,20.0
2018-07-24 12:00:00,0.15403525298410586,0.026319216877679505,20.0
2018-07-24 12:30:00,0.15397490104325684,0.02632851380116869,20.0
2018-07-24 13:00:00,0.15391454910240782,0.026337810724657875,20.0
2018-07-24 13:30:00,0.1538541971615588,0.026347107648147062,20.0
2018-07-24 14:00:00,0.15379384522070977,0.02635640457163625,20.0
2018-07-24 14:30:00,0.15369857607900267,0.02635284522848202,20.0
2018-07-24 15:00:00,0.15360330693729554,0.02634928588532779,20.0
2018-07-24 15:30:00,0.15350803779558844,0.026345726542173563,20.0
2018-07-24 16:00:00,0.15341276865388134,0.026342167199019335,20.0
2018-07-24 16:30:00,0.15331749951217424,0.026338607855865108,20.0
2018-07-24 17:00:00,0.15322223037046712,0.02633504851271088,20.0
2018-07-24 17:30:00,0.15312696122876002,0.02633148916955665,20.0
2018-07-24 18:00:00,0.15303169208705292,0.026327929826402422,20.0
2018-07-24 18:30:00,0.1529364229453458,0.026324370483248195,20.0
2018-07-24 19:00:00,0.1528411538036387,0.026320811140093964,20.0
2018-07-24 19:30:00,0.1527458846619316,0.026317251796939736,20.0
2018-07-24 20:00:00,0.1526506155202245,0.02631369245378551,20.0
2018-07-24 20:30:00,0.15255534637851736,0.02631013311063128,20.0
2018-07-24 21:00:00,0.15246007723681027,0.026306573767477054,20.0
2018-07-24 21:30:00,0.15236480809510317,0.026303014424322823,20.0
2018-07-24 22:00:00,0.15226953895339604,0.026299455081168596,20.0
2018-07-24 22:30:00,0.15217426981168894,0.026295895738014368,20.0
2018-07-24 23:00:00,0.15207900066998184,0.026292336394860137,20.0
2018-07-24 23:30:00,0.1519837315282747,0.02628877705170591,20.0
2018-07-25 00:00:00,0.1518884623865676,0.026285217708551682,20.0
2018-07-25 00:30:00,0.1517931932448605,0.026281658365397455,20.0
2018-07-25 01:00:00,0.15169792410315341,0.026278099022243227,20.0
2018-07-25 01:30:00,0.1516026549614463,0.026274539679088996,20.0
2018-07-25 02:00:00,0.1515073858197392,0.02627098033593477,20.0
2018-07-25 02:30:00,0.1514345664833847,0.026282322080748616,20.0
2018-07-25 03:00:00,0.15136174714703024,0.026293663825562464,20.0
2018-07-25 03:30:00,0.15128892781067574,0.02630500557037631,20.0
2018-07-25 04:00:00,0.15121610847432126,0.026316347315190156,20.0
2018-07-25 04:30:00,0.1511432891379668,0.026327689060004003,20.0
2018-07-25 05:00:00,0.15107046980161232,0.02633903080481785,20.0
2018-07-25 05:30:00,0.15099765046525784,0.026350372549631698,20.0
2018-07-25 06:00:00,0.15092483112890334,0.026361714294445546,20.0
2018-07-25 06:30:00,0.15085201179254887,0.026373056039259393,20.0
2018-07-25 07:00:00,0.1507791924561944,0.026384397784073237,20.0
2018-07-25 07:30:00,0.15070637311983992,0.026395739528887085,20.0
2018-07-25 08:00:00,0.15063355378348542,0.026407081273700932,20.0
2018-07-25 08:30:00,0.15056073444713095,0.02641842301851478,20.0
2018-07-25 09:00:00,0.15048791511077647,0.026429764763328627,20.0
2018-07-25 09:30:00,0.150415095774422,0.026441106508142475,20.0
2018-07-25 10:00:00,0.15034227643806752,0.02645244825295632,20.0
2018-07-25 10:30:00,0.15026945710171302,0.026463789997770167,20.0
2018-07-25 11:00:00,0.15019663776535855,0.026475131742584014,20.0
2018-07-25 11:30:00,0.15012381842900407,0.02648647348739786,20.0
2018-07-25 12:00:00,0.1500509990926496,0.02649781523221171,20.0
2018-07-25 12:30:00,0.14997817975629513,0.026509156977025557,20.0
2018-07-25 13:00:00,0.14990536041994063,0.0265204987218394,20.0
2018-07-25 13:30:00,0.14983254108358615,0.02653184046665325,20.0
2018-07-25 14:00:00,0.14975972174723168,0.026543182211467096,20.0
2018-07-25 14:30:00,0.1496565148217923,0.026545260735323616,20.0
2018-07-25 15:00:00,0.1495533078963529,0.026547339259180135,20.0
2018-07-25 15:30:00,0.14945010097091352,0.026549417783036655,20.0
2018-07-25 16:00:00,0.14934689404547413,0.026551496306893175,20.0
2018-07-25 16:30:00,0.14924368712003475,0.026553574830749695,20.0
2018-07-25 17:00:00,0.14914048019459536,0.026555653354606214,20.0
2018-07-25 17:30:00,0.14903727326915597,0.026557731878462734,20.0
2018-07-25 18:00:00,0.1489340663437166,0.026559810402319254,20.0
2018-07-25 18:30:00,0.1488308594182772,0.026561888926175774,20.0
2018-07-25 19:00:00,0.14872765249283781,0.026563967450032294,20.0
2018-07-25 19:30:00,0.14862444556739843,0.026566045973888813,20.0
2018-07-25 20:00:00,0.14852123864195904,0.026568124497745333,20.0
2018-07-25 20:30:00,0.14841803171651965,0.026570203021601856,20.0
2018-07-25 21:00:00,0.14831482479108027,0.026572281545458376,20.0
2018-07-25 21:30:00,0.14821161786564088,0.026574360069314896,20.0
2018-07-25 22:00:00,0.1481084109402015,0.026576438593171416,20.0
2018-07-25 22:30:00,0.1480052040147621,0.026578517117027935,20.0
2018-07-25 23:00:00,0.14790199708932272,0.026580595640884455,20.0
2018-07-25 23:30:00,0.14779879016388334,0.026582674164740975,20.0
2018-07-26 00:00:00,0.14769558323844395,0.026584752688597495,20.0
2018-07-26 00:30:00,0.14759237631300456,0.026586831212454014,20.0
2018-07-26 01:00:00,0.14748916938756518,0.026588909736310534,20.0
2018-07-26 01:30:00,0.1473859624621258,0.026590988260167054,20.0
2018-07-26 02:00:00,0.1472827555366864,0.026593066784023574,20.0
2018-07-26 02:30:00,0.14722651411369664,0.026606645360332564,20.0
2018-07-26 03:00:00,0.14717027269070687,0.026620223936641558,20.0
2018-07-26 03:30:00,0.14711403126771708,0.026633802512950548,20.0
2018-07-26 04:00:00,0.1470577898447273,0.026647381089259542,20.0
2018-07-26 04:30:00,0.14700154842173754,0.026660959665568532,20.0
2018-07-26 05:00:00,0.14694530699874778,0.026674538241877523,20.0
2018-07-26 05:30:00,0.146889065575758,0.026688116818186516,20.0
2018-07-26 06:00:00,0.14683282415276824,0.026701695394495507,20.0
2018-07-26 06:30:00,0.14677658272977845,0.0267152739708045,20.0
2018-07-26 07:00:00,0.14672034130678868,0.02672885254711349,20.0
2018-07-26 07:30:00,0.14666409988379892,0.026742431123422485,20.0
2018-07-26 08:00:00,0.14660785846080915,0.026756009699731475,20.0
2018-07-26 08:30:00,0.14655161703781938,0.026769588276040465,20.0
2018-07-26 09:00:00,0.14649537561482961,0.02678316685234946,20.0
2018-07-26 09:30:00,0.14643913419183982,0.02679674542865845,20.0
2018-07-26 10:00:00,0.14638289276885005,0.026810324004967443,20.0
2018-07-26 10:30:00,0.1463266513458603,0.026823902581276433,20.0
2018-07-26 11:00:00,0.14627040992287052,0.026837481157585424,20.0
2018-07-26 11:30:00,0.14621416849988075,0.026851059733894417,20.0
2018-07-26 12:00:00,0.146157927076891,0.026864638310203408,20.0
2018-07-26 12:30:00,0.1461016856539012,0.0268782168865124,20.0
2018-07-26 13:00:00,0.14604544423091143,0.026891795462821392,20.0
2018-07-26 13:30:00,0.14598920280792166,0.026905374039130386,20.0
2018-07-26 14:00:00,0.1459329613849319,0.026918952615439376,20.0
2018-07-26 14:30:00,0.14582441173506716,0.026922353138076387,20.0
2018-07-26 15:00:00,0.14571586208520243,0.026925753660713397,20.0
2018-07-26 15:30:00,0.14560731243533773,0.026929154183350408,20.0
2018-07-26 16:00:00,0.145498762785473,0.02693255470598742,20.0
2018-07-26 16:30:00,0.14539021313560826,0.02693595522862443,20.0
2018-07-26 17:00:00,0.14528166348574356,0.02693935575126144,20.0
2018-07-26 17:30:00,0.14517311383587883,0.02694275627389845,20.0
2018-07-26 18:00:00,0.1450645641860141,0.02694615679653546,20.0
2018-07-26 18:30:00,0.14495601453614937,0.026949557319172472,20.0
2018-07-26 19:00:00,0.14484746488628464,0.026952957841809483,20.0
2018-07-26 19:30:00,0.14473891523641993,0.026956358364446494,20.0
2018-07-26 20:00:00,0.1446303655865552,0.026959758887083504,20.0
2018-07-26 20:30:00,0.14452181593669047,0.026963159409720515,20.0
2018-07-26 21:00:00,0.14441326628682577,0.026966559932357526,20.0
2018-07-26 21:30:00,0.14430471663696104,0.026969960454994536,20.0
2018-07-26 22:00:00,0.1441961669870963,0.026973360977631547,20.0
2018-07-26 22:30:00,0.14408761733723158,0.026976761500268558,20.0
2018-07-26 23:00:00,0.14397906768736685,0.02698016202290557,20.0
2018-07-26 23:30:00,0.14387051803750214,0.02698356254554258,20.0
2018-07-27 00:00:00,0.1437619683876374,0.02698696306817959,20.0
2018-07-27 00:30:00,0.14365341873777268,0.0269903635908166,20.0
2018-07-27 01:00:00,0.14354486908790798,0.02699376411345361,20.0
2018-07-27 01:30:00,0.14343631943804325,0.02699716463609062,20.0
2018-07-27 02:00:00,0.14332776978817852,0.027000565158727632,20.0
2018-07-27 02:30:00,0.14328669721651188,0.027015857967697766,20.0
2018-07-27 03:00:00,0.14324562464484525,0.0270311507766679,20.0
2018-07-27 03:30:00,0.14320455207317861,0.027046443585638038,20.0
2018-07-27 04:00:00,0.14316347950151198,0.027061736394608172,20.0
2018-07-27 04:30:00,0.14312240692984535,0.027077029203578306,20.0
2018-07-27 05:00:00,0.1430813343581787,0.02709232201254844,20.0
2018-07-27 05:30:00,0.14304026178651208,0.027107614821518574,20.0
2018-07-27 06:00:00,0.14299918921484545,0.027122907630488708,20.0
2018-07-27 06:30:00,0.1429581166431788,0.027138200439458846,20.0
2018-07-27 07:00:00,0.14291704407151218,0.02715349324842898,20.0
2018-07-27 07:30:00,0.14287597149984554,0.027168786057399114,20.0
2018-07-27 08:00:00,0.14283489892817888,0.027184078866369248,20.0
2018-07-27 08:30:00,0.14279382635651225,0.02719937167533938,20.0
2018-07-27 09:00:00,0.14275275378484562,0.027214664484309516,20.0
2018-07-27 09:30:00,0.14271168121317898,0.027229957293279653,20.0
2018-07-27 10:00:00,0.14267060864151235,0.027245250102249787,20.0
2018-07-27 10:30:00,0.1426295360698457,0.02726054291121992,20.0
2018-07-27 11:00:00,0.14258846349817908,0.027275835720190055,20.0
2018-07-27 11:30:00,0.14254739092651245,0.02729112852916019,20.0
2018-07-27 12:00:00,0.1425063183548458,0.027306421338130323,20.0
2018-07-27 12:30:00,0.14246524578317918,0.02732171414710046,20.0
2018-07-27 13:00:00,0.14242417321151254,0.027337006956070595,20.0
2018-07-27 13:30:00,0.1423831006398459,0.02735229976504073,20.0
2018-07-27 14:00:00,0.14234202806817928,0.027367592574010863,20.0
2018-07-27 14:30:00,0.1422473125928612,0.027367440408558645,20.0
2018-07-27 15:00:00,0.14215259711754313,0.02736728824310643,20.0
2018-07-27 15:30:00,0.14205788164222505,0.027367136077654213,20.0
2018-07-27 16:00:00,0.14196316616690696,0.027366983912202,20.0
2018-07-27 16:30:00,0.14186845069158888,0.02736683174674978,20.0
2018-07-27 17:00:00,0.14177373521627082,0.027366679581297564,20.0
2018-07-27 17:30:00,0.14167901974095273,0.02736652741584535,20.0
2018-07-27 18:00:00,0.14158430426563465,0.02736637525039313,20.0
2018-07-27 18:30:00,0.1414895887903166,0.027366223084940917,20.0
2018-07-27 19:00:00,0.1413948733149985,0.0273660709194887,20.0
2018-07-27 19:30:00,0.14130015783968042,0.027365918754036486,20.0
2018-07-27 20:00:00,0.14120544236436233,0.027365766588584268,20.0
2018-07-27 20:30:00,0.14111072688904427,0.02736561442313205,20.0
2018-07-27 21:00:00,0.1410160114137262,0.027365462257679836,20.0
2018-07-27 21:30:00,0.1409212959384081,0.027365310092227618,20.0
2018-07-27 22:00:00,0.14082658046309005,0.027365157926775404,20.0
2018-07-27 22:30:00,0.14073186498777196,0.027365005761323186,20.0
2018-07-27 23:00:00,0.14063714951245387,0.02736485359587097,20.0
2018-07-27 23:30:00,0.14054243403713582,0.027364701430418754,20.0
2018-07-28 00:00:00,0.14044771856181773,0.027364549264966537,20.0
2018-07-28 00:30:00,0.14035300308649964,0.027364397099514323,20.0
2018-07-28 01:00:00,0.14025828761118156,0.027364244934062105,20.0
2018-07-28 01:30:00,0.1401635721358635,0.02736409276860989,20.0
2018-07-28 02:00:00,0.14006885666054542,0.027363940603157673,20.0
2018-07-28 02:30:00,0.14005109293768325,0.02736277722545818,20.0
2018-07-28 03:00:00,0.1400333292148211,0.02736161384775869,20.0
2018-07-28 03:30:00,0.14001556549195893,0.027360450470059198,20.0
2018-07-28 04:00:00,0.13999780176909676,0.027359287092359706,20.0
2018-07-28 04:30:00,0.1399800380462346,0.027358123714660215,20.0
2018-07-28 05:00:00,0.1399622743233724,0.027356960336960723,20.0
2018-07-28 05:30:00,0.13994451060051025,0.02735579695926123,20.0
2018-07-28 06:00:00,0.13992674687764808,0.02735463358156174,20.0
2018-07-28 06:30:00,0.13990898315478592,0.027353470203862248,20.0
2018-07-28 07:00:00,0.13989121943192376,0.027352306826162756,20.0
2018-07-28 07:30:00,0.1398734557090616,0.027351143448463264,20.0
2018-07-28 08:00:00,0.13985569198619943,0.027349980070763773,20.0
2018-07-28 08:30:00,0.13983792826333727,0.02734881669306428,20.0
2018-07-28 09:00:00,0.1398201645404751,0.02734765331536479,20.0
2018-07-28 09:30:00,0.13980240081761294,0.027346489937665298,20.0
2018-07-28 10:00:00,0.13978463709475078,0.027345326559965806,20.0
2018-07-28 10:30:00,0.13976687337188862,0.027344163182266314,20.0
2018-07-28 11:00:00,0.13974910964902643,0.027342999804566823,20.0
2018-07-28 11:30:00,0.13973134592616426,0.02734183642686733,20.0
2018-07-28 12:00:00,0.1397135822033021,0.02734067304916784,20.0
2018-07-28 12:30:00,0.13969581848043994,0.027339509671468348,20.0
2018-07-28 13:00:00,0.13967805475757777,0.027338346293768856,20.0
2018-07-28 13:30:00,0.1396602910347156,0.027337182916069364,20.0
2018-07-28 14:00:00,0.13964252731185345,0.027336019538369873,20.0
2018-07-28 14:30:00,0.13958802666377493,0.027341419272843823,20.0
2018-07-28 15:00:00,0.1395335260156964,0.027346819007317773,20.0
2018-07-28 15:30:00,0.13947902536761791,0.027352218741791723,20.0
2018-07-28 16:00:00,0.1394245247195394,0.027357618476265673,20.0
2018-07-28 16:30:00,0.13937002407146087,0.027363018210739627,20.0
2018-07-28 17:00:00,0.13931552342338238,0.027368417945213577,20.0
2018-07-28 17:30:00,0.13926102277530386,0.027373817679687527,20.0
2018-07-28 18:00:00,0.13920652212722534,0.027379217414161477,20.0
2018-07-28 18:30:00,0.13915202147914682,0.027384617148635427,20.0
2018-07-28 19:00:00,0.1390975208310683,0.027390016883109377,20.0
2018-07-28 19:30:00,0.1390430201829898,0.027395416617583327,20.0
2018-07-28 20:00:00,0.1389885195349113,0.02740081635205728,20.0
2018-07-28 20:30:00,0.13893401888683277,0.02740621608653123,20.0
2018-07-28 21:00:00,0.13887951823875427,0.02741161582100518,20.0
2018-07-28 21:30:00,0.13882501759067575,0.02741701555547913,20.0
2018-07-28 22:00:00,0.13877051694259723,0.02742241528995308,20.0
2018-07-28 22:30:00,0.1387160162945187,0.02742781502442703,20.0
2018-07-28 23:00:00,0.1386615156464402,0.02743321475890098,20.0
2018-07-28 23:30:00,0.1386070149983617,0.02743861449337493,20.0
2018-07-29 00:00:00,0.13855251435028318,0.02744401422784888,20.0
2018-07-29 00:30:00,0.13849801370220466,0.027449413962322835,20.0
2018-07-29 01:00:00,0.13844351305412617,0.027454813696796785,20.0
2018-07-29 01:30:00,0.13838901240604765,0.027460213431270735,20.0
2018-07-29 02:00:00,0.13833451175796913,0.027465613165744685,20.0
2018-07-29 02:30:00,0.13832678763916897,0.027480554410254283,20.0
2018-07-29 03:00:00,0.1383190635203688,0.027495495654763877,20.0
2018-07-29 03:30:00,0.13831133940156864,0.027510436899273474,20.0
2018-07-29 04:00:00,0.13830361528276847,0.02752537814378307,20.0
2018-07-29 04:30:00,0.13829589116396832,0.027540319388292666,20.0
2018-07-29 05:00:00,0.13828816704516814,0.027555260632802264,20.0
2018-07-29 05:30:00,0.13828044292636799,0.027570201877311858,20.0
2018-07-29 06:00:00,0.1382727188075678,0.027585143121821455,20.0
2018-07-29 06:30:00,0.13826499468876766,0.02760008436633105,20.0
2018-07-29 07:00:00,0.13825727056996748,0.027615025610840647,20.0
2018-07-29 07:30:00,0.13824954645116733,0.02762996685535024,20.0
2018-07-29 08:00:00,0.13824182233236718,0.02764490809985984,20.0
2018-07-29 08:30:00,0.138234098213567,0.027659849344369436,20.0
2018-07-29 09:00:00,0.13822637409476685,0.02767479058887903,20.0
2018-07-29 09:30:00,0.13821864997596667,0.027689731833388628,20.0
2018-07-29 10:00:00,0.13821092585716652,0.02770467307789822,20.0
2018-07-29 10:30:00,0.13820320173836634,0.02771961432240782,20.0
2018-07-29 11:00:00,0.1381954776195662,0.027734555566917417,20.0
2018-07-29 11:30:00,0.138187753500766,0.02774949681142701,20.0
2018-07-29 12:00:00,0.13818002938196586,0.02776443805593661,20.0
2018-07-29 12:30:00,0.13817230526316568,0.027779379300446203,20.0
2018-07-29 13:00:00,0.13816458114436553,0.0277943205449558,20.0
2018-07-29 13:30:00,0.13815685702556535,0.027809261789465394,20.0
2018-07-29 14:00:00,0.1381491329067652,0.02782420303397499,20.0
2018-07-29 14:30:00,0.13807057575358367,0.02783168485020386,20.0
2018-07-29 15:00:00,0.13799201860040214,0.027839166666432727,20.0
2018-07-29 15:30:00,0.13791346144722058,0.027846648482661596,20.0
2018-07-29 16:00:00,0.13783490429403905,0.027854130298890466,20.0
2018-07-29 16:30:00,0.13775634714085752,0.027861612115119335,20.0
2018-07-29 17:00:00,0.137677789987676,0.0278690939313482,20.0
2018-07-29 17:30:00,0.13759923283449446,0.02787657574757707,20.0
2018-07-29 18:00:00,0.1375206756813129,0.02788405756380594,20.0
2018-07-29 18:30:00,0.13744211852813137,0.027891539380034806,20.0
2018-07-29 19:00:00,0.13736356137494984,0.027899021196263675,20.0
2018-07-29 19:30:00,0.13728500422176831,0.027906503012492544,20.0
2018-07-29 20:00:00,0.13720644706858676,0.02791398482872141,20.0
2018-07-29 20:30:00,0.13712788991540523,0.02792146664495028,20.0
2018-07-29 21:00:00,0.1370493327622237,0.02792894846117915,20.0
2018-07-29 21:30:00,0.13697077560904217,0.02793643027740802,20.0
2018-07-29 22:00:00,0.13689221845586064,0.027943912093636884,20.0
2018-07-29 22:30:00,0.13681366130267908,0.027951393909865754,20.0
2018-07-29 23:00:00,0.13673510414949755,0.027958875726094623,20.0
2018-07-29 23:30:00,0.13665654699631602,0.02796635754232349,20.0
2018-07-30 00:00:00,0.1365779898431345,0.02797383935855236,20.0
2018-07-30 00:30:00,0.13649943268995296,0.027981321174781228,20.0
2018-07-30 01:00:00,0.1364208755367714,0.027988802991010097,20.0
2018-07-30 01:30:00,0.13634231838358987,0.027996284807238963,20.0
2018-07-30 02:00:00,0.13626376123040834,0.028003766623467832,20.0
2018-07-30 02:30:00,0.13624308904898494,0.028017723592570258,20.0
2018-07-30 03:00:00,0.13622241686756154,0.028031680561672687,20.0
2018-07-30 03:30:00,0.13620174468613813,0.028045637530775113,20.0
2018-07-30 04:00:00,0.13618107250471473,0.02805959449987754,20.0
2018-07-30 04:30:00,0.13616040032329133,0.028073551468979965,20.0
2018-07-30 05:00:00,0.13613972814186792,0.028087508438082394,20.0
2018-07-30 05:30:00,0.13611905596044452,0.02810146540718482,20.0
2018-07-30 06:00:00,0.13609838377902111,0.028115422376287245,20.0
2018-07-30 06:30:00,0.1360777115975977,0.028129379345389675,20.0
2018-07-30 07:00:00,0.1360570394161743,0.0281433363144921,20.0
2018-07-30 07:30:00,0.1360363672347509,0.028157293283594526,20.0
2018-07-30 08:00:00,0.1360156950533275,0.028171250252696952,20.0
2018-07-30 08:30:00,0.13599502287190413,0.02818520722179938,20.0
2018-07-30 09:00:00,0.13597435069048072,0.028199164190901807,20.0
2018-07-30 09:30:00,0.13595367850905732,0.028213121160004233,20.0
2018-07-30 10:00:00,0.13593300632763392,0.028227078129106662,20.0
2018-07-30 10:30:00,0.1359123341462105,0.028241035098209088,20.0
2018-07-30 11:00:00,0.1358916619647871,0.028254992067311514,20.0
2018-07-30 11:30:00,0.1358709897833637,0.028268949036413943,20.0
2018-07-30 12:00:00,0.1358503176019403,0.02828290600551637,20.0
2018-07-30 12:30:00,0.1358296454205169,0.028296862974618794,20.0
2018-07-30 13:00:00,0.1358089732390935,0.02831081994372122,20.0
2018-07-30 13:30:00,0.1357883010576701,0.02832477691282365,20.0
2018-07-30 14:00:00,0.1357676288762467,0.028338733881926075,20.0
2018-07-30 14:30:00,0.13568165078825636,0.028347021513548513,20.0
2018-07-30 15:00:00,0.13559567270026607,0.028355309145170954,20.0
2018-07-30 15:30:00,0.13550969461227574,0.02836359677679339,20.0
2018-07-30 16:00:00,0.13542371652428542,0.02837188440841583,20.0
2018-07-30 16:30:00,0.1353377384362951,0.02838017204003827,20.0
2018-07-30 17:00:00,0.13525176034830477,0.028388459671660708,20.0
2018-07-30 17:30:00,0.13516578226031448,0.02839674730328315,20.0
2018-07-30 18:00:00,0.13507980417232415,0.028405034934905586,20.0
2018-07-30 18:30:00,0.13499382608433383,0.028413322566528024,20.0
2018-07-30 19:00:00,0.13490784799634353,0.028421610198150465,20.0
2018-07-30 19:30:00,0.1348218699083532,0.028429897829772902,20.0
2018-07-30 20:00:00,0.13473589182036289,0.028438185461395343,20.0
2018-07-30 20:30:00,0.13464991373237256,0.02844647309301778,20.0
2018-07-30 21:00:00,0.13456393564438224,0.02845476072464022,20.0
2018-07-30 21:30:00,0.13447795755639194,0.02846304835626266,20.0
2018-07-30 22:00:00,0.13439197946840162,0.028471335987885097,20.0
2018-07-30 22:30:00,0.1343060013804113,0.028479623619507535,20.0
2018-07-30 23:00:00,0.134220023292421,0.028487911251129976,20.0
2018-07-30 23:30:00,0.13413404520443067,0.028496198882752413,20.0
2018-07-31 00:00:00,0.13404806711644035,0.02850448651437485,20.0
2018-07-31 00:30:00,0.13396208902845003,0.028512774145997292,20.0
2018-07-31 01:00:00,0.1338761109404597,0.02852106177761973,20.0
2018-07-31 01:30:00,0.1337901328524694,0.02852934940924217,20.0
2018-07-31 02:00:00,0.13370415476447908,0.028537637040864608,20.0
2018-07-31 02:30:00,0.1336908775804794,0.02855521329562613,20.0
2018-07-31 03:00:00,0.1336776003964797,0.028572789550387657,20.0
2018-07-31 03:30:00,0.13366432321248,0.02859036580514918,20.0
2018-07-31 04:00:00,0.1336510460284803,0.028607942059910702,20.0
2018-07-31 04:30:00,0.13363776884448061,0.02862551831467223,20.0
2018-07-31 05:00:00,0.1336244916604809,0.02864309456943375,20.0
2018-07-31 05:30:00,0.13361121447648122,0.028660670824195274,20.0
2018-07-31 06:00:00,0.1335979372924815,0.0286782470789568,20.0
2018-07-31 06:30:00,0.13358466010848183,0.028695823333718323,20.0
2018-07-31 07:00:00,0.13357138292448212,0.028713399588479845,20.0
2018-07-31 07:30:00,0.13355810574048244,0.02873097584324137,20.0
2018-07-31 08:00:00,0.13354482855648275,0.028748552098002894,20.0
2018-07-31 08:30:00,0.13353155137248304,0.028766128352764417,20.0
2018-07-31 09:00:00,0.13351827418848336,0.028783704607525943,20.0
2018-07-31 09:30:00,0.13350499700448365,0.028801280862287466,20.0
2018-07-31 10:00:00,0.13349171982048397,0.02881885711704899,20.0
2018-07-31 10:30:00,0.13347844263648426,0.028836433371810515,20.0
2018-07-31 11:00:00,0.13346516545248457,0.028854009626572037,20.0
2018-07-31 11:30:00,0.13345188826848486,0.02887158588133356,20.0
2018-07-31 12:00:00,0.13343861108448518,0.028889162136095086,20.0
2018-07-31 12:30:00,0.13342533390048547,0.02890673839085661,20.0
2018-07-31 13:00:00,0.1334120567164858,0.02892431464561813,20.0
2018-07-31 13:30:00,0.13339877953248608,0.028941890900379658,20.0
2018-07-31 14:00:00,0.1333855023484864,0.02895946715514118,20.0
2018-07-31 14:30:00,0.13329920265908354,0.028968156196421315,20.0
2018-07-31 15:00:00,0.13321290296968066,0.028976845237701446,20.0
2018-07-31 15:30:00,0.1331266032802778,0.02898553427898158,20.0
2018-07-31 16:00:00,0.13304030359087493,0.028994223320261716,20.0
2018-07-31 16:30:00,0.13295400390147208,0.02900291236154185,20.0
2018-07-31 17:00:00,0.1328677042120692,0.029011601402821982,20.0
2018-07-31 17:30:00,0.13278140452266635,0.029020290444102117,20.0
2018-07-31 18:00:00,0.13269510483326347,0.02902897948538225,20.0
2018-07-31 18:30:00,0.13260880514386061,0.029037668526662383,20.0
2018-07-31 19:00:00,0.13252250545445773,0.029046357567942518,20.0
2018-07-31 19:30:00,0.13243620576505488,0.029055046609222653,20.0
2018-07-31 20:00:00,0.132349906075652,0.029063735650502787,20.0
2018-07-31 20:30:00,0.13226360638624915,0.02907242469178292,20.0
2018-07-31 21:00:00,0.1321773066968463,0.029081113733063053,20.0
2018-07-31 21:30:00,0.13209100700744342,0.029089802774343188,20.0
2018-07-31 22:00:00,0.13200470731804057,0.02909849181562332,20.0
2018-07-31 22:30:00,0.13191840762863768,0.029107180856903454,20.0
2018-07-31 23:00:00,0.13183210793923483,0.02911586989818359,20.0
2018-07-31 23:30:00,0.13174580824983195,0.02912455893946372,20.0
2018-08-01 00:00:00,0.1316595085604291,0.029133247980743855,20.0
2018-08-01 00:30:00,0.13157320887102622,0.02914193702202399,20.0
2018-08-01 01:00:00,0.13148690918162337,0.029150626063304125,20.0
2018-08-01 01:30:00,0.1314006094922205,0.029159315104584256,20.0
2018-08-01 02:00:00,0.13131430980281764,0.02916800414586439,20.0
2018-08-01 02:30:00,0.1312813185822753,0.029184172997399636,20.0
2018-08-01 03:00:00,0.13124832736173292,0.02920034184893488,20.0
2018-08-01 03:30:00,0.13121533614119057,0.029216510700470124,20.0
2018-08-01 04:00:00,0.13118234492064823,0.02923267955200537,20.0
2018-08-01 04:30:00,0.1311493537001059,0.02924884840354061,20.0
2018-08-01 05:00:00,0.13111636247956354,0.029265017255075857,20.0
2018-08-01 05:30:00,0.13108337125902117,0.0292811861066111,20.0
2018-08-01 06:00:00,0.13105038003847883,0.029297354958146345,20.0
2018-08-01 06:30:00,0.13101738881793648,0.02931352380968159,20.0
2018-08-01 07:00:00,0.1309843975973941,0.029329692661216832,20.0
2018-08-01 07:30:00,0.13095140637685176,0.029345861512752078,20.0
2018-08-01 08:00:00,0.13091841515630942,0.02936203036428732,20.0
2018-08-01 08:30:00,0.13088542393576708,0.029378199215822565,20.0
2018-08-01 09:00:00,0.13085243271522473,0.02939436806735781,20.0
2018-08-01 09:30:00,0.13081944149468236,0.029410536918893053,20.0
2018-08-01 10:00:00,0.13078645027414001,0.0294267057704283,20.0
2018-08-01 10:30:00,0.13075345905359767,0.029442874621963544,20.0
2018-08-01 11:00:00,0.1307204678330553,0.029459043473498786,20.0
2018-08-01 11:30:00,0.13068747661251295,0.02947521232503403,20.0
2018-08-01 12:00:00,0.1306544853919706,0.029491381176569277,20.0
2018-08-01 12:30:00,0.13062149417142827,0.02950755002810452,20.0
2018-08-01 13:00:00,0.13058850295088592,0.029523718879639765,20.0
2018-08-01 13:30:00,0.13055551173034355,0.029539887731175007,20.0
2018-08-01 14:00:00,0.1305225205098012,0.029556056582710252,20.0
2018-08-01 14:30:00,0.1304449432424207,0.02956310111040546,20.0
2018-08-01 15:00:00,0.13036736597504017,0.029570145638100665,20.0
2018-08-01 15:30:00,0.13028978870765967,0.029577190165795873,20.0
2018-08-01 16:00:00,0.13021221144027917,0.02958423469349108,20.0
2018-08-01 16:30:00,0.13013463417289867,0.029591279221186286,20.0
2018-08-01 17:00:00,0.13005705690551814,0.029598323748881494,20.0
2018-08-01 17:30:00,0.12997947963813763,0.029605368276576702,20.0
2018-08-01 18:00:00,0.12990190237075713,0.029612412804271907,20.0
2018-08-01 18:30:00,0.1298243251033766,0.029619457331967115,20.0
2018-08-01 19:00:00,0.1297467478359961,0.029626501859662323,20.0
2018-08-01 19:30:00,0.1296691705686156,0.029633546387357528,20.0
2018-08-01 20:00:00,0.1295915933012351,0.029640590915052736,20.0
2018-08-01 20:30:00,0.12951401603385457,0.029647635442747945,20.0
2018-08-01 21:00:00,0.12943643876647407,0.02965467997044315,20.0
2018-08-01 21:30:00,0.12935886149909356,0.029661724498138357,20.0
2018-08-01 22:00:00,0.12928128423171303,0.029668769025833566,20.0
2018-08-01 22:30:00,0.12920370696433253,0.02967581355352877,20.0
2018-08-01 23:00:00,0.12912612969695203,0.02968285808122398,20.0
2018-08-01 23:30:00,0.1290485524295715,0.029689902608919187,20.0
2018-08-02 00:00:00,0.128970975162191,0.02969694713661439,20.0
2018-08-02 00:30:00,0.1288933978948105,0.0297039916643096,20.0
2018-08-02 01:00:00,0.12881582062743,0.029711036192004808,20.0
2018-08-02 01:30:00,0.12873824336004946,0.029718080719700012,20.0
2018-08-02 02:00:00,0.12866066609266896,0.02972512524739522,20.0
2018-08-02 02:30:00,0.12866204902520997,0.02974141424240235,20.0
2018-08-02 03:00:00,0.128663431957751,0.029757703237409474,20.0
2018-08-02 03:30:00,0.12866481489029202,0.029773992232416602,20.0
2018-08-02 04:00:00,0.12866619782283303,0.02979028122742373,20.0
2018-08-02 04:30:00,0.12866758075537407,0.02980657022243086,20.0
2018-08-02 05:00:00,0.12866896368791508,0.029822859217437984,20.0
2018-08-02 05:30:00,0.1286703466204561,0.029839148212445113,20.0
2018-08-02 06:00:00,0.12867172955299713,0.02985543720745224,20.0
2018-08-02 06:30:00,0.12867311248553814,0.029871726202459366,20.0
2018-08-02 07:00:00,0.12867449541807915,0.029888015197466495,20.0
2018-08-02 07:30:00,0.1286758783506202,0.029904304192473623,20.0
2018-08-02 08:00:00,0.1286772612831612,0.02992059318748075,20.0
2018-08-02 08:30:00,0.12867864421570221,0.029936882182487877,20.0
2018-08-02 09:00:00,0.12868002714824325,0.029953171177495005,20.0
2018-08-02 09:30:00,0.12868141008078426,0.029969460172502134,20.0
2018-08-02 10:00:00,0.12868279301332528,0.02998574916750926,20.0
2018-08-02 10:30:00,0.1286841759458663,0.030002038162516387,20.0
2018-08-02 11:00:00,0.12868555887840732,0.030018327157523516,20.0
2018-08-02 11:30:00,0.12868694181094834,0.03003461615253064,20.0
2018-08-02 12:00:00,0.12868832474348937,0.03005090514753777,20.0
2018-08-02 12:30:00,0.12868970767603038,0.030067194142544898,20.0
2018-08-02 13:00:00,0.1286910906085714,0.030083483137552026,20.0
2018-08-02 13:30:00,0.12869247354111243,0.03009977213255915,20.0
2018-08-02 14:00:00,0.12869385647365345,0.03011606112756628,20.0
2018-08-02 14:30:00,0.12862540058305547,0.030126761044637716,20.0
2018-08-02 15:00:00,0.1285569446924575,0.03013746096170915,20.0
2018-08-02 15:30:00,0.1284884888018595,0.030148160878780587,20.0
2018-08-02 16:00:00,0.12842003291126153,0.030158860795852026,20.0
2018-08-02 16:30:00,0.12835157702066355,0.03016956071292346,20.0
2018-08-02 17:00:00,0.12828312113006557,0.030180260629994897,20.0
2018-08-02 17:30:00,0.1282146652394676,0.030190960547066333,20.0
2018-08-02 18:00:00,0.1281462093488696,0.030201660464137768,20.0
2018-08-02 18:30:00,0.12807775345827163,0.030212360381209204,20.0
2018-08-02 19:00:00,0.12800929756767365,0.030223060298280643,20.0
2018-08-02 19:30:00,0.12794084167707567,0.03023376021535208,20.0
2018-08-02 20:00:00,0.1278723857864777,0.030244460132423514,20.0
2018-08-02 20:30:00,0.1278039298958797,0.03025516004949495,20.0
2018-08-02 21:00:00,0.1277354740052817,0.030265859966566385,20.0
2018-08-02 21:30:00,0.12766701811468373,0.03027655988363782,20.0
2018-08-02 22:00:00,0.12759856222408575,0.03028725980070926,20.0
2018-08-02 22:30:00,0.12753010633348777,0.030297959717780695,20.0
2018-08-02 23:00:00,0.1274616504428898,0.03030865963485213,20.0
2018-08-02 23:30:00,0.1273931945522918,0.030319359551923566,20.0
2018-08-03 00:00:00,0.12732473866169383,0.030330059468995002,20.0
2018-08-03 00:30:00,0.12725628277109585,0.030340759386066438,20.0
2018-08-03 01:00:00,0.12718782688049787,0.030351459303137877,20.0
2018-08-03 01:30:00,0.1271193709898999,0.030362159220209312,20.0
2018-08-03 02:00:00,0.12705091509930191,0.030372859137280748,20.0
2018-08-03 02:30:00,0.12705135352768085,0.030389122577088475,20.0
2018-08-03 03:00:00,0.12705179195605978,0.0304053860168962,20.0
2018-08-03 03:30:00,0.12705223038443872,0.030421649456703927,20.0
2018-08-03 04:00:00,0.12705266881281765,0.03043791289651165,20.0
2018-08-03 04:30:00,0.1270531072411966,0.030454176336319378,20.0
2018-08-03 05:00:00,0.1270535456695755,0.030470439776127102,20.0
2018-08-03 05:30:00,0.12705398409795443,0.03048670321593483,20.0
2018-08-03 06:00:00,0.12705442252633337,0.030502966655742557,20.0
2018-08-03 06:30:00,0.1270548609547123,0.03051923009555028,20.0
2018-08-03 07:00:00,0.12705529938309124,0.03053549353535801,20.0
2018-08-03 07:30:00,0.12705573781147017,0.030551756975165732,20.0
2018-08-03 08:00:00,0.1270561762398491,0.03056802041497346,20.0
2018-08-03 08:30:00,0.12705661466822804,0.030584283854781187,20.0
2018-08-03 09:00:00,0.12705705309660698,0.03060054729458891,20.0
2018-08-03 09:30:00,0.1270574915249859,0.03061681073439664,20.0
2018-08-03 10:00:00,0.12705792995336485,0.030633074174204362,20.0
2018-08-03 10:30:00,0.12705836838174378,0.03064933761401209,20.0
2018-08-03 11:00:00,0.1270588068101227,0.030665601053819814,20.0
2018-08-03 11:30:00,0.12705924523850162,0.03068186449362754,20.0
2018-08-03 12:00:00,0.12705968366688056,0.03069812793343527,20.0
2018-08-03 12:30:00,0.1270601220952595,0.030714391373242993,20.0
2018-08-03 13:00:00,0.12706056052363843,0.03073065481305072,20.0
2018-08-03 13:30:00,0.12706099895201736,0.030746918252858444,20.0
2018-08-03 14:00:00,0.1270614373803963,0.03076318169266617,20.0
2018-08-03 14:30:00,0.1269940352166171,0.030771975679808435,20.0
2018-08-03 15:00:00,0.12692663305283786,0.030780769666950696,20.0
2018-08-03 15:30:00,0.12685923088905865,0.03078956365409296,20.0
2018-08-03 16:00:00,0.12679182872527942,0.03079835764123522,20.0
2018-08-03 16:30:00,0.1267244265615002,0.030807151628377483,20.0
2018-08-03 17:00:00,0.12665702439772097,0.030815945615519744,20.0
2018-08-03 17:30:00,0.12658962223394177,0.030824739602662007,20.0
2018-08-03 18:00:00,0.12652222007016253,0.030833533589804268,20.0
2018-08-03 18:30:00,0.12645481790638333,0.03084232757694653,20.0
2018-08-03 19:00:00,0.1263874157426041,0.030851121564088792,20.0
2018-08-03 19:30:00,0.12632001357882489,0.030859915551231056,20.0
2018-08-03 20:00:00,0.12625261141504565,0.030868709538373316,20.0
2018-08-03 20:30:00,0.12618520925126644,0.03087750352551558,20.0
2018-08-03 21:00:00,0.12611780708748724,0.030886297512657843,20.0
2018-08-03 21:30:00,0.126050404923708,0.030895091499800104,20.0
2018-08-03 22:00:00,0.1259830027599288,0.030903885486942367,20.0
2018-08-03 22:30:00,0.12591560059614956,0.030912679474084628,20.0
2018-08-03 23:00:00,0.12584819843237036,0.03092147346122689,20.0
2018-08-03 23:30:00,0.12578079626859112,0.03093026744836915,20.0
2018-08-04 00:00:00,0.12571339410481192,0.030939061435511415,20.0
2018-08-04 00:30:00,0.12564599194103268,0.030947855422653676,20.0
2018-08-04 01:00:00,0.12557858977725347,0.03095664940979594,20.0
2018-08-04 01:30:00,0.12551118761347424,0.0309654433969382,20.0
2018-08-04 02:00:00,0.12544378544969503,0.030974237384080464,20.0
2018-08-04 02:30:00,0.1254359650853416,0.030988665271575833,20.0
2018-08-04 03:00:00,0.12542814472098818,0.031003093159071203,20.0
2018-08-04 03:30:00,0.12542032435663478,0.031017521046566573,20.0
2018-08-04 04:00:00,0.12541250399228135,0.031031948934061946,20.0
2018-08-04 04:30:00,0.12540468362792792,0.031046376821557316,20.0
2018-08-04 05:00:00,0.1253968632635745,0.031060804709052686,20.0
2018-08-04 05:30:00,0.12538904289922106,0.031075232596548055,20.0
2018-08-04 06:00:00,0.12538122253486764,0.031089660484043425,20.0
2018-08-04 06:30:00,0.12537340217051424,0.031104088371538795,20.0
2018-08-04 07:00:00,0.1253655818061608,0.031118516259034168,20.0
2018-08-04 07:30:00,0.12535776144180738,0.031132944146529538,20.0
2018-08-04 08:00:00,0.12534994107745395,0.031147372034024907,20.0
2018-08-04 08:30:00,0.12534212071310052,0.031161799921520277,20.0
2018-08-04 09:00:00,0.1253343003487471,0.031176227809015647,20.0
2018-08-04 09:30:00,0.1253264799843937,0.031190655696511017,20.0
2018-08-04 10:00:00,0.12531865962004027,0.03120508358400639,20.0
2018-08-04 10:30:00,0.12531083925568684,0.03121951147150176,20.0
2018-08-04 11:00:00,0.1253030188913334,0.03123393935899713,20.0
2018-08-04 11:30:00,0.12529519852697998,0.0312483672464925,20.0
2018-08-04 12:00:00,0.12528737816262656,0.03126279513398787,20.0
2018-08-04 12:30:00,0.12527955779827316,0.03127722302148324,20.0
2018-08-04 13:00:00,0.12527173743391973,0.03129165090897861,20.0
2018-08-04 13:30:00,0.1252639170695663,0.03130607879647398,20.0
2018-08-04 14:00:00,0.12525609670521287,0.03132050668396935,20.0
2018-08-04 14:30:00,0.12517725155807322,0.03132825787440909,20.0
2018-08-04 15:00:00,0.12509840641093356,0.03133600906484884,20.0
2018-08-04 15:30:00,0.12501956126379393,0.03134376025528858,20.0
2018-08-04 16:00:00,0.12494071611665428,0.03135151144572833,20.0
2018-08-04 16:30:00,0.12486187096951462,0.03135926263616807,20.0
2018-08-04 17:00:00,0.12478302582237498,0.031367013826607816,20.0
2018-08-04 17:30:00,0.12470418067523532,0.03137476501704756,20.0
2018-08-04 18:00:00,0.12462533552809567,0.031382516207487304,20.0
2018-08-04 18:30:00,0.12454649038095603,0.031390267397927045,20.0
2018-08-04 19:00:00,0.12446764523381637,0.03139801858836679,20.0
2018-08-04 19:30:00,0.12438880008667673,0.03140576977880653,20.0
2018-08-04 20:00:00,0.12430995493953707,0.031413520969246274,20.0
2018-08-04 20:30:00,0.12423110979239742,0.03142127215968602,20.0
2018-08-04 21:00:00,0.12415226464525778,0.03142902335012576,20.0
2018-08-04 21:30:00,0.12407341949811812,0.03143677454056551,20.0
2018-08-04 22:00:00,0.12399457435097848,0.03144452573100525,20.0
2018-08-04 22:30:00,0.12391572920383882,0.031452276921445,20.0
2018-08-04 23:00:00,0.12383688405669918,0.03146002811188474,20.0
2018-08-04 23:30:00,0.12375803890955953,0.031467779302324486,20.0
2018-08-05 00:00:00,0.12367919376241987,0.03147553049276423,20.0
2018-08-05 00:30:00,0.12360034861528023,0.031483281683203974,20.0
2018-08-05 01:00:00,0.12352150346814057,0.031491032873643715,20.0
2018-08-05 01:30:00,0.12344265832100093,0.03149878406408346,20.0
2018-08-05 02:00:00,0.12336381317386128,0.0315065352545232,20.0
2018-08-05 02:30:00,0.12329446108350191,0.03146225991128784,20.0
2018-08-05 03:00:00,0.12322510899314254,0.031417984568052476,20.0
2018-08-05 03:30:00,0.12315575690278317,0.031373709224817116,20.0
2018-08-05 04:00:00,0.1230864048124238,0.031329433881581756,20.0
2018-08-05 04:30:00,0.12301705272206444,0.03128515853834639,20.0
2018-08-05 05:00:00,0.12294770063170507,0.03124088319511103,20.0
2018-08-05 05:30:00,0.1228783485413457,0.031196607851875665,20.0
2018-08-05 06:00:00,0.12280899645098634,0.0311523325086403,20.0
2018-08-05 06:30:00,0.12273964436062697,0.031108057165404938,20.0
2018-08-05 07:00:00,0.1226702922702676,0.031063781822169574,20.0
2018-08-05 07:30:00,0.12260094017990823,0.031019506478934214,20.0
2018-08-05 08:00:00,0.12253158808954888,0.03097523113569885,20.0
2018-08-05 08:30:00,0.12246223599918951,0.030930955792463487,20.0
2018-08-05 09:00:00,0.12239288390883014,0.030886680449228127,20.0
2018-08-05 09:30:00,0.12232353181847078,0.030842405105992763,20.0
2018-08-05 10:00:00,0.12225417972811141,0.0307981297627574,20.0
2018-08-05 10:30:00,0.12218482763775204,0.030753854419522036,20.0
2018-08-05 11:00:00,0.12211547554739267,0.030709579076286672,20.0
2018-08-05 11:30:00,0.1220461234570333,0.030665303733051312,20.0
2018-08-05 12:00:00,0.12197677136667394,0.03062102838981595,20.0
2018-08-05 12:30:00,0.12190741927631457,0.030576753046580585,20.0
2018-08-05 13:00:00,0.1218380671859552,0.030532477703345225,20.0
2018-08-05 13:30:00,0.12176871509559584,0.03048820236010986,20.0
2018-08-05 14:00:00,0.12169936300523647,0.030443927016874497,20.0
2018-08-05 14:30:00,0.12159803371825506,0.03047848681886123,19.958333333333332
2018-08-05 15:00:00,0.12149670443127365,0.030513046620847965,19.916666666666668
2018-08-05 15:30:00,0.12139537514429224,0.0305476064228347,19.875
2018-08-05 16:00:00,0.12129404585731085,0.030582166224821433,19.833333333333332
2018-08-05 16:30:00,0.12119271657032944,0.030616726026808167,19.791666666666668
2018-08-05 17:00:00,0.12109138728334803,0.030651285828794898,19.75
2018-08-05 17:30:00,0.12099005799636663,0.03068584563078163,19.708333333333332
2018-08-05 18:00:00,0.12088872870938522,0.030720405432768366,19.666666666666668
2018-08-05 18:30:00,0.12078739942240381,0.0307549652347551,19.625
2018-08-05 19:00:00,0.1206860701354224,0.030789525036741833,19.583333333333332
2018-08-05 19:30:00,0.120584740848441,0.030824084838728567,19.541666666666668
2018-08-05 20:00:00,0.12048341156145959,0.0308586446407153,19.5
2018-08-05 20:30:00,0.12038208227447819,0.030893204442702035,19.458333333333332
2018-08-05 21:00:00,0.12028075298749678,0.03092776424468877,19.416666666666668
2018-08-05 21:30:00,0.12017942370051538,0.030962324046675503,19.375
2018-08-05 22:00:00,0.12007809441353397,0.030996883848662237,19.333333333333332
2018-08-05 22:30:00,0.11997676512655256,0.03103144365064897,19.291666666666668
2018-08-05 23:00:00,0.11987543583957115,0.0310660034526357,19.25
2018-08-05 23:30:00,0.11977410655258974,0.031100563254622435,19.208333333333332
2018-08-06 00:00:00,0.11967277726560835,0.03113512305660917,19.166666666666668
2018-08-06 00:30:00,0.11957144797862694,0.031169682858595903,19.125
2018-08-06 01:00:00,0.11947011869164553,0.031204242660582637,19.083333333333332
2018-08-06 01:30:00,0.11936878940466412,0.03123880246256937,19.041666666666668
2018-08-06 02:00:00,0.11926746011768272,0.031273362264556105,19.0
2018-08-06 02:30:00,0.11950297596749103,0.03120850335729584,19.0
2018-08-06 03:00:00,0.11973849181729933,0.031143644450035576,19.0
2018-08-06 03:30:00,0.11997400766710764,0.031078785542775312,19.0
2018-08-06 04:00:00,0.12020952351691594,0.031013926635515048,19.0
2018-08-06 04:30:00,0.12044503936672425,0.03094906772825478,19.0
2018-08-06 05:00:00,0.12068055521653255,0.030884208820994515,19.0
2018-08-06 05:30:00,0.12091607106634086,0.03081934991373425,19.0
2018-08-06 06:00:00,0.12115158691614916,0.030754491006473986,19.0
2018-08-06 06:30:00,0.12138710276595747,0.030689632099213722,19.0
2018-08-06 07:00:00,0.12162261861576577,0.030624773191953458,19.0
2018-08-06 07:30:00,0.12185813446557409,0.030559914284693193,19.0
2018-08-06 08:00:00,0.12209365031538238,0.030495055377432925,19.0
2018-08-06 08:30:00,0.1223291661651907,0.03043019647017266,19.0
2018-08-06 09:00:00,0.12256468201499901,0.030365337562912396,19.0
2018-08-06 09:30:00,0.12280019786480731,0.030300478655652132,19.0
2018-08-06 10:00:00,0.12303571371461562,0.030235619748391868,19.0
2018-08-06 10:30:00,0.12327122956442392,0.030170760841131603,19.0
2018-08-06 11:00:00,0.12350674541423223,0.03010590193387134,19.0
2018-08-06 11:30:00,0.12374226126404053,0.030041043026611074,19.0
2018-08-06 12:00:00,0.12397777711384884,0.02997618411935081,19.0
2018-08-06 12:30:00,0.12421329296365714,0.029911325212090542,19.0
2018-08-06 13:00:00,0.12444880881346546,0.029846466304830278,19.0
2018-08-06 13:30:00,0.12468432466327375,0.029781607397570013,19.0
2018-08-06 14:00:00,0.12491984051308207,0.02971674849030975,19.0
2018-08-06 14:30:00,0.12491973555279623,0.029713152764145594,19.0
2018-08-06 15:00:00,0.12491963059251039,0.02970955703798144,19.0
2018-08-06 15:30:00,0.12491952563222455,0.029705961311817283,19.0
2018-08-06 16:00:00,0.1249194206719387,0.029702365585653125,19.0
2018-08-06 16:30:00,0.12491931571165286,0.02969876985948897,19.0
2018-08-06 17:00:00,0.12491921075136703,0.029695174133324814,19.0
2018-08-06 17:30:00,0.12491910579108119,0.02969157840716066,19.0
2018-08-06 18:00:00,0.12491900083079535,0.029687982680996504,19.0
2018-08-06 18:30:00,0.12491889587050951,0.02968438695483235,19.0
2018-08-06 19:00:00,0.12491879091022368,0.02968079122866819,19.0
2018-08-06 19:30:00,0.12491868594993784,0.029677195502504035,19.0
2018-08-06 20:00:00,0.124918580989652,0.02967359977633988,19.0
2018-08-06 20:30:00,0.12491847602936615,0.029670004050175725,19.0
2018-08-06 21:00:00,0.12491837106908031,0.02966640832401157,19.0
2018-08-06 21:30:00,0.12491826610879447,0.029662812597847414,19.0
2018-08-06 22:00:00,0.12491816114850864,0.029659216871683255,19.0
2018-08-06 22:30:00,0.1249180561882228,0.0296556211455191,19.0
2018-08-06 23:00:00,0.12491795122793696,0.029652025419354945,19.0
2018-08-06 23:30:00,0.12491784626765112,0.02964842969319079,19.0
2018-08-07 00:00:00,0.12491774130736527,0.029644833967026635,19.0
2018-08-07 00:30:00,0.12491763634707943,0.02964123824086248,19.0
2018-08-07 01:00:00,0.1249175313867936,0.02963764251469832,19.0
2018-08-07 01:30:00,0.12491742642650776,0.029634046788534166,19.0
2018-08-07 02:00:00,0.12491732146622192,0.02963045106237001,19.0
2018-08-07 02:30:00,0.12484736461742982,0.029664771059842377,19.0
2018-08-07 03:00:00,0.12477740776863772,0.029699091057314744,19.0
2018-08-07 03:30:00,0.12470745091984561,0.02973341105478711,19.0
2018-08-07 04:00:00,0.12463749407105351,0.02976773105225948,19.0
2018-08-07 04:30:00,0.12456753722226141,0.029802051049731847,19.0
2018-08-07 05:00:00,0.12449758037346931,0.029836371047204213,19.0
2018-08-07 05:30:00,0.12442762352467722,0.02987069104467658,19.0
2018-08-07 06:00:00,0.12435766667588512,0.029905011042148946,19.0
2018-08-07 06:30:00,0.12428770982709302,0.029939331039621313,19.0
2018-08-07 07:00:00,0.12421775297830091,0.029973651037093683,19.0
2018-08-07 07:30:00,0.12414779612950881,0.03000797103456605,19.0
2018-08-07 08:00:00,0.12407783928071671,0.030042291032038416,19.0
2018-08-07 08:30:00,0.12400788243192461,0.030076611029510782,19.0
2018-08-07 09:00:00,0.1239379255831325,0.03011093102698315,19.0
2018-08-07 09:30:00,0.1238679687343404,0.030145251024455515,19.0
2018-08-07 10:00:00,0.1237980118855483,0.030179571021927885,19.0
2018-08-07 10:30:00,0.1237280550367562,0.030213891019400252,19.0
2018-08-07 11:00:00,0.1236580981879641,0.03024821101687262,19.0
2018-08-07 11:30:00,0.12358814133917201,0.030282531014344985,19.0
2018-08-07 12:00:00,0.1235181844903799,0.03031685101181735,19.0
2018-08-07 12:30:00,0.1234482276415878,0.030351171009289718,19.0
2018-08-07 13:00:00,0.1233782707927957,0.030385491006762088,19.0
2018-08-07 13:30:00,0.1233083139440036,0.030419811004234455,19.0
2018-08-07 14:00:00,0.1232383570952115,0.03045413100170682,19.0
2018-08-07 14:30:00,0.12316928255883317,0.03046261755163439,19.0
2018-08-07 15:00:00,0.12310020802245485,0.030471104101561956,19.0
2018-08-07 15:30:00,0.12303113348607651,0.030479590651489523,19.0
2018-08-07 16:00:00,0.1229620589496982,0.03048807720141709,19.0
2018-08-07 16:30:00,0.12289298441331986,0.030496563751344657,19.0
2018-08-07 17:00:00,0.12282390987694153,0.030505050301272225,19.0
2018-08-07 17:30:00,0.12275483534056321,0.030513536851199792,19.0
2018-08-07 18:00:00,0.12268576080418488,0.03052202340112736,19.0
2018-08-07 18:30:00,0.12261668626780654,0.030530509951054927,19.0
2018-08-07 19:00:00,0.12254761173142822,0.030538996500982494,19.0
2018-08-07 19:30:00,0.12247853719504989,0.03054748305091006,19.0
2018-08-07 20:00:00,0.12240946265867156,0.03055596960083763,19.0
2018-08-07 20:30:00,0.12234038812229324,0.0305644561507652,19.0
2018-08-07 21:00:00,0.1222713135859149,0.030572942700692766,19.0
2018-08-07 21:30:00,0.12220223904953659,0.030581429250620334,19.0
2018-08-07 22:00:00,0.12213316451315825,0.0305899158005479,19.0
2018-08-07 22:30:00,0.12206408997677992,0.03059840235047547,19.0
2018-08-07 23:00:00,0.1219950154404016,0.030606888900403036,19.0
2018-08-07 23:30:00,0.12192594090402327,0.030615375450330603,19.0
2018-08-08 00:00:00,0.12185686636764495,0.03062386200025817,19.0
2018-08-08 00:30:00,0.12178779183126662,0.030632348550185737,19.0
2018-08-08 01:00:00,0.12171871729488828,0.030640835100113305,19.0
2018-08-08 01:30:00,0.12164964275850997,0.030649321650040872,19.0
2018-08-08 02:00:00,0.12158056822213163,0.03065780819996844,19.0
2018-08-08 02:30:00,0.1228227348390345,0.03063987396759835,19.0
2018-08-08 03:00:00,0.12406490145593736,0.030621939735228258,19.0
2018-08-08 03:30:00,0.12530706807284023,0.03060400550285817,19.0
2018-08-08 04:00:00,0.1265492346897431,0.030586071270488076,19.0
2018-08-08 04:30:00,0.12779140130664599,0.030568137038117987,19.0
2018-08-08 05:00:00,0.12903356792354884,0.030550202805747894,19.0
2018-08-08 05:30:00,0.13027573454045172,0.030532268573377805,19.0
2018-08-08 06:00:00,0.13151790115735457,0.030514334341007716,19.0
2018-08-08 06:30:00,0.13276006777425745,0.030496400108637623,19.0
2018-08-08 07:00:00,0.13400223439116032,0.030478465876267534,19.0
2018-08-08 07:30:00,0.13524440100806318,0.03046053164389744,19.0
2018-08-08 08:00:00,0.13648656762496605,0.030442597411527352,19.0
2018-08-08 08:30:00,0.1377287342418689,0.030424663179157263,19.0
2018-08-08 09:00:00,0.13897090085877178,0.03040672894678717,19.0
2018-08-08 09:30:00,0.14021306747567466,0.03038879471441708,19.0
2018-08-08 10:00:00,0.14145523409257751,0.03037086048204699,19.0
2018-08-08 10:30:00,0.1426974007094804,0.0303529262496769,19.0
2018-08-08 11:00:00,0.14393956732638324,0.030334992017306807,19.0
2018-08-08 11:30:00,0.14518173394328612,0.030317057784936718,19.0
2018-08-08 12:00:00,0.146423900560189,0.03029912355256663,19.0
2018-08-08 12:30:00,0.14766606717709185,0.030281189320196536,19.0
2018-08-08 13:00:00,0.14890823379399473,0.030263255087826447,19.0
2018-08-08 13:30:00,0.15015040041089758,0.030245320855456354,19.0
2018-08-08 14:00:00,0.15139256702780046,0.030227386623086265,19.0
2018-08-08 14:30:00,0.1514915151047917,0.030278574097565156,19.0
2018-08-08 15:00:00,0.15159046318178293,0.03032976157204405,19.0
2018-08-08 15:30:00,0.15168941125877416,0.030380949046522943,19.0
2018-08-08 16:00:00,0.1517883593357654,0.030432136521001834,19.0
2018-08-08 16:30:00,0.1518873074127566,0.03048332399548073,19.0
2018-08-08 17:00:00,0.15198625548974784,0.03053451146995962,19.0
2018-08-08 17:30:00,0.15208520356673907,0.03058569894443851,19.0
2018-08-08 18:00:00,0.1521841516437303,0.030636886418917406,19.0
2018-08-08 18:30:00,0.15228309972072154,0.030688073893396298,19.0
2018-08-08 19:00:00,0.15238204779771278,0.03073926136787519,19.0
2018-08-08 19:30:00,0.152480995874704,0.030790448842354084,19.0
2018-08-08 20:00:00,0.15257994395169522,0.030841636316832975,19.0
2018-08-08 20:30:00,0.15267889202868645,0.030892823791311867,19.0
2018-08-08 21:00:00,0.1527778401056777,0.03094401126579076,19.0
2018-08-08 21:30:00,0.15287678818266892,0.030995198740269653,19.0
2018-08-08 22:00:00,0.15297573625966016,0.031046386214748544,19.0
2018-08-08 22:30:00,0.1530746843366514,0.03109757368922744,19.0
2018-08-08 23:00:00,0.15317363241364262,0.03114876116370633,19.0
2018-08-08 23:30:00,0.15327258049063386,0.03119994863818522,19.0
2018-08-09 00:00:00,0.1533715285676251,0.03125113611266411,19.0
2018-08-09 00:30:00,0.1534704766446163,0.03130232358714301,19.0
2018-08-09 01:00:00,0.15356942472160753,0.0313535110616219,19.0
2018-08-09 01:30:00,0.15366837279859877,0.03140469853610079,19.0
2018-08-09 02:00:00,0.15376732087559,0.031455886010579685,19.0
2018-08-09 02:30:00,0.1534992201516148,0.03139078207319598,19.0
2018-08-09 03:00:00,0.1532311194276396,0.03132567813581228,19.0
2018-08-09 03:30:00,0.15296301870366438,0.03126057419842857,19.0
2018-08-09 04:00:00,0.15269491797968918,0.03119547026104487,19.0
2018-08-09 04:30:00,0.15242681725571397,0.031130366323661167,19.0
2018-08-09 05:00:00,0.15215871653173874,0.03106526238627746,19.0
2018-08-09 05:30:00,0.15189061580776353,0.03100015844889376,19.0
2018-08-09 06:00:00,0.15162251508378832,0.030935054511510057,19.0
2018-08-09 06:30:00,0.15135441435981312,0.03086995057412635,19.0
2018-08-09 07:00:00,0.1510863136358379,0.03080484663674265,19.0
2018-08-09 07:30:00,0.1508182129118627,0.030739742699358943,19.0
2018-08-09 08:00:00,0.1505501121878875,0.03067463876197524,19.0
2018-08-09 08:30:00,0.1502820114639123,0.030609534824591538,19.0
2018-08-09 09:00:00,0.15001391073993708,0.030544430887207832,19.0
2018-08-09 09:30:00,0.14974581001596188,0.03047932694982413,19.0
2018-08-09 10:00:00,0.14947770929198667,0.030414223012440424,19.0
2018-08-09 10:30:00,0.14920960856801146,0.030349119075056722,19.0
2018-08-09 11:00:00,0.14894150784403623,0.030284015137673016,19.0
2018-08-09 11:30:00,0.14867340712006102,0.030218911200289314,19.0
2018-08-09 12:00:00,0.14840530639608582,0.03015380726290561,19.0
2018-08-09 12:30:00,0.1481372056721106,0.030088703325521906,19.0
2018-08-09 13:00:00,0.1478691049481354,0.030023599388138204,19.0
2018-08-09 13:30:00,0.1476010042241602,0.029958495450754498,19.0
2018-08-09 14:00:00,0.147332903500185,0.029893391513370796,19.0
2018-08-09 14:30:00,0.1471669469407289,0.02988271543059492,19.0
2018-08-09 15:00:00,0.1470009903812728,0.029872039347819047,19.0
2018-08-09 15:30:00,0.1468350338218167,0.02986136326504317,19.0
2018-08-09 16:00:00,0.14666907726236061,0.029850687182267296,19.0
2018-08-09 16:30:00,0.14650312070290453,0.02984001109949142,19.0
2018-08-09 17:00:00,0.14633716414344844,0.029829335016715548,19.0
2018-08-09 17:30:00,0.14617120758399232,0.029818658933939673,19.0
2018-08-09 18:00:00,0.14600525102453624,0.029807982851163796,19.0
2018-08-09 18:30:00,0.14583929446508015,0.029797306768387922,19.0
2018-08-09 19:00:00,0.14567333790562403,0.029786630685612048,19.0
2018-08-09 19:30:00,0.14550738134616795,0.029775954602836174,19.0
2018-08-09 20:00:00,0.14534142478671186,0.029765278520060296,19.0
2018-08-09 20:30:00,0.14517546822725577,0.029754602437284422,19.0
2018-08-09 21:00:00,0.14500951166779968,0.029743926354508548,19.0
2018-08-09 21:30:00,0.14484355510834357,0.029733250271732674,19.0
2018-08-09 22:00:00,0.14467759854888748,0.0297225741889568,19.0
2018-08-09 22:30:00,0.1445116419894314,0.029711898106180922,19.0
2018-08-09 23:00:00,0.14434568542997528,0.029701222023405048,19.0
2018-08-09 23:30:00,0.1441797288705192,0.029690545940629174,19.0
2018-08-10 00:00:00,0.1440137723110631,0.0296798698578533,19.0
2018-08-10 00:30:00,0.14384781575160702,0.029669193775077426,19.0
2018-08-10 01:00:00,0.14368185919215093,0.029658517692301548,19.0
2018-08-10 01:30:00,0.14351590263269481,0.029647841609525674,19.0
2018-08-10 02:00:00,0.14334994607323873,0.0296371655267498,19.0
2018-08-10 02:30:00,0.14323594893748642,0.02962784939349799,19.0
2018-08-10 03:00:00,0.1431219518017341,0.029618533260246174,19.0
2018-08-10 03:30:00,0.1430079546659818,0.029609217126994363,19.0
2018-08-10 04:00:00,0.1428939575302295,0.02959990099374255,19.0
2018-08-10 04:30:00,0.14277996039447718,0.029590584860490737,19.0
2018-08-10 05:00:00,0.14266596325872488,0.029581268727238923,19.0
2018-08-10 05:30:00,0.14255196612297255,0.02957195259398711,19.0
2018-08-10 06:00:00,0.14243796898722025,0.029562636460735297,19.0
2018-08-10 06:30:00,0.14232397185146795,0.029553320327483486,19.0
2018-08-10 07:00:00,0.14220997471571561,0.02954400419423167,19.0
2018-08-10 07:30:00,0.1420959775799633,0.02953468806097986,19.0
2018-08-10 08:00:00,0.141981980444211,0.029525371927728045,19.0
2018-08-10 08:30:00,0.1418679833084587,0.029516055794476234,19.0
2018-08-10 09:00:00,0.1417539861727064,0.029506739661224423,19.0
2018-08-10 09:30:00,0.14163998903695407,0.02949742352797261,19.0
2018-08-10 10:00:00,0.14152599190120177,0.029488107394720797,19.0
2018-08-10 10:30:00,0.14141199476544947,0.029478791261468983,19.0
2018-08-10 11:00:00,0.14129799762969714,0.02946947512821717,19.0
2018-08-10 11:30:00,0.14118400049394483,0.029460158994965357,19.0
2018-08-10 12:00:00,0.14107000335819253,0.029450842861713546,19.0
2018-08-10 12:30:00,0.14095600622244023,0.02944152672846173,19.0
2018-08-10 13:00:00,0.14084200908668792,0.02943221059520992,19.0
2018-08-10 13:30:00,0.1407280119509356,0.029422894461958105,19.0
2018-08-10 14:00:00,0.1406140148151833,0.029413578328706294,19.0
2018-08-10 14:30:00,0.14052243664468925,0.02940678123964563,19.0
2018-08-10 15:00:00,0.14043085847419523,0.02939998415058497,19.0
2018-08-10 15:30:00,0.14033928030370119,0.029393187061524304,19.0
2018-08-10 16:00:00,0.14024770213320714,0.029386389972463643,19.0
2018-08-10 16:30:00,0.1401561239627131,0.02937959288340298,19.0
2018-08-10 17:00:00,0.14006454579221908,0.029372795794342318,19.0
2018-08-10 17:30:00,0.13997296762172504,0.029365998705281653,19.0
2018-08-10 18:00:00,0.139881389451231,0.029359201616220992,19.0
2018-08-10 18:30:00,0.13978981128073698,0.029352404527160328,19.0
2018-08-10 19:00:00,0.13969823311024293,0.029345607438099667,19.0
2018-08-10 19:30:00,0.1396066549397489,0.029338810349039002,19.0
2018-08-10 20:00:00,0.13951507676925484,0.029332013259978338,19.0
2018-08-10 20:30:00,0.13942349859876083,0.029325216170917677,19.0
2018-08-10 21:00:00,0.13933192042826678,0.029318419081857013,19.0
2018-08-10 21:30:00,0.13924034225777274,0.02931162199279635,19.0
2018-08-10 22:00:00,0.13914876408727872,0.029304824903735687,19.0
2018-08-10 22:30:00,0.13905718591678468,0.029298027814675026,19.0
2018-08-10 23:00:00,0.13896560774629063,0.02929123072561436,19.0
2018-08-10 23:30:00,0.13887402957579661,0.0292844336365537,19.0
2018-08-11 00:00:00,0.13878245140530257,0.029277636547493036,19.0
2018-08-11 00:30:00,0.13869087323480853,0.029270839458432375,19.0
2018-08-11 01:00:00,0.13859929506431448,0.02926404236937171,19.0
2018-08-11 01:30:00,0.13850771689382047,0.02925724528031105,19.0
2018-08-11 02:00:00,0.13841613872332642,0.029250448191250385,19.0
2018-08-11 02:30:00,0.13833612850088342,0.029253968426888616,19.0
2018-08-11 03:00:00,0.13825611827844042,0.02925748866252685,19.0
2018-08-11 03:30:00,0.13817610805599742,0.029261008898165082,19.0
2018-08-11 04:00:00,0.13809609783355442,0.029264529133803317,19.0
2018-08-11 04:30:00,0.13801608761111142,0.029268049369441548,19.0
2018-08-11 05:00:00,0.13793607738866842,0.02927156960507978,19.0
2018-08-11 05:30:00,0.13785606716622542,0.029275089840718013,19.0
2018-08-11 06:00:00,0.13777605694378242,0.029278610076356244,19.0
2018-08-11 06:30:00,0.13769604672133942,0.02928213031199448,19.0
2018-08-11 07:00:00,0.13761603649889642,0.02928565054763271,19.0
2018-08-11 07:30:00,0.13753602627645342,0.029289170783270944,19.0
2018-08-11 08:00:00,0.13745601605401042,0.029292691018909175,19.0
2018-08-11 08:30:00,0.13737600583156745,0.029296211254547407,19.0
2018-08-11 09:00:00,0.13729599560912445,0.02929973149018564,19.0
2018-08-11 09:30:00,0.13721598538668145,0.029303251725823872,19.0
2018-08-11 10:00:00,0.13713597516423845,0.029306771961462107,19.0
2018-08-11 10:30:00,0.13705596494179545,0.029310292197100338,19.0
2018-08-11 11:00:00,0.13697595471935245,0.02931381243273857,19.0
2018-08-11 11:30:00,0.13689594449690945,0.029317332668376803,19.0
2018-08-11 12:00:00,0.13681593427446645,0.029320852904015034,19.0
2018-08-11 12:30:00,0.13673592405202345,0.02932437313965327,19.0
2018-08-11 13:00:00,0.13665591382958045,0.0293278933752915,19.0
2018-08-11 13:30:00,0.13657590360713745,0.029331413610929735,19.0
2018-08-11 14:00:00,0.13649589338469445,0.029334933846567966,19.0
2018-08-11 14:30:00,0.1364151518723738,0.02933314670388352,19.0
2018-08-11 15:00:00,0.13633441036005317,0.02933135956119907,19.0
2018-08-11 15:30:00,0.13625366884773252,0.029329572418514624,19.0
2018-08-11 16:00:00,0.13617292733541186,0.029327785275830177,19.0
2018-08-11 16:30:00,0.13609218582309124,0.02932599813314573,19.0
2018-08-11 17:00:00,0.13601144431077059,0.029324210990461282,19.0
2018-08-11 17:30:00,0.13593070279844996,0.029322423847776835,19.0
2018-08-11 18:00:00,0.1358499612861293,0.029320636705092388,19.0
2018-08-11 18:30:00,0.13576921977380865,0.02931884956240794,19.0
2018-08-11 19:00:00,0.13568847826148803,0.029317062419723493,19.0
2018-08-11 19:30:00,0.13560773674916737,0.029315275277039046,19.0
2018-08-11 20:00:00,0.13552699523684675,0.029313488134354596,19.0
2018-08-11 20:30:00,0.1354462537245261,0.02931170099167015,19.0
2018-08-11 21:00:00,0.13536551221220544,0.0293099138489857,19.0
2018-08-11 21:30:00,0.13528477069988482,0.029308126706301254,19.0
2018-08-11 22:00:00,0.13520402918756416,0.029306339563616807,19.0
2018-08-11 22:30:00,0.1351232876752435,0.02930455242093236,19.0
2018-08-11 23:00:00,0.13504254616292288,0.029302765278247912,19.0
2018-08-11 23:30:00,0.13496180465060223,0.029300978135563465,19.0
2018-08-12 00:00:00,0.13488106313828158,0.029299190992879018,19.0
2018-08-12 00:30:00,0.13480032162596095,0.02929740385019457,19.0
2018-08-12 01:00:00,0.1347195801136403,0.029295616707510123,19.0
2018-08-12 01:30:00,0.13463883860131967,0.029293829564825676,19.0
2018-08-12 02:00:00,0.13455809708899902,0.02929204242214123,19.0
2018-08-12 02:30:00,0.13452086112549133,0.029311616450375288,19.0
2018-08-12 03:00:00,0.13448362516198362,0.029331190478609347,19.0
2018-08-12 03:30:00,0.1344463891984759,0.029350764506843405,19.0
2018-08-12 04:00:00,0.13440915323496821,0.029370338535077464,19.0
2018-08-12 04:30:00,0.13437191727146053,0.029389912563311527,19.0
2018-08-12 05:00:00,0.1343346813079528,0.029409486591545585,19.0
2018-08-12 05:30:00,0.1342974453444451,0.029429060619779644,19.0
2018-08-12 06:00:00,0.1342602093809374,0.029448634648013703,19.0
2018-08-12 06:30:00,0.13422297341742973,0.029468208676247762,19.0
2018-08-12 07:00:00,0.134185737453922,0.02948778270448182,19.0
2018-08-12 07:30:00,0.1341485014904143,0.02950735673271588,19.0
2018-08-12 08:00:00,0.1341112655269066,0.029526930760949942,19.0
2018-08-12 08:30:00,0.13407402956339892,0.029546504789184,19.0
2018-08-12 09:00:00,0.1340367935998912,0.02956607881741806,19.0
2018-08-12 09:30:00,0.1339995576363835,0.029585652845652118,19.0
2018-08-12 10:00:00,0.1339623216728758,0.029605226873886177,19.0
2018-08-12 10:30:00,0.13392508570936812,0.029624800902120236,19.0
2018-08-12 11:00:00,0.1338878497458604,0.029644374930354295,19.0
2018-08-12 11:30:00,0.1338506137823527,0.029663948958588354,19.0
2018-08-12 12:00:00,0.133813377818845,0.029683522986822412,19.0
2018-08-12 12:30:00,0.13377614185533732,0.029703097015056475,19.0
2018-08-12 13:00:00,0.1337389058918296,0.029722671043290533,19.0
2018-08-12 13:30:00,0.1337016699283219,0.029742245071524592,19.0
2018-08-12 14:00:00,0.1336644339648142,0.02976181909975865,19.0
2018-08-12 14:30:00,0.13359247587841894,0.02976260562673877,19.0
2018-08-12 15:00:00,0.1335205177920237,0.029763392153718888,19.0
2018-08-12 15:30:00,0.13344855970562847,0.029764178680699006,19.0
2018-08-12 16:00:00,0.1333766016192332,0.02976496520767912,19.0
2018-08-12 16:30:00,0.13330464353283794,0.02976575173465924,19.0
2018-08-12 17:00:00,0.1332326854464427,0.029766538261639358,19.0
2018-08-12 17:30:00,0.13316072736004747,0.029767324788619477,19.0
2018-08-12 18:00:00,0.1330887692736522,0.029768111315599595,19.0
2018-08-12 18:30:00,0.13301681118725694,0.029768897842579713,19.0
2018-08-12 19:00:00,0.1329448531008617,0.029769684369559832,19.0
2018-08-12 19:30:00,0.13287289501446647,0.02977047089653995,19.0
2018-08-12 20:00:00,0.1328009369280712,0.02977125742352007,19.0
2018-08-12 20:30:00,0.13272897884167595,0.029772043950500184,19.0
2018-08-12 21:00:00,0.1326570207552807,0.029772830477480302,19.0
2018-08-12 21:30:00,0.13258506266888548,0.02977361700446042,19.0
2018-08-12 22:00:00,0.13251310458249022,0.02977440353144054,19.0
2018-08-12 22:30:00,0.13244114649609495,0.029775190058420657,19.0
2018-08-12 23:00:00,0.13236918840969972,0.029775976585400776,19.0
2018-08-12 23:30:00,0.13229723032330448,0.029776763112380894,19.0
2018-08-13 00:00:00,0.13222527223690922,0.02977754963936101,19.0
2018-08-13 00:30:00,0.13215331415051396,0.029778336166341127,19.0
2018-08-13 01:00:00,0.13208135606411872,0.029779122693321246,19.0
2018-08-13 01:30:00,0.13200939797772349,0.029779909220301364,19.0
2018-08-13 02:00:00,0.13193743989132822,0.029780695747281483,19.0
2018-08-13 02:30:00,0.13266277607381774,0.02977125222315882,19.0
2018-08-13 03:00:00,0.13338811225630728,0.029761808699036153,19.0
2018-08-13 03:30:00,0.1341134484387968,0.02975236517491349,19.0
2018-08-13 04:00:00,0.13483878462128635,0.029742921650790826,19.0
2018-08-13 04:30:00,0.13556412080377586,0.02973347812666816,19.0
2018-08-13 05:00:00,0.1362894569862654,0.029724034602545496,19.0
2018-08-13 05:30:00,0.13701479316875492,0.029714591078422833,19.0
2018-08-13 06:00:00,0.13774012935124447,0.029705147554300166,19.0
2018-08-13 06:30:00,0.13846546553373398,0.029695704030177503,19.0
2018-08-13 07:00:00,0.13919080171622353,0.02968626050605484,19.0
2018-08-13 07:30:00,0.13991613789871304,0.029676816981932173,19.0
2018-08-13 08:00:00,0.14064147408120256,0.02966737345780951,19.0
2018-08-13 08:30:00,0.1413668102636921,0.029657929933686846,19.0
2018-08-13 09:00:00,0.14209214644618162,0.02964848640956418,19.0
2018-08-13 09:30:00,0.14281748262867117,0.029639042885441516,19.0
2018-08-13 10:00:00,0.14354281881116068,0.029629599361318853,19.0
2018-08-13 10:30:00,0.14426815499365023,0.029620155837196186,19.0
2018-08-13 11:00:00,0.14499349117613974,0.029610712313073523,19.0
2018-08-13 11:30:00,0.1457188273586293,0.02960126878895086,19.0
2018-08-13 12:00:00,0.1464441635411188,0.029591825264828193,19.0
2018-08-13 12:30:00,0.14716949972360835,0.02958238174070553,19.0
2018-08-13 13:00:00,0.14789483590609787,0.029572938216582866,19.0
2018-08-13 13:30:00,0.1486201720885874,0.0295634946924602,19.0
2018-08-13 14:00:00,0.14934550827107693,0.029554051168337536,19.0
2018-08-13 14:30:00,0.1499970705169232,0.02978593995447345,19.0
2018-08-13 15:00:00,0.1506486327627695,0.030017828740609362,19.0
2018-08-13 15:30:00,0.15130019500861577,0.030249717526745275,19.0
2018-08-13 16:00:00,0.15195175725446206,0.030481606312881184,19.0
2018-08-13 16:30:00,0.15260331950030834,0.030713495099017097,19.0
2018-08-13 17:00:00,0.15325488174615462,0.03094538388515301,19.0
2018-08-13 17:30:00,0.15390644399200087,0.031177272671288923,19.0
2018-08-13 18:00:00,0.15455800623784716,0.03140916145742483,19.0
2018-08-13 18:30:00,0.15520956848369344,0.031641050243560745,19.0
2018-08-13 19:00:00,0.15586113072953972,0.03187293902969666,19.0
2018-08-13 19:30:00,0.156512692975386,0.03210482781583257,19.0
2018-08-13 20:00:00,0.15716425522123229,0.03233671660196848,19.0
2018-08-13 20:30:00,0.15781581746707857,0.032568605388104396,19.0
2018-08-13 21:00:00,0.15846737971292485,0.03280049417424031,19.0
2018-08-13 21:30:00,0.15911894195877113,0.03303238296037622,19.0
2018-08-13 22:00:00,0.15977050420461741,0.033264271746512135,19.0
2018-08-13 22:30:00,0.1604220664504637,0.03349616053264805,19.0
2018-08-13 23:00:00,0.16107362869630998,0.03372804931878396,19.0
2018-08-13 23:30:00,0.16172519094215623,0.033959938104919866,19.0
2018-08-14 00:00:00,0.16237675318800252,0.03419182689105578,19.0
2018-08-14 00:30:00,0.1630283154338488,0.03442371567719169,19.0
2018-08-14 01:00:00,0.16367987767969508,0.034655604463327605,19.0
2018-08-14 01:30:00,0.16433143992554136,0.03488749324946352,19.0
2018-08-14 02:00:00,0.16498300217138764,0.03511938203559943,19.0
2018-08-14 02:30:00,0.1648369999372184,0.03501565650597657,19.0
2018-08-14 03:00:00,0.16469099770304918,0.03491193097635372,19.0
2018-08-14 03:30:00,0.16454499546887993,0.03480820544673086,19.0
2018-08-14 04:00:00,0.1643989932347107,0.034704479917108004,19.0
2018-08-14 04:30:00,0.16425299100054144,0.03460075438748515,19.0
2018-08-14 05:00:00,0.1641069887663722,0.034497028857862294,19.0
2018-08-14 05:30:00,0.16396098653220298,0.034393303328239436,19.0
2018-08-14 06:00:00,0.16381498429803373,0.034289577798616584,19.0
2018-08-14 06:30:00,0.1636689820638645,0.034185852268993726,19.0
2018-08-14 07:00:00,0.16352297982969527,0.03408212673937087,19.0
2018-08-14 07:30:00,0.16337697759552602,0.033978401209748016,19.0
2018-08-14 08:00:00,0.16323097536135678,0.03387467568012516,19.0
2018-08-14 08:30:00,0.16308497312718753,0.0337709501505023,19.0
2018-08-14 09:00:00,0.1629389708930183,0.03366722462087945,19.0
2018-08-14 09:30:00,0.16279296865884907,0.03356349909125659,19.0
2018-08-14 10:00:00,0.16264696642467982,0.03345977356163373,19.0
2018-08-14 10:30:00,0.16250096419051058,0.03335604803201088,19.0
2018-08-14 11:00:00,0.16235496195634136,0.03325232250238802,19.0
2018-08-14 11:30:00,0.1622089597221721,0.03314859697276516,19.0
2018-08-14 12:00:00,0.16206295748800287,0.03304487144314231,19.0
2018-08-14 12:30:00,0.16191695525383362,0.03294114591351945,19.0
2018-08-14 13:00:00,0.16177095301966438,0.032837420383896594,19.0
2018-08-14 13:30:00,0.16162495078549516,0.03273369485427374,19.0
2018-08-14 14:00:00,0.1614789485513259,0.032629969324650884,19.0
2018-08-14 14:30:00,0.16121943186743523,0.0325560300008631,19.0
2018-08-14 15:00:00,0.16095991518354452,0.03248209067707532,19.0
2018-08-14 15:30:00,0.16070039849965384,0.032408151353287534,19.0
2018-08-14 16:00:00,0.16044088181576313,0.03233421202949975,19.0
2018-08-14 16:30:00,0.16018136513187245,0.03226027270571196,19.0
2018-08-14 17:00:00,0.15992184844798177,0.03218633338192418,19.0
2018-08-14 17:30:00,0.15966233176409106,0.032112394058136394,19.0
2018-08-14 18:00:00,0.15940281508020038,0.03203845473434861,19.0
2018-08-14 18:30:00,0.15914329839630967,0.03196451541056083,19.0
2018-08-14 19:00:00,0.158883781712419,0.031890576086773044,19.0
2018-08-14 19:30:00,0.15862426502852828,0.03181663676298526,19.0
2018-08-14 20:00:00,0.1583647483446376,0.03174269743919747,19.0
2018-08-14 20:30:00,0.15810523166074691,0.03166875811540969,19.0
2018-08-14 21:00:00,0.1578457149768562,0.031594818791621904,19.0
2018-08-14 21:30:00,0.15758619829296552,0.03152087946783412,19.0
2018-08-14 22:00:00,0.15732668160907481,0.03144694014404634,19.0
2018-08-14 22:30:00,0.15706716492518413,0.031373000820258554,19.0
2018-08-14 23:00:00,0.15680764824129345,0.03129906149647077,19.0
2018-08-14 23:30:00,0.15654813155740274,0.031225122172682983,19.0
2018-08-15 00:00:00,0.15628861487351206,0.0311511828488952,19.0
2018-08-15 00:30:00,0.15602909818962135,0.031077243525107417,19.0
2018-08-15 01:00:00,0.15576958150573067,0.03100330420131963,19.0
2018-08-15 01:30:00,0.15551006482183996,0.030929364877531847,19.0
2018-08-15 02:00:00,0.15525054813794928,0.030855425553744063,19.0
2018-08-15 02:30:00,0.15508752917775764,0.03078846674977317,19.0
2018-08-15 03:00:00,0.15492451021756604,0.03072150794580228,19.0
2018-08-15 03:30:00,0.1547614912573744,0.03065454914183139,19.0
2018-08-15 04:00:00,0.15459847229718277,0.030587590337860498,19.0
2018-08-15 04:30:00,0.15443545333699116,0.030520631533889606,19.0
2018-08-15 05:00:00,0.15427243437679952,0.030453672729918713,19.0
2018-08-15 05:30:00,0.1541094154166079,0.03038671392594782,19.0
2018-08-15 06:00:00,0.15394639645641628,0.03031975512197693,19.0
2018-08-15 06:30:00,0.15378337749622464,0.03025279631800604,19.0
2018-08-15 07:00:00,0.153620358536033,0.030185837514035148,19.0
2018-08-15 07:30:00,0.1534573395758414,0.030118878710064256,19.0
2018-08-15 08:00:00,0.15329432061564977,0.030051919906093363,19.0
2018-08-15 08:30:00,0.15313130165545813,0.02998496110212247,19.0
2018-08-15 09:00:00,0.15296828269526652,0.02991800229815158,19.0
2018-08-15 09:30:00,0.1528052637350749,0.02985104349418069,19.0
2018-08-15 10:00:00,0.15264224477488325,0.029784084690209798,19.0
2018-08-15 10:30:00,0.15247922581469164,0.029717125886238906,19.0
2018-08-15 11:00:00,0.1523162068545,0.029650167082268013,19.0
2018-08-15 11:30:00,0.15215318789430837,0.02958320827829712,19.0
2018-08-15 12:00:00,0.15199016893411676,0.02951624947432623,19.0
2018-08-15 12:30:00,0.15182714997392513,0.02944929067035534,19.0
2018-08-15 13:00:00,0.1516641310137335,0.029382331866384448,19.0
2018-08-15 13:30:00,0.1515011120535419,0.029315373062413556,19.0
2018-08-15 14:00:00,0.15133809309335025,0.029248414258442663,19.0
2018-08-15 14:30:00,0.15121352953056144,0.029226461704036807,19.0
2018-08-15 15:00:00,0.15108896596777263,0.02920450914963095,19.0
2018-08-15 15:30:00,0.15096440240498382,0.029182556595225093,19.0
2018-08-15 16:00:00,0.150839838842195,0.029160604040819237,19.0
2018-08-15 16:30:00,0.1507152752794062,0.02913865148641338,19.0
2018-08-15 17:00:00,0.1505907117166174,0.029116698932007523,19.0
2018-08-15 17:30:00,0.15046614815382858,0.029094746377601666,19.0
2018-08-15 18:00:00,0.15034158459103977,0.02907279382319581,19.0
2018-08-15 18:30:00,0.15021702102825096,0.029050841268789953,19.0
2018-08-15 19:00:00,0.15009245746546215,0.029028888714384096,19.0
2018-08-15 19:30:00,0.14996789390267334,0.02900693615997824,19.0
2018-08-15 20:00:00,0.1498433303398845,0.028984983605572383,19.0
2018-08-15 20:30:00,0.1497187667770957,0.028963031051166526,19.0
2018-08-15 21:00:00,0.1495942032143069,0.02894107849676067,19.0
2018-08-15 21:30:00,0.14946963965151808,0.028919125942354813,19.0
2018-08-15 22:00:00,0.14934507608872927,0.028897173387948956,19.0
2018-08-15 22:30:00,0.14922051252594046,0.0288752208335431,19.0
2018-08-15 23:00:00,0.14909594896315165,0.028853268279137242,19.0
2018-08-15 23:30:00,0.14897138540036284,0.028831315724731386,19.0
2018-08-16 00:00:00,0.14884682183757403,0.02880936317032553,19.0
2018-08-16 00:30:00,0.14872225827478522,0.028787410615919672,19.0
2018-08-16 01:00:00,0.1485976947119964,0.028765458061513816,19.0
2018-08-16 01:30:00,0.1484731311492076,0.02874350550710796,19.0
2018-08-16 02:00:00,0.1483485675864188,0.028721552952702102,19.0
2018-08-16 02:30:00,0.14821191469956324,0.028714595798111173,19.0
2018-08-16 03:00:00,0.14807526181270772,0.028707638643520248,19.0
2018-08-16 03:30:00,0.14793860892585217,0.02870068148892932,19.0
2018-08-16 04:00:00,0.14780195603899665,0.02869372433433839,19.0
2018-08-16 04:30:00,0.1476653031521411,0.028686767179747462,19.0
2018-08-16 05:00:00,0.14752865026528558,0.028679810025156537,19.0
2018-08-16 05:30:00,0.14739199737843003,0.028672852870565608,19.0
2018-08-16 06:00:00,0.14725534449157449,0.02866589571597468,19.0
2018-08-16 06:30:00,0.14711869160471897,0.028658938561383754,19.0
2018-08-16 07:00:00,0.14698203871786342,0.028651981406792825,19.0
2018-08-16 07:30:00,0.1468453858310079,0.028645024252201896,19.0
2018-08-16 08:00:00,0.14670873294415235,0.02863806709761097,19.0
2018-08-16 08:30:00,0.1465720800572968,0.028631109943020042,19.0
2018-08-16 09:00:00,0.14643542717044128,0.028624152788429114,19.0
2018-08-16 09:30:00,0.14629877428358573,0.028617195633838185,19.0
2018-08-16 10:00:00,0.1461621213967302,0.02861023847924726,19.0
2018-08-16 10:30:00,0.14602546850987466,0.02860328132465633,19.0
2018-08-16 11:00:00,0.14588881562301914,0.028596324170065402,19.0
2018-08-16 11:30:00,0.1457521627361636,0.028589367015474477,19.0
2018-08-16 12:00:00,0.14561550984930804,0.028582409860883548,19.0
2018-08-16 12:30:00,0.14547885696245252,0.02857545270629262,19.0
2018-08-16 13:00:00,0.14534220407559698,0.02856849555170169,19.0
2018-08-16 13:30:00,0.14520555118874146,0.028561538397110765,19.0
2018-08-16 14:00:00,0.1450688983018859,0.028554581242519837,19.0
2018-08-16 14:30:00,0.14494069016150596,0.028549542417692562,19.0
2018-08-16 15:00:00,0.144812482021126,0.028544503592865283,19.0
2018-08-16 15:30:00,0.1446842738807461,0.02853946476803801,19.0
2018-08-16 16:00:00,0.14455606574036614,0.028534425943210734,19.0
2018-08-16 16:30:00,0.1444278575999862,0.028529387118383456,19.0
2018-08-16 17:00:00,0.14429964945960624,0.02852434829355618,19.0
2018-08-16 17:30:00,0.1441714413192263,0.028519309468728906,19.0
2018-08-16 18:00:00,0.14404323317884637,0.028514270643901628,19.0
2018-08-16 18:30:00,0.14391502503846643,0.028509231819074353,19.0
2018-08-16 19:00:00,0.14378681689808648,0.028504192994247078,19.0
2018-08-16 19:30:00,0.14365860875770653,0.0284991541694198,19.0
2018-08-16 20:00:00,0.14353040061732658,0.028494115344592525,19.0
2018-08-16 20:30:00,0.14340219247694666,0.02848907651976525,19.0
2018-08-16 21:00:00,0.1432739843365667,0.028484037694937972,19.0
2018-08-16 21:30:00,0.14314577619618676,0.028478998870110697,19.0
2018-08-16 22:00:00,0.14301756805580682,0.028473960045283422,19.0
2018-08-16 22:30:00,0.1428893599154269,0.028468921220456144,19.0
2018-08-16 23:00:00,0.14276115177504695,0.02846388239562887,19.0
2018-08-16 23:30:00,0.142632943634667,0.028458843570801595,19.0
2018-08-17 00:00:00,0.14250473549428705,0.028453804745974316,19.0
2018-08-17 00:30:00,0.1423765273539071,0.02844876592114704,19.0
2018-08-17 01:00:00,0.14224831921352718,0.028443727096319767,19.0
2018-08-17 01:30:00,0.14212011107314723,0.02843868827149249,19.0
2018-08-17 02:00:00,0.14199190293276728,0.028433649446665214,19.0
2018-08-17 02:30:00,0.14191424153071053,0.028439796954338077,19.0
2018-08-17 03:00:00,0.14183658012865374,0.028445944462010937,19.0
2018-08-17 03:30:00,0.141758918726597,0.028452091969683797,19.0
2018-08-17 04:00:00,0.1416812573245402,0.02845823947735666,19.0
2018-08-17 04:30:00,0.14160359592248345,0.028464386985029524,19.0
2018-08-17 05:00:00,0.14152593452042667,0.028470534492702385,19.0
2018-08-17 05:30:00,0.1414482731183699,0.028476682000375245,19.0
2018-08-17 06:00:00,0.14137061171631313,0.028482829508048108,19.0
2018-08-17 06:30:00,0.14129295031425637,0.028488977015720972,19.0
2018-08-17 07:00:00,0.1412152889121996,0.028495124523393832,19.0
2018-08-17 07:30:00,0.14113762751014283,0.028501272031066692,19.0
2018-08-17 08:00:00,0.14105996610808605,0.028507419538739556,19.0
2018-08-17 08:30:00,0.1409823047060293,0.02851356704641242,19.0
2018-08-17 09:00:00,0.14090464330397254,0.02851971455408528,19.0
2018-08-17 09:30:00,0.14082698190191575,0.02852586206175814,19.0
2018-08-17 10:00:00,0.140749320499859,0.028532009569431003,19.0
2018-08-17 10:30:00,0.14067165909780222,0.028538157077103866,19.0
2018-08-17 11:00:00,0.14059399769574546,0.028544304584776727,19.0
2018-08-17 11:30:00,0.14051633629368868,0.028550452092449587,19.0
2018-08-17 12:00:00,0.14043867489163192,0.02855659960012245,19.0
2018-08-17 12:30:00,0.14036101348957514,0.028562747107795314,19.0
2018-08-17 13:00:00,0.14028335208751838,0.028568894615468174,19.0
2018-08-17 13:30:00,0.1402056906854616,0.028575042123141034,19.0
2018-08-17 14:00:00,0.14012802928340484,0.028581189630813898,19.0
2018-08-17 14:30:00,0.14007048101010797,0.028576105156504623,19.0
2018-08-17 15:00:00,0.1400129327368111,0.02857102068219535,19.0
2018-08-17 15:30:00,0.13995538446351422,0.028565936207886077,19.0
2018-08-17 16:00:00,0.13989783619021734,0.0285608517335768,19.0
2018-08-17 16:30:00,0.13984028791692046,0.02855576725926753,19.0
2018-08-17 17:00:00,0.1397827396436236,0.028550682784958255,19.0
2018-08-17 17:30:00,0.1397251913703267,0.028545598310648984,19.0
2018-08-17 18:00:00,0.13966764309702984,0.02854051383633971,19.0
2018-08-17 18:30:00,0.13961009482373296,0.028535429362030434,19.0
2018-08-17 19:00:00,0.13955254655043609,0.028530344887721163,19.0
2018-08-17 19:30:00,0.1394949982771392,0.028525260413411888,19.0
2018-08-17 20:00:00,0.13943745000384233,0.028520175939102617,19.0
2018-08-17 20:30:00,0.13937990173054546,0.028515091464793342,19.0
2018-08-17 21:00:00,0.13932235345724858,0.028510006990484067,19.0
2018-08-17 21:30:00,0.1392648051839517,0.028504922516174796,19.0
2018-08-17 22:00:00,0.13920725691065483,0.02849983804186552,19.0
2018-08-17 22:30:00,0.13914970863735796,0.028494753567556246,19.0
2018-08-17 23:00:00,0.13909216036406108,0.028489669093246975,19.0
2018-08-17 23:30:00,0.1390346120907642,0.0284845846189377,19.0
2018-08-18 00:00:00,0.13897706381746733,0.028479500144628425,19.0
2018-08-18 00:30:00,0.13891951554417045,0.028474415670319154,19.0
2018-08-18 01:00:00,0.13886196727087358,0.02846933119600988,19.0
2018-08-18 01:30:00,0.1388044189975767,0.028464246721700608,19.0
2018-08-18 02:00:00,0.13874687072427982,0.028459162247391333,19.0
2018-08-18 02:30:00,0.13867670363136722,0.02846873452653911,19.0
2018-08-18 03:00:00,0.13860653653845462,0.028478306805686887,19.0
2018-08-18 03:30:00,0.138536369445542,0.028487879084834664,19.0
2018-08-18 04:00:00,0.1384662023526294,0.02849745136398244,19.0
2018-08-18 04:30:00,0.1383960352597168,0.02850702364313022,19.0
2018-08-18 05:00:00,0.1383258681668042,0.028516595922277996,19.0
2018-08-18 05:30:00,0.1382557010738916,0.028526168201425773,19.0
2018-08-18 06:00:00,0.138185533980979,0.02853574048057355,19.0
2018-08-18 06:30:00,0.1381153668880664,0.028545312759721327,19.0
2018-08-18 07:00:00,0.13804519979515378,0.028554885038869104,19.0
2018-08-18 07:30:00,0.13797503270224118,0.02856445731801688,19.0
2018-08-18 08:00:00,0.13790486560932858,0.02857402959716466,19.0
2018-08-18 08:30:00,0.137834698516416,0.028583601876312436,19.0
2018-08-18 09:00:00,0.1377645314235034,0.028593174155460213,19.0
2018-08-18 09:30:00,0.1376943643305908,0.02860274643460799,19.0
2018-08-18 10:00:00,0.1376241972376782,0.028612318713755767,19.0
2018-08-18 10:30:00,0.13755403014476558,0.028621890992903545,19.0
2018-08-18 11:00:00,0.13748386305185298,0.028631463272051322,19.0
2018-08-18 11:30:00,0.13741369595894037,0.0286410355511991,19.0
2018-08-18 12:00:00,0.13734352886602777,0.028650607830346876,19.0
2018-08-18 12:30:00,0.13727336177311517,0.028660180109494653,19.0
2018-08-18 13:00:00,0.13720319468020256,0.02866975238864243,19.0
2018-08-18 13:30:00,0.13713302758728996,0.028679324667790208,19.0
2018-08-18 14:00:00,0.13706286049437735,0.028688896946937985,19.0
2018-08-18 14:30:00,0.13698853865908714,0.028692336738726086,19.0
2018-08-18 15:00:00,0.13691421682379692,0.028695776530514187,19.0
2018-08-18 15:30:00,0.1368398949885067,0.028699216322302285,19.0
2018-08-18 16:00:00,0.13676557315321652,0.028702656114090386,19.0
2018-08-18 16:30:00,0.1366912513179263,0.028706095905878488,19.0
2018-08-18 17:00:00,0.1366169294826361,0.028709535697666586,19.0
2018-08-18 17:30:00,0.13654260764734588,0.028712975489454687,19.0
2018-08-18 18:00:00,0.13646828581205567,0.028716415281242788,19.0
2018-08-18 18:30:00,0.13639396397676545,0.02871985507303089,19.0
2018-08-18 19:00:00,0.13631964214147524,0.02872329486481899,19.0
2018-08-18 19:30:00,0.13624532030618502,0.02872673465660709,19.0
2018-08-18 20:00:00,0.1361709984708948,0.02873017444839519,19.0
2018-08-18 20:30:00,0.13609667663560462,0.02873361424018329,19.0
2018-08-18 21:00:00,0.1360223548003144,0.02873705403197139,19.0
2018-08-18 21:30:00,0.1359480329650242,0.02874049382375949,19.0
2018-08-18 22:00:00,0.13587371112973398,0.02874393361554759,19.0
2018-08-18 22:30:00,0.13579938929444377,0.028747373407335693,19.0
2018-08-18 23:00:00,0.13572506745915355,0.028750813199123794,19.0
2018-08-18 23:30:00,0.13565074562386334,0.02875425299091189,19.0
2018-08-19 00:00:00,0.13557642378857315,0.028757692782699993,19.0
2018-08-19 00:30:00,0.13550210195328294,0.028761132574488094,19.0
2018-08-19 01:00:00,0.13542778011799272,0.028764572366276192,19.0
2018-08-19 01:30:00,0.1353534582827025,0.028768012158064293,19.0
2018-08-19 02:00:00,0.1352791364474123,0.028771451949852395,19.0
2018-08-19 02:30:00,0.135215413350556,0.02878793798057042,19.0
2018-08-19 03:00:00,0.13515169025369972,0.028804424011288444,19.0
2018-08-19 03:30:00,0.13508796715684346,0.02882091004200647,19.0
2018-08-19 04:00:00,0.13502424405998717,0.028837396072724494,19.0
2018-08-19 04:30:00,0.13496052096313088,0.028853882103442523,19.0
2018-08-19 05:00:00,0.13489679786627462,0.028870368134160548,19.0
2018-08-19 05:30:00,0.13483307476941833,0.028886854164878573,19.0
2018-08-19 06:00:00,0.13476935167256204,0.028903340195596598,19.0
2018-08-19 06:30:00,0.13470562857570575,0.028919826226314622,19.0
2018-08-19 07:00:00,0.13464190547884947,0.028936312257032647,19.0
2018-08-19 07:30:00,0.1345781823819932,0.028952798287750672,19.0
2018-08-19 08:00:00,0.13451445928513692,0.0289692843184687,19.0
2018-08-19 08:30:00,0.13445073618828063,0.028985770349186726,19.0
2018-08-19 09:00:00,0.13438701309142437,0.02900225637990475,19.0
2018-08-19 09:30:00,0.13432328999456808,0.029018742410622776,19.0
2018-08-19 10:00:00,0.1342595668977118,0.0290352284413408,19.0
2018-08-19 10:30:00,0.1341958438008555,0.029051714472058825,19.0
2018-08-19 11:00:00,0.1341321207039992,0.02906820050277685,19.0
2018-08-19 11:30:00,0.13406839760714295,0.029084686533494875,19.0
2018-08-19 12:00:00,0.13400467451028666,0.0291011725642129,19.0
2018-08-19 12:30:00,0.13394095141343038,0.02911765859493093,19.0
2018-08-19 13:00:00,0.13387722831657412,0.029134144625648953,19.0
2018-08-19 13:30:00,0.13381350521971783,0.02915063065636698,19.0
2018-08-19 14:00:00,0.13374978212286154,0.029167116687085003,19.0
2018-08-19 14:30:00,0.13366256128670043,0.02916994593483031,19.0
2018-08-19 15:00:00,0.13357534045053931,0.02917277518257562,19.0
2018-08-19 15:30:00,0.1334881196143782,0.029175604430320926,19.0
2018-08-19 16:00:00,0.1334008987782171,0.029178433678066235,19.0
2018-08-19 16:30:00,0.133313677942056,0.02918126292581154,19.0
2018-08-19 17:00:00,0.1332264571058949,0.029184092173556848,19.0
2018-08-19 17:30:00,0.13313923626973379,0.029186921421302157,19.0
2018-08-19 18:00:00,0.13305201543357267,0.029189750669047464,19.0
2018-08-19 18:30:00,0.13296479459741156,0.029192579916792773,19.0
2018-08-19 19:00:00,0.13287757376125045,0.02919540916453808,19.0
2018-08-19 19:30:00,0.13279035292508934,0.02919823841228339,19.0
2018-08-19 20:00:00,0.13270313208892826,0.029201067660028696,19.0
2018-08-19 20:30:00,0.13261591125276714,0.029203896907774002,19.0
2018-08-19 21:00:00,0.13252869041660603,0.02920672615551931,19.0
2018-08-19 21:30:00,0.13244146958044492,0.029209555403264618,19.0
2018-08-19 22:00:00,0.1323542487442838,0.029212384651009927,19.0
2018-08-19 22:30:00,0.1322670279081227,0.029215213898755234,19.0
2018-08-19 23:00:00,0.13217980707196159,0.02921804314650054,19.0
2018-08-19 23:30:00,0.13209258623580047,0.02922087239424585,19.0
2018-08-20 00:00:00,0.13200536539963936,0.029223701641991156,19.0
2018-08-20 00:30:00,0.13191814456347828,0.029226530889736466,19.0
2018-08-20 01:00:00,0.13183092372731717,0.029229360137481772,19.0
2018-08-20 01:30:00,0.13174370289115606,0.02923218938522708,19.0
2018-08-20 02:00:00,0.13165648205499494,0.029235018632972388,19.0
2018-08-20 02:30:00,0.1316050755981113,0.029251513890949318,19.0
2018-08-20 03:00:00,0.13155366914122768,0.029268009148926244,19.0
2018-08-20 03:30:00,0.13150226268434403,0.029284504406903174,19.0
2018-08-20 04:00:00,0.1314508562274604,0.029300999664880104,19.0
2018-08-20 04:30:00,0.13139944977057674,0.02931749492285703,19.0
2018-08-20 05:00:00,0.13134804331369312,0.02933399018083396,19.0
2018-08-20 05:30:00,0.13129663685680948,0.02935048543881089,19.0
2018-08-20 06:00:00,0.13124523039992583,0.029366980696787816,19.0
2018-08-20 06:30:00,0.13119382394304221,0.029383475954764746,19.0
2018-08-20 07:00:00,0.13114241748615857,0.029399971212741675,19.0
2018-08-20 07:30:00,0.13109101102927492,0.029416466470718602,19.0
2018-08-20 08:00:00,0.1310396045723913,0.02943296172869553,19.0
2018-08-20 08:30:00,0.13098819811550766,0.02944945698667246,19.0
2018-08-20 09:00:00,0.130936791658624,0.029465952244649388,19.0
2018-08-20 09:30:00,0.13088538520174037,0.029482447502626317,19.0
2018-08-20 10:00:00,0.13083397874485675,0.029498942760603247,19.0
2018-08-20 10:30:00,0.1307825722879731,0.029515438018580174,19.0
2018-08-20 11:00:00,0.13073116583108946,0.029531933276557103,19.0
2018-08-20 11:30:00,0.13067975937420584,0.029548428534534033,19.0
2018-08-20 12:00:00,0.1306283529173222,0.02956492379251096,19.0
2018-08-20 12:30:00,0.13057694646043855,0.02958141905048789,19.0
2018-08-20 13:00:00,0.1305255400035549,0.02959791430846482,19.0
2018-08-20 13:30:00,0.13047413354667128,0.029614409566441745,19.0
2018-08-20 14:00:00,0.13042272708978764,0.029630904824418675,19.0
2018-08-20 14:30:00,0.13034558950294525,0.029634187861730527,19.0
2018-08-20 15:00:00,0.1302684519161029,0.029637470899042378,19.0
2018-08-20 15:30:00,0.1301913143292605,0.02964075393635423,19.0
2018-08-20 16:00:00,0.13011417674241815,0.02964403697366608,19.0
2018-08-20 16:30:00,0.13003703915557577,0.02964732001097793,19.0
2018-08-20 17:00:00,0.1299599015687334,0.02965060304828978,19.0
2018-08-20 17:30:00,0.12988276398189103,0.02965388608560163,19.0
2018-08-20 18:00:00,0.12980562639504867,0.029657169122913482,19.0
2018-08-20 18:30:00,0.12972848880820628,0.029660452160225333,19.0
2018-08-20 19:00:00,0.12965135122136393,0.029663735197537185,19.0
2018-08-20 19:30:00,0.12957421363452154,0.029667018234849036,19.0
2018-08-20 20:00:00,0.12949707604767918,0.029670301272160887,19.0
2018-08-20 20:30:00,0.1294199384608368,0.02967358430947274,19.0
2018-08-20 21:00:00,0.1293428008739944,0.02967686734678459,19.0
2018-08-20 21:30:00,0.12926566328715206,0.02968015038409644,19.0
2018-08-20 22:00:00,0.12918852570030967,0.029683433421408292,19.0
2018-08-20 22:30:00,0.1291113881134673,0.029686716458720144,19.0
2018-08-20 23:00:00,0.12903425052662493,0.02968999949603199,19.0
2018-08-20 23:30:00,0.12895711293978257,0.029693282533343843,19.0
2018-08-21 00:00:00,0.12887997535294018,0.029696565570655694,19.0
2018-08-21 00:30:00,0.12880283776609783,0.029699848607967545,19.0
2018-08-21 01:00:00,0.12872570017925544,0.029703131645279397,19.0
2018-08-21 01:30:00,0.12864856259241308,0.029706414682591248,19.0
2018-08-21 02:00:00,0.1285714250055707,0.0297096977199031,19.0
2018-08-21 02:30:00,0.12854894789927346,0.02972576008722165,19.0
2018-08-21 03:00:00,0.12852647079297622,0.029741822454540198,19.0
2018-08-21 03:30:00,0.12850399368667897,0.02975788482185875,19.0
2018-08-21 04:00:00,0.12848151658038173,0.0297739471891773,19.0
2018-08-21 04:30:00,0.1284590394740845,0.02979000955649585,19.0
2018-08-21 05:00:00,0.12843656236778725,0.0298060719238144,19.0
2018-08-21 05:30:00,0.12841408526149,0.029822134291132948,19.0
2018-08-21 06:00:00,0.12839160815519277,0.0298381966584515,19.0
2018-08-21 06:30:00,0.12836913104889552,0.02985425902577005,19.0
2018-08-21 07:00:00,0.12834665394259828,0.029870321393088598,19.0
2018-08-21 07:30:00,0.12832417683630104,0.02988638376040715,19.0
2018-08-21 08:00:00,0.1283016997300038,0.029902446127725697,19.0
2018-08-21 08:30:00,0.12827922262370658,0.02991850849504425,19.0
2018-08-21 09:00:00,0.12825674551740934,0.0299345708623628,19.0
2018-08-21 09:30:00,0.1282342684111121,0.029950633229681348,19.0
2018-08-21 10:00:00,0.12821179130481486,0.0299666955969999,19.0
2018-08-21 10:30:00,0.12818931419851762,0.02998275796431845,19.0
2018-08-21 11:00:00,0.12816683709222038,0.029998820331636998,19.0
2018-08-21 11:30:00,0.12814435998592313,0.03001488269895555,19.0
2018-08-21 12:00:00,0.1281218828796259,0.0300309450662741,19.0
2018-08-21 12:30:00,0.12809940577332865,0.03004700743359265,19.0
2018-08-21 13:00:00,0.1280769286670314,0.0300630698009112,19.0
2018-08-21 13:30:00,0.12805445156073417,0.030079132168229748,19.0
2018-08-21 14:00:00,0.12803197445443693,0.0300951945355483,19.0
2018-08-21 14:30:00,0.12796084491818133,0.030100352105369595,19.0
2018-08-21 15:00:00,0.12788971538192573,0.030105509675190895,19.0
2018-08-21 15:30:00,0.12781858584567013,0.030110667245012192,19.0
2018-08-21 16:00:00,0.1277474563094145,0.030115824814833488,19.0
2018-08-21 16:30:00,0.1276763267731589,0.030120982384654788,19.0
2018-08-21 17:00:00,0.1276051972369033,0.030126139954476085,19.0
2018-08-21 17:30:00,0.1275340677006477,0.03013129752429738,19.0
2018-08-21 18:00:00,0.1274629381643921,0.03013645509411868,19.0
2018-08-21 18:30:00,0.1273918086281365,0.030141612663939978,19.0
2018-08-21 19:00:00,0.12732067909188088,0.030146770233761274,19.0
2018-08-21 19:30:00,0.12724954955562529,0.030151927803582574,19.0
2018-08-21 20:00:00,0.1271784200193697,0.03015708537340387,19.0
2018-08-21 20:30:00,0.1271072904831141,0.030162242943225167,19.0
2018-08-21 21:00:00,0.1270361609468585,0.030167400513046467,19.0
2018-08-21 21:30:00,0.1269650314106029,0.030172558082867763,19.0
2018-08-21 22:00:00,0.12689390187434726,0.03017771565268906,19.0
2018-08-21 22:30:00,0.12682277233809167,0.03018287322251036,19.0
2018-08-21 23:00:00,0.12675164280183607,0.030188030792331656,19.0
2018-08-21 23:30:00,0.12668051326558047,0.030193188362152953,19.0
2018-08-22 00:00:00,0.12660938372932487,0.030198345931974253,19.0
2018-08-22 00:30:00,0.12653825419306927,0.03020350350179555,19.0
2018-08-22 01:00:00,0.12646712465681365,0.030208661071616846,19.0
2018-08-22 01:30:00,0.12639599512055805,0.030213818641438146,19.0
2018-08-22 02:00:00,0.12632486558430245,0.030218976211259442,19.0
2018-08-22 02:30:00,0.1263061310816769,0.030233457662840517,19.0
2018-08-22 03:00:00,0.12628739657905136,0.030247939114421588,19.0
2018-08-22 03:30:00,0.12626866207642579,0.03026242056600266,19.0
2018-08-22 04:00:00,0.12624992757380024,0.030276902017583734,19.0
2018-08-22 04:30:00,0.1262311930711747,0.03029138346916481,19.0
2018-08-22 05:00:00,0.12621245856854915,0.03030586492074588,19.0
2018-08-22 05:30:00,0.1261937240659236,0.030320346372326952,19.0
2018-08-22 06:00:00,0.12617498956329803,0.030334827823908027,19.0
2018-08-22 06:30:00,0.1261562550606725,0.0303493092754891,19.0
2018-08-22 07:00:00,0.12613752055804694,0.030363790727070173,19.0
2018-08-22 07:30:00,0.1261187860554214,0.030378272178651244,19.0
2018-08-22 08:00:00,0.12610005155279583,0.03039275363023232,19.0
2018-08-22 08:30:00,0.12608131705017028,0.030407235081813394,19.0
2018-08-22 09:00:00,0.12606258254754474,0.030421716533394465,19.0
2018-08-22 09:30:00,0.1260438480449192,0.030436197984975537,19.0
2018-08-22 10:00:00,0.12602511354229365,0.03045067943655661,19.0
2018-08-22 10:30:00,0.12600637903966808,0.030465160888137686,19.0
2018-08-22 11:00:00,0.12598764453704253,0.030479642339718758,19.0
2018-08-22 11:30:00,0.125968910034417,0.03049412379129983,19.0
2018-08-22 12:00:00,0.12595017553179144,0.030508605242880904,19.0
2018-08-22 12:30:00,0.1259314410291659,0.03052308669446198,19.0
2018-08-22 13:00:00,0.12591270652654032,0.03053756814604305,19.0
2018-08-22 13:30:00,0.12589397202391478,0.03055204959762412,19.0
2018-08-22 14:00:00,0.12587523752128923,0.030566531049205196,19.0
2018-08-22 14:30:00,0.12582259060113593,0.030559258962349883,19.0
2018-08-22 15:00:00,0.12576994368098265,0.030551986875494572,19.0
2018-08-22 15:30:00,0.12571729676082935,0.03054471478863926,19.0
2018-08-22 16:00:00,0.12566464984067607,0.03053744270178395,19.0
2018-08-22 16:30:00,0.12561200292052277,0.030530170614928635,19.0
2018-08-22 17:00:00,0.12555935600036947,0.030522898528073324,19.0
2018-08-22 17:30:00,0.1255067090802162,0.03051562644121801,19.0
2018-08-22 18:00:00,0.12545406216006288,0.030508354354362697,19.0
2018-08-22 18:30:00,0.1254014152399096,0.030501082267507387,19.0
2018-08-22 19:00:00,0.1253487683197563,0.030493810180652073,19.0
2018-08-22 19:30:00,0.125296121399603,0.030486538093796763,19.0
2018-08-22 20:00:00,0.12524347447944972,0.03047926600694145,19.0
2018-08-22 20:30:00,0.12519082755929642,0.030471993920086135,19.0
2018-08-22 21:00:00,0.12513818063914314,0.030464721833230825,19.0
2018-08-22 21:30:00,0.12508553371898984,0.03045744974637551,19.0
2018-08-22 22:00:00,0.12503288679883653,0.0304501776595202,19.0
2018-08-22 22:30:00,0.12498023987868324,0.030442905572664887,19.0
2018-08-22 23:00:00,0.12492759295852995,0.030435633485809577,19.0
2018-08-22 23:30:00,0.12487494603837666,0.030428361398954263,19.0
2018-08-23 00:00:00,0.12482229911822337,0.03042108931209895,19.0
2018-08-23 00:30:00,0.12476965219807008,0.03041381722524364,19.0
2018-08-23 01:00:00,0.12471700527791678,0.030406545138388325,19.0
2018-08-23 01:30:00,0.12466435835776349,0.030399273051533015,19.0
2018-08-23 02:00:00,0.1246117114376102,0.0303920009646777,19.0
2018-08-23 02:30:00,0.12478158717049083,0.030368339020558924,19.0
2018-08-23 03:00:00,0.12495146290337145,0.03034467707644015,19.0
2018-08-23 03:30:00,0.12512133863625208,0.030321015132321372,19.0
2018-08-23 04:00:00,0.1252912143691327,0.0302973531882026,19.0
2018-08-23 04:30:00,0.12546109010201334,0.03027369124408382,19.0
2018-08-23 05:00:00,0.12563096583489394,0.030250029299965044,19.0
2018-08-23 05:30:00,0.12580084156777457,0.03022636735584627,19.0
2018-08-23 06:00:00,0.1259707173006552,0.030202705411727492,19.0
2018-08-23 06:30:00,0.12614059303353584,0.030179043467608715,19.0
2018-08-23 07:00:00,0.12631046876641647,0.03015538152348994,19.0
2018-08-23 07:30:00,0.12648034449929707,0.030131719579371163,19.0
2018-08-23 08:00:00,0.1266502202321777,0.030108057635252386,19.0
2018-08-23 08:30:00,0.12682009596505833,0.030084395691133612,19.0
2018-08-23 09:00:00,0.12698997169793896,0.030060733747014835,19.0
2018-08-23 09:30:00,0.1271598474308196,0.03003707180289606,19.0
2018-08-23 10:00:00,0.12732972316370023,0.030013409858777283,19.0
2018-08-23 10:30:00,0.12749959889658083,0.029989747914658506,19.0
2018-08-23 11:00:00,0.12766947462946146,0.029966085970539732,19.0
2018-08-23 11:30:00,0.1278393503623421,0.029942424026420954,19.0
2018-08-23 12:00:00,0.12800922609522272,0.02991876208230218,19.0
2018-08-23 12:30:00,0.12817910182810335,0.029895100138183403,19.0
2018-08-23 13:00:00,0.12834897756098396,0.029871438194064626,19.0
2018-08-23 13:30:00,0.1285188532938646,0.02984777624994585,19.0
2018-08-23 14:00:00,0.12868872902674522,0.029824114305827074,19.0
2018-08-23 14:30:00,0.1305949668196808,0.030089720916021013,19.0
2018-08-23 15:00:00,0.13250120461261639,0.030355327526214955,19.0
2018-08-23 15:30:00,0.13440744240555194,0.030620934136408894,19.0
2018-08-23 16:00:00,0.13631368019848752,0.030886540746602836,19.0
2018-08-23 16:30:00,0.1382199179914231,0.031152147356796774,19.0
2018-08-23 17:00:00,0.14012615578435866,0.031417753966990716,19.0
2018-08-23 17:30:00,0.14203239357729425,0.031683360577184655,19.0
2018-08-23 18:00:00,0.14393863137022983,0.031948967187378594,19.0
2018-08-23 18:30:00,0.1458448691631654,0.03221457379757254,19.0
2018-08-23 19:00:00,0.147751106956101,0.03248018040776648,19.0
2018-08-23 19:30:00,0.14965734474903655,0.032745787017960416,19.0
2018-08-23 20:00:00,0.15156358254197214,0.033011393628154355,19.0
2018-08-23 20:30:00,0.15346982033490772,0.033277000238348294,19.0
2018-08-23 21:00:00,0.15537605812784328,0.03354260684854224,19.0
2018-08-23 21:30:00,0.15728229592077886,0.03380821345873618,19.0
2018-08-23 22:00:00,0.15918853371371444,0.034073820068930116,19.0
2018-08-23 22:30:00,0.16109477150665003,0.034339426679124055,19.0
2018-08-23 23:00:00,0.1630010092995856,0.034605033289318,19.0
2018-08-23 23:30:00,0.16490724709252116,0.03487063989951194,19.0
2018-08-24 00:00:00,0.16681348488545675,0.03513624650970588,19.0
2018-08-24 00:30:00,0.16871972267839233,0.035401853119899816,19.0
2018-08-24 01:00:00,0.1706259604713279,0.035667459730093755,19.0
2018-08-24 01:30:00,0.17253219826426347,0.0359330663402877,19.0
2018-08-24 02:00:00,0.17443843605719905,0.03619867295048164,19.0
2018-08-24 02:30:00,0.17394191016295082,0.03612256595134644,19.0
2018-08-24 03:00:00,0.1734453842687026,0.036046458952211244,19.0
2018-08-24 03:30:00,0.17294885837445437,0.03597035195307604,19.0
2018-08-24 04:00:00,0.17245233248020614,0.03589424495394084,19.0
2018-08-24 04:30:00,0.1719558065859579,0.035818137954805644,19.0
2018-08-24 05:00:00,0.17145928069170968,0.03574203095567045,19.0
2018-08-24 05:30:00,0.17096275479746148,0.03566592395653525,19.0
2018-08-24 06:00:00,0.17046622890321325,0.035589816957400044,19.0
2018-08-24 06:30:00,0.16996970300896502,0.03551370995826485,19.0
2018-08-24 07:00:00,0.1694731771147168,0.03543760295912965,19.0
2018-08-24 07:30:00,0.16897665122046857,0.03536149595999445,19.0
2018-08-24 08:00:00,0.16848012532622034,0.03528538896085925,19.0
2018-08-24 08:30:00,0.1679835994319721,0.03520928196172405,19.0
2018-08-24 09:00:00,0.16748707353772388,0.03513317496258885,19.0
2018-08-24 09:30:00,0.16699054764347565,0.035057067963453654,19.0
2018-08-24 10:00:00,0.16649402174922742,0.03498096096431846,19.0
2018-08-24 10:30:00,0.1659974958549792,0.03490485396518325,19.0
2018-08-24 11:00:00,0.16550096996073096,0.034828746966048055,19.0
2018-08-24 11:30:00,0.16500444406648276,0.03475263996691286,19.0
2018-08-24 12:00:00,0.16450791817223454,0.03467653296777766,19.0
2018-08-24 12:30:00,0.1640113922779863,0.03460042596864246,19.0
2018-08-24 13:00:00,0.16351486638373808,0.03452431896950726,19.0
2018-08-24 13:30:00,0.16301834048948985,0.03444821197037206,19.0
2018-08-24 14:00:00,0.16252181459524162,0.03437210497123686,19.0
2018-08-24 14:30:00,0.1622815824203594,0.03433291659294306,19.0
2018-08-24 15:00:00,0.16204135024547717,0.034293728214649266,19.0
2018-08-24 15:30:00,0.16180111807059494,0.034254539836355465,19.0
2018-08-24 16:00:00,0.1615608858957127,0.03421535145806166,19.0
2018-08-24 16:30:00,0.1613206537208305,0.03417616307976786,19.0
2018-08-24 17:00:00,0.16108042154594826,0.03413697470147406,19.0
2018-08-24 17:30:00,0.16084018937106603,0.034097786323180265,19.0
2018-08-24 18:00:00,0.1605999571961838,0.034058597944886464,19.0
2018-08-24 18:30:00,0.16035972502130158,0.03401940956659266,19.0
2018-08-24 19:00:00,0.16011949284641935,0.03398022118829887,19.0
2018-08-24 19:30:00,0.15987926067153713,0.033941032810005066,19.0
2018-08-24 20:00:00,0.15963902849665493,0.033901844431711264,19.0
2018-08-24 20:30:00,0.1593987963217727,0.03386265605341746,19.0
2018-08-24 21:00:00,0.15915856414689047,0.03382346767512366,19.0
2018-08-24 21:30:00,0.15891833197200825,0.03378427929682987,19.0
2018-08-24 22:00:00,0.15867809979712602,0.033745090918536065,19.0
2018-08-24 22:30:00,0.1584378676222438,0.033705902540242264,19.0
2018-08-24 23:00:00,0.15819763544736157,0.03366671416194847,19.0
2018-08-24 23:30:00,0.15795740327247934,0.03362752578365467,19.0
2018-08-25 00:00:00,0.15771717109759711,0.033588337405360866,19.0
2018-08-25 00:30:00,0.1574769389227149,0.033549149027067064,19.0
2018-08-25 01:00:00,0.15723670674783266,0.03350996064877326,19.0
2018-08-25 01:30:00,0.15699647457295043,0.03347077227047947,19.0
2018-08-25 02:00:00,0.1567562423980682,0.033431583892185666,19.0
2018-08-25 02:30:00,0.156649693762981,0.033405871972095685,19.0
2018-08-25 03:00:00,0.15654314512789377,0.033380160052005704,19.0
2018-08-25 03:30:00,0.15643659649280656,0.03335444813191572,19.0
2018-08-25 04:00:00,0.15633004785771934,0.03332873621182575,19.0
2018-08-25 04:30:00,0.15622349922263212,0.03330302429173577,19.0
2018-08-25 05:00:00,0.1561169505875449,0.03327731237164579,19.0
2018-08-25 05:30:00,0.1560104019524577,0.033251600451555806,19.0
2018-08-25 06:00:00,0.15590385331737047,0.033225888531465825,19.0
2018-08-25 06:30:00,0.15579730468228326,0.033200176611375844,19.0
2018-08-25 07:00:00,0.15569075604719604,0.03317446469128586,19.0
2018-08-25 07:30:00,0.15558420741210882,0.03314875277119588,19.0
2018-08-25 08:00:00,0.1554776587770216,0.0331230408511059,19.0
2018-08-25 08:30:00,0.15537111014193436,0.033097328931015926,19.0
2018-08-25 09:00:00,0.15526456150684714,0.033071617010925945,19.0
2018-08-25 09:30:00,0.15515801287175993,0.033045905090835964,19.0
2018-08-25 10:00:00,0.1550514642366727,0.03302019317074598,19.0
2018-08-25 10:30:00,0.1549449156015855,0.032994481250656,19.0
2018-08-25 11:00:00,0.15483836696649828,0.03296876933056602,19.0
2018-08-25 11:30:00,0.15473181833141106,0.03294305741047604,19.0
2018-08-25 12:00:00,0.15462526969632384,0.032917345490386066,19.0
2018-08-25 12:30:00,0.15451872106123662,0.032891633570296085,19.0
2018-08-25 13:00:00,0.1544121724261494,0.032865921650206104,19.0
2018-08-25 13:30:00,0.1543056237910622,0.03284020973011612,19.0
2018-08-25 14:00:00,0.15419907515597497,0.03281449781002614,19.0
2018-08-25 14:30:00,0.15412781689462363,0.03279233675944808,19.0
2018-08-25 15:00:00,0.15405655863327225,0.03277017570887002,19.0
2018-08-25 15:30:00,0.1539853003719209,0.032748014658291955,19.0
2018-08-25 16:00:00,0.15391404211056953,0.03272585360771389,19.0
2018-08-25 16:30:00,0.15384278384921818,0.03270369255713583,19.0
2018-08-25 17:00:00,0.15377152558786683,0.03268153150655776,19.0
2018-08-25 17:30:00,0.15370026732651546,0.0326593704559797,19.0
2018-08-25 18:00:00,0.1536290090651641,0.032637209405401636,19.0
2018-08-25 18:30:00,0.15355775080381276,0.032615048354823574,19.0
2018-08-25 19:00:00,0.15348649254246138,0.03259288730424551,19.0
2018-08-25 19:30:00,0.15341523428111004,0.03257072625366745,19.0
2018-08-25 20:00:00,0.1533439760197587,0.03254856520308939,19.0
2018-08-25 20:30:00,0.1532727177584073,0.032526404152511325,19.0
2018-08-25 21:00:00,0.15320145949705596,0.03250424310193326,19.0
2018-08-25 21:30:00,0.1531302012357046,0.0324820820513552,19.0
2018-08-25 22:00:00,0.15305894297435324,0.03245992100077714,19.0
2018-08-25 22:30:00,0.1529876847130019,0.032437759950199076,19.0
2018-08-25 23:00:00,0.15291642645165052,0.032415598899621006,19.0
2018-08-25 23:30:00,0.15284516819029917,0.032393437849042944,19.0
2018-08-26 00:00:00,0.1527739099289478,0.03237127679846488,19.0
2018-08-26 00:30:00,0.15270265166759645,0.03234911574788682,19.0
2018-08-26 01:00:00,0.1526313934062451,0.03232695469730876,19.0
2018-08-26 01:30:00,0.15256013514489372,0.032304793646730695,19.0
2018-08-26 02:00:00,0.15248887688354237,0.03228263259615263,19.0
2018-08-26 02:30:00,0.15237276234888267,0.03224569496474768,19.0
2018-08-26 03:00:00,0.15225664781422293,0.03220875733334274,19.0
2018-08-26 03:30:00,0.15214053327956323,0.03217181970193779,19.0
2018-08-26 04:00:00,0.15202441874490352,0.03213488207053284,19.0
2018-08-26 04:30:00,0.15190830421024382,0.03209794443912789,19.0
2018-08-26 05:00:00,0.1517921896755841,0.03206100680772295,19.0
2018-08-26 05:30:00,0.15167607514092438,0.032024069176318,19.0
2018-08-26 06:00:00,0.15155996060626467,0.03198713154491305,19.0
2018-08-26 06:30:00,0.15144384607160497,0.031950193913508104,19.0
2018-08-26 07:00:00,0.15132773153694523,0.031913256282103154,19.0
2018-08-26 07:30:00,0.15121161700228553,0.031876318650698204,19.0
2018-08-26 08:00:00,0.15109550246762582,0.03183938101929326,19.0
2018-08-26 08:30:00,0.1509793879329661,0.03180244338788831,19.0
2018-08-26 09:00:00,0.1508632733983064,0.03176550575648336,19.0
2018-08-26 09:30:00,0.15074715886364667,0.03172856812507841,19.0
2018-08-26 10:00:00,0.15063104432898697,0.03169163049367347,19.0
2018-08-26 10:30:00,0.15051492979432726,0.03165469286226852,19.0
2018-08-26 11:00:00,0.15039881525966753,0.03161775523086357,19.0
2018-08-26 11:30:00,0.15028270072500782,0.031580817599458626,19.0
2018-08-26 12:00:00,0.15016658619034812,0.031543879968053676,19.0
2018-08-26 12:30:00,0.1500504716556884,0.031506942336648726,19.0
2018-08-26 13:00:00,0.1499343571210287,0.031470004705243776,19.0
2018-08-26 13:30:00,0.14981824258636897,0.03143306707383883,19.0
2018-08-26 14:00:00,0.14970212805170927,0.03139612944243388,19.0
2018-08-26 14:30:00,0.1496266092272804,0.031377926343798546,19.0
2018-08-26 15:00:00,0.14955109040285156,0.031359723245163215,19.0
2018-08-26 15:30:00,0.1494755715784227,0.03134152014652788,19.0
2018-08-26 16:00:00,0.14940005275399382,0.03132331704789254,19.0
2018-08-26 16:30:00,0.14932453392956496,0.03130511394925721,19.0
2018-08-26 17:00:00,0.1492490151051361,0.03128691085062187,19.0
2018-08-26 17:30:00,0.14917349628070725,0.031268707751986535,19.0
2018-08-26 18:00:00,0.1490979774562784,0.031250504653351205,19.0
2018-08-26 18:30:00,0.14902245863184954,0.031232301554715867,19.0
2018-08-26 19:00:00,0.14894693980742066,0.03121409845608053,19.0
2018-08-26 19:30:00,0.1488714209829918,0.031195895357445196,19.0
2018-08-26 20:00:00,0.14879590215856295,0.031177692258809862,19.0
2018-08-26 20:30:00,0.1487203833341341,0.031159489160174525,19.0
2018-08-26 21:00:00,0.14864486450970524,0.03114128606153919,19.0
2018-08-26 21:30:00,0.14856934568527638,0.031123082962903854,19.0
2018-08-26 22:00:00,0.1484938268608475,0.03110487986426852,19.0
2018-08-26 22:30:00,0.14841830803641864,0.031086676765633186,19.0
2018-08-26 23:00:00,0.1483427892119898,0.03106847366699785,19.0
2018-08-26 23:30:00,0.14826727038756093,0.031050270568362515,19.0
2018-08-27 00:00:00,0.14819175156313208,0.031032067469727177,19.0
2018-08-27 00:30:00,0.14811623273870322,0.031013864371091843,19.0
2018-08-27 01:00:00,0.14804071391427434,0.03099566127245651,19.0
2018-08-27 01:30:00,0.14796519508984549,0.030977458173821172,19.0
2018-08-27 02:00:00,0.14788967626541663,0.030959255075185838,19.0
2018-08-27 02:30:00,0.14781722978165027,0.030936508637490732,19.0
2018-08-27 03:00:00,0.14774478329788393,0.03091376219979563,19.0
2018-08-27 03:30:00,0.14767233681411757,0.030891015762100522,19.0
2018-08-27 04:00:00,0.1475998903303512,0.030868269324405416,19.0
2018-08-27 04:30:00,0.14752744384658487,0.030845522886710313,19.0
2018-08-27 05:00:00,0.1474549973628185,0.030822776449015207,19.0
2018-08-27 05:30:00,0.14738255087905217,0.030800030011320104,19.0
2018-08-27 06:00:00,0.1473101043952858,0.030777283573624997,19.0
2018-08-27 06:30:00,0.14723765791151944,0.03075453713592989,19.0
2018-08-27 07:00:00,0.1471652114277531,0.030731790698234788,19.0
2018-08-27 07:30:00,0.14709276494398674,0.03070904426053968,19.0
2018-08-27 08:00:00,0.1470203184602204,0.03068629782284458,19.0
2018-08-27 08:30:00,0.14694787197645404,0.030663551385149472,19.0
2018-08-27 09:00:00,0.14687542549268767,0.030640804947454366,19.0
2018-08-27 09:30:00,0.14680297900892134,0.030618058509759263,19.0
2018-08-27 10:00:00,0.14673053252515497,0.030595312072064156,19.0
2018-08-27 10:30:00,0.1466580860413886,0.03057256563436905,19.0
2018-08-27 11:00:00,0.14658563955762227,0.030549819196673947,19.0
2018-08-27 11:30:00,0.1465131930738559,0.03052707275897884,19.0
2018-08-27 12:00:00,0.14644074659008954,0.030504326321283734,19.0
2018-08-27 12:30:00,0.1463683001063232,0.03048157988358863,19.0
2018-08-27 13:00:00,0.14629585362255684,0.030458833445893525,19.0
2018-08-27 13:30:00,0.1462234071387905,0.03043608700819842,19.0
2018-08-27 14:00:00,0.14615096065502414,0.030413340570503315,19.0
2018-08-27 14:30:00,0.14608522227175552,0.030401752911292143,19.0
2018-08-27 15:00:00,0.1460194838884869,0.03039016525208097,19.0
2018-08-27 15:30:00,0.1459537455052183,0.030378577592869802,19.0
2018-08-27 16:00:00,0.1458880071219497,0.03036698993365863,19.0
2018-08-27 16:30:00,0.14582226873868107,0.030355402274447458,19.0
2018-08-27 17:00:00,0.14575653035541244,0.03034381461523629,19.0
2018-08-27 17:30:00,0.14569079197214382,0.030332226956025117,19.0
2018-08-27 18:00:00,0.14562505358887523,0.030320639296813945,19.0
2018-08-27 18:30:00,0.1455593152056066,0.030309051637602773,19.0
2018-08-27 19:00:00,0.145493576822338,0.0302974639783916,19.0
2018-08-27 19:30:00,0.14542783843906937,0.030285876319180432,19.0
2018-08-27 20:00:00,0.14536210005580077,0.03027428865996926,19.0
2018-08-27 20:30:00,0.14529636167253215,0.030262701000758088,19.0
2018-08-27 21:00:00,0.14523062328926353,0.03025111334154692,19.0
2018-08-27 21:30:00,0.1451648849059949,0.030239525682335747,19.0
2018-08-27 22:00:00,0.1450991465227263,0.030227938023124575,19.0
2018-08-27 22:30:00,0.1450334081394577,0.030216350363913402,19.0
2018-08-27 23:00:00,0.14496766975618908,0.03020476270470223,19.0
2018-08-27 23:30:00,0.14490193137292046,0.03019317504549106,19.0
2018-08-28 00:00:00,0.14483619298965184,0.03018158738627989,19.0
2018-08-28 00:30:00,0.14477045460638321,0.030169999727068717,19.0
2018-08-28 01:00:00,0.14470471622311462,0.03015841206785755,19.0
2018-08-28 01:30:00,0.144638977839846,0.030146824408646376,19.0
2018-08-28 02:00:00,0.14457323945657738,0.030135236749435204,19.0
2018-08-28 02:30:00,0.1444786238219419,0.03013470861849141,19.0
2018-08-28 03:00:00,0.1443840081873064,0.030134180487547617,19.0
2018-08-28 03:30:00,0.14428939255267093,0.030133652356603827,19.0
2018-08-28 04:00:00,0.14419477691803545,0.030133124225660033,19.0
2018-08-28 04:30:00,0.14410016128339995,0.03013259609471624,19.0
2018-08-28 05:00:00,0.14400554564876447,0.03013206796377245,19.0
2018-08-28 05:30:00,0.143910930014129,0.030131539832828656,19.0
2018-08-28 06:00:00,0.1438163143794935,0.030131011701884862,19.0
2018-08-28 06:30:00,0.14372169874485802,0.03013048357094107,19.0
2018-08-28 07:00:00,0.14362708311022254,0.030129955439997275,19.0
2018-08-28 07:30:00,0.14353246747558704,0.030129427309053484,19.0
2018-08-28 08:00:00,0.14343785184095156,0.03012889917810969,19.0
2018-08-28 08:30:00,0.1433432362063161,0.030128371047165897,19.0
2018-08-28 09:00:00,0.14324862057168058,0.030127842916222107,19.0
2018-08-28 09:30:00,0.1431540049370451,0.030127314785278313,19.0
2018-08-28 10:00:00,0.14305938930240963,0.03012678665433452,19.0
2018-08-28 10:30:00,0.14296477366777413,0.030126258523390726,19.0
2018-08-28 11:00:00,0.14287015803313866,0.030125730392446932,19.0
2018-08-28 11:30:00,0.14277554239850318,0.030125202261503142,19.0
2018-08-28 12:00:00,0.14268092676386768,0.03012467413055935,19.0
2018-08-28 12:30:00,0.1425863111292322,0.030124145999615555,19.0
2018-08-28 13:00:00,0.14249169549459673,0.030123617868671765,19.0
2018-08-28 13:30:00,0.14239707985996122,0.03012308973772797,19.0
2018-08-28 14:00:00,0.14230246422532575,0.030122561606784178,19.0
2018-08-28 14:30:00,0.14220120813106016,0.0301283326243578,19.0
2018-08-28 15:00:00,0.14209995203679457,0.03013410364193142,19.0
2018-08-28 15:30:00,0.141998695942529,0.03013987465950504,19.0
2018-08-28 16:00:00,0.14189743984826342,0.030145645677078663,19.0
2018-08-28 16:30:00,0.14179618375399783,0.030151416694652284,19.0
2018-08-28 17:00:00,0.14169492765973224,0.030157187712225905,19.0
2018-08-28 17:30:00,0.14159367156546665,0.030162958729799526,19.0
2018-08-28 18:00:00,0.1414924154712011,0.030168729747373148,19.0
2018-08-28 18:30:00,0.1413911593769355,0.03017450076494677,19.0
2018-08-28 19:00:00,0.1412899032826699,0.03018027178252039,19.0
2018-08-28 19:30:00,0.14118864718840432,0.03018604280009401,19.0
2018-08-28 20:00:00,0.14108739109413876,0.03019181381766763,19.0
2018-08-28 20:30:00,0.14098613499987317,0.03019758483524125,19.0
2018-08-28 21:00:00,0.14088487890560758,0.030203355852814872,19.0
2018-08-28 21:30:00,0.140783622811342,0.030209126870388493,19.0
2018-08-28 22:00:00,0.1406823667170764,0.030214897887962115,19.0
2018-08-28 22:30:00,0.14058111062281084,0.030220668905535736,19.0
2018-08-28 23:00:00,0.14047985452854525,0.030226439923109357,19.0
2018-08-28 23:30:00,0.14037859843427966,0.03023221094068298,19.0
2018-08-29 00:00:00,0.14027734234001407,0.0302379819582566,19.0
2018-08-29 00:30:00,0.14017608624574848,0.03024375297583022,19.0
2018-08-29 01:00:00,0.14007483015148292,0.030249523993403842,19.0
2018-08-29 01:30:00,0.13997357405721733,0.030255295010977463,19.0
2018-08-29 02:00:00,0.13987231796295174,0.030261066028551085,19.0
2018-08-29 02:30:00,0.1404156189688244,0.030308396255966832,19.0
2018-08-29 03:00:00,0.14095891997469703,0.03035572648338258,19.0
2018-08-29 03:30:00,0.1415022209805697,0.030403056710798328,19.0
2018-08-29 04:00:00,0.14204552198644235,0.03045038693821408,19.0
2018-08-29 04:30:00,0.14258882299231498,0.030497717165629826,19.0
2018-08-29 05:00:00,0.14313212399818764,0.030545047393045574,19.0
2018-08-29 05:30:00,0.1436754250040603,0.03059237762046132,19.0
2018-08-29 06:00:00,0.14421872600993293,0.03063970784787707,19.0
2018-08-29 06:30:00,0.1447620270158056,0.030687038075292817,19.0
2018-08-29 07:00:00,0.14530532802167825,0.030734368302708565,19.0
2018-08-29 07:30:00,0.14584862902755089,0.030781698530124312,19.0
2018-08-29 08:00:00,0.14639193003342355,0.03082902875754006,19.0
2018-08-29 08:30:00,0.1469352310392962,0.03087635898495581,19.0
2018-08-29 09:00:00,0.14747853204516884,0.03092368921237156,19.0
2018-08-29 09:30:00,0.1480218330510415,0.030971019439787306,19.0
2018-08-29 10:00:00,0.14856513405691416,0.031018349667203054,19.0
2018-08-29 10:30:00,0.1491084350627868,0.0310656798946188,19.0
2018-08-29 11:00:00,0.14965173606865945,0.03111301012203455,19.0
2018-08-29 11:30:00,0.1501950370745321,0.031160340349450297,19.0
2018-08-29 12:00:00,0.15073833808040474,0.031207670576866048,19.0
2018-08-29 12:30:00,0.1512816390862774,0.03125500080428179,19.0
2018-08-29 13:00:00,0.15182494009215006,0.03130233103169754,19.0
2018-08-29 13:30:00,0.1523682410980227,0.03134966125911329,19.0
2018-08-29 14:00:00,0.15291154210389535,0.03139699148652904,19.0
2018-08-29 14:30:00,0.15342845742590586,0.03169563075387926,19.0
2018-08-29 15:00:00,0.15394537274791636,0.031994270021229475,19.0
2018-08-29 15:30:00,0.15446228806992685,0.032292909288579696,19.0
2018-08-29 16:00:00,0.15497920339193735,0.03259154855592991,19.0
2018-08-29 16:30:00,0.15549611871394786,0.03289018782328013,19.0
2018-08-29 17:00:00,0.15601303403595837,0.033188827090630355,19.0
2018-08-29 17:30:00,0.15652994935796888,0.03348746635798057,19.0
2018-08-29 18:00:00,0.1570468646799794,0.03378610562533079,19.0
2018-08-29 18:30:00,0.15756378000198987,0.034084744892681006,19.0
2018-08-29 19:00:00,0.15808069532400038,0.03438338416003123,19.0
2018-08-29 19:30:00,0.15859761064601088,0.03468202342738144,19.0
2018-08-29 20:00:00,0.1591145259680214,0.034980662694731664,19.0
2018-08-29 20:30:00,0.1596314412900319,0.035279301962081885,19.0
2018-08-29 21:00:00,0.1601483566120424,0.0355779412294321,19.0
2018-08-29 21:30:00,0.1606652719340529,0.03587658049678232,19.0
2018-08-29 22:00:00,0.1611821872560634,0.03617521976413254,19.0
2018-08-29 22:30:00,0.1616991025780739,0.03647385903148276,19.0
2018-08-29 23:00:00,0.1622160179000844,0.03677249829883298,19.0
2018-08-29 23:30:00,0.16273293322209492,0.037071137566183195,19.0
2018-08-30 00:00:00,0.16324984854410543,0.037369776833533416,19.0
2018-08-30 00:30:00,0.1637667638661159,0.03766841610088363,19.0
2018-08-30 01:00:00,0.16428367918812642,0.03796705536823385,19.0
2018-08-30 01:30:00,0.16480059451013693,0.03826569463558407,19.0
2018-08-30 02:00:00,0.16531750983214744,0.03856433390293429,19.0
2018-08-30 02:30:00,0.1650643334492179,0.038432778170483385,19.0
2018-08-30 03:00:00,0.16481115706628835,0.03830122243803248,19.0
2018-08-30 03:30:00,0.1645579806833588,0.03816966670558158,19.0
2018-08-30 04:00:00,0.16430480430042926,0.03803811097313067,19.0
2018-08-30 04:30:00,0.16405162791749972,0.03790655524067977,19.0
2018-08-30 05:00:00,0.16379845153457018,0.037774999508228865,19.0
2018-08-30 05:30:00,0.16354527515164063,0.03764344377577797,19.0
2018-08-30 06:00:00,0.1632920987687111,0.037511888043327064,19.0
2018-08-30 06:30:00,0.16303892238578155,0.03738033231087616,19.0
2018-08-30 07:00:00,0.162785746002852,0.037248776578425256,19.0
2018-08-30 07:30:00,0.16253256961992246,0.03711722084597435,19.0
2018-08-30 08:00:00,0.16227939323699292,0.03698566511352345,19.0
2018-08-30 08:30:00,0.16202621685406335,0.036854109381072545,19.0
2018-08-30 09:00:00,0.1617730404711338,0.03672255364862164,19.0
2018-08-30 09:30:00,0.16151986408820426,0.03659099791617074,19.0
2018-08-30 10:00:00,0.16126668770527472,0.03645944218371983,19.0
2018-08-30 10:30:00,0.16101351132234518,0.03632788645126893,19.0
2018-08-30 11:00:00,0.16076033493941563,0.036196330718818025,19.0
2018-08-30 11:30:00,0.1605071585564861,0.03606477498636713,19.0
2018-08-30 12:00:00,0.16025398217355655,0.035933219253916224,19.0
2018-08-30 12:30:00,0.160000805790627,0.03580166352146532,19.0
2018-08-30 13:00:00,0.15974762940769746,0.035670107789014416,19.0
2018-08-30 13:30:00,0.15949445302476792,0.03553855205656351,19.0
2018-08-30 14:00:00,0.15924127664183838,0.03540699632411261,19.0
2018-08-30 14:30:00,0.15909387527303928,0.03535022076499659,19.0
2018-08-30 15:00:00,0.1589464739042402,0.03529344520588057,19.0
2018-08-30 15:30:00,0.1587990725354411,0.03523666964676456,19.0
2018-08-30 16:00:00,0.158651671166642,0.03517989408764854,19.0
2018-08-30 16:30:00,0.1585042697978429,0.03512311852853252,19.0
2018-08-30 17:00:00,0.1583568684290438,0.035066342969416506,19.0
2018-08-30 17:30:00,0.15820946706024472,0.035009567410300486,19.0
2018-08-30 18:00:00,0.15806206569144562,0.03495279185118447,19.0
2018-08-30 18:30:00,0.15791466432264653,0.03489601629206845,19.0
2018-08-30 19:00:00,0.15776726295384744,0.03483924073295243,19.0
2018-08-30 19:30:00,0.15761986158504834,0.034782465173836416,19.0
2018-08-30 20:00:00,0.15747246021624922,0.0347256896147204,19.0
2018-08-30 20:30:00,0.15732505884745013,0.03466891405560438,19.0
2018-08-30 21:00:00,0.15717765747865103,0.034612138496488365,19.0
2018-08-30 21:30:00,0.15703025610985194,0.034555362937372346,19.0
2018-08-30 22:00:00,0.15688285474105285,0.034498587378256326,19.0
2018-08-30 22:30:00,0.15673545337225375,0.03444181181914031,19.0
2018-08-30 23:00:00,0.15658805200345466,0.03438503626002429,19.0
2018-08-30 23:30:00,0.15644065063465556,0.034328260700908275,19.0
2018-08-31 00:00:00,0.15629324926585647,0.034271485141792256,19.0
2018-08-31 00:30:00,0.15614584789705738,0.034214709582676237,19.0
2018-08-31 01:00:00,0.15599844652825828,0.034157934023560224,19.0
2018-08-31 01:30:00,0.1558510451594592,0.034101158464444205,19.0
2018-08-31 02:00:00,0.1557036437906601,0.034044382905328185,19.0
2018-08-31 02:30:00,0.15696666241005472,0.03440769398425428,19.0
2018-08-31 03:00:00,0.15822968102944934,0.03477100506318038,19.0
2018-08-31 03:30:00,0.15949269964884394,0.03513431614210647,19.0
2018-08-31 04:00:00,0.16075571826823856,0.035497627221032564,19.0
2018-08-31 04:30:00,0.16201873688763319,0.035860938299958664,19.0
2018-08-31 05:00:00,0.1632817555070278,0.03622424937888476,19.0
2018-08-31 05:30:00,0.16454477412642243,0.03658756045781085,19.0
2018-08-31 06:00:00,0.16580779274581703,0.03695087153673695,19.0
2018-08-31 06:30:00,0.16707081136521165,0.03731418261566304,19.0
2018-08-31 07:00:00,0.16833382998460628,0.037677493694589136,19.0
2018-08-31 07:30:00,0.1695968486040009,0.038040804773515235,19.0
2018-08-31 08:00:00,0.1708598672233955,0.03840411585244133,19.0
2018-08-31 08:30:00,0.17212288584279012,0.03876742693136742,19.0
2018-08-31 09:00:00,0.17338590446218474,0.03913073801029352,19.0
2018-08-31 09:30:00,0.17464892308157937,0.039494049089219614,19.0
2018-08-31 10:00:00,0.175911941700974,0.03985736016814571,19.0
2018-08-31 10:30:00,0.17717496032036859,0.04022067124707181,19.0
2018-08-31 11:00:00,0.1784379789397632,0.0405839823259979,19.0
2018-08-31 11:30:00,0.17970099755915783,0.04094729340492399,19.0
2018-08-31 12:00:00,0.18096401617855246,0.04131060448385009,19.0
2018-08-31 12:30:00,0.18222703479794708,0.041673915562776186,19.0
2018-08-31 13:00:00,0.18349005341734168,0.04203722664170228,19.0
2018-08-31 13:30:00,0.1847530720367363,0.04240053772062838,19.0
2018-08-31 14:00:00,0.18601609065613092,0.04276384879955447,19.0
2018-08-31 14:30:00,0.186251420150707,0.04277520121089128,19.0
2018-08-31 15:00:00,0.18648674964528308,0.04278655362222809,19.0
2018-08-31 15:30:00,0.18672207913985917,0.0427979060335649,19.0
2018-08-31 16:00:00,0.18695740863443525,0.04280925844490171,19.0
2018-08-31 16:30:00,0.18719273812901133,0.04282061085623852,19.0
2018-08-31 17:00:00,0.1874280676235874,0.042831963267575324,19.0
2018-08-31 17:30:00,0.1876633971181635,0.042843315678912135,19.0
2018-08-31 18:00:00,0.18789872661273957,0.042854668090248946,19.0
2018-08-31 18:30:00,0.18813405610731565,0.04286602050158576,19.0
2018-08-31 19:00:00,0.18836938560189173,0.04287737291292257,19.0
2018-08-31 19:30:00,0.1886047150964678,0.04288872532425937,19.0
2018-08-31 20:00:00,0.1888400445910439,0.04290007773559618,19.0
2018-08-31 20:30:00,0.18907537408561997,0.042911430146932994,19.0
2018-08-31 21:00:00,0.18931070358019605,0.0429227825582698,19.0
2018-08-31 21:30:00,0.18954603307477214,0.04293413496960661,19.0
2018-08-31 22:00:00,0.18978136256934822,0.04294548738094342,19.0
2018-08-31 22:30:00,0.1900166920639243,0.04295683979228023,19.0
2018-08-31 23:00:00,0.19025202155850038,0.04296819220361704,19.0
2018-08-31 23:30:00,0.19048735105307646,0.042979544614953846,19.0
2018-09-01 00:00:00,0.19072268054765254,0.04299089702629066,19.0
2018-09-01 00:30:00,0.19095801004222862,0.04300224943762747,19.0
2018-09-01 01:00:00,0.1911933395368047,0.04301360184896427,19.0
2018-09-01 01:30:00,0.19142866903138078,0.04302495426030108,19.0
2018-09-01 02:00:00,0.19166399852595686,0.043036306671637894,19.0
2018-09-01 02:30:00,0.19164433691297106,0.04293774784286148,19.0
2018-09-01 03:00:00,0.19162467529998528,0.04283918901408507,19.0
2018-09-01 03:30:00,0.19160501368699948,0.04274063018530866,19.0
2018-09-01 04:00:00,0.1915853520740137,0.04264207135653225,19.0
2018-09-01 04:30:00,0.1915656904610279,0.04254351252775584,19.0
2018-09-01 05:00:00,0.19154602884804212,0.04244495369897943,19.0
2018-09-01 05:30:00,0.1915263672350563,0.042346394870203016,19.0
2018-09-01 06:00:00,0.19150670562207053,0.04224783604142661,19.0
2018-09-01 06:30:00,0.19148704400908473,0.042149277212650195,19.0
2018-09-01 07:00:00,0.19146738239609895,0.04205071838387379,19.0
2018-09-01 07:30:00,0.19144772078311315,0.041952159555097374,19.0
2018-09-01 08:00:00,0.19142805917012737,0.041853600726320966,19.0
2018-09-01 08:30:00,0.19140839755714156,0.04175504189754455,19.0
2018-09-01 09:00:00,0.19138873594415576,0.04165648306876814,19.0
2018-09-01 09:30:00,0.19136907433116998,0.04155792423999173,19.0
2018-09-01 10:00:00,0.19134941271818418,0.04145936541121532,19.0
2018-09-01 10:30:00,0.1913297511051984,0.04136080658243891,19.0
2018-09-01 11:00:00,0.1913100894922126,0.041262247753662495,19.0
2018-09-01 11:30:00,0.19129042787922682,0.04116368892488609,19.0
2018-09-01 12:00:00,0.191270766266241,0.041065130096109674,19.0
2018-09-01 12:30:00,0.19125110465325523,0.04096657126733327,19.0
2018-09-01 13:00:00,0.19123144304026943,0.04086801243855685,19.0
2018-09-01 13:30:00,0.19121178142728365,0.040769453609780446,19.0
2018-09-01 14:00:00,0.19119211981429785,0.04067089478100403,19.0
2018-09-01 14:30:00,0.19086376882529732,0.04055896945247915,19.0
2018-09-01 15:00:00,0.1905354178362968,0.04044704412395428,19.0
2018-09-01 15:30:00,0.19020706684729627,0.0403351187954294,19.0
2018-09-01 16:00:00,0.18987871585829577,0.04022319346690452,19.0
2018-09-01 16:30:00,0.18955036486929525,0.04011126813837965,19.0
2018-09-01 17:00:00,0.18922201388029472,0.03999934280985477,19.0
2018-09-01 17:30:00,0.1888936628912942,0.03988741748132989,19.0
2018-09-01 18:00:00,0.18856531190229367,0.039775492152805014,19.0
2018-09-01 18:30:00,0.18823696091329314,0.039663566824280135,19.0
2018-09-01 19:00:00,0.18790860992429265,0.039551641495755255,19.0
2018-09-01 19:30:00,0.18758025893529212,0.03943971616723038,19.0
2018-09-01 20:00:00,0.1872519079462916,0.0393277908387055,19.0
2018-09-01 20:30:00,0.18692355695729107,0.03921586551018062,19.0
2018-09-01 21:00:00,0.18659520596829055,0.03910394018165575,19.0
2018-09-01 21:30:00,0.18626685497929002,0.03899201485313087,19.0
2018-09-01 22:00:00,0.18593850399028952,0.03888008952460599,19.0
2018-09-01 22:30:00,0.185610153001289,0.03876816419608112,19.0
2018-09-01 23:00:00,0.18528180201228847,0.03865623886755624,19.0
2018-09-01 23:30:00,0.18495345102328795,0.03854431353903136,19.0
2018-09-02 00:00:00,0.18462510003428742,0.038432388210506485,19.0
2018-09-02 00:30:00,0.1842967490452869,0.038320462881981605,19.0
2018-09-02 01:00:00,0.1839683980562864,0.038208537553456726,19.0
2018-09-02 01:30:00,0.18364004706728587,0.03809661222493185,19.0
2018-09-02 02:00:00,0.18331169607828535,0.03798468689640697,19.0
2018-09-02 02:30:00,0.18304660844825035,0.037912083319634714,19.0
2018-09-02 03:00:00,0.18278152081821533,0.037839479742862454,19.0
2018-09-02 03:30:00,0.18251643318818034,0.037766876166090195,19.0
2018-09-02 04:00:00,0.18225134555814532,0.03769427258931793,19.0
2018-09-02 04:30:00,0.18198625792811032,0.03762166901254567,19.0
2018-09-02 05:00:00,0.18172117029807533,0.03754906543577341,19.0
2018-09-02 05:30:00,0.1814560826680403,0.03747646185900115,19.0
2018-09-02 06:00:00,0.18119099503800531,0.03740385828222889,19.0
2018-09-02 06:30:00,0.1809259074079703,0.03733125470545663,19.0
2018-09-02 07:00:00,0.1806608197779353,0.03725865112868437,19.0
2018-09-02 07:30:00,0.18039573214790028,0.03718604755191211,19.0
2018-09-02 08:00:00,0.18013064451786528,0.037113443975139854,19.0
2018-09-02 08:30:00,0.1798655568878303,0.03704084039836759,19.0
2018-09-02 09:00:00,0.17960046925779527,0.03696823682159533,19.0
2018-09-02 09:30:00,0.17933538162776028,0.03689563324482307,19.0
2018-09-02 10:00:00,0.17907029399772526,0.03682302966805081,19.0
2018-09-02 10:30:00,0.17880520636769026,0.03675042609127855,19.0
2018-09-02 11:00:00,0.17854011873765527,0.03667782251450629,19.0
2018-09-02 11:30:00,0.17827503110762025,0.03660521893773403,19.0
2018-09-02 12:00:00,0.17800994347758525,0.036532615360961765,19.0
2018-09-02 12:30:00,0.17774485584755023,0.036460011784189506,19.0
2018-09-02 13:00:00,0.17747976821751524,0.036387408207417246,19.0
2018-09-02 13:30:00,0.17721468058748022,0.03631480463064499,19.0
2018-09-02 14:00:00,0.17694959295744522,0.03624220105387273,19.0
2018-09-02 14:30:00,0.1768124197552734,0.03621744666164839,19.0
2018-09-02 15:00:00,0.17667524655310157,0.03619269226942405,19.0
2018-09-02 15:30:00,0.17653807335092978,0.036167937877199706,19.0
2018-09-02 16:00:00,0.17640090014875795,0.03614318348497537,19.0
2018-09-02 16:30:00,0.17626372694658612,0.03611842909275103,19.0
2018-09-02 17:00:00,0.1761265537444143,0.03609367470052669,19.0
2018-09-02 17:30:00,0.17598938054224247,0.03606892030830235,19.0
2018-09-02 18:00:00,0.17585220734007065,0.03604416591607801,19.0
2018-09-02 18:30:00,0.17571503413789885,0.03601941152385367,19.0
2018-09-02 19:00:00,0.17557786093572703,0.03599465713162933,19.0
2018-09-02 19:30:00,0.1754406877335552,0.035969902739404994,19.0
2018-09-02 20:00:00,0.17530351453138338,0.03594514834718065,19.0
2018-09-02 20:30:00,0.17516634132921155,0.03592039395495631,19.0
2018-09-02 21:00:00,0.17502916812703972,0.03589563956273197,19.0
2018-09-02 21:30:00,0.17489199492486793,0.035870885170507634,19.0
2018-09-02 22:00:00,0.1747548217226961,0.035846130778283296,19.0
2018-09-02 22:30:00,0.17461764852052428,0.03582137638605895,19.0
2018-09-02 23:00:00,0.17448047531835245,0.03579662199383461,19.0
2018-09-02 23:30:00,0.17434330211618063,0.035771867601610274,19.0
2018-09-03 00:00:00,0.1742061289140088,0.035747113209385936,19.0
2018-09-03 00:30:00,0.174068955711837,0.0357223588171616,19.0
2018-09-03 01:00:00,0.17393178250966518,0.03569760442493725,19.0
2018-09-03 01:30:00,0.17379460930749335,0.035672850032712915,19.0
2018-09-03 02:00:00,0.17365743610532153,0.03564809564048858,19.0
2018-09-03 02:30:00,0.17343976725279883,0.0355652233488873,19.0
2018-09-03 03:00:00,0.17322209840027614,0.035482351057286025,19.0
2018-09-03 03:30:00,0.17300442954775344,0.03539947876568476,19.0
2018-09-03 04:00:00,0.17278676069523075,0.03531660647408348,19.0
2018-09-03 04:30:00,0.17256909184270805,0.035233734182482206,19.0
2018-09-03 05:00:00,0.17235142299018535,0.03515086189088093,19.0
2018-09-03 05:30:00,0.17213375413766266,0.035067989599279654,19.0
2018-09-03 06:00:00,0.17191608528513996,0.034985117307678386,19.0
2018-09-03 06:30:00,0.17169841643261727,0.03490224501607711,19.0
2018-09-03 07:00:00,0.17148074758009457,0.034819372724475835,19.0
2018-09-03 07:30:00,0.17126307872757188,0.03473650043287456,19.0
2018-09-03 08:00:00,0.17104540987504915,0.03465362814127329,19.0
2018-09-03 08:30:00,0.17082774102252646,0.034570755849672015,19.0
2018-09-03 09:00:00,0.17061007217000376,0.03448788355807074,19.0
2018-09-03 09:30:00,0.17039240331748107,0.034405011266469464,19.0
2018-09-03 10:00:00,0.17017473446495837,0.03432213897486819,19.0
2018-09-03 10:30:00,0.16995706561243568,0.03423926668326692,19.0
2018-09-03 11:00:00,0.16973939675991298,0.034156394391665644,19.0
2018-09-03 11:30:00,0.16952172790739028,0.03407352210006437,19.0
2018-09-03 12:00:00,0.1693040590548676,0.03399064980846309,19.0
2018-09-03 12:30:00,0.1690863902023449,0.03390777751686182,19.0
2018-09-03 13:00:00,0.1688687213498222,0.03382490522526055,19.0
2018-09-03 13:30:00,0.1686510524972995,0.03374203293365927,19.0
2018-09-03 14:00:00,0.1684333836447768,0.033659160642058,19.0
2018-09-03 14:30:00,0.16827101236847258,0.033615935250462546,19.0
2018-09-03 15:00:00,0.16810864109216833,0.033572709858867095,19.0
2018-09-03 15:30:00,0.1679462698158641,0.03352948446727164,19.0
2018-09-03 16:00:00,0.16778389853955988,0.03348625907567619,19.0
2018-09-03 16:30:00,0.16762152726325566,0.03344303368408075,19.0
2018-09-03 17:00:00,0.1674591559869514,0.033399808292485296,19.0
2018-09-03 17:30:00,0.16729678471064718,0.033356582900889845,19.0
2018-09-03 18:00:00,0.16713441343434296,0.03331335750929439,19.0
2018-09-03 18:30:00,0.1669720421580387,0.03327013211769894,19.0
2018-09-03 19:00:00,0.16680967088173448,0.03322690672610349,19.0
2018-09-03 19:30:00,0.16664729960543026,0.03318368133450804,19.0
2018-09-03 20:00:00,0.166484928329126,0.033140455942912594,19.0
2018-09-03 20:30:00,0.16632255705282178,0.03309723055131714,19.0
2018-09-03 21:00:00,0.16616018577651756,0.03305400515972169,19.0
2018-09-03 21:30:00,0.16599781450021334,0.03301077976812624,19.0
2018-09-03 22:00:00,0.16583544322390908,0.03296755437653079,19.0
2018-09-03 22:30:00,0.16567307194760486,0.03292432898493534,19.0
2018-09-03 23:00:00,0.16551070067130064,0.032881103593339886,19.0
2018-09-03 23:30:00,0.16534832939499639,0.032837878201744435,19.0
2018-09-04 00:00:00,0.16518595811869216,0.03279465281014898,19.0
2018-09-04 00:30:00,0.16502358684238794,0.03275142741855354,19.0
2018-09-04 01:00:00,0.1648612155660837,0.03270820202695809,19.0
2018-09-04 01:30:00,0.16469884428977946,0.032664976635362636,19.0
2018-09-04 02:00:00,0.16453647301347524,0.032621751243767184,19.0
2018-09-04 02:30:00,0.16436110522102812,0.03259092347109402,19.0
2018-09-04 03:00:00,0.164185737428581,0.03256009569842086,19.0
2018-09-04 03:30:00,0.1640103696361339,0.032529267925747694,19.0
2018-09-04 04:00:00,0.1638350018436868,0.03249844015307453,19.0
2018-09-04 04:30:00,0.16365963405123968,0.03246761238040136,19.0
2018-09-04 05:00:00,0.1634842662587926,0.032436784607728204,19.0
2018-09-04 05:30:00,0.16330889846634547,0.03240595683505504,19.0
2018-09-04 06:00:00,0.16313353067389835,0.03237512906238187,19.0
2018-09-04 06:30:00,0.16295816288145124,0.032344301289708714,19.0
2018-09-04 07:00:00,0.16278279508900412,0.03231347351703555,19.0
2018-09-04 07:30:00,0.16260742729655703,0.03228264574436238,19.0
2018-09-04 08:00:00,0.1624320595041099,0.032251817971689224,19.0
2018-09-04 08:30:00,0.1622566917116628,0.03222099019901606,19.0
2018-09-04 09:00:00,0.1620813239192157,0.03219016242634289,19.0
2018-09-04 09:30:00,0.16190595612676859,0.03215933465366973,19.0
2018-09-04 10:00:00,0.16173058833432147,0.03212850688099657,19.0
2018-09-04 10:30:00,0.16155522054187435,0.0320976791083234,19.0
2018-09-04 11:00:00,0.16137985274942723,0.03206685133565024,19.0
2018-09-04 11:30:00,0.16120448495698014,0.03203602356297708,19.0
2018-09-04 12:00:00,0.16102911716453303,0.03200519579030391,19.0
2018-09-04 12:30:00,0.1608537493720859,0.03197436801763075,19.0
2018-09-04 13:00:00,0.16067838157963882,0.03194354024495758,19.0
2018-09-04 13:30:00,0.1605030137871917,0.03191271247228442,19.0
2018-09-04 14:00:00,0.16032764599474458,0.03188188469961126,19.0
2018-09-04 14:30:00,0.1602130786375603,0.031863984426336756,19.0
2018-09-04 15:00:00,0.16009851128037597,0.031846084153062254,19.0
2018-09-04 15:30:00,0.15998394392319168,0.03182818387978775,19.0
2018-09-04 16:00:00,0.15986937656600736,0.031810283606513244,19.0
2018-09-04 16:30:00,0.15975480920882307,0.03179238333323874,19.0
2018-09-04 17:00:00,0.15964024185163875,0.03177448305996424,19.0
2018-09-04 17:30:00,0.15952567449445446,0.03175658278668974,19.0
2018-09-04 18:00:00,0.15941110713727014,0.03173868251341524,19.0
2018-09-04 18:30:00,0.15929653978008584,0.03172078224014074,19.0
2018-09-04 19:00:00,0.15918197242290152,0.03170288196686623,19.0
2018-09-04 19:30:00,0.15906740506571723,0.03168498169359173,19.0
2018-09-04 20:00:00,0.1589528377085329,0.031667081420317225,19.0
2018-09-04 20:30:00,0.15883827035134862,0.031649181147042724,19.0
2018-09-04 21:00:00,0.15872370299416433,0.03163128087376822,19.0
2018-09-04 21:30:00,0.15860913563698,0.03161338060049372,19.0
2018-09-04 22:00:00,0.15849456827979572,0.03159548032721921,19.0
2018-09-04 22:30:00,0.1583800009226114,0.03157758005394471,19.0
2018-09-04 23:00:00,0.1582654335654271,0.03155967978067021,19.0
2018-09-04 23:30:00,0.15815086620824279,0.03154177950739571,19.0
2018-09-05 00:00:00,0.1580362988510585,0.031523879234121206,19.0
2018-09-05 00:30:00,0.15792173149387417,0.031505978960846705,19.0
2018-09-05 01:00:00,0.15780716413668988,0.031488078687572196,19.0
2018-09-05 01:30:00,0.15769259677950556,0.031470178414297695,19.0
2018-09-05 02:00:00,0.15757802942232127,0.03145227814102319,19.0
2018-09-05 02:30:00,0.15736877350306705,0.03138628353467216,19.0
2018-09-05 03:00:00,0.15715951758381283,0.03132028892832112,19.0
2018-09-05 03:30:00,0.1569502616645586,0.03125429432197009,19.0
2018-09-05 04:00:00,0.15674100574530442,0.031188299715619053,19.0
2018-09-05 04:30:00,0.1565317498260502,0.03112230510926802,19.0
2018-09-05 05:00:00,0.15632249390679598,0.031056310502916986,19.0
2018-09-05 05:30:00,0.15611323798754176,0.03099031589656595,19.0
2018-09-05 06:00:00,0.15590398206828754,0.030924321290214916,19.0
2018-09-05 06:30:00,0.15569472614903332,0.03085832668386388,19.0
2018-09-05 07:00:00,0.1554854702297791,0.030792332077512845,19.0
2018-09-05 07:30:00,0.15527621431052488,0.03072633747116181,19.0
2018-09-05 08:00:00,0.15506695839127066,0.03066034286481078,19.0
2018-09-05 08:30:00,0.15485770247201647,0.030594348258459744,19.0
2018-09-05 09:00:00,0.15464844655276225,0.03052835365210871,19.0
2018-09-05 09:30:00,0.15443919063350803,0.030462359045757673,19.0
2018-09-05 10:00:00,0.1542299347142538,0.030396364439406638,19.0
2018-09-05 10:30:00,0.1540206787949996,0.030330369833055603,19.0
2018-09-05 11:00:00,0.15381142287574537,0.030264375226704568,19.0
2018-09-05 11:30:00,0.15360216695649115,0.030198380620353533,19.0
2018-09-05 12:00:00,0.15339291103723696,0.030132386014002498,19.0
2018-09-05 12:30:00,0.15318365511798274,0.030066391407651466,19.0
2018-09-05 13:00:00,0.15297439919872852,0.03000039680130043,19.0
2018-09-05 13:30:00,0.1527651432794743,0.029934402194949396,19.0
2018-09-05 14:00:00,0.15255588736022008,0.02986840758859836,19.0
2018-09-05 14:30:00,0.15243437450509123,0.02987995498547411,19.0
2018-09-05 15:00:00,0.15231286164996238,0.029891502382349857,19.0
2018-09-05 15:30:00,0.15219134879483354,0.029903049779225605,19.0
2018-09-05 16:00:00,0.1520698359397047,0.029914597176101357,19.0
2018-09-05 16:30:00,0.15194832308457587,0.029926144572977105,19.0
2018-09-05 17:00:00,0.15182681022944702,0.029937691969852853,19.0
2018-09-05 17:30:00,0.15170529737431818,0.0299492393667286,19.0
2018-09-05 18:00:00,0.15158378451918933,0.02996078676360435,19.0
2018-09-05 18:30:00,0.15146227166406048,0.029972334160480098,19.0
2018-09-05 19:00:00,0.15134075880893164,0.02998388155735585,19.0
2018-09-05 19:30:00,0.1512192459538028,0.029995428954231598,19.0
2018-09-05 20:00:00,0.15109773309867397,0.030006976351107346,19.0
2018-09-05 20:30:00,0.15097622024354512,0.030018523747983094,19.0
2018-09-05 21:00:00,0.15085470738841628,0.030030071144858842,19.0
2018-09-05 21:30:00,0.15073319453328743,0.03004161854173459,19.0
2018-09-05 22:00:00,0.15061168167815858,0.030053165938610342,19.0
2018-09-05 22:30:00,0.15049016882302974,0.03006471333548609,19.0
2018-09-05 23:00:00,0.1503686559679009,0.03007626073236184,19.0
2018-09-05 23:30:00,0.15024714311277204,0.030087808129237587,19.0
2018-09-06 00:00:00,0.1501256302576432,0.030099355526113335,19.0
2018-09-06 00:30:00,0.15000411740251438,0.030110902922989083,19.0
2018-09-06 01:00:00,0.14988260454738553,0.030122450319864835,19.0
2018-09-06 01:30:00,0.14976109169225668,0.030133997716740583,19.0
2018-09-06 02:00:00,0.14963957883712783,0.03014554511361633,19.0
2018-09-06 02:30:00,0.14954674129888185,0.030162835433536907,19.0
2018-09-06 03:00:00,0.14945390376063586,0.030180125753457486,19.0
2018-09-06 03:30:00,0.14936106622238987,0.030197416073378062,19.0
2018-09-06 04:00:00,0.1492682286841439,0.030214706393298638,19.0
2018-09-06 04:30:00,0.14917539114589792,0.030231996713219213,19.0
2018-09-06 05:00:00,0.14908255360765194,0.030249287033139793,19.0
2018-09-06 05:30:00,0.14898971606940595,0.03026657735306037,19.0
2018-09-06 06:00:00,0.14889687853115996,0.030283867672980944,19.0
2018-09-06 06:30:00,0.14880404099291397,0.030301157992901524,19.0
2018-09-06 07:00:00,0.14871120345466798,0.0303184483128221,19.0
2018-09-06 07:30:00,0.148618365916422,0.030335738632742675,19.0
2018-09-06 08:00:00,0.148525528378176,0.030353028952663254,19.0
2018-09-06 08:30:00,0.14843269083993005,0.03037031927258383,19.0
2018-09-06 09:00:00,0.14833985330168406,0.030387609592504406,19.0
2018-09-06 09:30:00,0.14824701576343807,0.030404899912424982,19.0
2018-09-06 10:00:00,0.14815417822519208,0.03042219023234556,19.0
2018-09-06 10:30:00,0.1480613406869461,0.030439480552266137,19.0
2018-09-06 11:00:00,0.1479685031487001,0.030456770872186713,19.0
2018-09-06 11:30:00,0.14787566561045412,0.030474061192107292,19.0
2018-09-06 12:00:00,0.14778282807220816,0.030491351512027868,19.0
2018-09-06 12:30:00,0.14768999053396217,0.030508641831948444,19.0
2018-09-06 13:00:00,0.14759715299571619,0.03052593215186902,19.0
2018-09-06 13:30:00,0.1475043154574702,0.0305432224717896,19.0
2018-09-06 14:00:00,0.1474114779192242,0.030560512791710175,19.0
2018-09-06 14:30:00,0.1473221452969465,0.03054782745754416,19.0
2018-09-06 15:00:00,0.14723281267466884,0.03053514212337814,19.0
2018-09-06 15:30:00,0.14714348005239114,0.030522456789212123,19.0
2018-09-06 16:00:00,0.14705414743011344,0.030509771455046103,19.0
2018-09-06 16:30:00,0.14696481480783577,0.030497086120880087,19.0
2018-09-06 17:00:00,0.14687548218555807,0.03048440078671407,19.0
2018-09-06 17:30:00,0.14678614956328037,0.03047171545254805,19.0
2018-09-06 18:00:00,0.1466968169410027,0.030459030118382035,19.0
2018-09-06 18:30:00,0.146607484318725,0.030446344784216015,19.0
2018-09-06 19:00:00,0.1465181516964473,0.03043365945005,19.0
2018-09-06 19:30:00,0.14642881907416963,0.03042097411588398,19.0
2018-09-06 20:00:00,0.14633948645189193,0.030408288781717963,19.0
2018-09-06 20:30:00,0.14625015382961423,0.030395603447551947,19.0
2018-09-06 21:00:00,0.14616082120733656,0.030382918113385927,19.0
2018-09-06 21:30:00,0.14607148858505886,0.03037023277921991,19.0
2018-09-06 22:00:00,0.14598215596278116,0.03035754744505389,19.0
2018-09-06 22:30:00,0.1458928233405035,0.030344862110887875,19.0
2018-09-06 23:00:00,0.1458034907182258,0.03033217677672186,19.0
2018-09-06 23:30:00,0.1457141580959481,0.03031949144255584,19.0
2018-09-07 00:00:00,0.14562482547367042,0.030306806108389824,19.0
2018-09-07 00:30:00,0.14553549285139272,0.030294120774223804,19.0
2018-09-07 01:00:00,0.14544616022911502,0.030281435440057788,19.0
2018-09-07 01:30:00,0.14535682760683735,0.030268750105891768,19.0
2018-09-07 02:00:00,0.14526749498455965,0.030256064771725752,19.0
2018-09-07 02:30:00,0.14516106360584044,0.030257388259279597,19.0
2018-09-07 03:00:00,0.14505463222712123,0.030258711746833443,19.0
2018-09-07 03:30:00,0.14494820084840201,0.03026003523438729,19.0
2018-09-07 04:00:00,0.1448417694696828,0.030261358721941134,19.0
2018-09-07 04:30:00,0.14473533809096356,0.030262682209494983,19.0
2018-09-07 05:00:00,0.14462890671224435,0.03026400569704883,19.0
2018-09-07 05:30:00,0.14452247533352514,0.030265329184602674,19.0
2018-09-07 06:00:00,0.14441604395480592,0.03026665267215652,19.0
2018-09-07 06:30:00,0.1443096125760867,0.030267976159710365,19.0
2018-09-07 07:00:00,0.1442031811973675,0.03026929964726421,19.0
2018-09-07 07:30:00,0.14409674981864828,0.030270623134818056,19.0
2018-09-07 08:00:00,0.14399031843992904,0.030271946622371905,19.0
2018-09-07 08:30:00,0.14388388706120983,0.03027327010992575,19.0
2018-09-07 09:00:00,0.14377745568249062,0.030274593597479596,19.0
2018-09-07 09:30:00,0.1436710243037714,0.03027591708503344,19.0
2018-09-07 10:00:00,0.1435645929250522,0.030277240572587287,19.0
2018-09-07 10:30:00,0.14345816154633298,0.030278564060141133,19.0
2018-09-07 11:00:00,0.14335173016761377,0.030279887547694978,19.0
2018-09-07 11:30:00,0.14324529878889455,0.030281211035248824,19.0
2018-09-07 12:00:00,0.14313886741017534,0.03028253452280267,19.0
2018-09-07 12:30:00,0.1430324360314561,0.030283858010356518,19.0
2018-09-07 13:00:00,0.1429260046527369,0.030285181497910364,19.0
2018-09-07 13:30:00,0.14281957327401767,0.03028650498546421,19.0
2018-09-07 14:00:00,0.14271314189529846,0.030287828473018055,19.0
2018-09-07 14:30:00,0.14263368093533388,0.030289055825669178,19.0
2018-09-07 15:00:00,0.14255421997536927,0.0302902831783203,19.0
2018-09-07 15:30:00,0.14247475901540468,0.030291510530971424,19.0
2018-09-07 16:00:00,0.14239529805544007,0.030292737883622547,19.0
2018-09-07 16:30:00,0.1423158370954755,0.03029396523627367,19.0
2018-09-07 17:00:00,0.1422363761355109,0.030295192588924793,19.0
2018-09-07 17:30:00,0.1421569151755463,0.030296419941575916,19.0
2018-09-07 18:00:00,0.1420774542155817,0.03029764729422704,19.0
2018-09-07 18:30:00,0.1419979932556171,0.030298874646878162,19.0
2018-09-07 19:00:00,0.14191853229565252,0.030300101999529285,19.0
2018-09-07 19:30:00,0.1418390713356879,0.030301329352180408,19.0
2018-09-07 20:00:00,0.14175961037572332,0.030302556704831528,19.0
2018-09-07 20:30:00,0.14168014941575874,0.03030378405748265,19.0
2018-09-07 21:00:00,0.14160068845579413,0.030305011410133774,19.0
2018-09-07 21:30:00,0.14152122749582954,0.030306238762784897,19.0
2018-09-07 22:00:00,0.14144176653586493,0.03030746611543602,19.0
2018-09-07 22:30:00,0.14136230557590035,0.030308693468087143,19.0
2018-09-07 23:00:00,0.14128284461593577,0.030309920820738266,19.0
2018-09-07 23:30:00,0.14120338365597115,0.03031114817338939,19.0
2018-09-08 00:00:00,0.14112392269600657,0.030312375526040512,19.0
2018-09-08 00:30:00,0.14104446173604196,0.030313602878691635,19.0
2018-09-08 01:00:00,0.14096500077607738,0.03031483023134276,19.0
2018-09-08 01:30:00,0.14088553981611276,0.03031605758399388,19.0
2018-09-08 02:00:00,0.14080607885614818,0.030317284936645005,19.0
2018-09-08 02:30:00,0.14072983504044542,0.030320361776226018,19.0
2018-09-08 03:00:00,0.1406535912247427,0.030323438615807028,19.0
2018-09-08 03:30:00,0.14057734740903993,0.03032651545538804,19.0
2018-09-08 04:00:00,0.14050110359333717,0.03032959229496905,19.0
2018-09-08 04:30:00,0.14042485977763441,0.030332669134550065,19.0
2018-09-08 05:00:00,0.14034861596193166,0.030335745974131075,19.0
2018-09-08 05:30:00,0.14027237214622892,0.03033882281371209,19.0
2018-09-08 06:00:00,0.14019612833052617,0.0303418996532931,19.0
2018-09-08 06:30:00,0.1401198845148234,0.030344976492874112,19.0
2018-09-08 07:00:00,0.14004364069912068,0.030348053332455122,19.0
2018-09-08 07:30:00,0.13996739688341792,0.030351130172036136,19.0
2018-09-08 08:00:00,0.13989115306771516,0.030354207011617146,19.0
2018-09-08 08:30:00,0.1398149092520124,0.03035728385119816,19.0
2018-09-08 09:00:00,0.13973866543630964,0.030360360690779173,19.0
2018-09-08 09:30:00,0.1396624216206069,0.030363437530360183,19.0
2018-09-08 10:00:00,0.13958617780490415,0.030366514369941196,19.0
2018-09-08 10:30:00,0.1395099339892014,0.030369591209522206,19.0
2018-09-08 11:00:00,0.13943369017349866,0.03037266804910322,19.0
2018-09-08 11:30:00,0.1393574463577959,0.03037574488868423,19.0
2018-09-08 12:00:00,0.13928120254209314,0.030378821728265244,19.0
2018-09-08 12:30:00,0.13920495872639038,0.030381898567846254,19.0
2018-09-08 13:00:00,0.13912871491068762,0.030384975407427267,19.0
2018-09-08 13:30:00,0.1390524710949849,0.030388052247008277,19.0
2018-09-08 14:00:00,0.13897622727928213,0.03039112908658929,19.0
2018-09-08 14:30:00,0.1388890792646607,0.03038763550230677,19.0
2018-09-08 15:00:00,0.13880193125003928,0.030384141918024247,19.0
2018-09-08 15:30:00,0.13871478323541786,0.030380648333741725,19.0
2018-09-08 16:00:00,0.1386276352207964,0.0303771547494592,19.0
2018-09-08 16:30:00,0.13854048720617498,0.030373661165176678,19.0
2018-09-08 17:00:00,0.13845333919155356,0.030370167580894156,19.0
2018-09-08 17:30:00,0.13836619117693214,0.030366673996611634,19.0
2018-09-08 18:00:00,0.1382790431623107,0.030363180412329112,19.0
2018-09-08 18:30:00,0.1381918951476893,0.03035968682804659,19.0
2018-09-08 19:00:00,0.13810474713306783,0.030356193243764065,19.0
2018-09-08 19:30:00,0.1380175991184464,0.030352699659481543,19.0
2018-09-08 20:00:00,0.13793045110382499,0.03034920607519902,19.0
2018-09-08 20:30:00,0.13784330308920356,0.0303457124909165,19.0
2018-09-08 21:00:00,0.13775615507458214,0.030342218906633977,19.0
2018-09-08 21:30:00,0.1376690070599607,0.030338725322351455,19.0
2018-09-08 22:00:00,0.13758185904533926,0.03033523173806893,19.0
2018-09-08 22:30:00,0.13749471103071784,0.030331738153786408,19.0
2018-09-08 23:00:00,0.1374075630160964,0.030328244569503886,19.0
2018-09-08 23:30:00,0.137320415001475,0.030324750985221364,19.0
2018-09-09 00:00:00,0.13723326698685356,0.030321257400938842,19.0
2018-09-09 00:30:00,0.13714611897223214,0.03031776381665632,19.0
2018-09-09 01:00:00,0.1370589709576107,0.030314270232373795,19.0
2018-09-09 01:30:00,0.13697182294298926,0.030310776648091273,19.0
2018-09-09 02:00:00,0.13688467492836784,0.03030728306380875,19.0
2018-09-09 02:30:00,0.1368292656785329,0.030312081525045657,19.0
2018-09-09 03:00:00,0.13677385642869797,0.030316879986282564,19.0
2018-09-09 03:30:00,0.13671844717886303,0.030321678447519474,19.0
2018-09-09 04:00:00,0.1366630379290281,0.03032647690875638,19.0
2018-09-09 04:30:00,0.13660762867919315,0.030331275369993287,19.0
2018-09-09 05:00:00,0.13655221942935822,0.030336073831230194,19.0
2018-09-09 05:30:00,0.13649681017952328,0.0303408722924671,19.0
2018-09-09 06:00:00,0.13644140092968834,0.030345670753704007,19.0
2018-09-09 06:30:00,0.1363859916798534,0.030350469214940917,19.0
2018-09-09 07:00:00,0.13633058243001847,0.030355267676177824,19.0
2018-09-09 07:30:00,0.13627517318018353,0.03036006613741473,19.0
2018-09-09 08:00:00,0.13621976393034857,0.030364864598651637,19.0
2018-09-09 08:30:00,0.13616435468051363,0.030369663059888544,19.0
2018-09-09 09:00:00,0.1361089454306787,0.03037446152112545,19.0
2018-09-09 09:30:00,0.13605353618084376,0.03037925998236236,19.0
2018-09-09 10:00:00,0.13599812693100882,0.030384058443599267,19.0
2018-09-09 10:30:00,0.13594271768117389,0.030388856904836174,19.0
2018-09-09 11:00:00,0.13588730843133895,0.03039365536607308,19.0
2018-09-09 11:30:00,0.135831899181504,0.030398453827309987,19.0
2018-09-09 12:00:00,0.13577648993166908,0.030403252288546893,19.0
2018-09-09 12:30:00,0.13572108068183414,0.030408050749783803,19.0
2018-09-09 13:00:00,0.1356656714319992,0.03041284921102071,19.0
2018-09-09 13:30:00,0.13561026218216427,0.030417647672257617,19.0
2018-09-09 14:00:00,0.13555485293232933,0.030422446133494523,19.0
2018-09-09 14:30:00,0.1354676261140335,0.030417925241006002,19.0
2018-09-09 15:00:00,0.13538039929573767,0.030413404348517477,19.0
2018-09-09 15:30:00,0.13529317247744185,0.030408883456028955,19.0
2018-09-09 16:00:00,0.135205945659146,0.030404362563540434,19.0
2018-09-09 16:30:00,0.1351187188408502,0.030399841671051912,19.0
2018-09-09 17:00:00,0.13503149202255435,0.030395320778563387,19.0
2018-09-09 17:30:00,0.13494426520425853,0.030390799886074866,19.0
2018-09-09 18:00:00,0.1348570383859627,0.030386278993586344,19.0
2018-09-09 18:30:00,0.13476981156766688,0.03038175810109782,19.0
2018-09-09 19:00:00,0.13468258474937103,0.030377237208609298,19.0
2018-09-09 19:30:00,0.13459535793107522,0.030372716316120776,19.0
2018-09-09 20:00:00,0.13450813111277937,0.03036819542363225,19.0
2018-09-09 20:30:00,0.13442090429448356,0.03036367453114373,19.0
2018-09-09 21:00:00,0.13433367747618774,0.03035915363865521,19.0
2018-09-09 21:30:00,0.1342464506578919,0.030354632746166687,19.0
2018-09-09 22:00:00,0.13415922383959608,0.030350111853678162,19.0
2018-09-09 22:30:00,0.13407199702130024,0.03034559096118964,19.0
2018-09-09 23:00:00,0.13398477020300442,0.03034107006870112,19.0
2018-09-09 23:30:00,0.13389754338470858,0.030336549176212594,19.0
2018-09-10 00:00:00,0.13381031656641276,0.030332028283724072,19.0
2018-09-10 00:30:00,0.13372308974811692,0.03032750739123555,19.0
2018-09-10 01:00:00,0.1336358629298211,0.03032298649874703,19.0
2018-09-10 01:30:00,0.13354863611152526,0.030318465606258505,19.0
2018-09-10 02:00:00,0.13346140929322944,0.030313944713769983,19.0
2018-09-10 02:30:00,0.13340513809935298,0.030318407155032725,19.0
2018-09-10 03:00:00,0.1333488669054765,0.030322869596295467,19.0
2018-09-10 03:30:00,0.13329259571160001,0.03032733203755821,19.0
2018-09-10 04:00:00,0.13323632451772355,0.03033179447882095,19.0
2018-09-10 04:30:00,0.13318005332384708,0.030336256920083692,19.0
2018-09-10 05:00:00,0.1331237821299706,0.030340719361346434,19.0
2018-09-10 05:30:00,0.13306751093609415,0.030345181802609176,19.0
2018-09-10 06:00:00,0.13301123974221768,0.030349644243871918,19.0
2018-09-10 06:30:00,0.13295496854834118,0.03035410668513466,19.0
2018-09-10 07:00:00,0.13289869735446472,0.0303585691263974,19.0
2018-09-10 07:30:00,0.13284242616058825,0.030363031567660143,19.0
2018-09-10 08:00:00,0.13278615496671178,0.03036749400892289,19.0
2018-09-10 08:30:00,0.13272988377283532,0.03037195645018563,19.0
2018-09-10 09:00:00,0.13267361257895885,0.030376418891448372,19.0
2018-09-10 09:30:00,0.13261734138508235,0.030380881332711114,19.0
2018-09-10 10:00:00,0.1325610701912059,0.030385343773973856,19.0
2018-09-10 10:30:00,0.13250479899732942,0.030389806215236598,19.0
2018-09-10 11:00:00,0.13244852780345295,0.03039426865649934,19.0
2018-09-10 11:30:00,0.1323922566095765,0.03039873109776208,19.0
2018-09-10 12:00:00,0.13233598541570002,0.030403193539024823,19.0
2018-09-10 12:30:00,0.13227971422182352,0.030407655980287565,19.0
2018-09-10 13:00:00,0.13222344302794706,0.030412118421550307,19.0
2018-09-10 13:30:00,0.1321671718340706,0.03041658086281305,19.0
2018-09-10 14:00:00,0.13211090064019412,0.03042104330407579,19.0
2018-09-10 14:30:00,0.13202671537845498,0.030416867024511775,19.0
2018-09-10 15:00:00,0.1319425301167158,0.030412690744947755,19.0
2018-09-10 15:30:00,0.13185834485497666,0.03040851446538374,19.0
2018-09-10 16:00:00,0.13177415959323752,0.030404338185819724,19.0
2018-09-10 16:30:00,0.13168997433149834,0.030400161906255708,19.0
2018-09-10 17:00:00,0.1316057890697592,0.030395985626691692,19.0
2018-09-10 17:30:00,0.13152160380802003,0.030391809347127673,19.0
2018-09-10 18:00:00,0.13143741854628088,0.030387633067563657,19.0
2018-09-10 18:30:00,0.13135323328454174,0.03038345678799964,19.0
2018-09-10 19:00:00,0.13126904802280256,0.03037928050843562,19.0
2018-09-10 19:30:00,0.13118486276106342,0.030375104228871606,19.0
2018-09-10 20:00:00,0.13110067749932425,0.03037092794930759,19.0
2018-09-10 20:30:00,0.1310164922375851,0.030366751669743574,19.0
2018-09-10 21:00:00,0.13093230697584596,0.030362575390179558,19.0
2018-09-10 21:30:00,0.13084812171410679,0.03035839911061554,19.0
2018-09-10 22:00:00,0.13076393645236764,0.030354222831051523,19.0
2018-09-10 22:30:00,0.1306797511906285,0.030350046551487507,19.0
2018-09-10 23:00:00,0.13059556592888932,0.030345870271923488,19.0
2018-09-10 23:30:00,0.13051138066715018,0.030341693992359472,19.0
2018-09-11 00:00:00,0.13042719540541103,0.030337517712795456,19.0
2018-09-11 00:30:00,0.13034301014367186,0.03033334143323144,19.0
2018-09-11 01:00:00,0.13025882488193272,0.030329165153667424,19.0
2018-09-11 01:30:00,0.13017463962019354,0.030324988874103405,19.0
2018-09-11 02:00:00,0.1300904543584544,0.03032081259453939,19.0
2018-09-11 02:30:00,0.13005587745199457,0.030329018802647278,19.0
2018-09-11 03:00:00,0.13002130054553473,0.030337225010755163,19.0
2018-09-11 03:30:00,0.1299867236390749,0.030345431218863052,19.0
2018-09-11 04:00:00,0.12995214673261507,0.03035363742697094,19.0
2018-09-11 04:30:00,0.12991756982615524,0.030361843635078826,19.0
2018-09-11 05:00:00,0.1298829929196954,0.030370049843186715,19.0
2018-09-11 05:30:00,0.12984841601323557,0.0303782560512946,19.0
2018-09-11 06:00:00,0.12981383910677574,0.03038646225940249,19.0
2018-09-11 06:30:00,0.1297792622003159,0.030394668467510377,19.0
2018-09-11 07:00:00,0.12974468529385608,0.030402874675618263,19.0
2018-09-11 07:30:00,0.12971010838739624,0.03041108088372615,19.0
2018-09-11 08:00:00,0.12967553148093638,0.030419287091834037,19.0
2018-09-11 08:30:00,0.12964095457447655,0.030427493299941925,19.0
2018-09-11 09:00:00,0.12960637766801672,0.030435699508049814,19.0
2018-09-11 09:30:00,0.1295718007615569,0.0304439057161577,19.0
2018-09-11 10:00:00,0.12953722385509706,0.030452111924265588,19.0
2018-09-11 10:30:00,0.12950264694863722,0.030460318132373477,19.0
2018-09-11 11:00:00,0.1294680700421774,0.030468524340481362,19.0
2018-09-11 11:30:00,0.12943349313571756,0.03047673054858925,19.0
2018-09-11 12:00:00,0.12939891622925773,0.03048493675669714,19.0
2018-09-11 12:30:00,0.1293643393227979,0.030493142964805025,19.0
2018-09-11 13:00:00,0.12932976241633806,0.030501349172912914,19.0
2018-09-11 13:30:00,0.12929518550987823,0.0305095553810208,19.0
2018-09-11 14:00:00,0.1292606086034184,0.030517761589128688,19.0
2018-09-11 14:30:00,0.12918842928370694,0.030518365306290814,19.0
2018-09-11 15:00:00,0.1291162499639955,0.03051896902345294,19.0
2018-09-11 15:30:00,0.12904407064428405,0.030519572740615064,19.0
2018-09-11 16:00:00,0.1289718913245726,0.03052017645777719,19.0
2018-09-11 16:30:00,0.12889971200486114,0.030520780174939317,19.0
2018-09-11 17:00:00,0.12882753268514968,0.030521383892101444,19.0
2018-09-11 17:30:00,0.12875535336543825,0.03052198760926357,19.0
2018-09-11 18:00:00,0.1286831740457268,0.030522591326425694,19.0
2018-09-11 18:30:00,0.12861099472601534,0.03052319504358782,19.0
2018-09-11 19:00:00,0.1285388154063039,0.030523798760749947,19.0
2018-09-11 19:30:00,0.12846663608659245,0.030524402477912074,19.0
2018-09-11 20:00:00,0.128394456766881,0.030525006195074197,19.0
2018-09-11 20:30:00,0.12832227744716954,0.030525609912236323,19.0
2018-09-11 21:00:00,0.12825009812745808,0.03052621362939845,19.0
2018-09-11 21:30:00,0.12817791880774665,0.030526817346560577,19.0
2018-09-11 22:00:00,0.1281057394880352,0.030527421063722703,19.0
2018-09-11 22:30:00,0.12803356016832373,0.030528024780884826,19.0
2018-09-11 23:00:00,0.1279613808486123,0.030528628498046953,19.0
2018-09-11 23:30:00,0.12788920152890085,0.03052923221520908,19.0
2018-09-12 00:00:00,0.1278170222091894,0.030529835932371206,19.0
2018-09-12 00:30:00,0.12774484288947793,0.030530439649533333,19.0
2018-09-12 01:00:00,0.12767266356976648,0.030531043366695456,19.0
2018-09-12 01:30:00,0.12760048425005505,0.030531647083857583,19.0
2018-09-12 02:00:00,0.1275283049303436,0.03053225080101971,19.0
2018-09-12 02:30:00,0.127509460760887,0.030537398795492363,19.0
2018-09-12 03:00:00,0.12749061659143043,0.03054254678996502,19.0
2018-09-12 03:30:00,0.12747177242197386,0.030547694784437675,19.0
2018-09-12 04:00:00,0.12745292825251728,0.03055284277891033,19.0
2018-09-12 04:30:00,0.1274340840830607,0.030557990773382983,19.0
2018-09-12 05:00:00,0.1274152399136041,0.030563138767855637,19.0
2018-09-12 05:30:00,0.12739639574414752,0.030568286762328294,19.0
2018-09-12 06:00:00,0.12737755157469094,0.03057343475680095,19.0
2018-09-12 06:30:00,0.12735870740523436,0.030578582751273602,19.0
2018-09-12 07:00:00,0.12733986323577778,0.03058373074574626,19.0
2018-09-12 07:30:00,0.1273210190663212,0.030588878740218914,19.0
2018-09-12 08:00:00,0.12730217489686463,0.030594026734691568,19.0
2018-09-12 08:30:00,0.12728333072740805,0.030599174729164222,19.0
2018-09-12 09:00:00,0.12726448655795147,0.030604322723636876,19.0
2018-09-12 09:30:00,0.1272456423884949,0.030609470718109533,19.0
2018-09-12 10:00:00,0.12722679821903832,0.030614618712582187,19.0
2018-09-12 10:30:00,0.12720795404958174,0.03061976670705484,19.0
2018-09-12 11:00:00,0.12718910988012513,0.0306249147015275,19.0
2018-09-12 11:30:00,0.12717026571066856,0.030630062696000153,19.0
2018-09-12 12:00:00,0.12715142154121198,0.030635210690472807,19.0
2018-09-12 12:30:00,0.1271325773717554,0.03064035868494546,19.0
2018-09-12 13:00:00,0.12711373320229882,0.030645506679418115,19.0
2018-09-12 13:30:00,0.12709488903284225,0.030650654673890772,19.0
2018-09-12 14:00:00,0.12707604486338567,0.030655802668363426,19.0
2018-09-12 14:30:00,0.12704126751874423,0.030645334938605318,19.0
2018-09-12 15:00:00,0.12700649017410276,0.030634867208847213,19.0
2018-09-12 15:30:00,0.12697171282946132,0.030624399479089105,19.0
2018-09-12 16:00:00,0.12693693548481988,0.030613931749331,19.0
2018-09-12 16:30:00,0.12690215814017844,0.030603464019572892,19.0
2018-09-12 17:00:00,0.12686738079553697,0.030592996289814788,19.0
2018-09-12 17:30:00,0.12683260345089553,0.03058252856005668,19.0
2018-09-12 18:00:00,0.1267978261062541,0.030572060830298575,19.0
2018-09-12 18:30:00,0.12676304876161262,0.030561593100540466,19.0
2018-09-12 19:00:00,0.12672827141697118,0.03055112537078236,19.0
2018-09-12 19:30:00,0.12669349407232974,0.030540657641024253,19.0
2018-09-12 20:00:00,0.12665871672768828,0.03053018991126615,19.0
2018-09-12 20:30:00,0.12662393938304684,0.03051972218150804,19.0
2018-09-12 21:00:00,0.1265891620384054,0.030509254451749932,19.0
2018-09-12 21:30:00,0.12655438469376395,0.030498786721991827,19.0
2018-09-12 22:00:00,0.1265196073491225,0.03048831899223372,19.0
2018-09-12 22:30:00,0.12648483000448105,0.030477851262475614,19.0
2018-09-12 23:00:00,0.1264500526598396,0.030467383532717506,19.0
2018-09-12 23:30:00,0.12641527531519814,0.0304569158029594,19.0
2018-09-13 00:00:00,0.1263804979705567,0.030446448073201293,19.0
2018-09-13 00:30:00,0.12634572062591526,0.03043598034344319,19.0
2018-09-13 01:00:00,0.12631094328127382,0.03042551261368508,19.0
2018-09-13 01:30:00,0.12627616593663235,0.030415044883926975,19.0
2018-09-13 02:00:00,0.1262413885919909,0.030404577154168867,19.0
2018-09-13 02:30:00,0.12658336380981203,0.03036170280179171,19.0
2018-09-13 03:00:00,0.12692533902763314,0.03031882844941455,19.0
2018-09-13 03:30:00,0.12726731424545426,0.030275954097037393,19.0
2018-09-13 04:00:00,0.12760928946327538,0.030233079744660236,19.0
2018-09-13 04:30:00,0.12795126468109647,0.03019020539228308,19.0
2018-09-13 05:00:00,0.12829323989891758,0.03014733103990592,19.0
2018-09-13 05:30:00,0.1286352151167387,0.03010445668752876,19.0
2018-09-13 06:00:00,0.12897719033455982,0.030061582335151604,19.0
2018-09-13 06:30:00,0.12931916555238093,0.030018707982774444,19.0
2018-09-13 07:00:00,0.12966114077020205,0.029975833630397287,19.0
2018-09-13 07:30:00,0.13000311598802317,0.02993295927802013,19.0
2018-09-13 08:00:00,0.13034509120584425,0.029890084925642973,19.0
2018-09-13 08:30:00,0.13068706642366537,0.029847210573265812,19.0
2018-09-13 09:00:00,0.1310290416414865,0.029804336220888655,19.0
2018-09-13 09:30:00,0.1313710168593076,0.0297614618685115,19.0
2018-09-13 10:00:00,0.13171299207712872,0.029718587516134338,19.0
2018-09-13 10:30:00,0.13205496729494984,0.02967571316375718,19.0
2018-09-13 11:00:00,0.13239694251277095,0.029632838811380024,19.0
2018-09-13 11:30:00,0.13273891773059207,0.029589964459002863,19.0
2018-09-13 12:00:00,0.1330808929484132,0.029547090106625706,19.0
2018-09-13 12:30:00,0.13342286816623428,0.02950421575424855,19.0
2018-09-13 13:00:00,0.1337648433840554,0.029461341401871392,19.0
2018-09-13 13:30:00,0.1341068186018765,0.029418467049494232,19.0
2018-09-13 14:00:00,0.13444879381969763,0.029375592697117075,19.0
2018-09-13 14:30:00,0.13473596144950659,0.029462310024195706,19.0
2018-09-13 15:00:00,0.13502312907931552,0.029549027351274335,19.0
2018-09-13 15:30:00,0.13531029670912448,0.029635744678352966,19.0
2018-09-13 16:00:00,0.13559746433893344,0.029722462005431594,19.0
2018-09-13 16:30:00,0.1358846319687424,0.029809179332510226,19.0
2018-09-13 17:00:00,0.13617179959855133,0.029895896659588854,19.0
2018-09-13 17:30:00,0.1364589672283603,0.029982613986667486,19.0
2018-09-13 18:00:00,0.13674613485816925,0.030069331313746114,19.0
2018-09-13 18:30:00,0.13703330248797818,0.030156048640824745,19.0
2018-09-13 19:00:00,0.13732047011778714,0.030242765967903373,19.0
2018-09-13 19:30:00,0.1376076377475961,0.030329483294982005,19.0
2018-09-13 20:00:00,0.13789480537740506,0.030416200622060637,19.0
2018-09-13 20:30:00,0.138181973007214,0.030502917949139265,19.0
2018-09-13 21:00:00,0.13846914063702295,0.030589635276217896,19.0
2018-09-13 21:30:00,0.1387563082668319,0.030676352603296524,19.0
2018-09-13 22:00:00,0.13904347589664084,0.030763069930375156,19.0
2018-09-13 22:30:00,0.1393306435264498,0.030849787257453784,19.0
2018-09-13 23:00:00,0.13961781115625876,0.030936504584532416,19.0
2018-09-13 23:30:00,0.1399049787860677,0.031023221911611044,19.0
2018-09-14 00:00:00,0.14019214641587666,0.031109939238689675,19.0
2018-09-14 00:30:00,0.14047931404568562,0.031196656565768303,19.0
2018-09-14 01:00:00,0.14076648167549458,0.03128337389284693,19.0
2018-09-14 01:30:00,0.1410536493053035,0.03137009121992557,19.0
2018-09-14 02:00:00,0.14134081693511247,0.031456808547004195,19.0
2018-09-14 02:30:00,0.14114520220107843,0.03143586835476031,19.0
2018-09-14 03:00:00,0.14094958746704436,0.03141492816251643,19.0
2018-09-14 03:30:00,0.14075397273301032,0.03139398797027255,19.0
2018-09-14 04:00:00,0.14055835799897626,0.03137304777802866,19.0
2018-09-14 04:30:00,0.14036274326494222,0.031352107585784786,19.0
2018-09-14 05:00:00,0.14016712853090818,0.0313311673935409,19.0
2018-09-14 05:30:00,0.13997151379687411,0.03131022720129702,19.0
2018-09-14 06:00:00,0.13977589906284008,0.03128928700905313,19.0
2018-09-14 06:30:00,0.13958028432880604,0.031268346816809255,19.0
2018-09-14 07:00:00,0.13938466959477197,0.03124740662456537,19.0
2018-09-14 07:30:00,0.13918905486073793,0.03122646643232149,19.0
2018-09-14 08:00:00,0.1389934401267039,0.031205526240077608,19.0
2018-09-14 08:30:00,0.13879782539266983,0.031184586047833723,19.0
2018-09-14 09:00:00,0.1386022106586358,0.031163645855589842,19.0
2018-09-14 09:30:00,0.13840659592460172,0.031142705663345958,19.0
2018-09-14 10:00:00,0.13821098119056768,0.031121765471102077,19.0
2018-09-14 10:30:00,0.13801536645653364,0.031100825278858196,19.0
2018-09-14 11:00:00,0.13781975172249958,0.03107988508661431,19.0
2018-09-14 11:30:00,0.13762413698846554,0.03105894489437043,19.0
2018-09-14 12:00:00,0.13742852225443147,0.031038004702126545,19.0
2018-09-14 12:30:00,0.13723290752039743,0.031017064509882664,19.0
2018-09-14 13:00:00,0.1370372927863634,0.030996124317638783,19.0
2018-09-14 13:30:00,0.13684167805232933,0.0309751841253949,19.0
2018-09-14 14:00:00,0.1366460633182953,0.030954243933151018,19.0
2018-09-14 14:30:00,0.1365163749391856,0.030938851265508445,19.0
2018-09-14 15:00:00,0.1363866865600759,0.030923458597865872,19.0
2018-09-14 15:30:00,0.1362569981809662,0.0309080659302233,19.0
2018-09-14 16:00:00,0.13612730980185653,0.030892673262580727,19.0
2018-09-14 16:30:00,0.13599762142274682,0.030877280594938154,19.0
2018-09-14 17:00:00,0.13586793304363715,0.03086188792729558,19.0
2018-09-14 17:30:00,0.13573824466452744,0.030846495259653012,19.0
2018-09-14 18:00:00,0.13560855628541776,0.03083110259201044,19.0
2018-09-14 18:30:00,0.13547886790630806,0.030815709924367867,19.0
2018-09-14 19:00:00,0.13534917952719838,0.030800317256725294,19.0
2018-09-14 19:30:00,0.13521949114808868,0.030784924589082722,19.0
2018-09-14 20:00:00,0.13508980276897897,0.03076953192144015,19.0
2018-09-14 20:30:00,0.1349601143898693,0.030754139253797576,19.0
2018-09-14 21:00:00,0.1348304260107596,0.030738746586155004,19.0
2018-09-14 21:30:00,0.1347007376316499,0.03072335391851243,19.0
2018-09-14 22:00:00,0.1345710492525402,0.03070796125086986,19.0
2018-09-14 22:30:00,0.13444136087343053,0.030692568583227286,19.0
2018-09-14 23:00:00,0.13431167249432083,0.030677175915584713,19.0
2018-09-14 23:30:00,0.13418198411521115,0.030661783247942144,19.0
2018-09-15 00:00:00,0.13405229573610145,0.03064639058029957,19.0
2018-09-15 00:30:00,0.13392260735699177,0.030630997912657,19.0
2018-09-15 01:00:00,0.13379291897788206,0.030615605245014426,19.0
2018-09-15 01:30:00,0.1336632305987724,0.030600212577371853,19.0
2018-09-15 02:00:00,0.13353354221966268,0.03058481990972928,19.0
2018-09-15 02:30:00,0.1334179482108458,0.030577884031151952,19.0
2018-09-15 03:00:00,0.13330235420202888,0.030570948152574624,19.0
2018-09-15 03:30:00,0.133186760193212,0.0305640122739973,19.0
2018-09-15 04:00:00,0.13307116618439507,0.03055707639541997,19.0
2018-09-15 04:30:00,0.13295557217557818,0.03055014051684264,19.0
2018-09-15 05:00:00,0.13283997816676127,0.030543204638265313,19.0
2018-09-15 05:30:00,0.13272438415794438,0.030536268759687984,19.0
2018-09-15 06:00:00,0.13260879014912746,0.03052933288111066,19.0
2018-09-15 06:30:00,0.13249319614031058,0.03052239700253333,19.0
2018-09-15 07:00:00,0.13237760213149366,0.030515461123956002,19.0
2018-09-15 07:30:00,0.13226200812267677,0.030508525245378674,19.0
2018-09-15 08:00:00,0.13214641411385986,0.030501589366801345,19.0
2018-09-15 08:30:00,0.13203082010504297,0.03049465348822402,19.0
2018-09-15 09:00:00,0.13191522609622608,0.030487717609646692,19.0
2018-09-15 09:30:00,0.13179963208740916,0.030480781731069363,19.0
2018-09-15 10:00:00,0.13168403807859227,0.030473845852492035,19.0
2018-09-15 10:30:00,0.13156844406977536,0.03046690997391471,19.0
2018-09-15 11:00:00,0.13145285006095847,0.03045997409533738,19.0
2018-09-15 11:30:00,0.13133725605214155,0.030453038216760053,19.0
2018-09-15 12:00:00,0.13122166204332467,0.030446102338182724,19.0
2018-09-15 12:30:00,0.13110606803450775,0.030439166459605396,19.0
2018-09-15 13:00:00,0.13099047402569086,0.03043223058102807,19.0
2018-09-15 13:30:00,0.13087488001687395,0.030425294702450742,19.0
2018-09-15 14:00:00,0.13075928600805706,0.030418358823873413,19.0
2018-09-15 14:30:00,0.13066860368684213,0.030409740809743145,19.0
2018-09-15 15:00:00,0.13057792136562718,0.030401122795612873,19.0
2018-09-15 15:30:00,0.13048723904441226,0.030392504781482605,19.0
2018-09-15 16:00:00,0.13039655672319733,0.030383886767352333,19.0
2018-09-15 16:30:00,0.13030587440198238,0.030375268753222065,19.0
2018-09-15 17:00:00,0.13021519208076746,0.030366650739091797,19.0
2018-09-15 17:30:00,0.13012450975955253,0.030358032724961525,19.0
2018-09-15 18:00:00,0.13003382743833758,0.030349414710831257,19.0
2018-09-15 18:30:00,0.12994314511712265,0.03034079669670099,19.0
2018-09-15 19:00:00,0.12985246279590773,0.030332178682570717,19.0
2018-09-15 19:30:00,0.12976178047469278,0.030323560668440448,19.0
2018-09-15 20:00:00,0.12967109815347785,0.03031494265431018,19.0
2018-09-15 20:30:00,0.12958041583226293,0.030306324640179908,19.0
2018-09-15 21:00:00,0.12948973351104798,0.03029770662604964,19.0
2018-09-15 21:30:00,0.12939905118983305,0.030289088611919368,19.0
2018-09-15 22:00:00,0.12930836886861813,0.0302804705977891,19.0
2018-09-15 22:30:00,0.12921768654740318,0.03027185258365883,19.0
2018-09-15 23:00:00,0.12912700422618825,0.03026323456952856,19.0
2018-09-15 23:30:00,0.12903632190497333,0.03025461655539829,19.0
2018-09-16 00:00:00,0.12894563958375838,0.03024599854126802,19.0
2018-09-16 00:30:00,0.12885495726254345,0.03023738052713775,19.0
2018-09-16 01:00:00,0.12876427494132853,0.030228762513007483,19.0
2018-09-16 01:30:00,0.12867359262011357,0.03022014449887721,19.0
2018-09-16 02:00:00,0.12858291029889865,0.030211526484746943,19.0
2018-09-16 02:30:00,0.12854207671684584,0.030219525399252933,19.0
2018-09-16 03:00:00,0.12850124313479305,0.030227524313758927,19.0
2018-09-16 03:30:00,0.12846040955274024,0.030235523228264918,19.0
2018-09-16 04:00:00,0.12841957597068743,0.030243522142770908,19.0
2018-09-16 04:30:00,0.12837874238863464,0.0302515210572769,19.0
2018-09-16 05:00:00,0.12833790880658183,0.03025951997178289,19.0
2018-09-16 05:30:00,0.12829707522452902,0.030267518886288883,19.0
2018-09-16 06:00:00,0.12825624164247623,0.030275517800794873,19.0
2018-09-16 06:30:00,0.12821540806042342,0.030283516715300864,19.0
2018-09-16 07:00:00,0.1281745744783706,0.030291515629806857,19.0
2018-09-16 07:30:00,0.12813374089631782,0.030299514544312848,19.0
2018-09-16 08:00:00,0.128092907314265,0.03030751345881884,19.0
2018-09-16 08:30:00,0.1280520737322122,0.03031551237332483,19.0
2018-09-16 09:00:00,0.1280112401501594,0.03032351128783082,19.0
2018-09-16 09:30:00,0.1279704065681066,0.030331510202336813,19.0
2018-09-16 10:00:00,0.12792957298605379,0.030339509116842803,19.0
2018-09-16 10:30:00,0.127888739404001,0.030347508031348794,19.0
2018-09-16 11:00:00,0.1278479058219482,0.030355506945854788,19.0
2018-09-16 11:30:00,0.12780707223989538,0.030363505860360778,19.0
2018-09-16 12:00:00,0.1277662386578426,0.03037150477486677,19.0
2018-09-16 12:30:00,0.12772540507578978,0.03037950368937276,19.0
2018-09-16 13:00:00,0.12768457149373696,0.03038750260387875,19.0
2018-09-16 13:30:00,0.12764373791168418,0.030395501518384743,19.0
2018-09-16 14:00:00,0.12760290432963137,0.030403500432890734,19.0
2018-09-16 14:30:00,0.12752902640087885,0.03040242633862133,19.0
2018-09-16 15:00:00,0.1274551484721263,0.03040135224435192,19.0
2018-09-16 15:30:00,0.12738127054337378,0.030400278150082515,19.0
2018-09-16 16:00:00,0.12730739261462126,0.030399204055813107,19.0
2018-09-16 16:30:00,0.12723351468586874,0.0303981299615437,19.0
2018-09-16 17:00:00,0.1271596367571162,0.030397055867274293,19.0
2018-09-16 17:30:00,0.12708575882836368,0.03039598177300489,19.0
2018-09-16 18:00:00,0.12701188089961116,0.030394907678735483,19.0
2018-09-16 18:30:00,0.1269380029708586,0.030393833584466075,19.0
2018-09-16 19:00:00,0.1268641250421061,0.03039275949019667,19.0
2018-09-16 19:30:00,0.12679024711335357,0.03039168539592726,19.0
2018-09-16 20:00:00,0.12671636918460105,0.030390611301657856,19.0
2018-09-16 20:30:00,0.1266424912558485,0.03038953720738845,19.0
2018-09-16 21:00:00,0.12656861332709599,0.030388463113119043,19.0
2018-09-16 21:30:00,0.12649473539834347,0.030387389018849638,19.0
2018-09-16 22:00:00,0.12642085746959092,0.03038631492458023,19.0
2018-09-16 22:30:00,0.1263469795408384,0.030385240830310824,19.0
2018-09-16 23:00:00,0.12627310161208588,0.030384166736041416,19.0
2018-09-16 23:30:00,0.12619922368333333,0.03038309264177201,19.0
2018-09-17 00:00:00,0.12612534575458081,0.030382018547502606,19.0
2018-09-17 00:30:00,0.1260514678258283,0.030380944453233198,19.0
2018-09-17 01:00:00,0.12597758989707578,0.030379870358963793,19.0
2018-09-17 01:30:00,0.12590371196832323,0.030378796264694384,19.0
2018-09-17 02:00:00,0.1258298340395707,0.03037772217042498,19.0
2018-09-17 02:30:00,0.12580188492896,0.030386916279440363,19.0
2018-09-17 03:00:00,0.12577393581834928,0.030396110388455744,19.0
2018-09-17 03:30:00,0.12574598670773854,0.030405304497471128,19.0
2018-09-17 04:00:00,0.12571803759712782,0.03041449860648651,19.0
2018-09-17 04:30:00,0.1256900884865171,0.030423692715501893,19.0
2018-09-17 05:00:00,0.1256621393759064,0.030432886824517273,19.0
2018-09-17 05:30:00,0.12563419026529568,0.030442080933532657,19.0
2018-09-17 06:00:00,0.12560624115468494,0.030451275042548038,19.0
2018-09-17 06:30:00,0.12557829204407422,0.030460469151563422,19.0
2018-09-17 07:00:00,0.1255503429334635,0.030469663260578803,19.0
2018-09-17 07:30:00,0.1255223938228528,0.030478857369594187,19.0
2018-09-17 08:00:00,0.12549444471224205,0.030488051478609567,19.0
2018-09-17 08:30:00,0.12546649560163134,0.03049724558762495,19.0
2018-09-17 09:00:00,0.12543854649102062,0.030506439696640335,19.0
2018-09-17 09:30:00,0.1254105973804099,0.030515633805655716,19.0
2018-09-17 10:00:00,0.1253826482697992,0.0305248279146711,19.0
2018-09-17 10:30:00,0.12535469915918845,0.03053402202368648,19.0
2018-09-17 11:00:00,0.12532675004857774,0.030543216132701865,19.0
2018-09-17 11:30:00,0.12529880093796703,0.030552410241717246,19.0
2018-09-17 12:00:00,0.1252708518273563,0.03056160435073263,19.0
2018-09-17 12:30:00,0.1252429027167456,0.03057079845974801,19.0
2018-09-17 13:00:00,0.12521495360613485,0.030579992568763394,19.0
2018-09-17 13:30:00,0.12518700449552414,0.030589186677778775,19.0
2018-09-17 14:00:00,0.12515905538491343,0.03059838078679416,19.0
2018-09-17 14:30:00,0.12509835628791494,0.030602427520097363,19.0
2018-09-17 15:00:00,0.12503765719091645,0.030606474253400566,19.0
2018-09-17 15:30:00,0.12497695809391796,0.030610520986703766,19.0
2018-09-17 16:00:00,0.12491625899691947,0.03061456772000697,19.0
2018-09-17 16:30:00,0.12485555989992096,0.030618614453310173,19.0
2018-09-17 17:00:00,0.12479486080292247,0.030622661186613376,19.0
2018-09-17 17:30:00,0.12473416170592398,0.03062670791991658,19.0
2018-09-17 18:00:00,0.12467346260892549,0.030630754653219783,19.0
2018-09-17 18:30:00,0.124612763511927,0.030634801386522983,19.0
2018-09-17 19:00:00,0.12455206441492851,0.030638848119826187,19.0
2018-09-17 19:30:00,0.12449136531793002,0.03064289485312939,19.0
2018-09-17 20:00:00,0.12443066622093152,0.030646941586432594,19.0
2018-09-17 20:30:00,0.12436996712393303,0.030650988319735797,19.0
2018-09-17 21:00:00,0.12430926802693454,0.030655035053039,19.0
2018-09-17 21:30:00,0.12424856892993605,0.0306590817863422,19.0
2018-09-17 22:00:00,0.12418786983293756,0.030663128519645404,19.0
2018-09-17 22:30:00,0.12412717073593907,0.030667175252948608,19.0
2018-09-17 23:00:00,0.12406647163894058,0.03067122198625181,19.0
2018-09-17 23:30:00,0.12400577254194209,0.030675268719555015,19.0
2018-09-18 00:00:00,0.1239450734449436,0.03067931545285822,19.0
2018-09-18 00:30:00,0.1238843743479451,0.03068336218616142,19.0
2018-09-18 01:00:00,0.1238236752509466,0.030687408919464622,19.0
2018-09-18 01:30:00,0.12376297615394811,0.030691455652767825,19.0
2018-09-18 02:00:00,0.12370227705694962,0.03069550238607103,19.0
2018-09-18 02:30:00,0.12366880951698504,0.03070458215901711,19.0
2018-09-18 03:00:00,0.12363534197702046,0.030713661931963187,19.0
2018-09-18 03:30:00,0.12360187443705588,0.030722741704909268,19.0
2018-09-18 04:00:00,0.12356840689709131,0.030731821477855345,19.0
2018-09-18 04:30:00,0.12353493935712673,0.030740901250801426,19.0
2018-09-18 05:00:00,0.12350147181716215,0.030749981023747507,19.0
2018-09-18 05:30:00,0.12346800427719756,0.030759060796693584,19.0
2018-09-18 06:00:00,0.12343453673723298,0.030768140569639665,19.0
2018-09-18 06:30:00,0.1234010691972684,0.030777220342585742,19.0
2018-09-18 07:00:00,0.12336760165730383,0.030786300115531823,19.0
2018-09-18 07:30:00,0.12333413411733925,0.0307953798884779,19.0
2018-09-18 08:00:00,0.12330066657737467,0.03080445966142398,19.0
2018-09-18 08:30:00,0.12326719903741008,0.03081353943437006,19.0
2018-09-18 09:00:00,0.1232337314974455,0.03082261920731614,19.0
2018-09-18 09:30:00,0.12320026395748092,0.03083169898026222,19.0
2018-09-18 10:00:00,0.12316679641751635,0.030840778753208297,19.0
2018-09-18 10:30:00,0.12313332887755177,0.030849858526154378,19.0
2018-09-18 11:00:00,0.12309986133758719,0.03085893829910046,19.0
2018-09-18 11:30:00,0.1230663937976226,0.030868018072046536,19.0
2018-09-18 12:00:00,0.12303292625765802,0.030877097844992617,19.0
2018-09-18 12:30:00,0.12299945871769344,0.030886177617938694,19.0
2018-09-18 13:00:00,0.12296599117772887,0.030895257390884775,19.0
2018-09-18 13:30:00,0.12293252363776429,0.030904337163830852,19.0
2018-09-18 14:00:00,0.1228990560977997,0.030913416936776933,19.0
2018-09-18 14:30:00,0.1228416767033621,0.030911133076598433,19.0
2018-09-18 15:00:00,0.12278429730892451,0.030908849216419933,19.0
2018-09-18 15:30:00,0.12272691791448691,0.030906565356241433,19.0
2018-09-18 16:00:00,0.1226695385200493,0.030904281496062933,19.0
2018-09-18 16:30:00,0.12261215912561171,0.030901997635884432,19.0
2018-09-18 17:00:00,0.12255477973117411,0.03089971377570593,19.0
2018-09-18 17:30:00,0.1224974003367365,0.03089742991552743,19.0
2018-09-18 18:00:00,0.12244002094229892,0.03089514605534893,19.0
2018-09-18 18:30:00,0.12238264154786131,0.03089286219517043,19.0
2018-09-18 19:00:00,0.12232526215342371,0.03089057833499193,19.0
2018-09-18 19:30:00,0.12226788275898612,0.03088829447481343,19.0
2018-09-18 20:00:00,0.12221050336454851,0.030886010614634928,19.0
2018-09-18 20:30:00,0.12215312397011091,0.030883726754456428,19.0
2018-09-18 21:00:00,0.12209574457567332,0.030881442894277928,19.0
2018-09-18 21:30:00,0.12203836518123572,0.030879159034099428,19.0
2018-09-18 22:00:00,0.12198098578679811,0.030876875173920928,19.0
2018-09-18 22:30:00,0.12192360639236052,0.030874591313742428,19.0
2018-09-18 23:00:00,0.12186622699792292,0.030872307453563924,19.0
2018-09-18 23:30:00,0.12180884760348532,0.030870023593385424,19.0
2018-09-19 00:00:00,0.12175146820904773,0.030867739733206924,19.0
2018-09-19 00:30:00,0.12169408881461012,0.030865455873028424,19.0
2018-09-19 01:00:00,0.12163670942017252,0.030863172012849924,19.0
2018-09-19 01:30:00,0.12157933002573493,0.030860888152671424,19.0
2018-09-19 02:00:00,0.12152195063129732,0.030858604292492924,19.0
2018-09-19 02:30:00,0.12150853940028378,0.03086650524281259,19.0
2018-09-19 03:00:00,0.12149512816927023,0.030874406193132253,19.0
2018-09-19 03:30:00,0.12148171693825668,0.030882307143451915,19.0
2018-09-19 04:00:00,0.12146830570724315,0.03089020809377158,19.0
2018-09-19 04:30:00,0.1214548944762296,0.030898109044091245,19.0
2018-09-19 05:00:00,0.12144148324521606,0.030906009994410906,19.0
2018-09-19 05:30:00,0.12142807201420251,0.03091391094473057,19.0
2018-09-19 06:00:00,0.12141466078318897,0.030921811895050236,19.0
2018-09-19 06:30:00,0.12140124955217542,0.0309297128453699,19.0
2018-09-19 07:00:00,0.12138783832116187,0.030937613795689566,19.0
2018-09-19 07:30:00,0.12137442709014833,0.030945514746009227,19.0
2018-09-19 08:00:00,0.12136101585913478,0.030953415696328892,19.0
2018-09-19 08:30:00,0.12134760462812125,0.030961316646648557,19.0
2018-09-19 09:00:00,0.1213341933971077,0.030969217596968218,19.0
2018-09-19 09:30:00,0.12132078216609415,0.030977118547287883,19.0
2018-09-19 10:00:00,0.12130737093508061,0.030985019497607548,19.0
2018-09-19 10:30:00,0.12129395970406706,0.030992920447927213,19.0
2018-09-19 11:00:00,0.12128054847305351,0.031000821398246878,19.0
2018-09-19 11:30:00,0.12126713724203997,0.03100872234856654,19.0
2018-09-19 12:00:00,0.12125372601102644,0.031016623298886204,19.0
2018-09-19 12:30:00,0.12124031478001289,0.03102452424920587,19.0
2018-09-19 13:00:00,0.12122690354899934,0.03103242519952553,19.0
2018-09-19 13:30:00,0.1212134923179858,0.031040326149845195,19.0
2018-09-19 14:00:00,0.12120008108697225,0.03104822710016486,19.0
2018-09-19 14:30:00,0.12113743916603271,0.031050154334644902,19.0
2018-09-19 15:00:00,0.12107479724509318,0.031052081569124944,19.0
2018-09-19 15:30:00,0.12101215532415364,0.031054008803604986,19.0
2018-09-19 16:00:00,0.12094951340321411,0.031055936038085027,19.0
2018-09-19 16:30:00,0.12088687148227459,0.031057863272565066,19.0
2018-09-19 17:00:00,0.12082422956133505,0.031059790507045108,19.0
2018-09-19 17:30:00,0.12076158764039552,0.03106171774152515,19.0
2018-09-19 18:00:00,0.12069894571945598,0.03106364497600519,19.0
2018-09-19 18:30:00,0.12063630379851645,0.031065572210485233,19.0
2018-09-19 19:00:00,0.12057366187757691,0.031067499444965275,19.0
2018-09-19 19:30:00,0.12051101995663738,0.031069426679445317,19.0
2018-09-19 20:00:00,0.12044837803569786,0.031071353913925355,19.0
2018-09-19 20:30:00,0.12038573611475832,0.031073281148405397,19.0
2018-09-19 21:00:00,0.12032309419381879,0.03107520838288544,19.0
2018-09-19 21:30:00,0.12026045227287925,0.03107713561736548,19.0
2018-09-19 22:00:00,0.12019781035193972,0.031079062851845522,19.0
2018-09-19 22:30:00,0.12013516843100018,0.031080990086325564,19.0
2018-09-19 23:00:00,0.12007252651006065,0.031082917320805606,19.0
2018-09-19 23:30:00,0.12000988458912111,0.031084844555285648,19.0
2018-09-20 00:00:00,0.11994724266818158,0.03108677178976569,19.0
2018-09-20 00:30:00,0.11988460074724205,0.031088699024245728,19.0
2018-09-20 01:00:00,0.11982195882630252,0.03109062625872577,19.0
2018-09-20 01:30:00,0.11975931690536298,0.03109255349320581,19.0
2018-09-20 02:00:00,0.11969667498442345,0.031094480727685853,19.0
2018-09-20 02:30:00,0.11968823792097878,0.031105238039791278,19.0
2018-09-20 03:00:00,0.11967980085753412,0.031115995351896703,19.0
2018-09-20 03:30:00,0.11967136379408945,0.031126752664002125,19.0
2018-09-20 04:00:00,0.11966292673064478,0.03113750997610755,19.0
2018-09-20 04:30:00,0.11965448966720012,0.031148267288212975,19.0
2018-09-20 05:00:00,0.11964605260375547,0.0311590246003184,19.0
2018-09-20 05:30:00,0.1196376155403108,0.031169781912423825,19.0
2018-09-20 06:00:00,0.11962917847686613,0.031180539224529246,19.0
2018-09-20 06:30:00,0.11962074141342147,0.03119129653663467,19.0
2018-09-20 07:00:00,0.1196123043499768,0.031202053848740096,19.0
2018-09-20 07:30:00,0.11960386728653213,0.03121281116084552,19.0
2018-09-20 08:00:00,0.11959543022308747,0.031223568472950942,19.0
2018-09-20 08:30:00,0.1195869931596428,0.031234325785056367,19.0
2018-09-20 09:00:00,0.11957855609619814,0.031245083097161792,19.0
2018-09-20 09:30:00,0.11957011903275347,0.03125584040926722,19.0
2018-09-20 10:00:00,0.1195616819693088,0.03126659772137264,19.0
2018-09-20 10:30:00,0.11955324490586414,0.03127735503347807,19.0
2018-09-20 11:00:00,0.11954480784241948,0.03128811234558349,19.0
2018-09-20 11:30:00,0.11953637077897482,0.03129886965768892,19.0
2018-09-20 12:00:00,0.11952793371553015,0.031309626969794335,19.0
2018-09-20 12:30:00,0.11951949665208549,0.03132038428189976,19.0
2018-09-20 13:00:00,0.11951105958864082,0.031331141594005185,19.0
2018-09-20 13:30:00,0.11950262252519615,0.03134189890611061,19.0
2018-09-20 14:00:00,0.11949418546175149,0.031352656218216035,19.0
2018-09-20 14:30:00,0.11944645382964596,0.03135697605651,19.0
2018-09-20 15:00:00,0.11939872219754043,0.031361295894803964,19.0
2018-09-20 15:30:00,0.11935099056543491,0.03136561573309793,19.0
2018-09-20 16:00:00,0.11930325893332938,0.031369935571391894,19.0
2018-09-20 16:30:00,0.11925552730122385,0.03137425540968585,19.0
2018-09-20 17:00:00,0.11920779566911832,0.031378575247979816,19.0
2018-09-20 17:30:00,0.11916006403701279,0.03138289508627378,19.0
2018-09-20 18:00:00,0.11911233240490728,0.031387214924567745,19.0
2018-09-20 18:30:00,0.11906460077280175,0.03139153476286171,19.0
2018-09-20 19:00:00,0.11901686914069622,0.031395854601155675,19.0
2018-09-20 19:30:00,0.11896913750859069,0.03140017443944964,19.0
2018-09-20 20:00:00,0.11892140587648517,0.0314044942777436,19.0
2018-09-20 20:30:00,0.11887367424437964,0.03140881411603756,19.0
2018-09-20 21:00:00,0.11882594261227411,0.031413133954331526,19.0
2018-09-20 21:30:00,0.11877821098016858,0.03141745379262549,19.0
2018-09-20 22:00:00,0.11873047934806305,0.031421773630919456,19.0
2018-09-20 22:30:00,0.11868274771595753,0.03142609346921342,19.0
2018-09-20 23:00:00,0.118635016083852,0.031430413307507385,19.0
2018-09-20 23:30:00,0.11858728445174647,0.03143473314580135,19.0
2018-09-21 00:00:00,0.11853955281964094,0.031439052984095314,19.0
2018-09-21 00:30:00,0.11849182118753541,0.03144337282238927,19.0
2018-09-21 01:00:00,0.1184440895554299,0.03144769266068324,19.0
2018-09-21 01:30:00,0.11839635792332437,0.0314520124989772,19.0
2018-09-21 02:00:00,0.11834862629121884,0.031456332337271166,19.0
2018-09-21 02:30:00,0.11839009166087414,0.03145425299037254,19.0
2018-09-21 03:00:00,0.11843155703052943,0.03145217364347391,19.0
2018-09-21 03:30:00,0.11847302240018473,0.03145009429657529,19.0
2018-09-21 04:00:00,0.11851448776984001,0.03144801494967667,19.0
2018-09-21 04:30:00,0.11855595313949531,0.031445935602778044,19.0
2018-09-21 05:00:00,0.1185974185091506,0.03144385625587942,19.0
2018-09-21 05:30:00,0.1186388838788059,0.03144177690898079,19.0
2018-09-21 06:00:00,0.1186803492484612,0.03143969756208217,19.0
2018-09-21 06:30:00,0.1187218146181165,0.031437618215183545,19.0
2018-09-21 07:00:00,0.11876327998777178,0.031435538868284915,19.0
2018-09-21 07:30:00,0.11880474535742708,0.03143345952138629,19.0
2018-09-21 08:00:00,0.11884621072708237,0.03143138017448767,19.0
2018-09-21 08:30:00,0.11888767609673767,0.031429300827589046,19.0
2018-09-21 09:00:00,0.11892914146639297,0.03142722148069042,19.0
2018-09-21 09:30:00,0.11897060683604826,0.03142514213379179,19.0
2018-09-21 10:00:00,0.11901207220570355,0.03142306278689317,19.0
2018-09-21 10:30:00,0.11905353757535884,0.03142098343999455,19.0
2018-09-21 11:00:00,0.11909500294501414,0.03141890409309592,19.0
2018-09-21 11:30:00,0.11913646831466944,0.031416824746197294,19.0
2018-09-21 12:00:00,0.11917793368432474,0.03141474539929867,19.0
2018-09-21 12:30:00,0.11921939905398003,0.03141266605240005,19.0
2018-09-21 13:00:00,0.11926086442363532,0.031410586705501425,19.0
2018-09-21 13:30:00,0.11930232979329061,0.031408507358602795,19.0
2018-09-21 14:00:00,0.11934379516294591,0.03140642801170417,19.0
2018-09-21 14:30:00,0.11926613334457406,0.03139684490500947,19.0
2018-09-21 15:00:00,0.1191884715262022,0.031387261798314775,19.0
2018-09-21 15:30:00,0.11911080970783035,0.03137767869162007,19.0
2018-09-21 16:00:00,0.11903314788945848,0.03136809558492537,19.0
2018-09-21 16:30:00,0.11895548607108664,0.03135851247823067,19.0
2018-09-21 17:00:00,0.11887782425271479,0.031348929371535966,19.0
2018-09-21 17:30:00,0.11880016243434292,0.03133934626484127,19.0
2018-09-21 18:00:00,0.11872250061597107,0.03132976315814657,19.0
2018-09-21 18:30:00,0.11864483879759923,0.03132018005145187,19.0
2018-09-21 19:00:00,0.11856717697922736,0.03131059694475717,19.0
2018-09-21 19:30:00,0.11848951516085551,0.03130101383806247,19.0
2018-09-21 20:00:00,0.11841185334248366,0.03129143073136777,19.0
2018-09-21 20:30:00,0.1183341915241118,0.031281847624673065,19.0
2018-09-21 21:00:00,0.11825652970573995,0.03127226451797836,19.0
2018-09-21 21:30:00,0.11817886788736809,0.03126268141128367,19.0
2018-09-21 22:00:00,0.11810120606899624,0.031253098304588965,19.0
2018-09-21 22:30:00,0.11802354425062439,0.031243515197894263,19.0
2018-09-21 23:00:00,0.11794588243225253,0.031233932091199564,19.0
2018-09-21 23:30:00,0.11786822061388068,0.031224348984504866,19.0
2018-09-22 00:00:00,0.11779055879550882,0.031214765877810163,19.0
2018-09-22 00:30:00,0.11771289697713697,0.03120518277111546,19.0
2018-09-22 01:00:00,0.11763523515876512,0.031195599664420762,19.0
2018-09-22 01:30:00,0.11755757334039325,0.031186016557726064,19.0
2018-09-22 02:00:00,0.1174799115220214,0.03117643345103136,19.0
2018-09-22 02:30:00,0.11745315032808054,0.03118322499399802,19.0
2018-09-22 03:00:00,0.11742638913413966,0.031190016536964675,19.0
2018-09-22 03:30:00,0.1173996279401988,0.031196808079931335,19.0
2018-09-22 04:00:00,0.11737286674625794,0.031203599622897992,19.0
2018-09-22 04:30:00,0.11734610555231707,0.03121039116586465,19.0
2018-09-22 05:00:00,0.1173193443583762,0.03121718270883131,19.0
2018-09-22 05:30:00,0.11729258316443533,0.031223974251797966,19.0
2018-09-22 06:00:00,0.11726582197049447,0.031230765794764623,19.0
2018-09-22 06:30:00,0.11723906077655359,0.03123755733773128,19.0
2018-09-22 07:00:00,0.11721229958261273,0.031244348880697936,19.0
2018-09-22 07:30:00,0.11718553838867186,0.03125114042366459,19.0
2018-09-22 08:00:00,0.11715877719473099,0.03125793196663125,19.0
2018-09-22 08:30:00,0.11713201600079012,0.031264723509597914,19.0
2018-09-22 09:00:00,0.11710525480684926,0.03127151505256457,19.0
2018-09-22 09:30:00,0.1170784936129084,0.03127830659553123,19.0
2018-09-22 10:00:00,0.11705173241896752,0.031285098138497884,19.0
2018-09-22 10:30:00,0.11702497122502666,0.03129188968146454,19.0
2018-09-22 11:00:00,0.11699821003108579,0.0312986812244312,19.0
2018-09-22 11:30:00,0.11697144883714491,0.031305472767397854,19.0
2018-09-22 12:00:00,0.11694468764320405,0.03131226431036452,19.0
2018-09-22 12:30:00,0.11691792644926319,0.031319055853331175,19.0
2018-09-22 13:00:00,0.11689116525532232,0.03132584739629783,19.0
2018-09-22 13:30:00,0.11686440406138145,0.03133263893926449,19.0
2018-09-22 14:00:00,0.11683764286744058,0.031339430482231145,19.0
2018-09-22 14:30:00,0.11683617862878101,0.03133885851581854,19.0
2018-09-22 15:00:00,0.11683471439012143,0.03133828654940592,19.0
2018-09-22 15:30:00,0.11683325015146186,0.031337714582993316,19.0
2018-09-22 16:00:00,0.11683178591280227,0.0313371426165807,19.0
2018-09-22 16:30:00,0.1168303216741427,0.031336570650168094,19.0
2018-09-22 17:00:00,0.11682885743548312,0.03133599868375549,19.0
2018-09-22 17:30:00,0.11682739319682355,0.03133542671734287,19.0
2018-09-22 18:00:00,0.11682592895816396,0.031334854750930265,19.0
2018-09-22 18:30:00,0.11682446471950439,0.03133428278451766,19.0
2018-09-22 19:00:00,0.1168230004808448,0.03133371081810504,19.0
2018-09-22 19:30:00,0.11682153624218523,0.031333138851692435,19.0
2018-09-22 20:00:00,0.11682007200352566,0.03133256688527983,19.0
2018-09-22 20:30:00,0.11681860776486608,0.03133199491886721,19.0
2018-09-22 21:00:00,0.11681714352620651,0.031331422952454606,19.0
2018-09-22 21:30:00,0.11681567928754692,0.03133085098604199,19.0
2018-09-22 22:00:00,0.11681421504888735,0.031330279019629384,19.0
2018-09-22 22:30:00,0.11681275081022777,0.031329707053216777,19.0
2018-09-22 23:00:00,0.1168112865715682,0.03132913508680416,19.0
2018-09-22 23:30:00,0.11680982233290861,0.031328563120391555,19.0
2018-09-23 00:00:00,0.11680835809424904,0.03132799115397894,19.0
2018-09-23 00:30:00,0.11680689385558946,0.03132741918756633,19.0
2018-09-23 01:00:00,0.11680542961692988,0.031326847221153725,19.0
2018-09-23 01:30:00,0.1168039653782703,0.03132627525474111,19.0
2018-09-23 02:00:00,0.11680250113961073,0.0313257032883285,19.0
2018-09-23 02:30:00,0.1172994854163974,0.031211382511310892,19.0
2018-09-23 03:00:00,0.11779646969318407,0.03109706173429328,19.0
2018-09-23 03:30:00,0.11829345396997074,0.03098274095727567,19.0
2018-09-23 04:00:00,0.11879043824675742,0.03086842018025806,19.0
2018-09-23 04:30:00,0.11928742252354409,0.030754099403240448,19.0
2018-09-23 05:00:00,0.11978440680033076,0.030639778626222837,19.0
2018-09-23 05:30:00,0.12028139107711742,0.030525457849205226,19.0
2018-09-23 06:00:00,0.1207783753539041,0.030411137072187615,19.0
2018-09-23 06:30:00,0.12127535963069076,0.030296816295170004,19.0
2018-09-23 07:00:00,0.12177234390747743,0.030182495518152393,19.0
2018-09-23 07:30:00,0.1222693281842641,0.03006817474113478,19.0
2018-09-23 08:00:00,0.12276631246105077,0.029953853964117167,19.0
2018-09-23 08:30:00,0.12326329673783745,0.029839533187099556,19.0
2018-09-23 09:00:00,0.12376028101462412,0.029725212410081945,19.0
2018-09-23 09:30:00,0.12425726529141079,0.029610891633064334,19.0
2018-09-23 10:00:00,0.12475424956819746,0.029496570856046723,19.0
2018-09-23 10:30:00,0.12525123384498413,0.029382250079029112,19.0
2018-09-23 11:00:00,0.1257482181217708,0.0292679293020115,19.0
2018-09-23 11:30:00,0.12624520239855747,0.02915360852499389,19.0
2018-09-23 12:00:00,0.12674218667534415,0.02903928774797628,19.0
2018-09-23 12:30:00,0.1272391709521308,0.028924966970958668,19.0
2018-09-23 13:00:00,0.1277361552289175,0.028810646193941056,19.0
2018-09-23 13:30:00,0.12823313950570414,0.028696325416923445,19.0
2018-09-23 14:00:00,0.12873012378249082,0.028582004639905834,19.0
2018-09-23 14:30:00,0.12913569078787976,0.028596004571717643,19.0
2018-09-23 15:00:00,0.1295412577932687,0.028610004503529452,19.0
2018-09-23 15:30:00,0.12994682479865763,0.02862400443534126,19.0
2018-09-23 16:00:00,0.13035239180404656,0.02863800436715307,19.0
2018-09-23 16:30:00,0.1307579588094355,0.02865200429896488,19.0
2018-09-23 17:00:00,0.13116352581482443,0.028666004230776688,19.0
2018-09-23 17:30:00,0.13156909282021337,0.028680004162588497,19.0
2018-09-23 18:00:00,0.1319746598256023,0.028694004094400306,19.0
2018-09-23 18:30:00,0.13238022683099124,0.028708004026212115,19.0
2018-09-23 19:00:00,0.13278579383638017,0.028722003958023924,19.0
2018-09-23 19:30:00,0.1331913608417691,0.028736003889835732,19.0
2018-09-23 20:00:00,0.13359692784715804,0.02875000382164754,19.0
2018-09-23 20:30:00,0.13400249485254698,0.02876400375345935,19.0
2018-09-23 21:00:00,0.1344080618579359,0.02877800368527116,19.0
2018-09-23 21:30:00,0.13481362886332485,0.028792003617082968,19.0
2018-09-23 22:00:00,0.13521919586871378,0.028806003548894777,19.0
2018-09-23 22:30:00,0.13562476287410272,0.028820003480706586,19.0
2018-09-23 23:00:00,0.13603032987949165,0.028834003412518395,19.0
2018-09-23 23:30:00,0.1364358968848806,0.028848003344330204,19.0
2018-09-24 00:00:00,0.13684146389026952,0.028862003276142013,19.0
2018-09-24 00:30:00,0.13724703089565846,0.02887600320795382,19.0
2018-09-24 01:00:00,0.1376525979010474,0.02889000313976563,19.0
2018-09-24 01:30:00,0.13805816490643633,0.02890400307157744,19.0
2018-09-24 02:00:00,0.13846373191182526,0.02891800300338925,19.0
2018-09-24 02:30:00,0.13824128494546772,0.028984017738683907,19.0
2018-09-24 03:00:00,0.13801883797911016,0.029050032473978565,19.0
2018-09-24 03:30:00,0.1377963910127526,0.029116047209273223,19.0
2018-09-24 04:00:00,0.13757394404639506,0.02918206194456788,19.0
2018-09-24 04:30:00,0.13735149708003752,0.02924807667986254,19.0
2018-09-24 05:00:00,0.13712905011367996,0.029314091415157197,19.0
2018-09-24 05:30:00,0.1369066031473224,0.02938010615045186,19.0
2018-09-24 06:00:00,0.13668415618096486,0.029446120885746517,19.0
2018-09-24 06:30:00,0.13646170921460732,0.029512135621041175,19.0
2018-09-24 07:00:00,0.13623926224824975,0.029578150356335833,19.0
2018-09-24 07:30:00,0.1360168152818922,0.02964416509163049,19.0
2018-09-24 08:00:00,0.13579436831553465,0.02971017982692515,19.0
2018-09-24 08:30:00,0.13557192134917712,0.029776194562219808,19.0
2018-09-24 09:00:00,0.13534947438281955,0.029842209297514466,19.0
2018-09-24 09:30:00,0.135127027416462,0.029908224032809124,19.0
2018-09-24 10:00:00,0.13490458045010445,0.029974238768103782,19.0
2018-09-24 10:30:00,0.1346821334837469,0.03004025350339844,19.0
2018-09-24 11:00:00,0.13445968651738935,0.0301062682386931,19.0
2018-09-24 11:30:00,0.13423723955103178,0.03017228297398776,19.0
2018-09-24 12:00:00,0.13401479258467425,0.03023829770928242,19.0
2018-09-24 12:30:00,0.1337923456183167,0.030304312444577076,19.0
2018-09-24 13:00:00,0.13356989865195915,0.030370327179871735,19.0
2018-09-24 13:30:00,0.13334745168560158,0.030436341915166393,19.0
2018-09-24 14:00:00,0.13312500471924404,0.03050235665046105,19.0
2018-09-24 14:30:00,0.1330239779800519,0.030501520274541408,19.0
2018-09-24 15:00:00,0.13292295124085973,0.030500683898621764,19.0
2018-09-24 15:30:00,0.13282192450166758,0.03049984752270212,19.0
2018-09-24 16:00:00,0.13272089776247542,0.030499011146782475,19.0
2018-09-24 16:30:00,0.13261987102328326,0.03049817477086283,19.0
2018-09-24 17:00:00,0.13251884428409114,0.030497338394943188,19.0
2018-09-24 17:30:00,0.13241781754489898,0.030496502019023545,19.0
2018-09-24 18:00:00,0.13231679080570682,0.0304956656431039,19.0
2018-09-24 18:30:00,0.13221576406651467,0.03049482926718426,19.0
2018-09-24 19:00:00,0.1321147373273225,0.030493992891264612,19.0
2018-09-24 19:30:00,0.13201371058813036,0.03049315651534497,19.0
2018-09-24 20:00:00,0.1319126838489382,0.030492320139425325,19.0
2018-09-24 20:30:00,0.13181165710974604,0.030491483763505682,19.0
2018-09-24 21:00:00,0.1317106303705539,0.03049064738758604,19.0
2018-09-24 21:30:00,0.13160960363136173,0.030489811011666396,19.0
2018-09-24 22:00:00,0.13150857689216958,0.03048897463574675,19.0
2018-09-24 22:30:00,0.13140755015297742,0.030488138259827106,19.0
2018-09-24 23:00:00,0.1313065234137853,0.030487301883907462,19.0
2018-09-24 23:30:00,0.13120549667459314,0.03048646550798782,19.0
2018-09-25 00:00:00,0.13110446993540098,0.030485629132068176,19.0
2018-09-25 00:30:00,0.13100344319620882,0.030484792756148533,19.0
2018-09-25 01:00:00,0.13090241645701667,0.030483956380228886,19.0
2018-09-25 01:30:00,0.1308013897178245,0.030483120004309243,19.0
2018-09-25 02:00:00,0.13070036297863236,0.0304822836283896,19.0
2018-09-25 02:30:00,0.13066377119454095,0.03048886876589882,19.0
2018-09-25 03:00:00,0.13062717941044955,0.030495453903408035,19.0
2018-09-25 03:30:00,0.13059058762635814,0.030502039040917254,19.0
2018-09-25 04:00:00,0.13055399584226673,0.030508624178426473,19.0
2018-09-25 04:30:00,0.13051740405817533,0.030515209315935692,19.0
2018-09-25 05:00:00,0.13048081227408392,0.03052179445344491,19.0
2018-09-25 05:30:00,0.13044422048999252,0.030528379590954127,19.0
2018-09-25 06:00:00,0.1304076287059011,0.030534964728463346,19.0
2018-09-25 06:30:00,0.1303710369218097,0.030541549865972566,19.0
2018-09-25 07:00:00,0.1303344451377183,0.03054813500348178,19.0
2018-09-25 07:30:00,0.1302978533536269,0.030554720140991,19.0
2018-09-25 08:00:00,0.13026126156953552,0.03056130527850022,19.0
2018-09-25 08:30:00,0.1302246697854441,0.03056789041600944,19.0
2018-09-25 09:00:00,0.1301880780013527,0.030574475553518658,19.0
2018-09-25 09:30:00,0.1301514862172613,0.030581060691027874,19.0
2018-09-25 10:00:00,0.1301148944331699,0.030587645828537093,19.0
2018-09-25 10:30:00,0.1300783026490785,0.030594230966046312,19.0
2018-09-25 11:00:00,0.1300417108649871,0.030600816103555528,19.0
2018-09-25 11:30:00,0.13000511908089568,0.030607401241064747,19.0
2018-09-25 12:00:00,0.12996852729680428,0.030613986378573967,19.0
2018-09-25 12:30:00,0.12993193551271287,0.030620571516083186,19.0
2018-09-25 13:00:00,0.12989534372862147,0.030627156653592405,19.0
2018-09-25 13:30:00,0.12985875194453006,0.03063374179110162,19.0
2018-09-25 14:00:00,0.12982216016043865,0.03064032692861084,19.0
2018-09-25 14:30:00,0.12977600210414583,0.03064163667201761,19.0
2018-09-25 15:00:00,0.129729844047853,0.03064294641542438,19.0
2018-09-25 15:30:00,0.1296836859915602,0.03064425615883115,19.0
2018-09-25 16:00:00,0.12963752793526737,0.03064556590223792,19.0
2018-09-25 16:30:00,0.12959136987897454,0.03064687564564469,19.0
2018-09-25 17:00:00,0.12954521182268172,0.03064818538905146,19.0
2018-09-25 17:30:00,0.12949905376638887,0.03064949513245823,19.0
2018-09-25 18:00:00,0.12945289571009605,0.030650804875865,19.0
2018-09-25 18:30:00,0.12940673765380323,0.03065211461927177,19.0
2018-09-25 19:00:00,0.1293605795975104,0.03065342436267854,19.0
2018-09-25 19:30:00,0.12931442154121758,0.03065473410608531,19.0
2018-09-25 20:00:00,0.12926826348492476,0.03065604384949208,19.0
2018-09-25 20:30:00,0.12922210542863194,0.03065735359289885,19.0
2018-09-25 21:00:00,0.12917594737233912,0.03065866333630562,19.0
2018-09-25 21:30:00,0.1291297893160463,0.03065997307971239,19.0
2018-09-25 22:00:00,0.12908363125975347,0.03066128282311916,19.0
2018-09-25 22:30:00,0.12903747320346065,0.03066259256652593,19.0
2018-09-25 23:00:00,0.12899131514716783,0.0306639023099327,19.0
2018-09-25 23:30:00,0.12894515709087498,0.03066521205333947,19.0
2018-09-26 00:00:00,0.12889899903458216,0.03066652179674624,19.0
2018-09-26 00:30:00,0.12885284097828933,0.03066783154015301,19.0
2018-09-26 01:00:00,0.1288066829219965,0.03066914128355978,19.0
2018-09-26 01:30:00,0.1287605248657037,0.03067045102696655,19.0
2018-09-26 02:00:00,0.12871436680941087,0.03067176077037332,19.0
2018-09-26 02:30:00,0.1286839175199907,0.03066965279272761,19.0
2018-09-26 03:00:00,0.12865346823057053,0.030667544815081906,19.0
2018-09-26 03:30:00,0.12862301894115036,0.030665436837436198,19.0
2018-09-26 04:00:00,0.12859256965173016,0.030663328859790492,19.0
2018-09-26 04:30:00,0.12856212036231,0.030661220882144784,19.0
2018-09-26 05:00:00,0.12853167107288982,0.03065911290449908,19.0
2018-09-26 05:30:00,0.12850122178346965,0.03065700492685337,19.0
2018-09-26 06:00:00,0.12847077249404948,0.030654896949207665,19.0
2018-09-26 06:30:00,0.1284403232046293,0.030652788971561956,19.0
2018-09-26 07:00:00,0.1284098739152091,0.03065068099391625,19.0
2018-09-26 07:30:00,0.12837942462578894,0.030648573016270542,19.0
2018-09-26 08:00:00,0.12834897533636877,0.030646465038624837,19.0
2018-09-26 08:30:00,0.1283185260469486,0.03064435706097913,19.0
2018-09-26 09:00:00,0.12828807675752843,0.03064224908333342,19.0
2018-09-26 09:30:00,0.12825762746810826,0.030640141105687715,19.0
2018-09-26 10:00:00,0.12822717817868806,0.030638033128042006,19.0
2018-09-26 10:30:00,0.1281967288892679,0.0306359251503963,19.0
2018-09-26 11:00:00,0.12816627959984772,0.030633817172750592,19.0
2018-09-26 11:30:00,0.12813583031042755,0.030631709195104887,19.0
2018-09-26 12:00:00,0.12810538102100738,0.03062960121745918,19.0
2018-09-26 12:30:00,0.1280749317315872,0.030627493239813473,19.0
2018-09-26 13:00:00,0.128044482442167,0.030625385262167765,19.0
2018-09-26 13:30:00,0.12801403315274684,0.03062327728452206,19.0
2018-09-26 14:00:00,0.12798358386332667,0.03062116930687635,19.0
2018-09-26 14:30:00,0.12792528341220838,0.030617874217571353,19.0
2018-09-26 15:00:00,0.12786698296109006,0.03061457912826636,19.0
2018-09-26 15:30:00,0.12780868250997177,0.03061128403896136,19.0
2018-09-26 16:00:00,0.12775038205885345,0.030607988949656367,19.0
2018-09-26 16:30:00,0.12769208160773515,0.03060469386035137,19.0
2018-09-26 17:00:00,0.12763378115661683,0.03060139877104637,19.0
2018-09-26 17:30:00,0.12757548070549854,0.030598103681741377,19.0
2018-09-26 18:00:00,0.12751718025438022,0.03059480859243638,19.0
2018-09-26 18:30:00,0.12745887980326193,0.030591513503131385,19.0
2018-09-26 19:00:00,0.1274005793521436,0.030588218413826387,19.0
2018-09-26 19:30:00,0.1273422789010253,0.030584923324521392,19.0
2018-09-26 20:00:00,0.12728397844990702,0.030581628235216395,19.0
2018-09-26 20:30:00,0.1272256779987887,0.030578333145911397,19.0
2018-09-26 21:00:00,0.1271673775476704,0.030575038056606402,19.0
2018-09-26 21:30:00,0.1271090770965521,0.030571742967301405,19.0
2018-09-26 22:00:00,0.1270507766454338,0.03056844787799641,19.0
2018-09-26 22:30:00,0.12699247619431547,0.030565152788691412,19.0
2018-09-26 23:00:00,0.12693417574319718,0.030561857699386415,19.0
2018-09-26 23:30:00,0.12687587529207886,0.03055856261008142,19.0
2018-09-27 00:00:00,0.12681757484096057,0.030555267520776423,19.0
2018-09-27 00:30:00,0.12675927438984225,0.030551972431471428,19.0
2018-09-27 01:00:00,0.12670097393872395,0.03054867734216643,19.0
2018-09-27 01:30:00,0.12664267348760563,0.030545382252861436,19.0
2018-09-27 02:00:00,0.12658437303648734,0.030542087163556438,19.0
2018-09-27 02:30:00,0.12656150650020564,0.030548073003469803,19.0
2018-09-27 03:00:00,0.12653863996392395,0.030554058843383164,19.0
2018-09-27 03:30:00,0.12651577342764228,0.03056004468329653,19.0
2018-09-27 04:00:00,0.12649290689136058,0.03056603052320989,19.0
2018-09-27 04:30:00,0.1264700403550789,0.030572016363123254,19.0
2018-09-27 05:00:00,0.12644717381879722,0.030578002203036615,19.0
2018-09-27 05:30:00,0.12642430728251552,0.03058398804294998,19.0
2018-09-27 06:00:00,0.12640144074623383,0.03058997388286334,19.0
2018-09-27 06:30:00,0.12637857420995213,0.030595959722776706,19.0
2018-09-27 07:00:00,0.12635570767367044,0.030601945562690067,19.0
2018-09-27 07:30:00,0.12633284113738877,0.03060793140260343,19.0
2018-09-27 08:00:00,0.12630997460110707,0.030613917242516796,19.0
2018-09-27 08:30:00,0.12628710806482538,0.030619903082430157,19.0
2018-09-27 09:00:00,0.1262642415285437,0.03062588892234352,19.0
2018-09-27 09:30:00,0.126241374992262,0.030631874762256883,19.0
2018-09-27 10:00:00,0.12621850845598032,0.030637860602170247,19.0
2018-09-27 10:30:00,0.12619564191969862,0.030643846442083608,19.0
2018-09-27 11:00:00,0.12617277538341692,0.030649832281996973,19.0
2018-09-27 11:30:00,0.12614990884713526,0.030655818121910334,19.0
2018-09-27 12:00:00,0.12612704231085356,0.0306618039618237,19.0
2018-09-27 12:30:00,0.12610417577457186,0.03066778980173706,19.0
2018-09-27 13:00:00,0.1260813092382902,0.030673775641650424,19.0
2018-09-27 13:30:00,0.1260584427020085,0.030679761481563785,19.0
2018-09-27 14:00:00,0.1260355761657268,0.03068574732147715,19.0
2018-09-27 14:30:00,0.1259745730253859,0.0306837038290201,19.0
2018-09-27 15:00:00,0.12591356988504498,0.03068166033656305,19.0
2018-09-27 15:30:00,0.12585256674470408,0.030679616844106,19.0
2018-09-27 16:00:00,0.12579156360436317,0.03067757335164895,19.0
2018-09-27 16:30:00,0.12573056046402226,0.0306755298591919,19.0
2018-09-27 17:00:00,0.12566955732368135,0.03067348636673485,19.0
2018-09-27 17:30:00,0.12560855418334044,0.0306714428742778,19.0
2018-09-27 18:00:00,0.12554755104299953,0.030669399381820752,19.0
2018-09-27 18:30:00,0.12548654790265865,0.0306673558893637,19.0
2018-09-27 19:00:00,0.12542554476231774,0.03066531239690665,19.0
2018-09-27 19:30:00,0.12536454162197683,0.030663268904449602,19.0
2018-09-27 20:00:00,0.12530353848163592,0.03066122541199255,19.0
2018-09-27 20:30:00,0.125242535341295,0.0306591819195355,19.0
2018-09-27 21:00:00,0.1251815322009541,0.030657138427078453,19.0
2018-09-27 21:30:00,0.1251205290606132,0.030655094934621402,19.0
2018-09-27 22:00:00,0.12505952592027228,0.03065305144216435,19.0
2018-09-27 22:30:00,0.12499852277993137,0.030651007949707303,19.0
2018-09-27 23:00:00,0.12493751963959046,0.030648964457250252,19.0
2018-09-27 23:30:00,0.12487651649924955,0.0306469209647932,19.0
2018-09-28 00:00:00,0.12481551335890864,0.030644877472336154,19.0
2018-09-28 00:30:00,0.12475451021856775,0.030642833979879103,19.0
2018-09-28 01:00:00,0.12469350707822684,0.03064079048742205,19.0
2018-09-28 01:30:00,0.12463250393788593,0.030638746994965004,19.0
2018-09-28 02:00:00,0.12457150079754502,0.030636703502507953,19.0
2018-09-28 02:30:00,0.12453746406953065,0.03064025040996736,19.0
2018-09-28 03:00:00,0.12450342734151627,0.030643797317426766,19.0
2018-09-28 03:30:00,0.1244693906135019,0.030647344224886172,19.0
2018-09-28 04:00:00,0.12443535388548754,0.03065089113234558,19.0
2018-09-28 04:30:00,0.12440131715747317,0.03065443803980498,19.0
2018-09-28 05:00:00,0.1243672804294588,0.030657984947264388,19.0
2018-09-28 05:30:00,0.12433324370144443,0.030661531854723794,19.0
2018-09-28 06:00:00,0.12429920697343005,0.0306650787621832,19.0
2018-09-28 06:30:00,0.12426517024541568,0.030668625669642607,19.0
2018-09-28 07:00:00,0.12423113351740132,0.030672172577102013,19.0
2018-09-28 07:30:00,0.12419709678938695,0.03067571948456142,19.0
2018-09-28 08:00:00,0.12416306006137258,0.030679266392020822,19.0
2018-09-28 08:30:00,0.12412902333335821,0.03068281329948023,19.0
2018-09-28 09:00:00,0.12409498660534383,0.030686360206939635,19.0
2018-09-28 09:30:00,0.12406094987732946,0.03068990711439904,19.0
2018-09-28 10:00:00,0.1240269131493151,0.030693454021858448,19.0
2018-09-28 10:30:00,0.12399287642130073,0.030697000929317854,19.0
2018-09-28 11:00:00,0.12395883969328636,0.03070054783677726,19.0
2018-09-28 11:30:00,0.12392480296527199,0.030704094744236667,19.0
2018-09-28 12:00:00,0.12389076623725762,0.030707641651696073,19.0
2018-09-28 12:30:00,0.12385672950924324,0.030711188559155476,19.0
2018-09-28 13:00:00,0.12382269278122889,0.030714735466614882,19.0
2018-09-28 13:30:00,0.12378865605321451,0.03071828237407429,19.0
2018-09-28 14:00:00,0.12375461932520014,0.030721829281533695,19.0
2018-09-28 14:30:00,0.12368537714216027,0.030713276620563924,19.0
2018-09-28 15:00:00,0.12361613495912038,0.030704723959594157,19.0
2018-09-28 15:30:00,0.12354689277608051,0.030696171298624387,19.0
2018-09-28 16:00:00,0.12347765059304062,0.030687618637654616,19.0
2018-09-28 16:30:00,0.12340840841000075,0.03067906597668485,19.0
2018-09-28 17:00:00,0.12333916622696087,0.03067051331571508,19.0
2018-09-28 17:30:00,0.123269924043921,0.030661960654745312,19.0
2018-09-28 18:00:00,0.12320068186088112,0.03065340799377554,19.0
2018-09-28 18:30:00,0.12313143967784124,0.03064485533280577,19.0
2018-09-28 19:00:00,0.12306219749480136,0.030636302671836004,19.0
2018-09-28 19:30:00,0.12299295531176148,0.030627750010866234,19.0
2018-09-28 20:00:00,0.1229237131287216,0.030619197349896467,19.0
2018-09-28 20:30:00,0.12285447094568173,0.030610644688926696,19.0
2018-09-28 21:00:00,0.12278522876264185,0.030602092027956926,19.0
2018-09-28 21:30:00,0.12271598657960198,0.03059353936698716,19.0
2018-09-28 22:00:00,0.12264674439656209,0.03058498670601739,19.0
2018-09-28 22:30:00,0.12257750221352222,0.030576434045047618,19.0
2018-09-28 23:00:00,0.12250826003048233,0.03056788138407785,19.0
2018-09-28 23:30:00,0.12243901784744246,0.03055932872310808,19.0
2018-09-29 00:00:00,0.12236977566440259,0.03055077606213831,19.0
2018-09-29 00:30:00,0.1223005334813627,0.030542223401168543,19.0
2018-09-29 01:00:00,0.12223129129832283,0.030533670740198773,19.0
2018-09-29 01:30:00,0.12216204911528294,0.030525118079229006,19.0
2018-09-29 02:00:00,0.12209280693224307,0.030516565418259235,19.0
2018-09-29 02:30:00,0.12206404196748491,0.030518108849841057,19.0
2018-09-29 03:00:00,0.12203527700272673,0.030519652281422883,19.0
2018-09-29 03:30:00,0.12200651203796857,0.030521195713004705,19.0
2018-09-29 04:00:00,0.12197774707321041,0.030522739144586527,19.0
2018-09-29 04:30:00,0.12194898210845224,0.030524282576168352,19.0
2018-09-29 05:00:00,0.12192021714369408,0.030525826007750174,19.0
2018-09-29 05:30:00,0.1218914521789359,0.030527369439331997,19.0
2018-09-29 06:00:00,0.12186268721417774,0.030528912870913822,19.0
2018-09-29 06:30:00,0.12183392224941958,0.030530456302495644,19.0
2018-09-29 07:00:00,0.1218051572846614,0.030531999734077466,19.0
2018-09-29 07:30:00,0.12177639231990324,0.03053354316565929,19.0
2018-09-29 08:00:00,0.12174762735514508,0.030535086597241114,19.0
2018-09-29 08:30:00,0.12171886239038691,0.030536630028822936,19.0
2018-09-29 09:00:00,0.12169009742562875,0.03053817346040476,19.0
2018-09-29 09:30:00,0.12166133246087057,0.030539716891986583,19.0
2018-09-29 10:00:00,0.12163256749611241,0.030541260323568405,19.0
2018-09-29 10:30:00,0.12160380253135425,0.03054280375515023,19.0
2018-09-29 11:00:00,0.12157503756659607,0.030544347186732053,19.0
2018-09-29 11:30:00,0.12154627260183791,0.030545890618313875,19.0
2018-09-29 12:00:00,0.12151750763707975,0.0305474340498957,19.0
2018-09-29 12:30:00,0.12148874267232158,0.030548977481477523,19.0
2018-09-29 13:00:00,0.12145997770756342,0.030550520913059345,19.0
2018-09-29 13:30:00,0.12143121274280524,0.03055206434464117,19.0
2018-09-29 14:00:00,0.12140244777804708,0.030553607776222992,19.0
2018-09-29 14:30:00,0.12136269478293879,0.030549261778679462,19.0
2018-09-29 15:00:00,0.1213229417878305,0.030544915781135933,19.0
2018-09-29 15:30:00,0.12128318879272221,0.030540569783592403,19.0
2018-09-29 16:00:00,0.12124343579761392,0.030536223786048873,19.0
2018-09-29 16:30:00,0.12120368280250562,0.030531877788505343,19.0
2018-09-29 17:00:00,0.12116392980739733,0.030527531790961814,19.0
2018-09-29 17:30:00,0.12112417681228904,0.03052318579341828,19.0
2018-09-29 18:00:00,0.12108442381718075,0.03051883979587475,19.0
2018-09-29 18:30:00,0.12104467082207246,0.03051449379833122,19.0
2018-09-29 19:00:00,0.12100491782696417,0.03051014780078769,19.0
2018-09-29 19:30:00,0.12096516483185588,0.03050580180324416,19.0
2018-09-29 20:00:00,0.12092541183674758,0.03050145580570063,19.0
2018-09-29 20:30:00,0.12088565884163928,0.0304971098081571,19.0
2018-09-29 21:00:00,0.12084590584653099,0.030492763810613572,19.0
2018-09-29 21:30:00,0.1208061528514227,0.030488417813070042,19.0
2018-09-29 22:00:00,0.1207663998563144,0.030484071815526512,19.0
2018-09-29 22:30:00,0.12072664686120611,0.030479725817982983,19.0
2018-09-29 23:00:00,0.12068689386609782,0.030475379820439453,19.0
2018-09-29 23:30:00,0.12064714087098953,0.03047103382289592,19.0
2018-09-30 00:00:00,0.12060738787588124,0.03046668782535239,19.0
2018-09-30 00:30:00,0.12056763488077295,0.03046234182780886,19.0
2018-09-30 01:00:00,0.12052788188566466,0.03045799583026533,19.0
2018-09-30 01:30:00,0.12048812889055636,0.0304536498327218,19.0
2018-09-30 02:00:00,0.12044837589544807,0.03044930383517827,19.0
2018-09-30 02:30:00,0.1208762986340556,0.03039241256293474,19.0
2018-09-30 03:00:00,0.12130422137266314,0.03033552129069121,19.0
2018-09-30 03:30:00,0.12173214411127069,0.030278630018447685,19.0
2018-09-30 04:00:00,0.12216006684987822,0.030221738746204155,19.0
2018-09-30 04:30:00,0.12258798958848575,0.030164847473960626,19.0
2018-09-30 05:00:00,0.1230159123270933,0.030107956201717096,19.0
2018-09-30 05:30:00,0.12344383506570084,0.030051064929473566,19.0
2018-09-30 06:00:00,0.12387175780430837,0.02999417365723004,19.0
2018-09-30 06:30:00,0.1242996805429159,0.02993728238498651,19.0
2018-09-30 07:00:00,0.12472760328152344,0.02988039111274298,19.0
2018-09-30 07:30:00,0.12515552602013097,0.02982349984049945,19.0
2018-09-30 08:00:00,0.1255834487587385,0.029766608568255925,19.0
2018-09-30 08:30:00,0.12601137149734606,0.029709717296012395,19.0
2018-09-30 09:00:00,0.1264392942359536,0.029652826023768866,19.0
2018-09-30 09:30:00,0.12686721697456113,0.029595934751525336,19.0
2018-09-30 10:00:00,0.12729513971316866,0.029539043479281806,19.0
2018-09-30 10:30:00,0.1277230624517762,0.02948215220703828,19.0
2018-09-30 11:00:00,0.12815098519038373,0.02942526093479475,19.0
2018-09-30 11:30:00,0.12857890792899127,0.02936836966255122,19.0
2018-09-30 12:00:00,0.12900683066759883,0.02931147839030769,19.0
2018-09-30 12:30:00,0.12943475340620636,0.02925458711806416,19.0
2018-09-30 13:00:00,0.1298626761448139,0.029197695845820635,19.0
2018-09-30 13:30:00,0.13029059888342143,0.029140804573577105,19.0
2018-09-30 14:00:00,0.13071852162202896,0.029083913301333576,19.0
2018-09-30 14:30:00,0.13178962503870964,0.029331736807646443,19.0
2018-09-30 15:00:00,0.13286072845539032,0.02957956031395931,19.0
2018-09-30 15:30:00,0.133931831872071,0.02982738382027218,19.0
2018-09-30 16:00:00,0.13500293528875168,0.030075207326585043,19.0
2018-09-30 16:30:00,0.13607403870543236,0.03032303083289791,19.0
2018-09-30 17:00:00,0.13714514212211307,0.03057085433921078,19.0
2018-09-30 17:30:00,0.13821624553879375,0.030818677845523647,19.0
2018-09-30 18:00:00,0.13928734895547443,0.031066501351836515,19.0
2018-09-30 18:30:00,0.1403584523721551,0.03131432485814938,19.0
2018-09-30 19:00:00,0.1414295557888358,0.03156214836446225,19.0
2018-09-30 19:30:00,0.14250065920551647,0.03180997187077512,19.0
2018-09-30 20:00:00,0.14357176262219715,0.032057795377087986,19.0
2018-09-30 20:30:00,0.14464286603887783,0.032305618883400854,19.0
2018-09-30 21:00:00,0.1457139694555585,0.03255344238971372,19.0
2018-09-30 21:30:00,0.1467850728722392,0.03280126589602659,19.0
2018-09-30 22:00:00,0.14785617628891987,0.03304908940233946,19.0
2018-09-30 22:30:00,0.14892727970560055,0.03329691290865232,19.0
2018-09-30 23:00:00,0.14999838312228125,0.033544736414965186,19.0
2018-09-30 23:30:00,0.15106948653896193,0.033792559921278054,19.0
2018-10-01 00:00:00,0.1521405899556426,0.03404038342759092,19.0
2018-10-01 00:30:00,0.1532116933723233,0.03428820693390379,19.0
2018-10-01 01:00:00,0.15428279678900397,0.03453603044021666,19.0
2018-10-01 01:30:00,0.15535390020568465,0.034783853946529525,19.0
2018-10-01 02:00:00,0.15642500362236533,0.03503167745284239,19.0
2018-10-01 02:30:00,0.15670873097363572,0.035119450068807734,19.0
2018-10-01 03:00:00,0.1569924583249061,0.035207222684773075,19.0
2018-10-01 03:30:00,0.1572761856761765,0.03529499530073842,19.0
2018-10-01 04:00:00,0.15755991302744687,0.035382767916703764,19.0
2018-10-01 04:30:00,0.1578436403787173,0.035470540532669105,19.0
2018-10-01 05:00:00,0.15812736772998767,0.035558313148634446,19.0
2018-10-01 05:30:00,0.15841109508125806,0.03564608576459979,19.0
2018-10-01 06:00:00,0.15869482243252844,0.035733858380565135,19.0
2018-10-01 06:30:00,0.15897854978379883,0.035821630996530476,19.0
2018-10-01 07:00:00,0.1592622771350692,0.03590940361249582,19.0
2018-10-01 07:30:00,0.1595460044863396,0.03599717622846116,19.0
2018-10-01 08:00:00,0.15982973183761,0.036084948844426507,19.0
2018-10-01 08:30:00,0.1601134591888804,0.03617272146039185,19.0
2018-10-01 09:00:00,0.16039718654015078,0.03626049407635719,19.0
2018-10-01 09:30:00,0.16068091389142117,0.03634826669232253,19.0
2018-10-01 10:00:00,0.16096464124269155,0.03643603930828787,19.0
2018-10-01 10:30:00,0.16124836859396194,0.03652381192425322,19.0
2018-10-01 11:00:00,0.16153209594523232,0.03661158454021856,19.0
2018-10-01 11:30:00,0.1618158232965027,0.0366993571561839,19.0
2018-10-01 12:00:00,0.1620995506477731,0.03678712977214924,19.0
2018-10-01 12:30:00,0.1623832779990435,0.03687490238811458,19.0
2018-10-01 13:00:00,0.1626670053503139,0.03696267500407993,19.0
2018-10-01 13:30:00,0.16295073270158428,0.03705044762004527,19.0
2018-10-01 14:00:00,0.16323446005285466,0.03713822023601061,19.0
2018-10-01 14:30:00,0.1630005380649651,0.037090244245511425,19.0
2018-10-01 15:00:00,0.16276661607707552,0.03704226825501223,19.0
2018-10-01 15:30:00,0.16253269408918594,0.036994292264513035,19.0
2018-10-01 16:00:00,0.16229877210129637,0.036946316274013846,19.0
2018-10-01 16:30:00,0.1620648501134068,0.03689834028351466,19.0
2018-10-01 17:00:00,0.16183092812551722,0.03685036429301546,19.0
2018-10-01 17:30:00,0.16159700613762765,0.03680238830251627,19.0
2018-10-01 18:00:00,0.16136308414973807,0.03675441231201708,19.0
2018-10-01 18:30:00,0.1611291621618485,0.03670643632151789,19.0
2018-10-01 19:00:00,0.16089524017395893,0.036658460331018695,19.0
2018-10-01 19:30:00,0.16066131818606935,0.0366104843405195,19.0
2018-10-01 20:00:00,0.16042739619817978,0.03656250835002031,19.0
2018-10-01 20:30:00,0.1601934742102902,0.036514532359521124,19.0
2018-10-01 21:00:00,0.15995955222240063,0.03646655636902193,19.0
2018-10-01 21:30:00,0.15972563023451106,0.03641858037852273,19.0
2018-10-01 22:00:00,0.15949170824662148,0.036370604388023545,19.0
2018-10-01 22:30:00,0.1592577862587319,0.036322628397524356,19.0
2018-10-01 23:00:00,0.15902386427084234,0.03627465240702516,19.0
2018-10-01 23:30:00,0.15878994228295276,0.036226676416525966,19.0
2018-10-02 00:00:00,0.1585560202950632,0.03617870042602678,19.0
2018-10-02 00:30:00,0.15832209830717361,0.03613072443552759,19.0
2018-10-02 01:00:00,0.15808817631928404,0.036082748445028394,19.0
2018-10-02 01:30:00,0.15785425433139447,0.0360347724545292,19.0
2018-10-02 02:00:00,0.1576203323435049,0.03598679646403001,19.0
2018-10-02 02:30:00,0.15740397459475852,0.03590925198685615,19.0
2018-10-02 03:00:00,0.15718761684601218,0.03583170750968229,19.0
2018-10-02 03:30:00,0.1569712590972658,0.03575416303250843,19.0
2018-10-02 04:00:00,0.15675490134851944,0.03567661855533457,19.0
2018-10-02 04:30:00,0.1565385435997731,0.03559907407816071,19.0
2018-10-02 05:00:00,0.15632218585102672,0.035521529600986854,19.0
2018-10-02 05:30:00,0.15610582810228035,0.03544398512381299,19.0
2018-10-02 06:00:00,0.155889470353534,0.03536644064663913,19.0
2018-10-02 06:30:00,0.15567311260478764,0.03528889616946527,19.0
2018-10-02 07:00:00,0.15545675485604127,0.03521135169229141,19.0
2018-10-02 07:30:00,0.15524039710729493,0.03513380721511755,19.0
2018-10-02 08:00:00,0.15502403935854855,0.03505626273794369,19.0
2018-10-02 08:30:00,0.15480768160980218,0.03497871826076983,19.0
2018-10-02 09:00:00,0.15459132386105584,0.03490117378359597,19.0
2018-10-02 09:30:00,0.15437496611230947,0.03482362930642211,19.0
2018-10-02 10:00:00,0.1541586083635631,0.03474608482924825,19.0
2018-10-02 10:30:00,0.15394225061481676,0.03466854035207439,19.0
2018-10-02 11:00:00,0.15372589286607038,0.034590995874900526,19.0
2018-10-02 11:30:00,0.15350953511732401,0.03451345139772667,19.0
2018-10-02 12:00:00,0.15329317736857767,0.03443590692055281,19.0
2018-10-02 12:30:00,0.1530768196198313,0.03435836244337895,19.0
2018-10-02 13:00:00,0.15286046187108493,0.03428081796620509,19.0
2018-10-02 13:30:00,0.1526441041223386,0.03420327348903123,19.0
2018-10-02 14:00:00,0.15242774637359222,0.03412572901185737,19.0
2018-10-02 14:30:00,0.15229141040946462,0.03408699427741409,19.0
2018-10-02 15:00:00,0.15215507444533705,0.0340482595429708,19.0
2018-10-02 15:30:00,0.15201873848120945,0.034009524808527515,19.0
2018-10-02 16:00:00,0.15188240251708185,0.03397079007408423,19.0
2018-10-02 16:30:00,0.15174606655295425,0.03393205533964094,19.0
2018-10-02 17:00:00,0.15160973058882665,0.03389332060519766,19.0
2018-10-02 17:30:00,0.15147339462469908,0.03385458587075438,19.0
2018-10-02 18:00:00,0.15133705866057148,0.03381585113631109,19.0
2018-10-02 18:30:00,0.15120072269644388,0.033777116401867806,19.0
2018-10-02 19:00:00,0.1510643867323163,0.03373838166742452,19.0
2018-10-02 19:30:00,0.15092805076818872,0.033699646932981234,19.0
2018-10-02 20:00:00,0.15079171480406112,0.03366091219853795,19.0
2018-10-02 20:30:00,0.15065537883993352,0.03362217746409467,19.0
2018-10-02 21:00:00,0.15051904287580592,0.03358344272965138,19.0
2018-10-02 21:30:00,0.15038270691167835,0.033544707995208096,19.0
2018-10-02 22:00:00,0.15024637094755075,0.033505973260764814,19.0
2018-10-02 22:30:00,0.15011003498342315,0.033467238526321524,19.0
2018-10-02 23:00:00,0.14997369901929558,0.03342850379187824,19.0
2018-10-02 23:30:00,0.14983736305516798,0.03338976905743496,19.0
2018-10-03 00:00:00,0.14970102709104038,0.03335103432299167,19.0
2018-10-03 00:30:00,0.14956469112691279,0.03331229958854839,19.0
2018-10-03 01:00:00,0.1494283551627852,0.033273564854105105,19.0
2018-10-03 01:30:00,0.14929201919865762,0.033234830119661815,19.0
2018-10-03 02:00:00,0.14915568323453002,0.03319609538521853,19.0
2018-10-03 02:30:00,0.14906120641412346,0.03316071487489995,19.0
2018-10-03 03:00:00,0.14896672959371693,0.033125334364581364,19.0
2018-10-03 03:30:00,0.14887225277331037,0.033089953854262784,19.0
2018-10-03 04:00:00,0.1487777759529038,0.033054573343944196,19.0
2018-10-03 04:30:00,0.14868329913249725,0.033019192833625616,19.0
2018-10-03 05:00:00,0.1485888223120907,0.03298381232330703,19.0
2018-10-03 05:30:00,0.14849434549168417,0.03294843181298845,19.0
2018-10-03 06:00:00,0.1483998686712776,0.03291305130266986,19.0
2018-10-03 06:30:00,0.14830539185087105,0.03287767079235128,19.0
2018-10-03 07:00:00,0.14821091503046452,0.03284229028203269,19.0
2018-10-03 07:30:00,0.14811643821005796,0.03280690977171411,19.0
2018-10-03 08:00:00,0.1480219613896514,0.03277152926139553,19.0
2018-10-03 08:30:00,0.14792748456924484,0.03273614875107694,19.0
2018-10-03 09:00:00,0.14783300774883829,0.03270076824075836,19.0
2018-10-03 09:30:00,0.14773853092843175,0.032665387730439775,19.0
2018-10-03 10:00:00,0.1476440541080252,0.032630007220121195,19.0
2018-10-03 10:30:00,0.14754957728761864,0.03259462670980261,19.0
2018-10-03 11:00:00,0.1474551004672121,0.03255924619948403,19.0
2018-10-03 11:30:00,0.14736062364680555,0.03252386568916544,19.0
2018-10-03 12:00:00,0.147266146826399,0.03248848517884686,19.0
2018-10-03 12:30:00,0.14717167000599243,0.03245310466852827,19.0
2018-10-03 13:00:00,0.14707719318558587,0.03241772415820969,19.0
2018-10-03 13:30:00,0.14698271636517934,0.0323823436478911,19.0
2018-10-03 14:00:00,0.1468882395447728,0.03234696313757252,19.0
2018-10-03 14:30:00,0.14680188600544308,0.032325872227603386,19.0
2018-10-03 15:00:00,0.14671553246611335,0.03230478131763424,19.0
2018-10-03 15:30:00,0.14662917892678365,0.03228369040766511,19.0
2018-10-03 16:00:00,0.14654282538745392,0.032262599497695964,19.0
2018-10-03 16:30:00,0.14645647184812421,0.03224150858772683,19.0
2018-10-03 17:00:00,0.14637011830879448,0.03222041767775769,19.0
2018-10-03 17:30:00,0.14628376476946478,0.03219932676778855,19.0
2018-10-03 18:00:00,0.14619741123013505,0.03217823585781941,19.0
2018-10-03 18:30:00,0.14611105769080535,0.03215714494785027,19.0
2018-10-03 19:00:00,0.14602470415147561,0.03213605403788113,19.0
2018-10-03 19:30:00,0.1459383506121459,0.03211496312791199,19.0
2018-10-03 20:00:00,0.14585199707281618,0.032093872217942854,19.0
2018-10-03 20:30:00,0.14576564353348648,0.03207278130797372,19.0
2018-10-03 21:00:00,0.14567928999415677,0.032051690398004574,19.0
2018-10-03 21:30:00,0.14559293645482704,0.03203059948803544,19.0
2018-10-03 22:00:00,0.14550658291549734,0.032009508578066295,19.0
2018-10-03 22:30:00,0.1454202293761676,0.03198841766809716,19.0
2018-10-03 23:00:00,0.1453338758368379,0.03196732675812802,19.0
2018-10-03 23:30:00,0.14524752229750817,0.03194623584815888,19.0
2018-10-04 00:00:00,0.14516116875817847,0.031925144938189744,19.0
2018-10-04 00:30:00,0.14507481521884874,0.0319040540282206,19.0
2018-10-04 01:00:00,0.14498846167951904,0.031882963118251464,19.0
2018-10-04 01:30:00,0.1449021081401893,0.03186187220828232,19.0
2018-10-04 02:00:00,0.1448157546008596,0.031840781298313185,19.0
2018-10-04 02:30:00,0.14471507623626093,0.03182534007327693,19.0
2018-10-04 03:00:00,0.14461439787166225,0.03180989884824066,19.0
2018-10-04 03:30:00,0.1445137195070636,0.0317944576232044,19.0
2018-10-04 04:00:00,0.14441304114246492,0.03177901639816814,19.0
2018-10-04 04:30:00,0.14431236277786624,0.03176357517313188,19.0
2018-10-04 05:00:00,0.1442116844132676,0.031748133948095614,19.0
2018-10-04 05:30:00,0.14411100604866892,0.031732692723059355,19.0
2018-10-04 06:00:00,0.14401032768407024,0.03171725149802309,19.0
2018-10-04 06:30:00,0.14390964931947156,0.03170181027298683,19.0
2018-10-04 07:00:00,0.14380897095487288,0.031686369047950566,19.0
2018-10-04 07:30:00,0.14370829259027423,0.03167092782291431,19.0
2018-10-04 08:00:00,0.14360761422567556,0.03165548659787804,19.0
2018-10-04 08:30:00,0.14350693586107688,0.031640045372841784,19.0
2018-10-04 09:00:00,0.14340625749647823,0.031624604147805525,19.0
2018-10-04 09:30:00,0.14330557913187955,0.03160916292276926,19.0
2018-10-04 10:00:00,0.14320490076728087,0.031593721697733,19.0
2018-10-04 10:30:00,0.1431042224026822,0.031578280472696736,19.0
2018-10-04 11:00:00,0.14300354403808352,0.03156283924766048,19.0
2018-10-04 11:30:00,0.14290286567348487,0.03154739802262421,19.0
2018-10-04 12:00:00,0.1428021873088862,0.031531956797587954,19.0
2018-10-04 12:30:00,0.14270150894428751,0.03151651557255169,19.0
2018-10-04 13:00:00,0.14260083057968886,0.03150107434751543,19.0
2018-10-04 13:30:00,0.1425001522150902,0.031485633122479165,19.0
2018-10-04 14:00:00,0.1423994738504915,0.031470191897442906,19.0
2018-10-04 14:30:00,0.14232019409022528,0.031462772700618945,19.0
2018-10-04 15:00:00,0.14224091432995906,0.03145535350379499,19.0
2018-10-04 15:30:00,0.14216163456969283,0.03144793430697103,19.0
2018-10-04 16:00:00,0.1420823548094266,0.031440515110147074,19.0
2018-10-04 16:30:00,0.14200307504916035,0.03143309591332311,19.0
2018-10-04 17:00:00,0.14192379528889412,0.03142567671649915,19.0
2018-10-04 17:30:00,0.1418445155286279,0.0314182575196752,19.0
2018-10-04 18:00:00,0.14176523576836167,0.031410838322851235,19.0
2018-10-04 18:30:00,0.14168595600809544,0.031403419126027274,19.0
2018-10-04 19:00:00,0.14160667624782922,0.03139599992920332,19.0
2018-10-04 19:30:00,0.141527396487563,0.03138858073237936,19.0
2018-10-04 20:00:00,0.14144811672729674,0.031381161535555396,19.0
2018-10-04 20:30:00,0.1413688369670305,0.03137374233873144,19.0
2018-10-04 21:00:00,0.14128955720676428,0.03136632314190748,19.0
2018-10-04 21:30:00,0.14121027744649806,0.031358903945083526,19.0
2018-10-04 22:00:00,0.14113099768623183,0.031351484748259564,19.0
2018-10-04 22:30:00,0.1410517179259656,0.0313440655514356,19.0
2018-10-04 23:00:00,0.14097243816569938,0.03133664635461165,19.0
2018-10-04 23:30:00,0.14089315840543315,0.03132922715778769,19.0
2018-10-05 00:00:00,0.14081387864516692,0.03132180796096373,19.0
2018-10-05 00:30:00,0.14073459888490067,0.03131438876413977,19.0
2018-10-05 01:00:00,0.14065531912463444,0.03130696956731581,19.0
2018-10-05 01:30:00,0.14057603936436822,0.031299550370491855,19.0
2018-10-05 02:00:00,0.140496759604102,0.03129213117366789,19.0
2018-10-05 02:30:00,0.14042709872800194,0.03128753066750517,19.0
2018-10-05 03:00:00,0.14035743785190188,0.031282930161342454,19.0
2018-10-05 03:30:00,0.14028777697580183,0.03127832965517973,19.0
2018-10-05 04:00:00,0.14021811609970178,0.031273729149017014,19.0
2018-10-05 04:30:00,0.14014845522360173,0.03126912864285429,19.0
2018-10-05 05:00:00,0.14007879434750165,0.031264528136691574,19.0
2018-10-05 05:30:00,0.1400091334714016,0.03125992763052885,19.0
2018-10-05 06:00:00,0.13993947259530154,0.03125532712436613,19.0
2018-10-05 06:30:00,0.1398698117192015,0.03125072661820341,19.0
2018-10-05 07:00:00,0.13980015084310143,0.031246126112040692,19.0
2018-10-05 07:30:00,0.13973048996700138,0.031241525605877972,19.0
2018-10-05 08:00:00,0.13966082909090133,0.03123692509971525,19.0
2018-10-05 08:30:00,0.13959116821480128,0.03123232459355253,19.0
2018-10-05 09:00:00,0.13952150733870122,0.03122772408738981,19.0
2018-10-05 09:30:00,0.13945184646260117,0.03122312358122709,19.0
2018-10-05 10:00:00,0.13938218558650112,0.03121852307506437,19.0
2018-10-05 10:30:00,0.13931252471040106,0.03121392256890165,19.0
2018-10-05 11:00:00,0.13924286383430098,0.03120932206273893,19.0
2018-10-05 11:30:00,0.13917320295820093,0.03120472155657621,19.0
2018-10-05 12:00:00,0.13910354208210088,0.03120012105041349,19.0
2018-10-05 12:30:00,0.13903388120600083,0.031195520544250767,19.0
2018-10-05 13:00:00,0.13896422032990077,0.031190920038088047,19.0
2018-10-05 13:30:00,0.13889455945380072,0.031186319531925327,19.0
2018-10-05 14:00:00,0.13882489857770067,0.031181719025762607,19.0
2018-10-05 14:30:00,0.13875262393049306,0.03117065964971273,19.0
2018-10-05 15:00:00,0.13868034928328543,0.031159600273662852,19.0
2018-10-05 15:30:00,0.13860807463607783,0.031148540897612976,19.0
2018-10-05 16:00:00,0.13853579998887022,0.0311374815215631,19.0
2018-10-05 16:30:00,0.13846352534166262,0.031126422145513224,19.0
2018-10-05 17:00:00,0.138391250694455,0.031115362769463344,19.0
2018-10-05 17:30:00,0.13831897604724738,0.03110430339341347,19.0
2018-10-05 18:00:00,0.13824670140003978,0.031093244017363592,19.0
2018-10-05 18:30:00,0.13817442675283215,0.031082184641313713,19.0
2018-10-05 19:00:00,0.13810215210562454,0.031071125265263837,19.0
2018-10-05 19:30:00,0.13802987745841694,0.03106006588921396,19.0
2018-10-05 20:00:00,0.13795760281120933,0.031049006513164085,19.0
2018-10-05 20:30:00,0.1378853281640017,0.031037947137114205,19.0
2018-10-05 21:00:00,0.1378130535167941,0.03102688776106433,19.0
2018-10-05 21:30:00,0.1377407788695865,0.031015828385014453,19.0
2018-10-05 22:00:00,0.13766850422237886,0.031004769008964574,19.0
2018-10-05 22:30:00,0.13759622957517126,0.030993709632914698,19.0
2018-10-05 23:00:00,0.13752395492796365,0.03098265025686482,19.0
2018-10-05 23:30:00,0.13745168028075602,0.030971590880814942,19.0
2018-10-06 00:00:00,0.13737940563354842,0.030960531504765066,19.0
2018-10-06 00:30:00,0.13730713098634081,0.03094947212871519,19.0
2018-10-06 01:00:00,0.1372348563391332,0.030938412752665314,19.0
2018-10-06 01:30:00,0.13716258169192558,0.030927353376615434,19.0
2018-10-06 02:00:00,0.13709030704471797,0.03091629400056556,19.0
2018-10-06 02:30:00,0.13701896557543494,0.03091630456980162,19.0
2018-10-06 03:00:00,0.1369476241061519,0.030916315139037687,19.0
2018-10-06 03:30:00,0.13687628263686888,0.03091632570827375,19.0
2018-10-06 04:00:00,0.13680494116758585,0.030916336277509816,19.0
2018-10-06 04:30:00,0.13673359969830282,0.03091634684674588,19.0
2018-10-06 05:00:00,0.13666225822901978,0.030916357415981945,19.0
2018-10-06 05:30:00,0.13659091675973675,0.030916367985218008,19.0
2018-10-06 06:00:00,0.13651957529045372,0.030916378554454074,19.0
2018-10-06 06:30:00,0.1364482338211707,0.030916389123690137,19.0
2018-10-06 07:00:00,0.13637689235188766,0.030916399692926203,19.0
2018-10-06 07:30:00,0.13630555088260463,0.030916410262162266,19.0
2018-10-06 08:00:00,0.1362342094133216,0.030916420831398332,19.0
2018-10-06 08:30:00,0.13616286794403853,0.030916431400634395,19.0
2018-10-06 09:00:00,0.1360915264747555,0.030916441969870458,19.0
2018-10-06 09:30:00,0.13602018500547247,0.030916452539106524,19.0
2018-10-06 10:00:00,0.13594884353618944,0.030916463108342587,19.0
2018-10-06 10:30:00,0.1358775020669064,0.030916473677578653,19.0
2018-10-06 11:00:00,0.13580616059762338,0.030916484246814716,19.0
2018-10-06 11:30:00,0.13573481912834034,0.03091649481605078,19.0
2018-10-06 12:00:00,0.1356634776590573,0.030916505385286844,19.0
2018-10-06 12:30:00,0.13559213618977428,0.03091651595452291,19.0
2018-10-06 13:00:00,0.13552079472049125,0.030916526523758973,19.0
2018-10-06 13:30:00,0.13544945325120822,0.03091653709299504,19.0
2018-10-06 14:00:00,0.1353781117819252,0.030916547662231102,19.0
2018-10-06 14:30:00,0.13530382912478917,0.03091937929806301,19.0
2018-10-06 15:00:00,0.13522954646765314,0.03092221093389491,19.0
2018-10-06 15:30:00,0.13515526381051712,0.030925042569726818,19.0
2018-10-06 16:00:00,0.1350809811533811,0.03092787420555872,19.0
2018-10-06 16:30:00,0.13500669849624508,0.030930705841390627,19.0
2018-10-06 17:00:00,0.1349324158391091,0.030933537477222533,19.0
2018-10-06 17:30:00,0.13485813318197307,0.030936369113054436,19.0
2018-10-06 18:00:00,0.13478385052483705,0.030939200748886342,19.0
2018-10-06 18:30:00,0.13470956786770102,0.030942032384718245,19.0
2018-10-06 19:00:00,0.134635285210565,0.03094486402055015,19.0
2018-10-06 19:30:00,0.13456100255342898,0.030947695656382054,19.0
2018-10-06 20:00:00,0.13448671989629296,0.03095052729221396,19.0
2018-10-06 20:30:00,0.13441243723915694,0.030953358928045866,19.0
2018-10-06 21:00:00,0.13433815458202092,0.03095619056387777,19.0
2018-10-06 21:30:00,0.1342638719248849,0.030959022199709675,19.0
2018-10-06 22:00:00,0.13418958926774888,0.030961853835541578,19.0
2018-10-06 22:30:00,0.13411530661061286,0.030964685471373484,19.0
2018-10-06 23:00:00,0.13404102395347686,0.03096751710720539,19.0
2018-10-06 23:30:00,0.13396674129634084,0.030970348743037293,19.0
2018-10-07 00:00:00,0.13389245863920482,0.0309731803788692,19.0
2018-10-07 00:30:00,0.1338181759820688,0.030976012014701102,19.0
2018-10-07 01:00:00,0.13374389332493278,0.03097884365053301,19.0
2018-10-07 01:30:00,0.13366961066779676,0.03098167528636491,19.0
2018-10-07 02:00:00,0.13359532801066074,0.030984506922196817,19.0
2018-10-07 02:30:00,0.13355242352141874,0.030991573601337526,19.0
2018-10-07 03:00:00,0.13350951903217675,0.03099864028047824,19.0
2018-10-07 03:30:00,0.13346661454293476,0.031005706959618948,19.0
2018-10-07 04:00:00,0.13342371005369277,0.03101277363875966,19.0
2018-10-07 04:30:00,0.13338080556445078,0.03101984031790037,19.0
2018-10-07 05:00:00,0.1333379010752088,0.03102690699704108,19.0
2018-10-07 05:30:00,0.1332949965859668,0.03103397367618179,19.0
2018-10-07 06:00:00,0.1332520920967248,0.031041040355322503,19.0
2018-10-07 06:30:00,0.13320918760748282,0.031048107034463212,19.0
2018-10-07 07:00:00,0.13316628311824083,0.031055173713603924,19.0
2018-10-07 07:30:00,0.13312337862899884,0.031062240392744633,19.0
2018-10-07 08:00:00,0.13308047413975688,0.031069307071885342,19.0
2018-10-07 08:30:00,0.1330375696505149,0.031076373751026055,19.0
2018-10-07 09:00:00,0.1329946651612729,0.031083440430166764,19.0
2018-10-07 09:30:00,0.1329517606720309,0.031090507109307476,19.0
2018-10-07 10:00:00,0.13290885618278891,0.031097573788448185,19.0
2018-10-07 10:30:00,0.13286595169354692,0.031104640467588898,19.0
2018-10-07 11:00:00,0.13282304720430493,0.031111707146729606,19.0
2018-10-07 11:30:00,0.13278014271506294,0.03111877382587032,19.0
2018-10-07 12:00:00,0.13273723822582095,0.031125840505011028,19.0
2018-10-07 12:30:00,0.13269433373657896,0.03113290718415174,19.0
2018-10-07 13:00:00,0.13265142924733697,0.03113997386329245,19.0
2018-10-07 13:30:00,0.13260852475809498,0.03114704054243316,19.0
2018-10-07 14:00:00,0.132565620268853,0.03115410722157387,19.0
2018-10-07 14:30:00,0.13249990079737234,0.031153248315135756,19.0
2018-10-07 15:00:00,0.13243418132589171,0.03115238940869764,19.0
2018-10-07 15:30:00,0.1323684618544111,0.031151530502259526,19.0
2018-10-07 16:00:00,0.13230274238293044,0.03115067159582141,19.0
2018-10-07 16:30:00,0.1322370229114498,0.0311498126893833,19.0
2018-10-07 17:00:00,0.13217130343996916,0.031148953782945184,19.0
2018-10-07 17:30:00,0.13210558396848854,0.03114809487650707,19.0
2018-10-07 18:00:00,0.13203986449700789,0.031147235970068955,19.0
2018-10-07 18:30:00,0.13197414502552723,0.03114637706363084,19.0
2018-10-07 19:00:00,0.1319084255540466,0.031145518157192725,19.0
2018-10-07 19:30:00,0.13184270608256599,0.03114465925075461,19.0
2018-10-07 20:00:00,0.13177698661108533,0.031143800344316498,19.0
2018-10-07 20:30:00,0.13171126713960468,0.031142941437878383,19.0
2018-10-07 21:00:00,0.13164554766812406,0.03114208253144027,19.0
2018-10-07 21:30:00,0.13157982819664343,0.031141223625002153,19.0
2018-10-07 22:00:00,0.13151410872516278,0.03114036471856404,19.0
2018-10-07 22:30:00,0.13144838925368213,0.031139505812125923,19.0
2018-10-07 23:00:00,0.1313826697822015,0.03113864690568781,19.0
2018-10-07 23:30:00,0.13131695031072088,0.031137787999249694,19.0
2018-10-08 00:00:00,0.13125123083924023,0.03113692909281158,19.0
2018-10-08 00:30:00,0.13118551136775958,0.031136070186373467,19.0
2018-10-08 01:00:00,0.13111979189627895,0.031135211279935352,19.0
2018-10-08 01:30:00,0.13105407242479833,0.031134352373497237,19.0
2018-10-08 02:00:00,0.13098835295331768,0.031133493467059122,19.0
2018-10-08 02:30:00,0.13095871037867945,0.03113234109476133,19.0
2018-10-08 03:00:00,0.1309290678040412,0.03113118872246354,19.0
2018-10-08 03:30:00,0.13089942522940298,0.03113003635016575,19.0
2018-10-08 04:00:00,0.13086978265476476,0.031128883977867956,19.0
2018-10-08 04:30:00,0.13084014008012654,0.031127731605570166,19.0
2018-10-08 05:00:00,0.1308104975054883,0.031126579233272375,19.0
2018-10-08 05:30:00,0.13078085493085007,0.031125426860974584,19.0
2018-10-08 06:00:00,0.13075121235621184,0.031124274488676794,19.0
2018-10-08 06:30:00,0.1307215697815736,0.031123122116379003,19.0
2018-10-08 07:00:00,0.13069192720693537,0.031121969744081213,19.0
2018-10-08 07:30:00,0.13066228463229715,0.031120817371783422,19.0
2018-10-08 08:00:00,0.13063264205765893,0.03111966499948563,19.0
2018-10-08 08:30:00,0.13060299948302068,0.031118512627187837,19.0
2018-10-08 09:00:00,0.13057335690838245,0.031117360254890047,19.0
2018-10-08 09:30:00,0.13054371433374423,0.031116207882592256,19.0
2018-10-08 10:00:00,0.13051407175910598,0.031115055510294466,19.0
2018-10-08 10:30:00,0.13048442918446776,0.031113903137996675,19.0
2018-10-08 11:00:00,0.13045478660982954,0.031112750765698884,19.0
2018-10-08 11:30:00,0.1304251440351913,0.031111598393401094,19.0
2018-10-08 12:00:00,0.13039550146055306,0.0311104460211033,19.0
2018-10-08 12:30:00,0.13036585888591484,0.03110929364880551,19.0
2018-10-08 13:00:00,0.13033621631127662,0.03110814127650772,19.0
2018-10-08 13:30:00,0.13030657373663837,0.031106988904209928,19.0
2018-10-08 14:00:00,0.13027693116200015,0.031105836531912137,19.0
2018-10-08 14:30:00,0.13023939135528814,0.03109789473070971,19.0
2018-10-08 15:00:00,0.13020185154857616,0.03108995292950728,19.0
2018-10-08 15:30:00,0.13016431174186416,0.031082011128304853,19.0
2018-10-08 16:00:00,0.13012677193515218,0.031074069327102428,19.0
2018-10-08 16:30:00,0.13008923212844017,0.0310661275259,19.0
2018-10-08 17:00:00,0.1300516923217282,0.03105818572469757,19.0
2018-10-08 17:30:00,0.1300141525150162,0.031050243923495143,19.0
2018-10-08 18:00:00,0.1299766127083042,0.031042302122292715,19.0
2018-10-08 18:30:00,0.1299390729015922,0.031034360321090287,19.0
2018-10-08 19:00:00,0.12990153309488023,0.031026418519887862,19.0
2018-10-08 19:30:00,0.12986399328816822,0.031018476718685434,19.0
2018-10-08 20:00:00,0.12982645348145622,0.031010534917483006,19.0
2018-10-08 20:30:00,0.12978891367474424,0.031002593116280577,19.0
2018-10-08 21:00:00,0.12975137386803223,0.03099465131507815,19.0
2018-10-08 21:30:00,0.12971383406132025,0.03098670951387572,19.0
2018-10-08 22:00:00,0.12967629425460825,0.030978767712673296,19.0
2018-10-08 22:30:00,0.12963875444789627,0.030970825911470868,19.0
2018-10-08 23:00:00,0.12960121464118426,0.03096288411026844,19.0
2018-10-08 23:30:00,0.1295636748344723,0.03095494230906601,19.0
2018-10-09 00:00:00,0.12952613502776028,0.030947000507863583,19.0
2018-10-09 00:30:00,0.1294885952210483,0.030939058706661155,19.0
2018-10-09 01:00:00,0.1294510554143363,0.03093111690545873,19.0
2018-10-09 01:30:00,0.12941351560762432,0.030923175104256302,19.0
2018-10-09 02:00:00,0.1293759758009123,0.030915233303053874,19.0
2018-10-09 02:30:00,0.1293635025276231,0.030916421603217118,19.0
2018-10-09 03:00:00,0.1293510292543339,0.030917609903380362,19.0
2018-10-09 03:30:00,0.1293385559810447,0.030918798203543606,19.0
2018-10-09 04:00:00,0.1293260827077555,0.03091998650370685,19.0
2018-10-09 04:30:00,0.1293136094344663,0.030921174803870095,19.0
2018-10-09 05:00:00,0.12930113616117708,0.03092236310403334,19.0
2018-10-09 05:30:00,0.12928866288788787,0.03092355140419658,19.0
2018-10-09 06:00:00,0.1292761896145987,0.030924739704359824,19.0
2018-10-09 06:30:00,0.12926371634130948,0.030925928004523068,19.0
2018-10-09 07:00:00,0.12925124306802027,0.030927116304686312,19.0
2018-10-09 07:30:00,0.12923876979473106,0.030928304604849556,19.0
2018-10-09 08:00:00,0.12922629652144185,0.0309294929050128,19.0
2018-10-09 08:30:00,0.12921382324815267,0.030930681205176044,19.0
2018-10-09 09:00:00,0.12920134997486346,0.03093186950533929,19.0
2018-10-09 09:30:00,0.12918887670157425,0.030933057805502533,19.0
2018-10-09 10:00:00,0.12917640342828504,0.030934246105665777,19.0
2018-10-09 10:30:00,0.12916393015499586,0.03093543440582902,19.0
2018-10-09 11:00:00,0.12915145688170665,0.030936622705992265,19.0
2018-10-09 11:30:00,0.12913898360841744,0.030937811006155506,19.0
2018-10-09 12:00:00,0.12912651033512823,0.03093899930631875,19.0
2018-10-09 12:30:00,0.12911403706183902,0.030940187606481994,19.0
2018-10-09 13:00:00,0.12910156378854984,0.030941375906645238,19.0
2018-10-09 13:30:00,0.12908909051526063,0.030942564206808482,19.0
2018-10-09 14:00:00,0.12907661724197142,0.030943752506971726,19.0
2018-10-09 14:30:00,0.1290272573017876,0.030938901236031643,19.0
2018-10-09 15:00:00,0.1289778973616038,0.03093404996509156,19.0
2018-10-09 15:30:00,0.12892853742142,0.030929198694151477,19.0
2018-10-09 16:00:00,0.1288791774812362,0.030924347423211394,19.0
2018-10-09 16:30:00,0.12882981754105238,0.03091949615227131,19.0
2018-10-09 17:00:00,0.1287804576008686,0.03091464488133123,19.0
2018-10-09 17:30:00,0.12873109766068477,0.03090979361039115,19.0
2018-10-09 18:00:00,0.12868173772050098,0.030904942339451066,19.0
2018-10-09 18:30:00,0.12863237778031716,0.030900091068510983,19.0
2018-10-09 19:00:00,0.12858301784013337,0.0308952397975709,19.0
2018-10-09 19:30:00,0.12853365789994955,0.030890388526630817,19.0
2018-10-09 20:00:00,0.12848429795976574,0.030885537255690734,19.0
2018-10-09 20:30:00,0.12843493801958195,0.03088068598475065,19.0
2018-10-09 21:00:00,0.12838557807939813,0.030875834713810568,19.0
2018-10-09 21:30:00,0.12833621813921434,0.030870983442870484,19.0
2018-10-09 22:00:00,0.12828685819903052,0.0308661321719304,19.0
2018-10-09 22:30:00,0.12823749825884673,0.03086128090099032,19.0
2018-10-09 23:00:00,0.1281881383186629,0.030856429630050235,19.0
2018-10-09 23:30:00,0.12813877837847912,0.030851578359110156,19.0
2018-10-10 00:00:00,0.1280894184382953,0.030846727088170073,19.0
2018-10-10 00:30:00,0.1280400584981115,0.03084187581722999,19.0
2018-10-10 01:00:00,0.1279906985579277,0.030837024546289907,19.0
2018-10-10 01:30:00,0.1279413386177439,0.030832173275349824,19.0
2018-10-10 02:00:00,0.12789197867756008,0.03082732200440974,19.0
2018-10-10 02:30:00,0.1278552658748551,0.030826248050080142,19.0
2018-10-10 03:00:00,0.12781855307215012,0.030825174095750543,19.0
2018-10-10 03:30:00,0.1277818402694451,0.030824100141420945,19.0
2018-10-10 04:00:00,0.12774512746674013,0.030823026187091346,19.0
2018-10-10 04:30:00,0.12770841466403515,0.030821952232761747,19.0
2018-10-10 05:00:00,0.12767170186133017,0.03082087827843215,19.0
2018-10-10 05:30:00,0.1276349890586252,0.03081980432410255,19.0
2018-10-10 06:00:00,0.12759827625592018,0.03081873036977295,19.0
2018-10-10 06:30:00,0.1275615634532152,0.030817656415443352,19.0
2018-10-10 07:00:00,0.12752485065051022,0.030816582461113753,19.0
2018-10-10 07:30:00,0.12748813784780524,0.030815508506784155,19.0
2018-10-10 08:00:00,0.12745142504510026,0.030814434552454553,19.0
2018-10-10 08:30:00,0.12741471224239526,0.030813360598124954,19.0
2018-10-10 09:00:00,0.12737799943969028,0.030812286643795355,19.0
2018-10-10 09:30:00,0.1273412866369853,0.030811212689465756,19.0
2018-10-10 10:00:00,0.12730457383428032,0.030810138735136158,19.0
2018-10-10 10:30:00,0.1272678610315753,0.03080906478080656,19.0
2018-10-10 11:00:00,0.12723114822887033,0.03080799082647696,19.0
2018-10-10 11:30:00,0.12719443542616535,0.03080691687214736,19.0
2018-10-10 12:00:00,0.12715772262346037,0.030805842917817763,19.0
2018-10-10 12:30:00,0.1271210098207554,0.030804768963488164,19.0
2018-10-10 13:00:00,0.12708429701805038,0.030803695009158565,19.0
2018-10-10 13:30:00,0.1270475842153454,0.030802621054828967,19.0
2018-10-10 14:00:00,0.12701087141264042,0.030801547100499368,19.0
2018-10-10 14:30:00,0.1269629264847985,0.03080086963938145,19.0
2018-10-10 15:00:00,0.1269149815569566,0.030800192178263526,19.0
2018-10-10 15:30:00,0.1268670366291147,0.030799514717145607,19.0
2018-10-10 16:00:00,0.12681909170127278,0.030798837256027688,19.0
2018-10-10 16:30:00,0.12677114677343088,0.03079815979490977,19.0
2018-10-10 17:00:00,0.12672320184558897,0.030797482333791846,19.0
2018-10-10 17:30:00,0.12667525691774706,0.030796804872673927,19.0
2018-10-10 18:00:00,0.12662731198990515,0.030796127411556008,19.0
2018-10-10 18:30:00,0.12657936706206324,0.030795449950438085,19.0
2018-10-10 19:00:00,0.12653142213422133,0.030794772489320166,19.0
2018-10-10 19:30:00,0.12648347720637942,0.030794095028202247,19.0
2018-10-10 20:00:00,0.12643553227853754,0.030793417567084327,19.0
2018-10-10 20:30:00,0.12638758735069563,0.030792740105966405,19.0
2018-10-10 21:00:00,0.12633964242285373,0.030792062644848486,19.0
2018-10-10 21:30:00,0.12629169749501182,0.030791385183730566,19.0
2018-10-10 22:00:00,0.1262437525671699,0.030790707722612644,19.0
2018-10-10 22:30:00,0.126195807639328,0.030790030261494725,19.0
2018-10-10 23:00:00,0.1261478627114861,0.030789352800376805,19.0
2018-10-10 23:30:00,0.12609991778364418,0.030788675339258883,19.0
2018-10-11 00:00:00,0.12605197285580227,0.030787997878140964,19.0
2018-10-11 00:30:00,0.12600402792796037,0.030787320417023045,19.0
2018-10-11 01:00:00,0.12595608300011846,0.030786642955905125,19.0
2018-10-11 01:30:00,0.12590813807227655,0.030785965494787203,19.0
2018-10-11 02:00:00,0.12586019314443464,0.030785288033669284,19.0
2018-10-11 02:30:00,0.1258605437135381,0.03079571601983661,19.0
2018-10-11 03:00:00,0.1258608942826416,0.030806144006003934,19.0
2018-10-11 03:30:00,0.12586124485174507,0.03081657199217126,19.0
2018-10-11 04:00:00,0.12586159542084857,0.030826999978338588,19.0
2018-10-11 04:30:00,0.12586194598995204,0.030837427964505913,19.0
2018-10-11 05:00:00,0.12586229655905554,0.03084785595067324,19.0
2018-10-11 05:30:00,0.125862647128159,0.030858283936840564,19.0
2018-10-11 06:00:00,0.1258629976972625,0.03086871192300789,19.0
2018-10-11 06:30:00,0.12586334826636597,0.030879139909175214,19.0
2018-10-11 07:00:00,0.12586369883546947,0.030889567895342543,19.0
2018-10-11 07:30:00,0.12586404940457294,0.030899995881509868,19.0
2018-10-11 08:00:00,0.12586439997367643,0.030910423867677193,19.0
2018-10-11 08:30:00,0.1258647505427799,0.03092085185384452,19.0
2018-10-11 09:00:00,0.12586510111188337,0.030931279840011844,19.0
2018-10-11 09:30:00,0.12586545168098687,0.03094170782617917,19.0
2018-10-11 10:00:00,0.12586580225009034,0.030952135812346498,19.0
2018-10-11 10:30:00,0.12586615281919383,0.030962563798513823,19.0
2018-10-11 11:00:00,0.1258665033882973,0.030972991784681148,19.0
2018-10-11 11:30:00,0.1258668539574008,0.030983419770848473,19.0
2018-10-11 12:00:00,0.12586720452650427,0.0309938477570158,19.0
2018-10-11 12:30:00,0.12586755509560776,0.031004275743183124,19.0
2018-10-11 13:00:00,0.12586790566471123,0.031014703729350453,19.0
2018-10-11 13:30:00,0.12586825623381473,0.031025131715517778,19.0
2018-10-11 14:00:00,0.1258686068029182,0.031035559701685103,19.0
2018-10-11 14:30:00,0.12581702401187306,0.031032884531968546,19.0
2018-10-11 15:00:00,0.12576544122082792,0.03103020936225199,19.0
2018-10-11 15:30:00,0.12571385842978275,0.03102753419253543,19.0
2018-10-11 16:00:00,0.1256622756387376,0.031024859022818874,19.0
2018-10-11 16:30:00,0.12561069284769247,0.031022183853102316,19.0
2018-10-11 17:00:00,0.12555911005664733,0.03101950868338576,19.0
2018-10-11 17:30:00,0.12550752726560216,0.0310168335136692,19.0
2018-10-11 18:00:00,0.12545594447455702,0.031014158343952644,19.0
2018-10-11 18:30:00,0.12540436168351188,0.031011483174236087,19.0
2018-10-11 19:00:00,0.12535277889246674,0.03100880800451953,19.0
2018-10-11 19:30:00,0.12530119610142157,0.031006132834802972,19.0
2018-10-11 20:00:00,0.12524961331037643,0.031003457665086415,19.0
2018-10-11 20:30:00,0.1251980305193313,0.031000782495369857,19.0
2018-10-11 21:00:00,0.12514644772828615,0.0309981073256533,19.0
2018-10-11 21:30:00,0.125094864937241,0.030995432155936743,19.0
2018-10-11 22:00:00,0.12504328214619584,0.030992756986220185,19.0
2018-10-11 22:30:00,0.1249916993551507,0.030990081816503628,19.0
2018-10-11 23:00:00,0.12494011656410556,0.03098740664678707,19.0
2018-10-11 23:30:00,0.1248885337730604,0.030984731477070513,19.0
2018-10-12 00:00:00,0.12483695098201526,0.030982056307353956,19.0
2018-10-12 00:30:00,0.12478536819097011,0.0309793811376374,19.0
2018-10-12 01:00:00,0.12473378539992497,0.03097670596792084,19.0
2018-10-12 01:30:00,0.12468220260887981,0.030974030798204284,19.0
2018-10-12 02:00:00,0.12463061981783467,0.030971355628487726,19.0
2018-10-12 02:30:00,0.12461671295681669,0.030974589459200775,19.0
2018-10-12 03:00:00,0.1246028060957987,0.030977823289913827,19.0
2018-10-12 03:30:00,0.12458889923478071,0.030981057120626876,19.0
2018-10-12 04:00:00,0.12457499237376274,0.030984290951339925,19.0
2018-10-12 04:30:00,0.12456108551274475,0.030987524782052977,19.0
2018-10-12 05:00:00,0.12454717865172676,0.030990758612766026,19.0
2018-10-12 05:30:00,0.12453327179070878,0.030993992443479074,19.0
2018-10-12 06:00:00,0.12451936492969079,0.030997226274192127,19.0
2018-10-12 06:30:00,0.1245054580686728,0.031000460104905175,19.0
2018-10-12 07:00:00,0.12449155120765483,0.031003693935618224,19.0
2018-10-12 07:30:00,0.12447764434663684,0.031006927766331276,19.0
2018-10-12 08:00:00,0.12446373748561886,0.031010161597044325,19.0
2018-10-12 08:30:00,0.12444983062460087,0.031013395427757374,19.0
2018-10-12 09:00:00,0.12443592376358288,0.031016629258470426,19.0
2018-10-12 09:30:00,0.1244220169025649,0.031019863089183475,19.0
2018-10-12 10:00:00,0.12440811004154692,0.031023096919896524,19.0
2018-10-12 10:30:00,0.12439420318052893,0.031026330750609576,19.0
2018-10-12 11:00:00,0.12438029631951095,0.031029564581322625,19.0
2018-10-12 11:30:00,0.12436638945849296,0.031032798412035673,19.0
2018-10-12 12:00:00,0.12435248259747497,0.031036032242748725,19.0
2018-10-12 12:30:00,0.12433857573645699,0.031039266073461774,19.0
2018-10-12 13:00:00,0.12432466887543901,0.031042499904174823,19.0
2018-10-12 13:30:00,0.12431076201442103,0.031045733734887875,19.0
2018-10-12 14:00:00,0.12429685515340304,0.031048967565600924,19.0
2018-10-12 14:30:00,0.12425297370423533,0.031041434368005407,19.0
2018-10-12 15:00:00,0.12420909225506763,0.03103390117040989,19.0
2018-10-12 15:30:00,0.12416521080589991,0.031026367972814373,19.0
2018-10-12 16:00:00,0.1241213293567322,0.031018834775218856,19.0
2018-10-12 16:30:00,0.1240774479075645,0.031011301577623336,19.0
2018-10-12 17:00:00,0.12403356645839679,0.03100376838002782,19.0
2018-10-12 17:30:00,0.12398968500922909,0.030996235182432302,19.0
2018-10-12 18:00:00,0.12394580356006138,0.030988701984836785,19.0
2018-10-12 18:30:00,0.12390192211089367,0.03098116878724127,19.0
2018-10-12 19:00:00,0.12385804066172597,0.03097363558964575,19.0
2018-10-12 19:30:00,0.12381415921255826,0.030966102392050235,19.0
2018-10-12 20:00:00,0.12377027776339056,0.030958569194454715,19.0
2018-10-12 20:30:00,0.12372639631422284,0.030951035996859198,19.0
2018-10-12 21:00:00,0.12368251486505513,0.03094350279926368,19.0
2018-10-12 21:30:00,0.12363863341588743,0.030935969601668164,19.0
2018-10-12 22:00:00,0.12359475196671972,0.030928436404072647,19.0
2018-10-12 22:30:00,0.12355087051755201,0.03092090320647713,19.0
2018-10-12 23:00:00,0.12350698906838431,0.030913370008881613,19.0
2018-10-12 23:30:00,0.1234631076192166,0.030905836811286096,19.0
2018-10-13 00:00:00,0.12341922617004888,0.03089830361369058,19.0
2018-10-13 00:30:00,0.12337534472088119,0.03089077041609506,19.0
2018-10-13 01:00:00,0.12333146327171347,0.030883237218499542,19.0
2018-10-13 01:30:00,0.12328758182254577,0.030875704020904025,19.0
2018-10-13 02:00:00,0.12324370037337806,0.03086817082330851,19.0
2018-10-13 02:30:00,0.12321693179151189,0.030868501183799694,19.0
2018-10-13 03:00:00,0.12319016320964572,0.03086883154429088,19.0
2018-10-13 03:30:00,0.12316339462777955,0.030869161904782064,19.0
2018-10-13 04:00:00,0.12313662604591337,0.03086949226527325,19.0
2018-10-13 04:30:00,0.12310985746404719,0.030869822625764435,19.0
2018-10-13 05:00:00,0.12308308888218103,0.03087015298625562,19.0
2018-10-13 05:30:00,0.12305632030031485,0.030870483346746802,19.0
2018-10-13 06:00:00,0.12302955171844868,0.030870813707237987,19.0
2018-10-13 06:30:00,0.12300278313658251,0.030871144067729173,19.0
2018-10-13 07:00:00,0.12297601455471634,0.030871474428220358,19.0
2018-10-13 07:30:00,0.12294924597285016,0.030871804788711543,19.0
2018-10-13 08:00:00,0.122922477390984,0.03087213514920273,19.0
2018-10-13 08:30:00,0.12289570880911782,0.030872465509693914,19.0
2018-10-13 09:00:00,0.12286894022725164,0.0308727958701851,19.0
2018-10-13 09:30:00,0.12284217164538547,0.030873126230676284,19.0
2018-10-13 10:00:00,0.1228154030635193,0.03087345659116747,19.0
2018-10-13 10:30:00,0.12278863448165313,0.030873786951658655,19.0
2018-10-13 11:00:00,0.12276186589978695,0.03087411731214984,19.0
2018-10-13 11:30:00,0.12273509731792079,0.030874447672641022,19.0
2018-10-13 12:00:00,0.12270832873605461,0.030874778033132207,19.0
2018-10-13 12:30:00,0.12268156015418843,0.030875108393623393,19.0
2018-10-13 13:00:00,0.12265479157232226,0.030875438754114578,19.0
2018-10-13 13:30:00,0.1226280229904561,0.030875769114605763,19.0
2018-10-13 14:00:00,0.12260125440858992,0.03087609947509695,19.0
2018-10-13 14:30:00,0.12254923173516172,0.03087794443914214,19.0
2018-10-13 15:00:00,0.12249720906173352,0.03087978940318733,19.0
2018-10-13 15:30:00,0.12244518638830532,0.03088163436723252,19.0
2018-10-13 16:00:00,0.12239316371487712,0.030883479331277712,19.0
2018-10-13 16:30:00,0.12234114104144891,0.0308853242953229,19.0
2018-10-13 17:00:00,0.12228911836802073,0.030887169259368092,19.0
2018-10-13 17:30:00,0.12223709569459253,0.03088901422341328,19.0
2018-10-13 18:00:00,0.12218507302116433,0.030890859187458472,19.0
2018-10-13 18:30:00,0.12213305034773612,0.030892704151503664,19.0
2018-10-13 19:00:00,0.12208102767430792,0.030894549115548852,19.0
2018-10-13 19:30:00,0.12202900500087972,0.030896394079594044,19.0
2018-10-13 20:00:00,0.12197698232745152,0.030898239043639232,19.0
2018-10-13 20:30:00,0.12192495965402332,0.030900084007684424,19.0
2018-10-13 21:00:00,0.12187293698059512,0.030901928971729616,19.0
2018-10-13 21:30:00,0.12182091430716692,0.030903773935774804,19.0
2018-10-13 22:00:00,0.12176889163373872,0.030905618899819996,19.0
2018-10-13 22:30:00,0.12171686896031052,0.030907463863865187,19.0
2018-10-13 23:00:00,0.12166484628688233,0.030909308827910376,19.0
2018-10-13 23:30:00,0.12161282361345413,0.030911153791955567,19.0
2018-10-14 00:00:00,0.12156080094002593,0.03091299875600076,19.0
2018-10-14 00:30:00,0.12150877826659773,0.030914843720045947,19.0
2018-10-14 01:00:00,0.12145675559316953,0.03091668868409114,19.0
2018-10-14 01:30:00,0.12140473291974133,0.030918533648136327,19.0
2018-10-14 02:00:00,0.12135271024631313,0.03092037861218152,19.0
2018-10-14 02:30:00,0.12133271796010897,0.030927136356957624,19.0
2018-10-14 03:00:00,0.12131272567390483,0.030933894101733733,19.0
2018-10-14 03:30:00,0.12129273338770068,0.030940651846509837,19.0
2018-10-14 04:00:00,0.12127274110149652,0.030947409591285942,19.0
2018-10-14 04:30:00,0.12125274881529238,0.03095416733606205,19.0
2018-10-14 05:00:00,0.12123275652908823,0.030960925080838156,19.0
2018-10-14 05:30:00,0.12121276424288409,0.03096768282561426,19.0
2018-10-14 06:00:00,0.12119277195667993,0.03097444057039037,19.0
2018-10-14 06:30:00,0.12117277967047578,0.030981198315166474,19.0
2018-10-14 07:00:00,0.12115278738427164,0.03098795605994258,19.0
2018-10-14 07:30:00,0.12113279509806749,0.030994713804718688,19.0
2018-10-14 08:00:00,0.12111280281186335,0.031001471549494793,19.0
2018-10-14 08:30:00,0.12109281052565919,0.031008229294270898,19.0
2018-10-14 09:00:00,0.12107281823945504,0.031014987039047006,19.0
2018-10-14 09:30:00,0.1210528259532509,0.03102174478382311,19.0
2018-10-14 10:00:00,0.12103283366704674,0.031028502528599216,19.0
2018-10-14 10:30:00,0.12101284138084259,0.031035260273375324,19.0
2018-10-14 11:00:00,0.12099284909463845,0.03104201801815143,19.0
2018-10-14 11:30:00,0.1209728568084343,0.031048775762927534,19.0
2018-10-14 12:00:00,0.12095286452223014,0.031055533507703643,19.0
2018-10-14 12:30:00,0.120932872236026,0.031062291252479748,19.0
2018-10-14 13:00:00,0.12091287994982185,0.031069048997255853,19.0
2018-10-14 13:30:00,0.1208928876636177,0.03107580674203196,19.0
2018-10-14 14:00:00,0.12087289537741355,0.031082564486808066,19.0
2018-10-14 14:30:00,0.1208146581438594,0.031082282909319525,19.0
2018-10-14 15:00:00,0.12075642091030525,0.031082001331830984,19.0
2018-10-14 15:30:00,0.12069818367675109,0.031081719754342443,19.0
2018-10-14 16:00:00,0.12063994644319694,0.031081438176853902,19.0
2018-10-14 16:30:00,0.12058170920964278,0.031081156599365365,19.0
2018-10-14 17:00:00,0.12052347197608862,0.031080875021876824,19.0
2018-10-14 17:30:00,0.12046523474253447,0.031080593444388283,19.0
2018-10-14 18:00:00,0.12040699750898032,0.031080311866899742,19.0
2018-10-14 18:30:00,0.12034876027542617,0.0310800302894112,19.0
2018-10-14 19:00:00,0.12029052304187202,0.03107974871192266,19.0
2018-10-14 19:30:00,0.12023228580831785,0.03107946713443412,19.0
2018-10-14 20:00:00,0.1201740485747637,0.031079185556945582,19.0
2018-10-14 20:30:00,0.12011581134120955,0.03107890397945704,19.0
2018-10-14 21:00:00,0.12005757410765538,0.0310786224019685,19.0
2018-10-14 21:30:00,0.11999933687410123,0.03107834082447996,19.0
2018-10-14 22:00:00,0.11994109964054708,0.03107805924699142,19.0
2018-10-14 22:30:00,0.11988286240699293,0.031077777669502878,19.0
2018-10-14 23:00:00,0.11982462517343878,0.031077496092014337,19.0
2018-10-14 23:30:00,0.11976638793988462,0.031077214514525796,19.0
2018-10-15 00:00:00,0.11970815070633047,0.031076932937037255,19.0
2018-10-15 00:30:00,0.11964991347277631,0.031076651359548717,19.0
2018-10-15 01:00:00,0.11959167623922215,0.031076369782060177,19.0
2018-10-15 01:30:00,0.119533439005668,0.031076088204571636,19.0
2018-10-15 02:00:00,0.11947520177211385,0.031075806627083095,19.0
2018-10-15 02:30:00,0.11945169921486361,0.03107675929213682,19.0
2018-10-15 03:00:00,0.11942819665761337,0.031077711957190546,19.0
2018-10-15 03:30:00,0.11940469410036314,0.031078664622244272,19.0
2018-10-15 04:00:00,0.1193811915431129,0.031079617287297998,19.0
2018-10-15 04:30:00,0.11935768898586266,0.031080569952351724,19.0
2018-10-15 05:00:00,0.11933418642861243,0.031081522617405447,19.0
2018-10-15 05:30:00,0.11931068387136219,0.031082475282459172,19.0
2018-10-15 06:00:00,0.11928718131411195,0.0310834279475129,19.0
2018-10-15 06:30:00,0.11926367875686171,0.031084380612566624,19.0
2018-10-15 07:00:00,0.11924017619961147,0.03108533327762035,19.0
2018-10-15 07:30:00,0.11921667364236124,0.031086285942674076,19.0
2018-10-15 08:00:00,0.119193171085111,0.031087238607727802,19.0
2018-10-15 08:30:00,0.11916966852786076,0.031088191272781528,19.0
2018-10-15 09:00:00,0.11914616597061053,0.031089143937835254,19.0
2018-10-15 09:30:00,0.1191226634133603,0.03109009660288898,19.0
2018-10-15 10:00:00,0.11909916085611005,0.031091049267942705,19.0
2018-10-15 10:30:00,0.11907565829885981,0.03109200193299643,19.0
2018-10-15 11:00:00,0.11905215574160957,0.031092954598050154,19.0
2018-10-15 11:30:00,0.11902865318435935,0.03109390726310388,19.0
2018-10-15 12:00:00,0.1190051506271091,0.031094859928157605,19.0
2018-10-15 12:30:00,0.11898164806985886,0.03109581259321133,19.0
2018-10-15 13:00:00,0.11895814551260864,0.031096765258265057,19.0
2018-10-15 13:30:00,0.1189346429553584,0.031097717923318783,19.0
2018-10-15 14:00:00,0.11891114039810816,0.03109867058837251,19.0
2018-10-15 14:30:00,0.1188539370059844,0.031091983450491845,19.0
2018-10-15 15:00:00,0.11879673361386064,0.031085296312611185,19.0
2018-10-15 15:30:00,0.11873953022173689,0.031078609174730522,19.0
2018-10-15 16:00:00,0.11868232682961313,0.031071922036849862,19.0
2018-10-15 16:30:00,0.11862512343748938,0.0310652348989692,19.0
2018-10-15 17:00:00,0.11856792004536561,0.031058547761088538,19.0
2018-10-15 17:30:00,0.11851071665324185,0.031051860623207875,19.0
2018-10-15 18:00:00,0.1184535132611181,0.031045173485327215,19.0
2018-10-15 18:30:00,0.11839630986899434,0.03103848634744655,19.0
2018-10-15 19:00:00,0.11833910647687058,0.03103179920956589,19.0
2018-10-15 19:30:00,0.11828190308474683,0.031025112071685228,19.0
2018-10-15 20:00:00,0.11822469969262307,0.031018424933804564,19.0
2018-10-15 20:30:00,0.11816749630049932,0.031011737795923904,19.0
2018-10-15 21:00:00,0.11811029290837556,0.03100505065804324,19.0
2018-10-15 21:30:00,0.1180530895162518,0.03099836352016258,19.0
2018-10-15 22:00:00,0.11799588612412805,0.030991676382281917,19.0
2018-10-15 22:30:00,0.1179386827320043,0.030984989244401257,19.0
2018-10-15 23:00:00,0.11788147933988052,0.030978302106520594,19.0
2018-10-15 23:30:00,0.11782427594775677,0.030971614968639934,19.0
2018-10-16 00:00:00,0.11776707255563301,0.03096492783075927,19.0
2018-10-16 00:30:00,0.11770986916350926,0.03095824069287861,19.0
2018-10-16 01:00:00,0.1176526657713855,0.030951553554997947,19.0
2018-10-16 01:30:00,0.11759546237926174,0.030944866417117287,19.0
2018-10-16 02:00:00,0.11753825898713799,0.030938179279236623,19.0
2018-10-16 02:30:00,0.11753549177688098,0.030942165648175285,19.0
2018-10-16 03:00:00,0.11753272456662396,0.030946152017113947,19.0
2018-10-16 03:30:00,0.11752995735636695,0.030950138386052612,19.0
2018-10-16 04:00:00,0.11752719014610995,0.030954124754991274,19.0
2018-10-16 04:30:00,0.11752442293585293,0.030958111123929936,19.0
2018-10-16 05:00:00,0.11752165572559592,0.030962097492868598,19.0
2018-10-16 05:30:00,0.11751888851533891,0.03096608386180726,19.0
2018-10-16 06:00:00,0.11751612130508189,0.030970070230745925,19.0
2018-10-16 06:30:00,0.11751335409482488,0.030974056599684587,19.0
2018-10-16 07:00:00,0.11751058688456788,0.03097804296862325,19.0
2018-10-16 07:30:00,0.11750781967431086,0.03098202933756191,19.0
2018-10-16 08:00:00,0.11750505246405385,0.030986015706500572,19.0
2018-10-16 08:30:00,0.11750228525379684,0.030990002075439237,19.0
2018-10-16 09:00:00,0.11749951804353982,0.0309939884443779,19.0
2018-10-16 09:30:00,0.11749675083328281,0.03099797481331656,19.0
2018-10-16 10:00:00,0.11749398362302581,0.031001961182255223,19.0
2018-10-16 10:30:00,0.11749121641276879,0.031005947551193888,19.0
2018-10-16 11:00:00,0.11748844920251178,0.03100993392013255,19.0
2018-10-16 11:30:00,0.11748568199225477,0.031013920289071212,19.0
2018-10-16 12:00:00,0.11748291478199775,0.031017906658009874,19.0
2018-10-16 12:30:00,0.11748014757174075,0.031021893026948535,19.0
2018-10-16 13:00:00,0.11747738036148374,0.0310258793958872,19.0
2018-10-16 13:30:00,0.11747461315122672,0.031029865764825863,19.0
2018-10-16 14:00:00,0.11747184594096971,0.031033852133764524,19.0
2018-10-16 14:30:00,0.11742608372272767,0.03103317734253621,19.0
2018-10-16 15:00:00,0.11738032150448564,0.031032502551307895,19.0
2018-10-16 15:30:00,0.1173345592862436,0.03103182776007958,19.0
2018-10-16 16:00:00,0.11728879706800156,0.03103115296885127,19.0
2018-10-16 16:30:00,0.11724303484975954,0.031030478177622955,19.0
2018-10-16 17:00:00,0.1171972726315175,0.03102980338639464,19.0
2018-10-16 17:30:00,0.11715151041327546,0.031029128595166326,19.0
2018-10-16 18:00:00,0.11710574819503343,0.03102845380393801,19.0
2018-10-16 18:30:00,0.11705998597679139,0.031027779012709696,19.0
2018-10-16 19:00:00,0.11701422375854935,0.03102710422148138,19.0
2018-10-16 19:30:00,0.11696846154030732,0.031026429430253067,19.0
2018-10-16 20:00:00,0.11692269932206528,0.031025754639024752,19.0
2018-10-16 20:30:00,0.11687693710382324,0.03102507984779644,19.0
2018-10-16 21:00:00,0.11683117488558122,0.031024405056568127,19.0
2018-10-16 21:30:00,0.11678541266733918,0.031023730265339812,19.0
2018-10-16 22:00:00,0.11673965044909713,0.031023055474111497,19.0
2018-10-16 22:30:00,0.11669388823085511,0.031022380682883183,19.0
2018-10-16 23:00:00,0.11664812601261307,0.031021705891654868,19.0
2018-10-16 23:30:00,0.11660236379437103,0.031021031100426553,19.0
2018-10-17 00:00:00,0.116556601576129,0.031020356309198242,19.0
2018-10-17 00:30:00,0.11651083935788696,0.031019681517969928,19.0
2018-10-17 01:00:00,0.11646507713964492,0.031019006726741613,19.0
2018-10-17 01:30:00,0.1164193149214029,0.0310183319355133,19.0
2018-10-17 02:00:00,0.11637355270316085,0.031017657144284984,19.0
2018-10-17 02:30:00,0.11637696961023458,0.031024201746787456,19.0
2018-10-17 03:00:00,0.1163803865173083,0.031030746349289928,19.0
2018-10-17 03:30:00,0.11638380342438202,0.0310372909517924,19.0
2018-10-17 04:00:00,0.11638722033145575,0.031043835554294873,19.0
2018-10-17 04:30:00,0.11639063723852948,0.03105038015679734,19.0
2018-10-17 05:00:00,0.11639405414560319,0.031056924759299814,19.0
2018-10-17 05:30:00,0.11639747105267692,0.031063469361802286,19.0
2018-10-17 06:00:00,0.11640088795975065,0.031070013964304758,19.0
2018-10-17 06:30:00,0.11640430486682436,0.03107655856680723,19.0
2018-10-17 07:00:00,0.11640772177389809,0.031083103169309702,19.0
2018-10-17 07:30:00,0.11641113868097182,0.031089647771812175,19.0
2018-10-17 08:00:00,0.11641455558804555,0.031096192374314643,19.0
2018-10-17 08:30:00,0.11641797249511926,0.031102736976817116,19.0
2018-10-17 09:00:00,0.11642138940219299,0.031109281579319588,19.0
2018-10-17 09:30:00,0.11642480630926672,0.03111582618182206,19.0
2018-10-17 10:00:00,0.11642822321634043,0.031122370784324532,19.0
2018-10-17 10:30:00,0.11643164012341416,0.031128915386827005,19.0
2018-10-17 11:00:00,0.11643505703048788,0.031135459989329477,19.0
2018-10-17 11:30:00,0.1164384739375616,0.03114200459183195,19.0
2018-10-17 12:00:00,0.11644189084463533,0.03114854919433442,19.0
2018-10-17 12:30:00,0.11644530775170905,0.03115509379683689,19.0
2018-10-17 13:00:00,0.11644872465878278,0.031161638399339362,19.0
2018-10-17 13:30:00,0.1164521415658565,0.031168183001841834,19.0
2018-10-17 14:00:00,0.11645555847293022,0.031174727604344307,19.0
2018-10-17 14:30:00,0.11640617668371328,0.031169615252858465,19.0
2018-10-17 15:00:00,0.11635679489449634,0.03116450290137262,19.0
2018-10-17 15:30:00,0.1163074131052794,0.031159390549886777,19.0
2018-10-17 16:00:00,0.11625803131606244,0.03115427819840093,19.0
2018-10-17 16:30:00,0.1162086495268455,0.03114916584691509,19.0
2018-10-17 17:00:00,0.11615926773762855,0.031144053495429244,19.0
2018-10-17 17:30:00,0.11610988594841161,0.031138941143943402,19.0
2018-10-17 18:00:00,0.11606050415919467,0.031133828792457557,19.0
2018-10-17 18:30:00,0.11601112236997772,0.031128716440971715,19.0
2018-10-17 19:00:00,0.11596174058076078,0.03112360408948587,19.0
2018-10-17 19:30:00,0.11591235879154384,0.031118491738000027,19.0
2018-10-17 20:00:00,0.1158629770023269,0.031113379386514185,19.0
2018-10-17 20:30:00,0.11581359521310994,0.03110826703502834,19.0
2018-10-17 21:00:00,0.115764213423893,0.031103154683542498,19.0
2018-10-17 21:30:00,0.11571483163467605,0.031098042332056652,19.0
2018-10-17 22:00:00,0.11566544984545911,0.03109292998057081,19.0
2018-10-17 22:30:00,0.11561606805624217,0.031087817629084965,19.0
2018-10-17 23:00:00,0.11556668626702522,0.031082705277599123,19.0
2018-10-17 23:30:00,0.11551730447780828,0.031077592926113277,19.0
2018-10-18 00:00:00,0.11546792268859132,0.031072480574627435,19.0
2018-10-18 00:30:00,0.11541854089937438,0.03106736822314159,19.0
2018-10-18 01:00:00,0.11536915911015744,0.031062255871655748,19.0
2018-10-18 01:30:00,0.1153197773209405,0.031057143520169903,19.0
2018-10-18 02:00:00,0.11527039553172355,0.03105203116868406,19.0
2018-10-18 02:30:00,0.11526953183126874,0.031058062876856876,19.0
2018-10-18 03:00:00,0.11526866813081393,0.03106409458502969,19.0
2018-10-18 03:30:00,0.11526780443035911,0.031070126293202504,19.0
2018-10-18 04:00:00,0.1152669407299043,0.03107615800137532,19.0
2018-10-18 04:30:00,0.11526607702944949,0.03108218970954813,19.0
2018-10-18 05:00:00,0.11526521332899468,0.031088221417720947,19.0
2018-10-18 05:30:00,0.11526434962853987,0.031094253125893763,19.0
2018-10-18 06:00:00,0.11526348592808505,0.031100284834066575,19.0
2018-10-18 06:30:00,0.11526262222763024,0.03110631654223939,19.0
2018-10-18 07:00:00,0.11526175852717543,0.031112348250412206,19.0
2018-10-18 07:30:00,0.11526089482672063,0.03111837995858502,19.0
2018-10-18 08:00:00,0.1152600311262658,0.031124411666757834,19.0
2018-10-18 08:30:00,0.115259167425811,0.03113044337493065,19.0
2018-10-18 09:00:00,0.11525830372535618,0.031136475083103462,19.0
2018-10-18 09:30:00,0.11525744002490138,0.031142506791276277,19.0
2018-10-18 10:00:00,0.11525657632444657,0.031148538499449093,19.0
2018-10-18 10:30:00,0.11525571262399174,0.031154570207621905,19.0
2018-10-18 11:00:00,0.11525484892353693,0.03116060191579472,19.0
2018-10-18 11:30:00,0.11525398522308213,0.031166633623967537,19.0
2018-10-18 12:00:00,0.11525312152262732,0.03117266533214035,19.0
2018-10-18 12:30:00,0.11525225782217251,0.031178697040313164,19.0
2018-10-18 13:00:00,0.11525139412171768,0.03118472874848598,19.0
2018-10-18 13:30:00,0.11525053042126288,0.031190760456658792,19.0
2018-10-18 14:00:00,0.11524966672080807,0.031196792164831608,19.0
2018-10-18 14:30:00,0.11520048203762255,0.031195792986110485,19.0
2018-10-18 15:00:00,0.11515129735443702,0.031194793807389362,19.0
2018-10-18 15:30:00,0.1151021126712515,0.03119379462866824,19.0
2018-10-18 16:00:00,0.11505292798806599,0.031192795449947117,19.0
2018-10-18 16:30:00,0.11500374330488047,0.03119179627122599,19.0
2018-10-18 17:00:00,0.11495455862169496,0.031190797092504868,19.0
2018-10-18 17:30:00,0.11490537393850943,0.031189797913783745,19.0
2018-10-18 18:00:00,0.11485618925532391,0.031188798735062622,19.0
2018-10-18 18:30:00,0.1148070045721384,0.0311877995563415,19.0
2018-10-18 19:00:00,0.11475781988895287,0.031186800377620377,19.0
2018-10-18 19:30:00,0.11470863520576735,0.031185801198899254,19.0
2018-10-18 20:00:00,0.11465945052258184,0.031184802020178128,19.0
2018-10-18 20:30:00,0.11461026583939632,0.031183802841457005,19.0
2018-10-18 21:00:00,0.1145610811562108,0.031182803662735882,19.0
2018-10-18 21:30:00,0.11451189647302527,0.03118180448401476,19.0
2018-10-18 22:00:00,0.11446271178983976,0.031180805305293637,19.0
2018-10-18 22:30:00,0.11441352710665424,0.031179806126572514,19.0
2018-10-18 23:00:00,0.11436434242346871,0.03117880694785139,19.0
2018-10-18 23:30:00,0.1143151577402832,0.031177807769130268,19.0
2018-10-19 00:00:00,0.11426597305709768,0.031176808590409145,19.0
2018-10-19 00:30:00,0.11421678837391216,0.03117580941168802,19.0
2018-10-19 01:00:00,0.11416760369072665,0.031174810232966896,19.0
2018-10-19 01:30:00,0.11411841900754112,0.031173811054245774,19.0
2018-10-19 02:00:00,0.1140692343243556,0.03117281187552465,19.0
2018-10-19 02:30:00,0.11407721656030308,0.031177963272439532,19.0
2018-10-19 03:00:00,0.11408519879625054,0.03118311466935441,19.0
2018-10-19 03:30:00,0.11409318103219801,0.03118826606626929,19.0
2018-10-19 04:00:00,0.11410116326814548,0.031193417463184173,19.0
2018-10-19 04:30:00,0.11410914550409294,0.03119856886009905,19.0
2018-10-19 05:00:00,0.11411712774004042,0.03120372025701393,19.0
2018-10-19 05:30:00,0.11412510997598789,0.03120887165392881,19.0
2018-10-19 06:00:00,0.11413309221193535,0.03121402305084369,19.0
2018-10-19 06:30:00,0.11414107444788282,0.031219174447758572,19.0
2018-10-19 07:00:00,0.1141490566838303,0.03122432584467345,19.0
2018-10-19 07:30:00,0.11415703891977776,0.03122947724158833,19.0
2018-10-19 08:00:00,0.11416502115572523,0.03123462863850321,19.0
2018-10-19 08:30:00,0.1141730033916727,0.03123978003541809,19.0
2018-10-19 09:00:00,0.11418098562762016,0.03124493143233297,19.0
2018-10-19 09:30:00,0.11418896786356764,0.03125008282924785,19.0
2018-10-19 10:00:00,0.11419695009951511,0.031255234226162734,19.0
2018-10-19 10:30:00,0.11420493233546257,0.03126038562307761,19.0
2018-10-19 11:00:00,0.11421291457141004,0.03126553701999249,19.0
2018-10-19 11:30:00,0.11422089680735752,0.03127068841690737,19.0
2018-10-19 12:00:00,0.11422887904330498,0.03127583981382225,19.0
2018-10-19 12:30:00,0.11423686127925245,0.03128099121073713,19.0
2018-10-19 13:00:00,0.11424484351519992,0.03128614260765201,19.0
2018-10-19 13:30:00,0.11425282575114738,0.03129129400456689,19.0
2018-10-19 14:00:00,0.11426080798709486,0.03129644540148177,19.0
2018-10-19 14:30:00,0.11424439176517176,0.03129591281842266,19.0
2018-10-19 15:00:00,0.11422797554324866,0.031295380235363546,19.0
2018-10-19 15:30:00,0.11421155932132555,0.03129484765230444,19.0
2018-10-19 16:00:00,0.11419514309940246,0.03129431506924533,19.0
2018-10-19 16:30:00,0.11417872687747936,0.031293782486186215,19.0
2018-10-19 17:00:00,0.11416231065555627,0.0312932499031271,19.0
2018-10-19 17:30:00,0.11414589443363317,0.03129271732006799,19.0
2018-10-19 18:00:00,0.11412947821171006,0.031292184737008885,19.0
2018-10-19 18:30:00,0.11411306198978696,0.03129165215394977,19.0
2018-10-19 19:00:00,0.11409664576786387,0.03129111957089066,19.0
2018-10-19 19:30:00,0.11408022954594077,0.03129058698783155,19.0
2018-10-19 20:00:00,0.11406381332401767,0.031290054404772435,19.0
2018-10-19 20:30:00,0.11404739710209456,0.03128952182171333,19.0
2018-10-19 21:00:00,0.11403098088017147,0.03128898923865422,19.0
2018-10-19 21:30:00,0.11401456465824837,0.031288456655595105,19.0
2018-10-19 22:00:00,0.11399814843632528,0.03128792407253599,19.0
2018-10-19 22:30:00,0.11398173221440216,0.03128739148947689,19.0
2018-10-19 23:00:00,0.11396531599247907,0.031286858906417775,19.0
2018-10-19 23:30:00,0.11394889977055597,0.03128632632335866,19.0
2018-10-20 00:00:00,0.11393248354863288,0.03128579374029955,19.0
2018-10-20 00:30:00,0.11391606732670978,0.03128526115724044,19.0
2018-10-20 01:00:00,0.11389965110478667,0.03128472857418133,19.0
2018-10-20 01:30:00,0.11388323488286357,0.03128419599112222,19.0
2018-10-20 02:00:00,0.11386681866094048,0.03128366340806311,19.0
2018-10-20 02:30:00,0.11385824001101935,0.03128613271629833,19.0
2018-10-20 03:00:00,0.11384966136109824,0.03128860202453355,19.0
2018-10-20 03:30:00,0.11384108271117711,0.031291071332768775,19.0
2018-10-20 04:00:00,0.11383250406125599,0.031293540641003995,19.0
2018-10-20 04:30:00,0.11382392541133486,0.031296009949239215,19.0
2018-10-20 05:00:00,0.11381534676141375,0.031298479257474435,19.0
2018-10-20 05:30:00,0.11380676811149262,0.031300948565709655,19.0
2018-10-20 06:00:00,0.1137981894615715,0.03130341787394488,19.0
2018-10-20 06:30:00,0.11378961081165039,0.0313058871821801,19.0
2018-10-20 07:00:00,0.11378103216172926,0.03130835649041532,19.0
2018-10-20 07:30:00,0.11377245351180813,0.03131082579865054,19.0
2018-10-20 08:00:00,0.11376387486188701,0.03131329510688576,19.0
2018-10-20 08:30:00,0.1137552962119659,0.03131576441512099,19.0
2018-10-20 09:00:00,0.11374671756204477,0.03131823372335621,19.0
2018-10-20 09:30:00,0.11373813891212364,0.03132070303159143,19.0
2018-10-20 10:00:00,0.11372956026220253,0.03132317233982665,19.0
2018-10-20 10:30:00,0.1137209816122814,0.031325641648061876,19.0
2018-10-20 11:00:00,0.11371240296236028,0.031328110956297096,19.0
2018-10-20 11:30:00,0.11370382431243917,0.031330580264532316,19.0
2018-10-20 12:00:00,0.11369524566251804,0.031333049572767536,19.0
2018-10-20 12:30:00,0.11368666701259691,0.03133551888100276,19.0
2018-10-20 13:00:00,0.11367808836267579,0.031337988189237984,19.0
2018-10-20 13:30:00,0.11366950971275468,0.031340457497473204,19.0
2018-10-20 14:00:00,0.11366093106283355,0.031342926805708424,19.0
2018-10-20 14:30:00,0.11362566480518477,0.03134161975926128,19.0
2018-10-20 15:00:00,0.11359039854753598,0.031340312712814136,19.0
2018-10-20 15:30:00,0.1135551322898872,0.03133900566636699,19.0
2018-10-20 16:00:00,0.11351986603223842,0.03133769861991985,19.0
2018-10-20 16:30:00,0.11348459977458963,0.031336391573472705,19.0
2018-10-20 17:00:00,0.11344933351694085,0.03133508452702556,19.0
2018-10-20 17:30:00,0.11341406725929207,0.03133377748057842,19.0
2018-10-20 18:00:00,0.11337880100164328,0.031332470434131274,19.0
2018-10-20 18:30:00,0.1133435347439945,0.03133116338768413,19.0
2018-10-20 19:00:00,0.11330826848634572,0.031329856341236986,19.0
2018-10-20 19:30:00,0.11327300222869693,0.03132854929478984,19.0
2018-10-20 20:00:00,0.11323773597104815,0.0313272422483427,19.0
2018-10-20 20:30:00,0.11320246971339938,0.03132593520189555,19.0
2018-10-20 21:00:00,0.1131672034557506,0.031324628155448404,19.0
2018-10-20 21:30:00,0.11313193719810181,0.03132332110900126,19.0
2018-10-20 22:00:00,0.11309667094045303,0.03132201406255412,19.0
2018-10-20 22:30:00,0.11306140468280425,0.03132070701610697,19.0
2018-10-20 23:00:00,0.11302613842515546,0.03131939996965983,19.0
2018-10-20 23:30:00,0.11299087216750668,0.031318092923212686,19.0
2018-10-21 00:00:00,0.1129556059098579,0.03131678587676554,19.0
2018-10-21 00:30:00,0.11292033965220911,0.0313154788303184,19.0
2018-10-21 01:00:00,0.11288507339456033,0.031314171783871254,19.0
2018-10-21 01:30:00,0.11284980713691155,0.03131286473742411,19.0
2018-10-21 02:00:00,0.11281454087926276,0.03131155769097697,19.0
2018-10-21 02:30:00,0.11281741664886019,0.03131404537313584,19.0
2018-10-21 03:00:00,0.1128202924184576,0.03131653305529471,19.0
2018-10-21 03:30:00,0.11282316818805503,0.03131902073745358,19.0
2018-10-21 04:00:00,0.11282604395765246,0.03132150841961245,19.0
2018-10-21 04:30:00,0.11282891972724987,0.03132399610177132,19.0
2018-10-21 05:00:00,0.1128317954968473,0.03132648378393019,19.0
2018-10-21 05:30:00,0.11283467126644472,0.03132897146608906,19.0
2018-10-21 06:00:00,0.11283754703604214,0.03133145914824793,19.0
2018-10-21 06:30:00,0.11284042280563956,0.0313339468304068,19.0
2018-10-21 07:00:00,0.11284329857523699,0.03133643451256567,19.0
2018-10-21 07:30:00,0.1128461743448344,0.03133892219472454,19.0
2018-10-21 08:00:00,0.11284905011443183,0.031341409876883414,19.0
2018-10-21 08:30:00,0.11285192588402926,0.03134389755904228,19.0
2018-10-21 09:00:00,0.11285480165362667,0.031346385241201154,19.0
2018-10-21 09:30:00,0.1128576774232241,0.03134887292336002,19.0
2018-10-21 10:00:00,0.11286055319282152,0.031351360605518894,19.0
2018-10-21 10:30:00,0.11286342896241894,0.03135384828767776,19.0
2018-10-21 11:00:00,0.11286630473201636,0.031356335969836634,19.0
2018-10-21 11:30:00,0.11286918050161379,0.0313588236519955,19.0
2018-10-21 12:00:00,0.1128720562712112,0.031361311334154374,19.0
2018-10-21 12:30:00,0.11287493204080863,0.03136379901631324,19.0
2018-10-21 13:00:00,0.11287780781040606,0.031366286698472114,19.0
2018-10-21 13:30:00,0.11288068358000347,0.03136877438063098,19.0
2018-10-21 14:00:00,0.1128835593496009,0.031371262062789854,19.0
2018-10-21 14:30:00,0.11283661048805585,0.031365232157424656,19.0
2018-10-21 15:00:00,0.1127896616265108,0.03135920225205945,19.0
2018-10-21 15:30:00,0.11274271276496575,0.031353172346694255,19.0
2018-10-21 16:00:00,0.11269576390342072,0.03134714244132905,19.0
2018-10-21 16:30:00,0.11264881504187567,0.031341112535963854,19.0
2018-10-21 17:00:00,0.11260186618033062,0.03133508263059866,19.0
2018-10-21 17:30:00,0.11255491731878557,0.03132905272523345,19.0
2018-10-21 18:00:00,0.11250796845724052,0.031323022819868256,19.0
2018-10-21 18:30:00,0.11246101959569547,0.03131699291450305,19.0
2018-10-21 19:00:00,0.11241407073415044,0.031310963009137854,19.0
2018-10-21 19:30:00,0.11236712187260539,0.03130493310377265,19.0
2018-10-21 20:00:00,0.11232017301106034,0.03129890319840745,19.0
2018-10-21 20:30:00,0.1122732241495153,0.031292873293042256,19.0
2018-10-21 21:00:00,0.11222627528797025,0.03128684338767705,19.0
2018-10-21 21:30:00,0.1121793264264252,0.031280813482311855,19.0
2018-10-21 22:00:00,0.11213237756488016,0.03127478357694665,19.0
2018-10-21 22:30:00,0.11208542870333511,0.03126875367158145,19.0
2018-10-21 23:00:00,0.11203847984179006,0.031262723766216256,19.0
2018-10-21 23:30:00,0.11199153098024502,0.03125669386085105,19.0
2018-10-22 00:00:00,0.11194458211869997,0.031250663955485855,19.0
2018-10-22 00:30:00,0.11189763325715492,0.031244634050120654,19.0
2018-10-22 01:00:00,0.11185068439560988,0.031238604144755454,19.0
2018-10-22 01:30:00,0.11180373553406484,0.031232574239390253,19.0
2018-10-22 02:00:00,0.11175678667251979,0.031226544334025053,19.0
2018-10-22 02:30:00,0.11175910613835496,0.031228477443312447,19.0
2018-10-22 03:00:00,0.11176142560419014,0.03123041055259984,19.0
2018-10-22 03:30:00,0.1117637450700253,0.031232343661887235,19.0
2018-10-22 04:00:00,0.11176606453586048,0.031234276771174626,19.0
2018-10-22 04:30:00,0.11176838400169566,0.03123620988046202,19.0
2018-10-22 05:00:00,0.11177070346753083,0.031238142989749414,19.0
2018-10-22 05:30:00,0.11177302293336601,0.03124007609903681,19.0
2018-10-22 06:00:00,0.11177534239920117,0.031242009208324203,19.0
2018-10-22 06:30:00,0.11177766186503635,0.031243942317611597,19.0
2018-10-22 07:00:00,0.11177998133087153,0.031245875426898988,19.0
2018-10-22 07:30:00,0.1117823007967067,0.031247808536186382,19.0
2018-10-22 08:00:00,0.11178462026254186,0.031249741645473776,19.0
2018-10-22 08:30:00,0.11178693972837704,0.03125167475476117,19.0
2018-10-22 09:00:00,0.11178925919421222,0.031253607864048565,19.0
2018-10-22 09:30:00,0.1117915786600474,0.03125554097333596,19.0
2018-10-22 10:00:00,0.11179389812588257,0.03125747408262335,19.0
2018-10-22 10:30:00,0.11179621759171773,0.03125940719191075,19.0
2018-10-22 11:00:00,0.11179853705755291,0.03126134030119814,19.0
2018-10-22 11:30:00,0.11180085652338809,0.03126327341048553,19.0
2018-10-22 12:00:00,0.11180317598922326,0.03126520651977292,19.0
2018-10-22 12:30:00,0.11180549545505844,0.03126713962906032,19.0
2018-10-22 13:00:00,0.1118078149208936,0.03126907273834771,19.0
2018-10-22 13:30:00,0.11181013438672878,0.031271005847635105,19.0
2018-10-22 14:00:00,0.11181245385256396,0.0312729389569225,19.0
2018-10-22 14:30:00,0.11177849345198897,0.031267063496074346,19.0
2018-10-22 15:00:00,0.11174453305141396,0.0312611880352262,19.0
2018-10-22 15:30:00,0.11171057265083897,0.03125531257437805,19.0
2018-10-22 16:00:00,0.11167661225026397,0.0312494371135299,19.0
2018-10-22 16:30:00,0.11164265184968898,0.03124356165268175,19.0
2018-10-22 17:00:00,0.11160869144911399,0.031237686191833598,19.0
2018-10-22 17:30:00,0.11157473104853899,0.031231810730985448,19.0
2018-10-22 18:00:00,0.111540770647964,0.031225935270137298,19.0
2018-10-22 18:30:00,0.111506810247389,0.031220059809289148,19.0
2018-10-22 19:00:00,0.111472849846814,0.031214184348440997,19.0
2018-10-22 19:30:00,0.111438889446239,0.031208308887592847,19.0
2018-10-22 20:00:00,0.11140492904566401,0.031202433426744697,19.0
2018-10-22 20:30:00,0.11137096864508902,0.031196557965896547,19.0
2018-10-22 21:00:00,0.11133700824451402,0.031190682505048396,19.0
2018-10-22 21:30:00,0.11130304784393903,0.031184807044200246,19.0
2018-10-22 22:00:00,0.11126908744336403,0.031178931583352096,19.0
2018-10-22 22:30:00,0.11123512704278904,0.031173056122503946,19.0
2018-10-22 23:00:00,0.11120116664221405,0.031167180661655795,19.0
2018-10-22 23:30:00,0.11116720624163905,0.031161305200807645,19.0
2018-10-23 00:00:00,0.11113324584106406,0.031155429739959495,19.0
2018-10-23 00:30:00,0.11109928544048905,0.031149554279111345,19.0
2018-10-23 01:00:00,0.11106532503991406,0.031143678818263194,19.0
2018-10-23 01:30:00,0.11103136463933906,0.031137803357415044,19.0
2018-10-23 02:00:00,0.11099740423876407,0.031131927896566894,19.0
2018-10-23 02:30:00,0.1110202961535987,0.031141294042111092,19.0
2018-10-23 03:00:00,0.1110431880684333,0.031150660187655294,19.0
2018-10-23 03:30:00,0.11106607998326792,0.031160026333199493,19.0
2018-10-23 04:00:00,0.11108897189810253,0.031169392478743695,19.0
2018-10-23 04:30:00,0.11111186381293715,0.031178758624287893,19.0
2018-10-23 05:00:00,0.11113475572777176,0.03118812476983209,19.0
2018-10-23 05:30:00,0.11115764764260638,0.031197490915376293,19.0
2018-10-23 06:00:00,0.11118053955744099,0.031206857060920492,19.0
2018-10-23 06:30:00,0.11120343147227561,0.031216223206464694,19.0
2018-10-23 07:00:00,0.11122632338711022,0.031225589352008892,19.0
2018-10-23 07:30:00,0.11124921530194484,0.031234955497553094,19.0
2018-10-23 08:00:00,0.11127210721677946,0.031244321643097293,19.0
2018-10-23 08:30:00,0.11129499913161407,0.031253687788641495,19.0
2018-10-23 09:00:00,0.1113178910464487,0.03126305393418569,19.0
2018-10-23 09:30:00,0.1113407829612833,0.03127242007972989,19.0
2018-10-23 10:00:00,0.11136367487611792,0.03128178622527409,19.0
2018-10-23 10:30:00,0.11138656679095253,0.031291152370818295,19.0
2018-10-23 11:00:00,0.11140945870578715,0.031300518516362494,19.0
2018-10-23 11:30:00,0.11143235062062176,0.03130988466190669,19.0
2018-10-23 12:00:00,0.11145524253545638,0.03131925080745089,19.0
2018-10-23 12:30:00,0.11147813445029099,0.03132861695299509,19.0
2018-10-23 13:00:00,0.11150102636512561,0.031337983098539295,19.0
2018-10-23 13:30:00,0.11152391827996022,0.03134734924408349,19.0
2018-10-23 14:00:00,0.11154681019479484,0.03135671538962769,19.0
2018-10-23 14:30:00,0.11152993199421782,0.03136026523706003,19.0
2018-10-23 15:00:00,0.11151305379364079,0.03136381508449237,19.0
2018-10-23 15:30:00,0.11149617559306375,0.031367364931924706,19.0
2018-10-23 16:00:00,0.11147929739248673,0.031370914779357044,19.0
2018-10-23 16:30:00,0.1114624191919097,0.03137446462678938,19.0
2018-10-23 17:00:00,0.11144554099133266,0.03137801447422172,19.0
2018-10-23 17:30:00,0.11142866279075564,0.03138156432165406,19.0
2018-10-23 18:00:00,0.11141178459017861,0.031385114169086396,19.0
2018-10-23 18:30:00,0.11139490638960159,0.031388664016518734,19.0
2018-10-23 19:00:00,0.11137802818902456,0.03139221386395107,19.0
2018-10-23 19:30:00,0.11136114998844752,0.03139576371138341,19.0
2018-10-23 20:00:00,0.1113442717878705,0.031399313558815756,19.0
2018-10-23 20:30:00,0.11132739358729347,0.031402863406248094,19.0
2018-10-23 21:00:00,0.11131051538671644,0.03140641325368043,19.0
2018-10-23 21:30:00,0.11129363718613941,0.03140996310111277,19.0
2018-10-23 22:00:00,0.11127675898556239,0.03141351294854511,19.0
2018-10-23 22:30:00,0.11125988078498536,0.031417062795977446,19.0
2018-10-23 23:00:00,0.11124300258440833,0.031420612643409784,19.0
2018-10-23 23:30:00,0.1112261243838313,0.03142416249084212,19.0
2018-10-24 00:00:00,0.11120924618325427,0.03142771233827446,19.0
2018-10-24 00:30:00,0.11119236798267725,0.0314312621857068,19.0
2018-10-24 01:00:00,0.1111754897821002,0.03143481203313914,19.0
2018-10-24 01:30:00,0.11115861158152318,0.031438361880571475,19.0
2018-10-24 02:00:00,0.11114173338094616,0.03144191172800381,19.0
2018-10-24 02:30:00,0.11115742584551389,0.03144758663666755,19.0
2018-10-24 03:00:00,0.11117311831008161,0.03145326154533129,19.0
2018-10-24 03:30:00,0.11118881077464934,0.03145893645399503,19.0
2018-10-24 04:00:00,0.11120450323921707,0.03146461136265877,19.0
2018-10-24 04:30:00,0.1112201957037848,0.031470286271322506,19.0
2018-10-24 05:00:00,0.11123588816835253,0.03147596117998625,19.0
2018-10-24 05:30:00,0.11125158063292026,0.03148163608864999,19.0
2018-10-24 06:00:00,0.11126727309748799,0.03148731099731373,19.0
2018-10-24 06:30:00,0.11128296556205572,0.03149298590597747,19.0
2018-10-24 07:00:00,0.11129865802662345,0.031498660814641206,19.0
2018-10-24 07:30:00,0.11131435049119118,0.031504335723304945,19.0
2018-10-24 08:00:00,0.1113300429557589,0.031510010631968684,19.0
2018-10-24 08:30:00,0.11134573542032664,0.03151568554063242,19.0
2018-10-24 09:00:00,0.11136142788489437,0.03152136044929616,19.0
2018-10-24 09:30:00,0.1113771203494621,0.0315270353579599,19.0
2018-10-24 10:00:00,0.11139281281402982,0.03153271026662364,19.0
2018-10-24 10:30:00,0.11140850527859755,0.03153838517528738,19.0
2018-10-24 11:00:00,0.11142419774316528,0.03154406008395112,19.0
2018-10-24 11:30:00,0.11143989020773301,0.03154973499261486,19.0
2018-10-24 12:00:00,0.11145558267230074,0.0315554099012786,19.0
2018-10-24 12:30:00,0.11147127513686847,0.03156108480994234,19.0
2018-10-24 13:00:00,0.1114869676014362,0.03156675971860608,19.0
2018-10-24 13:30:00,0.11150266006600393,0.031572434627269816,19.0
2018-10-24 14:00:00,0.11151835253057166,0.031578109535933555,19.0
2018-10-24 14:30:00,0.11148126859445733,0.031571885469042514,19.0
2018-10-24 15:00:00,0.11144418465834299,0.031565661402151474,19.0
2018-10-24 15:30:00,0.11140710072222867,0.03155943733526044,19.0
2018-10-24 16:00:00,0.11137001678611434,0.0315532132683694,19.0
2018-10-24 16:30:00,0.11133293285000001,0.03154698920147836,19.0
2018-10-24 17:00:00,0.11129584891388569,0.031540765134587326,19.0
2018-10-24 17:30:00,0.11125876497777136,0.031534541067696285,19.0
2018-10-24 18:00:00,0.11122168104165703,0.031528317000805245,19.0
2018-10-24 18:30:00,0.1111845971055427,0.031522092933914204,19.0
2018-10-24 19:00:00,0.11114751316942836,0.031515868867023164,19.0
2018-10-24 19:30:00,0.11111042923331405,0.03150964480013213,19.0
2018-10-24 20:00:00,0.11107334529719971,0.03150342073324109,19.0
2018-10-24 20:30:00,0.11103626136108538,0.03149719666635005,19.0
2018-10-24 21:00:00,0.11099917742497106,0.031490972599459016,19.0
2018-10-24 21:30:00,0.11096209348885673,0.031484748532567976,19.0
2018-10-24 22:00:00,0.1109250095527424,0.031478524465676935,19.0
2018-10-24 22:30:00,0.11088792561662807,0.031472300398785895,19.0
2018-10-24 23:00:00,0.11085084168051373,0.031466076331894854,19.0
2018-10-24 23:30:00,0.11081375774439942,0.03145985226500382,19.0
2018-10-25 00:00:00,0.11077667380828508,0.03145362819811278,19.0
2018-10-25 00:30:00,0.11073958987217075,0.03144740413122174,19.0
2018-10-25 01:00:00,0.11070250593605643,0.03144118006433071,19.0
2018-10-25 01:30:00,0.1106654219999421,0.031434955997439666,19.0
2018-10-25 02:00:00,0.11062833806382777,0.031428731930548626,19.0
2018-10-25 02:30:00,0.11062786807682372,0.03142985978054924,19.0
2018-10-25 03:00:00,0.11062739808981967,0.031430987630549856,19.0
2018-10-25 03:30:00,0.11062692810281563,0.03143211548055047,19.0
2018-10-25 04:00:00,0.11062645811581158,0.031433243330551086,19.0
2018-10-25 04:30:00,0.11062598812880753,0.0314343711805517,19.0
2018-10-25 05:00:00,0.11062551814180348,0.03143549903055232,19.0
2018-10-25 05:30:00,0.11062504815479943,0.03143662688055294,19.0
2018-10-25 06:00:00,0.11062457816779539,0.03143775473055355,19.0
2018-10-25 06:30:00,0.11062410818079134,0.03143888258055417,19.0
2018-10-25 07:00:00,0.11062363819378729,0.031440010430554784,19.0
2018-10-25 07:30:00,0.11062316820678324,0.0314411382805554,19.0
2018-10-25 08:00:00,0.11062269821977919,0.031442266130556014,19.0
2018-10-25 08:30:00,0.11062222823277515,0.03144339398055663,19.0
2018-10-25 09:00:00,0.1106217582457711,0.031444521830557244,19.0
2018-10-25 09:30:00,0.11062128825876705,0.03144564968055786,19.0
2018-10-25 10:00:00,0.110620818271763,0.031446777530558474,19.0
2018-10-25 10:30:00,0.11062034828475896,0.03144790538055909,19.0
2018-10-25 11:00:00,0.11061987829775491,0.03144903323055971,19.0
2018-10-25 11:30:00,0.11061940831075086,0.03145016108056033,19.0
2018-10-25 12:00:00,0.11061893832374681,0.03145128893056094,19.0
2018-10-25 12:30:00,0.11061846833674276,0.03145241678056156,19.0
2018-10-25 13:00:00,0.11061799834973872,0.03145354463056217,19.0
2018-10-25 13:30:00,0.11061752836273467,0.03145467248056279,19.0
2018-10-25 14:00:00,0.11061705837573062,0.0314558003305634,19.0
2018-10-25 14:30:00,0.11058513058320535,0.03145274359659809,19.0
2018-10-25 15:00:00,0.1105532027906801,0.03144968686263277,19.0
2018-10-25 15:30:00,0.11052127499815483,0.031446630128667455,19.0
2018-10-25 16:00:00,0.11048934720562956,0.03144357339470214,19.0
2018-10-25 16:30:00,0.1104574194131043,0.03144051666073682,19.0
2018-10-25 17:00:00,0.11042549162057903,0.03143745992677151,19.0
2018-10-25 17:30:00,0.11039356382805378,0.031434403192806194,19.0
2018-10-25 18:00:00,0.11036163603552851,0.031431346458840874,19.0
2018-10-25 18:30:00,0.11032970824300324,0.03142828972487556,19.0
2018-10-25 19:00:00,0.11029778045047799,0.03142523299091025,19.0
2018-10-25 19:30:00,0.11026585265795272,0.03142217625694493,19.0
2018-10-25 20:00:00,0.11023392486542746,0.03141911952297961,19.0
2018-10-25 20:30:00,0.1102019970729022,0.0314160627890143,19.0
2018-10-25 21:00:00,0.11017006928037693,0.03141300605504898,19.0
2018-10-25 21:30:00,0.11013814148785167,0.031409949321083666,19.0
2018-10-25 22:00:00,0.1101062136953264,0.03140689258711835,19.0
2018-10-25 22:30:00,0.11007428590280113,0.03140383585315303,19.0
2018-10-25 23:00:00,0.11004235811027588,0.03140077911918772,19.0
2018-10-25 23:30:00,0.11001043031775061,0.031397722385222405,19.0
2018-10-26 00:00:00,0.10997850252522534,0.031394665651257085,19.0
2018-10-26 00:30:00,0.10994657473270009,0.03139160891729177,19.0
2018-10-26 01:00:00,0.10991464694017482,0.03138855218332646,19.0
2018-10-26 01:30:00,0.10988271914764956,0.03138549544936114,19.0
2018-10-26 02:00:00,0.1098507913551243,0.031382438715395825,19.0
2018-10-26 02:30:00,0.10984558782720173,0.03138361513016192,19.0
2018-10-26 03:00:00,0.10984038429927916,0.03138479154492801,19.0
2018-10-26 03:30:00,0.1098351807713566,0.0313859679596941,19.0
2018-10-26 04:00:00,0.10982997724343403,0.03138714437446019,19.0
2018-10-26 04:30:00,0.10982477371551146,0.031388320789226286,19.0
2018-10-26 05:00:00,0.1098195701875889,0.03138949720399238,19.0
2018-10-26 05:30:00,0.10981436665966633,0.03139067361875847,19.0
2018-10-26 06:00:00,0.10980916313174376,0.031391850033524564,19.0
2018-10-26 06:30:00,0.1098039596038212,0.03139302644829066,19.0
2018-10-26 07:00:00,0.10979875607589863,0.03139420286305675,19.0
2018-10-26 07:30:00,0.10979355254797606,0.03139537927782284,19.0
2018-10-26 08:00:00,0.1097883490200535,0.03139655569258894,19.0
2018-10-26 08:30:00,0.10978314549213093,0.031397732107355025,19.0
2018-10-26 09:00:00,0.10977794196420836,0.03139890852212112,19.0
2018-10-26 09:30:00,0.1097727384362858,0.03140008493688721,19.0
2018-10-26 10:00:00,0.10976753490836323,0.0314012613516533,19.0
2018-10-26 10:30:00,0.10976233138044066,0.0314024377664194,19.0
2018-10-26 11:00:00,0.1097571278525181,0.03140361418118549,19.0
2018-10-26 11:30:00,0.10975192432459553,0.03140479059595158,19.0
2018-10-26 12:00:00,0.10974672079667296,0.03140596701071767,19.0
2018-10-26 12:30:00,0.1097415172687504,0.031407143425483765,19.0
2018-10-26 13:00:00,0.10973631374082783,0.03140831984024986,19.0
2018-10-26 13:30:00,0.10973111021290526,0.03140949625501595,19.0
2018-10-26 14:00:00,0.1097259066849827,0.03141067266978204,19.0
2018-10-26 14:30:00,0.11017051970157607,0.03137871025799753,19.0
2018-10-26 15:00:00,0.11061513271816945,0.031346747846213024,19.0
2018-10-26 15:30:00,0.11105974573476282,0.03131478543442851,19.0
2018-10-26 16:00:00,0.1115043587513562,0.031282823022644006,19.0
2018-10-26 16:30:00,0.11194897176794956,0.03125086061085949,19.0
2018-10-26 17:00:00,0.11239358478454294,0.031218898199074988,19.0
2018-10-26 17:30:00,0.11283819780113631,0.03118693578729048,19.0
2018-10-26 18:00:00,0.11328281081772969,0.03115497337550597,19.0
2018-10-26 18:30:00,0.11372742383432306,0.03112301096372146,19.0
2018-10-26 19:00:00,0.11417203685091644,0.03109104855193695,19.0
2018-10-26 19:30:00,0.11461664986750981,0.03105908614015244,19.0
2018-10-26 20:00:00,0.11506126288410318,0.031027123728367932,19.0
2018-10-26 20:30:00,0.11550587590069655,0.03099516131658342,19.0
2018-10-26 21:00:00,0.11595048891728993,0.03096319890479891,19.0
2018-10-26 21:30:00,0.1163951019338833,0.0309312364930144,19.0
2018-10-26 22:00:00,0.11683971495047668,0.030899274081229892,19.0
2018-10-26 22:30:00,0.11728432796707006,0.030867311669445383,19.0
2018-10-26 23:00:00,0.11772894098366343,0.030835349257660873,19.0
2018-10-26 23:30:00,0.11817355400025681,0.030803386845876364,19.0
2018-10-27 00:00:00,0.11861816701685018,0.030771424434091855,19.0
2018-10-27 00:30:00,0.11906278003344355,0.030739462022307346,19.0
2018-10-27 01:00:00,0.11950739305003692,0.030707499610522836,19.0
2018-10-27 01:30:00,0.1199520060666303,0.030675537198738327,19.0
2018-10-27 02:00:00,0.12039661908322367,0.030643574786953818,19.0
2018-10-27 02:30:00,0.12146913803459713,0.03083717353716465,19.0
2018-10-27 03:00:00,0.12254165698597058,0.031030772287375476,19.0
2018-10-27 03:30:00,0.12361417593734404,0.031224371037586306,19.0
2018-10-27 04:00:00,0.1246866948887175,0.03141796978779714,19.0
2018-10-27 04:30:00,0.12575921384009095,0.031611568538007964,19.0
2018-10-27 05:00:00,0.1268317327914644,0.03180516728821879,19.0
2018-10-27 05:30:00,0.12790425174283787,0.031998766038429625,19.0
2018-10-27 06:00:00,0.12897677069421132,0.03219236478864045,19.0
2018-10-27 06:30:00,0.13004928964558476,0.03238596353885128,19.0
2018-10-27 07:00:00,0.13112180859695824,0.032579562289062114,19.0
2018-10-27 07:30:00,0.13219432754833169,0.03277316103927294,19.0
2018-10-27 08:00:00,0.13326684649970513,0.03296675978948377,19.0
2018-10-27 08:30:00,0.1343393654510786,0.0331603585396946,19.0
2018-10-27 09:00:00,0.13541188440245205,0.03335395728990543,19.0
2018-10-27 09:30:00,0.1364844033538255,0.03354755604011626,19.0
2018-10-27 10:00:00,0.13755692230519895,0.03374115479032709,19.0
2018-10-27 10:30:00,0.13862944125657242,0.03393475354053792,19.0
2018-10-27 11:00:00,0.13970196020794587,0.034128352290748745,19.0
2018-10-27 11:30:00,0.14077447915931932,0.03432195104095957,19.0
2018-10-27 12:00:00,0.1418469981106928,0.034515549791170407,19.0
2018-10-27 12:30:00,0.14291951706206624,0.034709148541381234,19.0
2018-10-27 13:00:00,0.14399203601343968,0.03490274729159206,19.0
2018-10-27 13:30:00,0.14506455496481316,0.035096346041802895,19.0
2018-10-27 14:00:00,0.1461370739161866,0.03528994479201372,19.0
2018-10-27 14:30:00,0.14681748484233478,0.03552959005945963,19.0
2018-10-27 15:00:00,0.14749789576848296,0.03576923532690555,19.0
2018-10-27 15:30:00,0.14817830669463114,0.03600888059435146,19.0
2018-10-27 16:00:00,0.14885871762077932,0.03624852586179737,19.0
2018-10-27 16:30:00,0.1495391285469275,0.03648817112924328,19.0
2018-10-27 17:00:00,0.15021953947307568,0.0367278163966892,19.0
2018-10-27 17:30:00,0.15089995039922383,0.03696746166413511,19.0
2018-10-27 18:00:00,0.151580361325372,0.037207106931581024,19.0
2018-10-27 18:30:00,0.15226077225152018,0.037446752199026934,19.0
2018-10-27 19:00:00,0.15294118317766836,0.03768639746647285,19.0
2018-10-27 19:30:00,0.15362159410381654,0.03792604273391876,19.0
2018-10-27 20:00:00,0.15430200502996472,0.03816568800136467,19.0
2018-10-27 20:30:00,0.1549824159561129,0.038405333268810585,19.0
2018-10-27 21:00:00,0.15566282688226107,0.038644978536256494,19.0
2018-10-27 21:30:00,0.15634323780840925,0.03888462380370241,19.0
2018-10-27 22:00:00,0.15702364873455743,0.03912426907114832,19.0
2018-10-27 22:30:00,0.1577040596607056,0.039363914338594236,19.0
2018-10-27 23:00:00,0.1583844705868538,0.039603559606040145,19.0
2018-10-27 23:30:00,0.15906488151300194,0.03984320487348606,19.0
2018-10-28 00:00:00,0.15974529243915012,0.04008285014093197,19.0
2018-10-28 00:30:00,0.1604257033652983,0.04032249540837789,19.0
2018-10-28 01:00:00,0.16110611429144647,0.040562140675823796,19.0
2018-10-28 01:30:00,0.16178652521759465,0.04080178594326971,19.0
2018-10-28 02:00:00,0.16246693614374283,0.04104143121071562,19.0
2018-10-28 02:30:00,0.1624171705000727,0.04103173728397588,19.0
2018-10-28 03:00:00,0.16236740485640258,0.041022043357236145,19.0
2018-10-28 03:30:00,0.16231763921273243,0.041012349430496406,19.0
2018-10-28 04:00:00,0.1622678735690623,0.041002655503756674,19.0
2018-10-28 04:30:00,0.16221810792539218,0.040992961577016936,19.0
2018-10-28 05:00:00,0.16216834228172206,0.0409832676502772,19.0
2018-10-28 05:30:00,0.16211857663805193,0.04097357372353746,19.0
2018-10-28 06:00:00,0.1620688109943818,0.04096387979679772,19.0
2018-10-28 06:30:00,0.16201904535071165,0.04095418587005798,19.0
2018-10-28 07:00:00,0.16196927970704153,0.04094449194331824,19.0
2018-10-28 07:30:00,0.1619195140633714,0.040934798016578504,19.0
2018-10-28 08:00:00,0.16186974841970128,0.040925104089838765,19.0
2018-10-28 08:30:00,0.16181998277603116,0.040915410163099034,19.0
2018-10-28 09:00:00,0.16177021713236103,0.040905716236359295,19.0
2018-10-28 09:30:00,0.16172045148869088,0.040896022309619556,19.0
2018-10-28 10:00:00,0.16167068584502076,0.04088632838287982,19.0
2018-10-28 10:30:00,0.16162092020135063,0.04087663445614008,19.0
2018-10-28 11:00:00,0.1615711545576805,0.04086694052940034,19.0
2018-10-28 11:30:00,0.16152138891401038,0.0408572466026606,19.0
2018-10-28 12:00:00,0.16147162327034026,0.04084755267592087,19.0
2018-10-28 12:30:00,0.1614218576266701,0.04083785874918113,19.0
2018-10-28 13:00:00,0.16137209198299998,0.04082816482244139,19.0
2018-10-28 13:30:00,0.16132232633932986,0.040818470895701654,19.0
2018-10-28 14:00:00,0.16127256069565973,0.040808776968961916,19.0
2018-10-28 14:30:00,0.16107598843427218,0.04073164931144035,19.0
2018-10-28 15:00:00,0.16087941617288462,0.04065452165391878,19.0
2018-10-28 15:30:00,0.16068284391149706,0.04057739399639721,19.0
2018-10-28 16:00:00,0.1604862716501095,0.04050026633887564,19.0
2018-10-28 16:30:00,0.16028969938872195,0.040423138681354075,19.0
2018-10-28 17:00:00,0.1600931271273344,0.040346011023832506,19.0
2018-10-28 17:30:00,0.15989655486594684,0.04026888336631094,19.0
2018-10-28 18:00:00,0.15969998260455928,0.04019175570878937,19.0
2018-10-28 18:30:00,0.15950341034317173,0.0401146280512678,19.0
2018-10-28 19:00:00,0.15930683808178417,0.040037500393746234,19.0
2018-10-28 19:30:00,0.1591102658203966,0.039960372736224666,19.0
2018-10-28 20:00:00,0.15891369355900908,0.0398832450787031,19.0
2018-10-28 20:30:00,0.15871712129762153,0.03980611742118152,19.0
2018-10-28 21:00:00,0.15852054903623397,0.039728989763659954,19.0
2018-10-28 21:30:00,0.15832397677484641,0.039651862106138386,19.0
2018-10-28 22:00:00,0.15812740451345886,0.03957473444861682,19.0
2018-10-28 22:30:00,0.1579308322520713,0.03949760679109525,19.0
2018-10-28 23:00:00,0.15773425999068375,0.03942047913357368,19.0
2018-10-28 23:30:00,0.1575376877292962,0.03934335147605211,19.0
2018-10-29 00:00:00,0.15734111546790863,0.039266223818530545,19.0
2018-10-29 00:30:00,0.15714454320652108,0.03918909616100898,19.0
2018-10-29 01:00:00,0.15694797094513352,0.03911196850348741,19.0
2018-10-29 01:30:00,0.15675139868374596,0.03903484084596584,19.0
2018-10-29 02:00:00,0.1565548264223584,0.03895771318844427,19.0
2018-10-29 02:30:00,0.15687288762241963,0.0390020502646201,19.0
2018-10-29 03:00:00,0.15719094882248089,0.039046387340795935,19.0
2018-10-29 03:30:00,0.1575090100225421,0.03909072441697176,19.0
2018-10-29 04:00:00,0.15782707122260337,0.0391350614931476,19.0
2018-10-29 04:30:00,0.1581451324226646,0.039179398569323426,19.0
2018-10-29 05:00:00,0.15846319362272582,0.03922373564549926,19.0
2018-10-29 05:30:00,0.15878125482278707,0.03926807272167509,19.0
2018-10-29 06:00:00,0.1590993160228483,0.039312409797850924,19.0
2018-10-29 06:30:00,0.15941737722290952,0.03935674687402675,19.0
2018-10-29 07:00:00,0.15973543842297078,0.03940108395020259,19.0
2018-10-29 07:30:00,0.160053499623032,0.039445421026378415,19.0
2018-10-29 08:00:00,0.16037156082309323,0.03948975810255424,19.0
2018-10-29 08:30:00,0.16068962202315448,0.03953409517873008,19.0
2018-10-29 09:00:00,0.1610076832232157,0.039578432254905906,19.0
2018-10-29 09:30:00,0.16132574442327696,0.03962276933108174,19.0
2018-10-29 10:00:00,0.1616438056233382,0.03966710640725757,19.0
2018-10-29 10:30:00,0.16196186682339941,0.0397114434834334,19.0
2018-10-29 11:00:00,0.16227992802346067,0.03975578055960923,19.0
2018-10-29 11:30:00,0.1625979892235219,0.039800117635785066,19.0
2018-10-29 12:00:00,0.16291605042358315,0.039844454711960894,19.0
2018-10-29 12:30:00,0.16323411162364437,0.03988879178813673,19.0
2018-10-29 13:00:00,0.1635521728237056,0.03993312886431256,19.0
2018-10-29 13:30:00,0.16387023402376685,0.03997746594048839,19.0
2018-10-29 14:00:00,0.16418829522382808,0.04002180301666422,19.0
2018-10-29 14:30:00,0.1646122124543334,0.04017003840534471,19.0
2018-10-29 15:00:00,0.16503612968483874,0.040318273794025195,19.0
2018-10-29 15:30:00,0.16546004691534408,0.04046650918270568,19.0
2018-10-29 16:00:00,0.1658839641458494,0.04061474457138617,19.0
2018-10-29 16:30:00,0.16630788137635474,0.040762979960066656,19.0
2018-10-29 17:00:00,0.16673179860686008,0.04091121534874714,19.0
2018-10-29 17:30:00,0.1671557158373654,0.04105945073742764,19.0
2018-10-29 18:00:00,0.16757963306787074,0.041207686126108124,19.0
2018-10-29 18:30:00,0.16800355029837608,0.04135592151478861,19.0
2018-10-29 19:00:00,0.1684274675288814,0.0415041569034691,19.0
2018-10-29 19:30:00,0.16885138475938674,0.041652392292149586,19.0
2018-10-29 20:00:00,0.16927530198989207,0.04180062768083007,19.0
2018-10-29 20:30:00,0.1696992192203974,0.04194886306951056,19.0
2018-10-29 21:00:00,0.17012313645090274,0.04209709845819105,19.0
2018-10-29 21:30:00,0.17054705368140807,0.042245333846871534,19.0
2018-10-29 22:00:00,0.1709709709119134,0.04239356923555202,19.0
2018-10-29 22:30:00,0.17139488814241874,0.04254180462423251,19.0
2018-10-29 23:00:00,0.17181880537292407,0.042690040012912996,19.0
2018-10-29 23:30:00,0.1722427226034294,0.04283827540159349,19.0
2018-10-30 00:00:00,0.17266663983393474,0.04298651079027398,19.0
2018-10-30 00:30:00,0.17309055706444007,0.043134746178954464,19.0
2018-10-30 01:00:00,0.1735144742949454,0.04328298156763495,19.0
2018-10-30 01:30:00,0.17393839152545074,0.04343121695631544,19.0
2018-10-30 02:00:00,0.17436230875595607,0.043579452344995925,19.0
2018-10-30 02:30:00,0.17423599803167916,0.04354086730993835,19.0
2018-10-30 03:00:00,0.17410968730740223,0.04350228227488078,19.0
2018-10-30 03:30:00,0.17398337658312532,0.043463697239823205,19.0
2018-10-30 04:00:00,0.1738570658588484,0.04342511220476564,19.0
2018-10-30 04:30:00,0.17373075513457148,0.04338652716970806,19.0
2018-10-30 05:00:00,0.17360444441029454,0.04334794213465049,19.0
2018-10-30 05:30:00,0.17347813368601764,0.04330935709959292,19.0
2018-10-30 06:00:00,0.1733518229617407,0.04327077206453534,19.0
2018-10-30 06:30:00,0.1732255122374638,0.04323218702947777,19.0
2018-10-30 07:00:00,0.17309920151318686,0.0431936019944202,19.0
2018-10-30 07:30:00,0.17297289078890996,0.04315501695936263,19.0
2018-10-30 08:00:00,0.17284658006463305,0.04311643192430505,19.0
2018-10-30 08:30:00,0.17272026934035611,0.04307784688924748,19.0
2018-10-30 09:00:00,0.1725939586160792,0.04303926185418991,19.0
2018-10-30 09:30:00,0.17246764789180227,0.04300067681913233,19.0
2018-10-30 10:00:00,0.17234133716752537,0.042962091784074764,19.0
2018-10-30 10:30:00,0.17221502644324843,0.04292350674901719,19.0
2018-10-30 11:00:00,0.17208871571897152,0.04288492171395962,19.0
2018-10-30 11:30:00,0.1719624049946946,0.042846336678902044,19.0
2018-10-30 12:00:00,0.17183609427041768,0.04280775164384447,19.0
2018-10-30 12:30:00,0.17170978354614075,0.0427691666087869,19.0
2018-10-30 13:00:00,0.17158347282186384,0.042730581573729325,19.0
2018-10-30 13:30:00,0.1714571620975869,0.042691996538671756,19.0
2018-10-30 14:00:00,0.17133085137331,0.04265341150361418,19.0
2018-10-30 14:30:00,0.17113538731614486,0.04258943242268202,19.0
2018-10-30 15:00:00,0.17093992325897972,0.042525453341749855,19.0
2018-10-30 15:30:00,0.17074445920181458,0.0424614742608177,19.0
2018-10-30 16:00:00,0.17054899514464944,0.04239749517988554,19.0
2018-10-30 16:30:00,0.1703535310874843,0.042333516098953375,19.0
2018-10-30 17:00:00,0.17015806703031916,0.04226953701802121,19.0
2018-10-30 17:30:00,0.16996260297315402,0.04220555793708905,19.0
2018-10-30 18:00:00,0.16976713891598888,0.042141578856156894,19.0
2018-10-30 18:30:00,0.16957167485882374,0.04207759977522473,19.0
2018-10-30 19:00:00,0.1693762108016586,0.04201362069429257,19.0
2018-10-30 19:30:00,0.16918074674449346,0.04194964161336041,19.0
2018-10-30 20:00:00,0.16898528268732832,0.04188566253242825,19.0
2018-10-30 20:30:00,0.16878981863016318,0.04182168345149609,19.0
2018-10-30 21:00:00,0.16859435457299804,0.041757704370563926,19.0
2018-10-30 21:30:00,0.1683988905158329,0.041693725289631764,19.0
2018-10-30 22:00:00,0.16820342645866776,0.0416297462086996,19.0
2018-10-30 22:30:00,0.16800796240150262,0.041565767127767446,19.0
2018-10-30 23:00:00,0.16781249834433748,0.04150178804683528,19.0
2018-10-30 23:30:00,0.16761703428717234,0.04143780896590312,19.0
2018-10-31 00:00:00,0.1674215702300072,0.04137382988497096,19.0
2018-10-31 00:30:00,0.16722610617284206,0.041309850804038796,19.0
2018-10-31 01:00:00,0.16703064211567692,0.04124587172310664,19.0
2018-10-31 01:30:00,0.16683517805851178,0.04118189264217448,19.0
2018-10-31 02:00:00,0.16663971400134664,0.041117913561242316,19.0
2018-10-31 02:30:00,0.16645588239361578,0.04103360761423082,19.0
2018-10-31 03:00:00,0.16627205078588492,0.040949301667219315,19.0
2018-10-31 03:30:00,0.16608821917815406,0.04086499572020782,19.0
2018-10-31 04:00:00,0.1659043875704232,0.04078068977319632,19.0
2018-10-31 04:30:00,0.16572055596269233,0.04069638382618482,19.0
2018-10-31 05:00:00,0.16553672435496147,0.04061207787917332,19.0
2018-10-31 05:30:00,0.16535289274723058,0.04052777193216182,19.0
2018-10-31 06:00:00,0.16516906113949972,0.04044346598515032,19.0
2018-10-31 06:30:00,0.16498522953176886,0.040359160038138824,19.0
2018-10-31 07:00:00,0.164801397924038,0.04027485409112732,19.0
2018-10-31 07:30:00,0.16461756631630714,0.04019054814411582,19.0
2018-10-31 08:00:00,0.16443373470857628,0.04010624219710432,19.0
2018-10-31 08:30:00,0.16424990310084542,0.04002193625009282,19.0
2018-10-31 09:00:00,0.16406607149311456,0.039937630303081326,19.0
2018-10-31 09:30:00,0.1638822398853837,0.03985332435606982,19.0
2018-10-31 10:00:00,0.16369840827765283,0.039769018409058325,19.0
2018-10-31 10:30:00,0.16351457666992197,0.03968471246204683,19.0
2018-10-31 11:00:00,0.1633307450621911,0.039600406515035325,19.0
2018-10-31 11:30:00,0.16314691345446022,0.03951610056802383,19.0
2018-10-31 12:00:00,0.16296308184672936,0.03943179462101233,19.0
2018-10-31 12:30:00,0.1627792502389985,0.03934748867400083,19.0
2018-10-31 13:00:00,0.16259541863126764,0.03926318272698933,19.0
2018-10-31 13:30:00,0.16241158702353678,0.03917887677997783,19.0
2018-10-31 14:00:00,0.16222775541580592,0.03909457083296633,19.0
2018-10-31 14:30:00,0.1621425693722034,0.03906439893737432,19.0
2018-10-31 15:00:00,0.16205738332860087,0.03903422704178231,19.0
2018-10-31 15:30:00,0.16197219728499834,0.0390040551461903,19.0
2018-10-31 16:00:00,0.16188701124139585,0.038973883250598286,19.0
2018-10-31 16:30:00,0.16180182519779332,0.03894371135500627,19.0
2018-10-31 17:00:00,0.1617166391541908,0.03891353945941427,19.0
2018-10-31 17:30:00,0.16163145311058827,0.038883367563822255,19.0
2018-10-31 18:00:00,0.16154626706698574,0.03885319566823024,19.0
2018-10-31 18:30:00,0.16146108102338322,0.038823023772638236,19.0
2018-10-31 19:00:00,0.16137589497978072,0.038792851877046224,19.0
2018-10-31 19:30:00,0.1612907089361782,0.03876267998145421,19.0
2018-10-31 20:00:00,0.16120552289257567,0.0387325080858622,19.0
2018-10-31 20:30:00,0.16112033684897314,0.03870233619027019,19.0
2018-10-31 21:00:00,0.16103515080537062,0.03867216429467818,19.0
2018-10-31 21:30:00,0.1609499647617681,0.03864199239908617,19.0
2018-10-31 22:00:00,0.1608647787181656,0.03861182050349416,19.0
2018-10-31 22:30:00,0.16077959267456307,0.03858164860790215,19.0
2018-10-31 23:00:00,0.16069440663096055,0.038551476712310136,19.0
2018-10-31 23:30:00,0.16060922058735802,0.03852130481671813,19.0
2018-11-01 00:00:00,0.1605240345437555,0.03849113292112612,19.0
2018-11-01 00:30:00,0.16043884850015297,0.038460961025534104,19.0
2018-11-01 01:00:00,0.16035366245655047,0.03843078912994209,19.0
2018-11-01 01:30:00,0.16026847641294795,0.038400617234350086,19.0
2018-11-01 02:00:00,0.16018329036934542,0.03837044533875807,19.0
2018-11-01 02:30:00,0.1605353298240086,0.038443522497011745,19.0
2018-11-01 03:00:00,0.16088736927867173,0.03851659965526541,19.0
2018-11-01 03:30:00,0.1612394087333349,0.03858967681351908,19.0
2018-11-01 04:00:00,0.16159144818799803,0.03866275397177275,19.0
2018-11-01 04:30:00,0.1619434876426612,0.03873583113002642,19.0
2018-11-01 05:00:00,0.16229552709732437,0.03880890828828008,19.0
2018-11-01 05:30:00,0.1626475665519875,0.038881985446533755,19.0
2018-11-01 06:00:00,0.16299960600665067,0.03895506260478742,19.0
2018-11-01 06:30:00,0.16335164546131384,0.03902813976304109,19.0
2018-11-01 07:00:00,0.16370368491597698,0.03910121692129476,19.0
2018-11-01 07:30:00,0.16405572437064014,0.03917429407954843,19.0
2018-11-01 08:00:00,0.1644077638253033,0.039247371237802094,19.0
2018-11-01 08:30:00,0.16475980327996645,0.039320448396055765,19.0
2018-11-01 09:00:00,0.16511184273462962,0.03939352555430944,19.0
2018-11-01 09:30:00,0.16546388218929275,0.0394666027125631,19.0
2018-11-01 10:00:00,0.16581592164395592,0.039539679870816774,19.0
2018-11-01 10:30:00,0.1661679610986191,0.03961275702907044,19.0
2018-11-01 11:00:00,0.16652000055328223,0.03968583418732411,19.0
2018-11-01 11:30:00,0.1668720400079454,0.039758911345577776,19.0
2018-11-01 12:00:00,0.16722407946260853,0.03983198850383145,19.0
2018-11-01 12:30:00,0.1675761189172717,0.03990506566208511,19.0
2018-11-01 13:00:00,0.16792815837193487,0.039978142820338784,19.0
2018-11-01 13:30:00,0.168280197826598,0.04005121997859245,19.0
2018-11-01 14:00:00,0.16863223728126117,0.04012429713684612,19.0
2018-11-01 14:30:00,0.16889346092451357,0.04024986059599329,19.0
2018-11-01 15:00:00,0.16915468456776597,0.04037542405514046,19.0
2018-11-01 15:30:00,0.16941590821101837,0.04050098751428763,19.0
2018-11-01 16:00:00,0.16967713185427077,0.0406265509734348,19.0
2018-11-01 16:30:00,0.16993835549752317,0.04075211443258197,19.0
2018-11-01 17:00:00,0.17019957914077558,0.04087767789172914,19.0
2018-11-01 17:30:00,0.17046080278402798,0.04100324135087631,19.0
2018-11-01 18:00:00,0.17072202642728038,0.041128804810023484,19.0
2018-11-01 18:30:00,0.17098325007053278,0.04125436826917065,19.0
2018-11-01 19:00:00,0.17124447371378518,0.041379931728317824,19.0
2018-11-01 19:30:00,0.17150569735703758,0.04150549518746499,19.0
2018-11-01 20:00:00,0.17176692100028998,0.04163105864661216,19.0
2018-11-01 20:30:00,0.17202814464354235,0.04175662210575933,19.0
2018-11-01 21:00:00,0.17228936828679475,0.0418821855649065,19.0
2018-11-01 21:30:00,0.17255059193004715,0.04200774902405367,19.0
2018-11-01 22:00:00,0.17281181557329955,0.04213331248320084,19.0
2018-11-01 22:30:00,0.17307303921655195,0.04225887594234801,19.0
2018-11-01 23:00:00,0.17333426285980436,0.04238443940149518,19.0
2018-11-01 23:30:00,0.17359548650305676,0.042510002860642354,19.0
2018-11-02 00:00:00,0.17385671014630916,0.04263556631978952,19.0
2018-11-02 00:30:00,0.17411793378956156,0.042761129778936695,19.0
2018-11-02 01:00:00,0.17437915743281396,0.04288669323808386,19.0
2018-11-02 01:30:00,0.17464038107606636,0.043012256697231036,19.0
2018-11-02 02:00:00,0.17490160471931876,0.0431378201563782,19.0
2018-11-02 02:30:00,0.17479939935710445,0.04305887633628561,19.0
2018-11-02 03:00:00,0.17469719399489017,0.04297993251619302,19.0
2018-11-02 03:30:00,0.17459498863267586,0.04290098869610043,19.0
2018-11-02 04:00:00,0.17449278327046158,0.04282204487600784,19.0
2018-11-02 04:30:00,0.17439057790824727,0.04274310105591524,19.0
2018-11-02 05:00:00,0.174288372546033,0.042664157235822654,19.0
2018-11-02 05:30:00,0.17418616718381869,0.042585213415730065,19.0
2018-11-02 06:00:00,0.1740839618216044,0.04250626959563747,19.0
2018-11-02 06:30:00,0.1739817564593901,0.04242732577554488,19.0
2018-11-02 07:00:00,0.17387955109717582,0.04234838195545229,19.0
2018-11-02 07:30:00,0.1737773457349615,0.042269438135359695,19.0
2018-11-02 08:00:00,0.17367514037274723,0.042190494315267106,19.0
2018-11-02 08:30:00,0.17357293501053292,0.04211155049517452,19.0
2018-11-02 09:00:00,0.1734707296483186,0.04203260667508192,19.0
2018-11-02 09:30:00,0.17336852428610433,0.04195366285498933,19.0
2018-11-02 10:00:00,0.17326631892389002,0.04187471903489674,19.0
2018-11-02 10:30:00,0.17316411356167574,0.04179577521480415,19.0
2018-11-02 11:00:00,0.17306190819946143,0.04171683139471156,19.0
2018-11-02 11:30:00,0.17295970283724715,0.04163788757461897,19.0
2018-11-02 12:00:00,0.17285749747503285,0.04155894375452637,19.0
2018-11-02 12:30:00,0.17275529211281856,0.041479999934433784,19.0
2018-11-02 13:00:00,0.17265308675060426,0.041401056114341195,19.0
2018-11-02 13:30:00,0.17255088138838998,0.0413221122942486,19.0
2018-11-02 14:00:00,0.17244867602617567,0.04124316847415601,19.0
2018-11-02 14:30:00,0.17229199144117102,0.04120375512199946,19.0
2018-11-02 15:00:00,0.1721353068561664,0.041164341769842905,19.0
2018-11-02 15:30:00,0.17197862227116176,0.041124928417686356,19.0
2018-11-02 16:00:00,0.17182193768615714,0.0410855150655298,19.0
2018-11-02 16:30:00,0.1716652531011525,0.04104610171337325,19.0
2018-11-02 17:00:00,0.17150856851614787,0.041006688361216695,19.0
2018-11-02 17:30:00,0.17135188393114323,0.040967275009060146,19.0
2018-11-02 18:00:00,0.17119519934613858,0.0409278616569036,19.0
2018-11-02 18:30:00,0.17103851476113396,0.04088844830474704,19.0
2018-11-02 19:00:00,0.17088183017612932,0.04084903495259049,19.0
2018-11-02 19:30:00,0.1707251455911247,0.040809621600433936,19.0
2018-11-02 20:00:00,0.17056846100612005,0.04077020824827739,19.0
2018-11-02 20:30:00,0.1704117764211154,0.04073079489612084,19.0
2018-11-02 21:00:00,0.1702550918361108,0.04069138154396428,19.0
2018-11-02 21:30:00,0.17009840725110614,0.04065196819180773,19.0
2018-11-02 22:00:00,0.16994172266610152,0.04061255483965118,19.0
2018-11-02 22:30:00,0.16978503808109688,0.04057314148749463,19.0
2018-11-02 23:00:00,0.16962835349609226,0.04053372813533807,19.0
2018-11-02 23:30:00,0.16947166891108761,0.04049431478318152,19.0
2018-11-03 00:00:00,0.16931498432608297,0.040454901431024974,19.0
2018-11-03 00:30:00,0.16915829974107835,0.04041548807886842,19.0
2018-11-03 01:00:00,0.1690016151560737,0.04037607472671187,19.0
2018-11-03 01:30:00,0.16884493057106909,0.04033666137455531,19.0
2018-11-03 02:00:00,0.16868824598606444,0.040297248022398764,19.0
2018-11-03 02:30:00,0.1685743663593946,0.040246936726684106,19.0
2018-11-03 03:00:00,0.1684604867327248,0.040196625430969454,19.0
2018-11-03 03:30:00,0.16834660710605498,0.040146314135254796,19.0
2018-11-03 04:00:00,0.16823272747938514,0.04009600283954014,19.0
2018-11-03 04:30:00,0.1681188478527153,0.04004569154382548,19.0
2018-11-03 05:00:00,0.1680049682260455,0.03999538024811083,19.0
2018-11-03 05:30:00,0.16789108859937568,0.03994506895239617,19.0
2018-11-03 06:00:00,0.16777720897270584,0.03989475765668151,19.0
2018-11-03 06:30:00,0.167663329346036,0.03984444636096686,19.0
2018-11-03 07:00:00,0.1675494497193662,0.0397941350652522,19.0
2018-11-03 07:30:00,0.16743557009269638,0.03974382376953754,19.0
2018-11-03 08:00:00,0.16732169046602655,0.03969351247382289,19.0
2018-11-03 08:30:00,0.1672078108393567,0.03964320117810823,19.0
2018-11-03 09:00:00,0.1670939312126869,0.039592889882393574,19.0
2018-11-03 09:30:00,0.1669800515860171,0.039542578586678916,19.0
2018-11-03 10:00:00,0.16686617195934725,0.039492267290964264,19.0
2018-11-03 10:30:00,0.1667522923326774,0.039441955995249606,19.0
2018-11-03 11:00:00,0.1666384127060076,0.03939164469953495,19.0
2018-11-03 11:30:00,0.1665245330793378,0.039341333403820296,19.0
2018-11-03 12:00:00,0.16641065345266795,0.03929102210810564,19.0
2018-11-03 12:30:00,0.1662967738259981,0.03924071081239098,19.0
2018-11-03 13:00:00,0.1661828941993283,0.03919039951667632,19.0
2018-11-03 13:30:00,0.1660690145726585,0.03914008822096167,19.0
2018-11-03 14:00:00,0.16595513494598865,0.03908977692524701,19.0
2018-11-03 14:30:00,0.16586822503981638,0.03905439967405353,19.0
2018-11-03 15:00:00,0.16578131513364414,0.03901902242286005,19.0
2018-11-03 15:30:00,0.16569440522747186,0.038983645171666574,19.0
2018-11-03 16:00:00,0.1656074953212996,0.038948267920473095,19.0
2018-11-03 16:30:00,0.16552058541512732,0.038912890669279616,19.0
2018-11-03 17:00:00,0.16543367550895505,0.03887751341808614,19.0
2018-11-03 17:30:00,0.1653467656027828,0.03884213616689266,19.0
2018-11-03 18:00:00,0.16525985569661053,0.03880675891569918,19.0
2018-11-03 18:30:00,0.16517294579043826,0.0387713816645057,19.0
2018-11-03 19:00:00,0.165086035884266,0.03873600441331222,19.0
2018-11-03 19:30:00,0.16499912597809374,0.03870062716211874,19.0
2018-11-03 20:00:00,0.16491221607192147,0.03866524991092527,19.0
2018-11-03 20:30:00,0.1648253061657492,0.03862987265973179,19.0
2018-11-03 21:00:00,0.16473839625957692,0.038594495408538314,19.0
2018-11-03 21:30:00,0.16465148635340468,0.038559118157344835,19.0
2018-11-03 22:00:00,0.1645645764472324,0.038523740906151356,19.0
2018-11-03 22:30:00,0.16447766654106014,0.03848836365495788,19.0
2018-11-03 23:00:00,0.1643907566348879,0.0384529864037644,19.0
2018-11-03 23:30:00,0.16430384672871562,0.03841760915257092,19.0
2018-11-04 00:00:00,0.16421693682254335,0.03838223190137744,19.0
2018-11-04 00:30:00,0.16413002691637107,0.03834685465018396,19.0
2018-11-04 01:00:00,0.1640431170101988,0.03831147739899048,19.0
2018-11-04 01:30:00,0.16395620710402656,0.038276100147797004,19.0
2018-11-04 02:00:00,0.16386929719785429,0.038240722896603525,19.0
2018-11-04 02:30:00,0.16380844708692482,0.03821002928685711,19.0
2018-11-04 03:00:00,0.16374759697599534,0.03817933567711069,19.0
2018-11-04 03:30:00,0.16368674686506587,0.03814864206736427,19.0
2018-11-04 04:00:00,0.1636258967541364,0.038117948457617845,19.0
2018-11-04 04:30:00,0.16356504664320692,0.03808725484787143,19.0
2018-11-04 05:00:00,0.16350419653227746,0.03805656123812501,19.0
2018-11-04 05:30:00,0.163443346421348,0.03802586762837859,19.0
2018-11-04 06:00:00,0.1633824963104185,0.03799517401863217,19.0
2018-11-04 06:30:00,0.16332164619948905,0.037964480408885753,19.0
2018-11-04 07:00:00,0.1632607960885596,0.037933786799139335,19.0
2018-11-04 07:30:00,0.1631999459776301,0.03790309318939292,19.0
2018-11-04 08:00:00,0.16313909586670064,0.0378723995796465,19.0
2018-11-04 08:30:00,0.16307824575577118,0.03784170596990007,19.0
2018-11-04 09:00:00,0.1630173956448417,0.037811012360153655,19.0
2018-11-04 09:30:00,0.16295654553391223,0.03778031875040724,19.0
2018-11-04 10:00:00,0.16289569542298277,0.03774962514066082,19.0
2018-11-04 10:30:00,0.16283484531205328,0.0377189315309144,19.0
2018-11-04 11:00:00,0.16277399520112382,0.03768823792116798,19.0
2018-11-04 11:30:00,0.16271314509019436,0.03765754431142156,19.0
2018-11-04 12:00:00,0.16265229497926487,0.03762685070167514,19.0
2018-11-04 12:30:00,0.1625914448683354,0.03759615709192872,19.0
2018-11-04 13:00:00,0.16253059475740594,0.0375654634821823,19.0
2018-11-04 13:30:00,0.16246974464647645,0.03753476987243588,19.0
2018-11-04 14:00:00,0.162408894535547,0.037504076262689465,19.0
2018-11-04 14:30:00,0.16237903686467306,0.03749967881755874,19.0
2018-11-04 15:00:00,0.16234917919379915,0.03749528137242801,19.0
2018-11-04 15:30:00,0.16231932152292522,0.037490883927297276,19.0
2018-11-04 16:00:00,0.16228946385205129,0.03748648648216655,19.0
2018-11-04 16:30:00,0.16225960618117735,0.03748208903703582,19.0
2018-11-04 17:00:00,0.16222974851030342,0.03747769159190509,19.0
2018-11-04 17:30:00,0.1621998908394295,0.03747329414677436,19.0
2018-11-04 18:00:00,0.16217003316855558,0.037468896701643634,19.0
2018-11-04 18:30:00,0.16214017549768164,0.037464499256512906,19.0
2018-11-04 19:00:00,0.16211031782680774,0.03746010181138218,19.0
2018-11-04 19:30:00,0.1620804601559338,0.037455704366251445,19.0
2018-11-04 20:00:00,0.16205060248505987,0.03745130692112072,19.0
2018-11-04 20:30:00,0.16202074481418594,0.03744690947598999,19.0
2018-11-04 21:00:00,0.161990887143312,0.03744251203085926,19.0
2018-11-04 21:30:00,0.1619610294724381,0.03743811458572853,19.0
2018-11-04 22:00:00,0.16193117180156416,0.0374337171405978,19.0
2018-11-04 22:30:00,0.16190131413069023,0.037429319695467075,19.0
2018-11-04 23:00:00,0.16187145645981632,0.03742492225033635,19.0
2018-11-04 23:30:00,0.1618415987889424,0.037420524805205614,19.0
2018-11-05 00:00:00,0.16181174111806845,0.03741612736007489,19.0
2018-11-05 00:30:00,0.16178188344719452,0.03741172991494416,19.0
2018-11-05 01:00:00,0.16175202577632058,0.037407332469813426,19.0
2018-11-05 01:30:00,0.16172216810544668,0.0374029350246827,19.0
2018-11-05 02:00:00,0.16169231043457274,0.03739853757955197,19.0
2018-11-05 02:30:00,0.16167790335314927,0.03737892601235044,19.0
2018-11-05 03:00:00,0.16166349627172583,0.03735931444514891,19.0
2018-11-05 03:30:00,0.16164908919030235,0.03733970287794738,19.0
2018-11-05 04:00:00,0.16163468210887888,0.03732009131074585,19.0
2018-11-05 04:30:00,0.1616202750274554,0.03730047974354432,19.0
2018-11-05 05:00:00,0.16160586794603193,0.03728086817634279,19.0
2018-11-05 05:30:00,0.1615914608646085,0.03726125660914126,19.0
2018-11-05 06:00:00,0.16157705378318502,0.037241645041939726,19.0
2018-11-05 06:30:00,0.16156264670176154,0.037222033474738195,19.0
2018-11-05 07:00:00,0.1615482396203381,0.03720242190753667,19.0
2018-11-05 07:30:00,0.16153383253891462,0.03718281034033514,19.0
2018-11-05 08:00:00,0.16151942545749115,0.03716319877313361,19.0
2018-11-05 08:30:00,0.16150501837606768,0.037143587205932076,19.0
2018-11-05 09:00:00,0.1614906112946442,0.037123975638730544,19.0
2018-11-05 09:30:00,0.16147620421322076,0.03710436407152901,19.0
2018-11-05 10:00:00,0.16146179713179729,0.03708475250432749,19.0
2018-11-05 10:30:00,0.1614473900503738,0.03706514093712596,19.0
2018-11-05 11:00:00,0.16143298296895037,0.037045529369924425,19.0
2018-11-05 11:30:00,0.1614185758875269,0.037025917802722894,19.0
2018-11-05 12:00:00,0.16140416880610342,0.03700630623552136,19.0
2018-11-05 12:30:00,0.16138976172467995,0.03698669466831983,19.0
2018-11-05 13:00:00,0.16137535464325647,0.036967083101118306,19.0
2018-11-05 13:30:00,0.16136094756183303,0.036947471533916774,19.0
2018-11-05 14:00:00,0.16134654048040956,0.03692785996671524,19.0
2018-11-05 14:30:00,0.16128839019551594,0.0369010510740251,19.0
2018-11-05 15:00:00,0.1612302399106223,0.036874242181334956,19.0
2018-11-05 15:30:00,0.16117208962572868,0.036847433288644815,19.0
2018-11-05 16:00:00,0.16111393934083507,0.03682062439595467,19.0
2018-11-05 16:30:00,0.16105578905594142,0.03679381550326453,19.0
2018-11-05 17:00:00,0.1609976387710478,0.03676700661057438,19.0
2018-11-05 17:30:00,0.16093948848615416,0.03674019771788424,19.0
2018-11-05 18:00:00,0.16088133820126055,0.03671338882519409,19.0
2018-11-05 18:30:00,0.16082318791636693,0.03668657993250395,19.0
2018-11-05 19:00:00,0.1607650376314733,0.036659771039813806,19.0
2018-11-05 19:30:00,0.16070688734657967,0.036632962147123665,19.0
2018-11-05 20:00:00,0.16064873706168603,0.03660615325443352,19.0
2018-11-05 20:30:00,0.16059058677679242,0.03657934436174338,19.0
2018-11-05 21:00:00,0.1605324364918988,0.03655253546905324,19.0
2018-11-05 21:30:00,0.16047428620700516,0.03652572657636309,19.0
2018-11-05 22:00:00,0.16041613592211154,0.03649891768367295,19.0
2018-11-05 22:30:00,0.16035798563721793,0.0364721087909828,19.0
2018-11-05 23:00:00,0.16029983535232428,0.03644529989829266,19.0
2018-11-05 23:30:00,0.16024168506743067,0.036418491005602516,19.0
2018-11-06 00:00:00,0.16018353478253705,0.036391682112912375,19.0
2018-11-06 00:30:00,0.1601253844976434,0.03636487322022223,19.0
2018-11-06 01:00:00,0.1600672342127498,0.03633806432753209,19.0
2018-11-06 01:30:00,0.16000908392785615,0.03631125543484194,19.0
2018-11-06 02:00:00,0.15995093364296253,0.0362844465421518,19.0
2018-11-06 02:30:00,0.159886250939695,0.03625961786830751,19.0
2018-11-06 03:00:00,0.15982156823642746,0.03623478919446321,19.0
2018-11-06 03:30:00,0.15975688553315992,0.03620996052061892,19.0
2018-11-06 04:00:00,0.15969220282989238,0.036185131846774625,19.0
2018-11-06 04:30:00,0.15962752012662484,0.036160303172930335,19.0
2018-11-06 05:00:00,0.1595628374233573,0.036135474499086044,19.0
2018-11-06 05:30:00,0.15949815472008977,0.03611064582524175,19.0
2018-11-06 06:00:00,0.15943347201682223,0.036085817151397456,19.0
2018-11-06 06:30:00,0.1593687893135547,0.03606098847755316,19.0
2018-11-06 07:00:00,0.15930410661028716,0.03603615980370887,19.0
2018-11-06 07:30:00,0.15923942390701962,0.03601133112986457,19.0
2018-11-06 08:00:00,0.15917474120375208,0.03598650245602028,19.0
2018-11-06 08:30:00,0.15911005850048457,0.03596167378217599,19.0
2018-11-06 09:00:00,0.15904537579721703,0.03593684510833169,19.0
2018-11-06 09:30:00,0.1589806930939495,0.0359120164344874,19.0
2018-11-06 10:00:00,0.15891601039068196,0.035887187760643105,19.0
2018-11-06 10:30:00,0.15885132768741442,0.035862359086798815,19.0
2018-11-06 11:00:00,0.15878664498414688,0.035837530412954524,19.0
2018-11-06 11:30:00,0.15872196228087934,0.03581270173911023,19.0
2018-11-06 12:00:00,0.1586572795776118,0.035787873065265936,19.0
2018-11-06 12:30:00,0.15859259687434427,0.03576304439142164,19.0
2018-11-06 13:00:00,0.15852791417107673,0.03573821571757735,19.0
2018-11-06 13:30:00,0.1584632314678092,0.03571338704373305,19.0
2018-11-06 14:00:00,0.15839854876454165,0.03568855836988876,19.0
2018-11-06 14:30:00,0.15836517831299868,0.03568651713704537,19.0
2018-11-06 15:00:00,0.15833180786145568,0.03568447590420198,19.0
2018-11-06 15:30:00,0.15829843740991267,0.035682434671358586,19.0
2018-11-06 16:00:00,0.1582650669583697,0.035680393438515194,19.0
2018-11-06 16:30:00,0.15823169650682672,0.0356783522056718,19.0
2018-11-06 17:00:00,0.15819832605528372,0.03567631097282841,19.0
2018-11-06 17:30:00,0.15816495560374072,0.03567426973998502,19.0
2018-11-06 18:00:00,0.15813158515219775,0.03567222850714163,19.0
2018-11-06 18:30:00,0.15809821470065477,0.035670187274298236,19.0
2018-11-06 19:00:00,0.15806484424911177,0.035668146041454844,19.0
2018-11-06 19:30:00,0.15803147379756877,0.03566610480861145,19.0
2018-11-06 20:00:00,0.1579981033460258,0.03566406357576806,19.0
2018-11-06 20:30:00,0.15796473289448282,0.03566202234292467,19.0
2018-11-06 21:00:00,0.15793136244293982,0.03565998111008128,19.0
2018-11-06 21:30:00,0.1578979919913968,0.035657939877237886,19.0
2018-11-06 22:00:00,0.15786462153985384,0.035655898644394494,19.0
2018-11-06 22:30:00,0.15783125108831086,0.0356538574115511,19.0
2018-11-06 23:00:00,0.15779788063676786,0.03565181617870771,19.0
2018-11-06 23:30:00,0.15776451018522486,0.03564977494586432,19.0
2018-11-07 00:00:00,0.15773113973368189,0.03564773371302093,19.0
2018-11-07 00:30:00,0.1576977692821389,0.035645692480177536,19.0
2018-11-07 01:00:00,0.1576643988305959,0.035643651247334145,19.0
2018-11-07 01:30:00,0.1576310283790529,0.03564161001449075,19.0
2018-11-07 02:00:00,0.15759765792750993,0.03563956878164736,19.0
2018-11-07 02:30:00,0.15757852411359513,0.03561013818632627,19.0
2018-11-07 03:00:00,0.1575593902996803,0.035580707591005185,19.0
2018-11-07 03:30:00,0.1575402564857655,0.0355512769956841,19.0
2018-11-07 04:00:00,0.1575211226718507,0.035521846400363,19.0
2018-11-07 04:30:00,0.1575019888579359,0.035492415805041914,19.0
2018-11-07 05:00:00,0.1574828550440211,0.035462985209720826,19.0
2018-11-07 05:30:00,0.15746372123010627,0.03543355461439974,19.0
2018-11-07 06:00:00,0.15744458741619147,0.03540412401907865,19.0
2018-11-07 06:30:00,0.15742545360227667,0.03537469342375756,19.0
2018-11-07 07:00:00,0.15740631978836184,0.03534526282843647,19.0
2018-11-07 07:30:00,0.15738718597444704,0.03531583223311538,19.0
2018-11-07 08:00:00,0.15736805216053223,0.03528640163779429,19.0
2018-11-07 08:30:00,0.15734891834661743,0.035256971042473204,19.0
2018-11-07 09:00:00,0.15732978453270263,0.035227540447152116,19.0
2018-11-07 09:30:00,0.1573106507187878,0.03519810985183103,19.0
2018-11-07 10:00:00,0.157291516904873,0.03516867925650993,19.0
2018-11-07 10:30:00,0.1572723830909582,0.035139248661188845,19.0
2018-11-07 11:00:00,0.15725324927704337,0.03510981806586776,19.0
2018-11-07 11:30:00,0.15723411546312857,0.03508038747054667,19.0
2018-11-07 12:00:00,0.15721498164921377,0.03505095687522558,19.0
2018-11-07 12:30:00,0.15719584783529897,0.03502152627990449,19.0
2018-11-07 13:00:00,0.15717671402138417,0.0349920956845834,19.0
2018-11-07 13:30:00,0.15715758020746934,0.03496266508926231,19.0
2018-11-07 14:00:00,0.15713844639355454,0.03493323449394122,19.0
2018-11-07 14:30:00,0.15758257294538017,0.034716543846412554,19.0
2018-11-07 15:00:00,0.15802669949720582,0.03449985319888388,19.0
2018-11-07 15:30:00,0.15847082604903145,0.03428316255135521,19.0
2018-11-07 16:00:00,0.15891495260085708,0.03406647190382654,19.0
2018-11-07 16:30:00,0.15935907915268271,0.033849781256297874,19.0
2018-11-07 17:00:00,0.15980320570450834,0.0336330906087692,19.0
2018-11-07 17:30:00,0.160247332256334,0.03341639996124053,19.0
2018-11-07 18:00:00,0.16069145880815963,0.03319970931371186,19.0
2018-11-07 18:30:00,0.16113558535998526,0.03298301866618319,19.0
2018-11-07 19:00:00,0.16157971191181092,0.03276632801865452,19.0
2018-11-07 19:30:00,0.16202383846363655,0.03254963737112585,19.0
2018-11-07 20:00:00,0.16246796501546218,0.032332946723597177,19.0
2018-11-07 20:30:00,0.1629120915672878,0.03211625607606851,19.0
2018-11-07 21:00:00,0.16335621811911344,0.03189956542853984,19.0
2018-11-07 21:30:00,0.1638003446709391,0.03168287478101117,19.0
2018-11-07 22:00:00,0.16424447122276473,0.0314661841334825,19.0
2018-11-07 22:30:00,0.16468859777459036,0.03124949348595383,19.0
2018-11-07 23:00:00,0.165132724326416,0.031032802838425157,19.0
2018-11-07 23:30:00,0.16557685087824164,0.03081611219089649,19.0
2018-11-08 00:00:00,0.16602097743006727,0.030599421543367818,19.0
2018-11-08 00:30:00,0.1664651039818929,0.03038273089583915,19.0
2018-11-08 01:00:00,0.16690923053371853,0.030166040248310478,19.0
2018-11-08 01:30:00,0.1673533570855442,0.02994934960078181,19.0
2018-11-08 02:00:00,0.16779748363736982,0.029732658953253138,19.0
2018-11-08 02:30:00,0.16767172925636742,0.02982017522334966,19.0
2018-11-08 03:00:00,0.167545974875365,0.02990769149344618,19.0
2018-11-08 03:30:00,0.1674202204943626,0.0299952077635427,19.0
2018-11-08 04:00:00,0.16729446611336019,0.03008272403363922,19.0
2018-11-08 04:30:00,0.16716871173235776,0.030170240303735742,19.0
2018-11-08 05:00:00,0.16704295735135535,0.030257756573832263,19.0
2018-11-08 05:30:00,0.16691720297035295,0.030345272843928787,19.0
2018-11-08 06:00:00,0.16679144858935052,0.03043278911402531,19.0
2018-11-08 06:30:00,0.16666569420834812,0.03052030538412183,19.0
2018-11-08 07:00:00,0.16653993982734572,0.03060782165421835,19.0
2018-11-08 07:30:00,0.1664141854463433,0.03069533792431487,19.0
2018-11-08 08:00:00,0.16628843106534089,0.03078285419441139,19.0
2018-11-08 08:30:00,0.16616267668433848,0.030870370464507912,19.0
2018-11-08 09:00:00,0.16603692230333605,0.030957886734604433,19.0
2018-11-08 09:30:00,0.16591116792233365,0.031045403004700954,19.0
2018-11-08 10:00:00,0.16578541354133125,0.031132919274797475,19.0
2018-11-08 10:30:00,0.16565965916032882,0.031220435544893996,19.0
2018-11-08 11:00:00,0.16553390477932642,0.03130795181499052,19.0
2018-11-08 11:30:00,0.16540815039832402,0.03139546808508704,19.0
2018-11-08 12:00:00,0.1652823960173216,0.03148298435518356,19.0
2018-11-08 12:30:00,0.16515664163631918,0.03157050062528008,19.0
2018-11-08 13:00:00,0.16503088725531678,0.0316580168953766,19.0
2018-11-08 13:30:00,0.16490513287431435,0.03174553316547312,19.0
2018-11-08 14:00:00,0.16477937849331195,0.031833049435569645,19.0
2018-11-08 14:30:00,0.1646952366007136,0.031845270324173065,19.0
2018-11-08 15:00:00,0.1646110947081153,0.03185749121277648,19.0
2018-11-08 15:30:00,0.164526952815517,0.0318697121013799,19.0
2018-11-08 16:00:00,0.16444281092291865,0.03188193298998332,19.0
2018-11-08 16:30:00,0.16435866903032031,0.03189415387858673,19.0
2018-11-08 17:00:00,0.164274527137722,0.03190637476719015,19.0
2018-11-08 17:30:00,0.1641903852451237,0.031918595655793566,19.0
2018-11-08 18:00:00,0.16410624335252535,0.03193081654439699,19.0
2018-11-08 18:30:00,0.16402210145992702,0.03194303743300041,19.0
2018-11-08 19:00:00,0.1639379595673287,0.03195525832160382,19.0
2018-11-08 19:30:00,0.1638538176747304,0.03196747921020724,19.0
2018-11-08 20:00:00,0.16376967578213206,0.031979700098810654,19.0
2018-11-08 20:30:00,0.16368553388953372,0.031991920987414074,19.0
2018-11-08 21:00:00,0.1636013919969354,0.032004141876017494,19.0
2018-11-08 21:30:00,0.1635172501043371,0.03201636276462091,19.0
2018-11-08 22:00:00,0.16343310821173876,0.03202858365322433,19.0
2018-11-08 22:30:00,0.16334896631914042,0.03204080454182775,19.0
2018-11-08 23:00:00,0.1632648244265421,0.03205302543043116,19.0
2018-11-08 23:30:00,0.1631806825339438,0.03206524631903458,19.0
2018-11-09 00:00:00,0.16309654064134546,0.032077467207638,19.0
2018-11-09 00:30:00,0.16301239874874712,0.032089688096241416,19.0
2018-11-09 01:00:00,0.1629282568561488,0.032101908984844836,19.0
2018-11-09 01:30:00,0.1628441149635505,0.03211412987344825,19.0
2018-11-09 02:00:00,0.16275997307095216,0.03212635076205167,19.0
2018-11-09 02:30:00,0.16272089973270218,0.03211405330607144,19.0
2018-11-09 03:00:00,0.1626818263944522,0.03210175585009122,19.0
2018-11-09 03:30:00,0.1626427530562022,0.032089458394110995,19.0
2018-11-09 04:00:00,0.16260367971795223,0.032077160938130775,19.0
2018-11-09 04:30:00,0.16256460637970224,0.03206486348215055,19.0
2018-11-09 05:00:00,0.16252553304145226,0.03205256602617033,19.0
2018-11-09 05:30:00,0.16248645970320227,0.0320402685701901,19.0
2018-11-09 06:00:00,0.1624473863649523,0.03202797111420988,19.0
2018-11-09 06:30:00,0.1624083130267023,0.03201567365822965,19.0
2018-11-09 07:00:00,0.16236923968845232,0.03200337620224943,19.0
2018-11-09 07:30:00,0.16233016635020234,0.031991078746269205,19.0
2018-11-09 08:00:00,0.16229109301195238,0.03197878129028898,19.0
2018-11-09 08:30:00,0.1622520196737024,0.03196648383430876,19.0
2018-11-09 09:00:00,0.1622129463354524,0.03195418637832853,19.0
2018-11-09 09:30:00,0.16217387299720243,0.03194188892234831,19.0
2018-11-09 10:00:00,0.16213479965895244,0.03192959146636808,19.0
2018-11-09 10:30:00,0.16209572632070246,0.03191729401038786,19.0
2018-11-09 11:00:00,0.16205665298245248,0.031904996554407636,19.0
2018-11-09 11:30:00,0.1620175796442025,0.031892699098427416,19.0
2018-11-09 12:00:00,0.1619785063059525,0.03188040164244719,19.0
2018-11-09 12:30:00,0.16193943296770252,0.03186810418646697,19.0
2018-11-09 13:00:00,0.16190035962945254,0.03185580673048674,19.0
2018-11-09 13:30:00,0.16186128629120256,0.03184350927450652,19.0
2018-11-09 14:00:00,0.16182221295295257,0.031831211818526293,19.0
2018-11-09 14:30:00,0.16177765096354754,0.0318308176781281,19.0
2018-11-09 15:00:00,0.1617330889741425,0.031830423537729906,19.0
2018-11-09 15:30:00,0.16168852698473749,0.03183002939733171,19.0
2018-11-09 16:00:00,0.16164396499533246,0.03182963525693351,19.0
2018-11-09 16:30:00,0.16159940300592746,0.03182924111653532,19.0
2018-11-09 17:00:00,0.16155484101652243,0.03182884697613712,19.0
2018-11-09 17:30:00,0.1615102790271174,0.03182845283573893,19.0
2018-11-09 18:00:00,0.16146571703771237,0.031828058695340736,19.0
2018-11-09 18:30:00,0.16142115504830734,0.03182766455494254,19.0
2018-11-09 19:00:00,0.1613765930589023,0.03182727041454434,19.0
2018-11-09 19:30:00,0.16133203106949728,0.03182687627414615,19.0
2018-11-09 20:00:00,0.16128746908009228,0.03182648213374795,19.0
2018-11-09 20:30:00,0.16124290709068725,0.03182608799334976,19.0
2018-11-09 21:00:00,0.16119834510128223,0.031825693852951566,19.0
2018-11-09 21:30:00,0.1611537831118772,0.03182529971255337,19.0
2018-11-09 22:00:00,0.16110922112247217,0.03182490557215517,19.0
2018-11-09 22:30:00,0.16106465913306714,0.03182451143175698,19.0
2018-11-09 23:00:00,0.1610200971436621,0.03182411729135878,19.0
2018-11-09 23:30:00,0.16097553515425708,0.03182372315096059,19.0
2018-11-10 00:00:00,0.16093097316485205,0.031823329010562396,19.0
2018-11-10 00:30:00,0.16088641117544705,0.0318229348701642,19.0
2018-11-10 01:00:00,0.16084184918604202,0.031822540729766,19.0
2018-11-10 01:30:00,0.160797287196637,0.03182214658936781,19.0
2018-11-10 02:00:00,0.16075272520723197,0.03182175244896961,19.0
2018-11-10 02:30:00,0.16069521541240941,0.031805596558128986,19.0
2018-11-10 03:00:00,0.16063770561758683,0.031789440667288366,19.0
2018-11-10 03:30:00,0.16058019582276428,0.03177328477644774,19.0
2018-11-10 04:00:00,0.16052268602794173,0.03175712888560711,19.0
2018-11-10 04:30:00,0.16046517623311918,0.031740972994766484,19.0
2018-11-10 05:00:00,0.16040766643829663,0.031724817103925856,19.0
2018-11-10 05:30:00,0.16035015664347405,0.031708661213085236,19.0
2018-11-10 06:00:00,0.1602926468486515,0.03169250532224461,19.0
2018-11-10 06:30:00,0.16023513705382894,0.03167634943140398,19.0
2018-11-10 07:00:00,0.16017762725900636,0.03166019354056336,19.0
2018-11-10 07:30:00,0.1601201174641838,0.031644037649722734,19.0
2018-11-10 08:00:00,0.16006260766936126,0.031627881758882107,19.0
2018-11-10 08:30:00,0.1600050978745387,0.03161172586804148,19.0
2018-11-10 09:00:00,0.15994758807971615,0.03159556997720085,19.0
2018-11-10 09:30:00,0.15989007828489357,0.03157941408636023,19.0
2018-11-10 10:00:00,0.15983256849007102,0.031563258195519604,19.0
2018-11-10 10:30:00,0.15977505869524847,0.03154710230467898,19.0
2018-11-10 11:00:00,0.1597175489004259,0.03153094641383836,19.0
2018-11-10 11:30:00,0.15966003910560334,0.03151479052299773,19.0
2018-11-10 12:00:00,0.15960252931078078,0.0314986346321571,19.0
2018-11-10 12:30:00,0.15954501951595823,0.031482478741316475,19.0
2018-11-10 13:00:00,0.15948750972113568,0.03146632285047585,19.0
2018-11-10 13:30:00,0.1594299999263131,0.03145016695963523,19.0
2018-11-10 14:00:00,0.15937249013149055,0.0314340110687946,19.0
2018-11-10 14:30:00,0.15937856161394587,0.03141885664435009,19.0
2018-11-10 15:00:00,0.1593846330964012,0.03140370221990558,19.0
2018-11-10 15:30:00,0.1593907045788565,0.03138854779546107,19.0
2018-11-10 16:00:00,0.1593967760613118,0.03137339337101656,19.0
2018-11-10 16:30:00,0.15940284754376713,0.031358238946572047,19.0
2018-11-10 17:00:00,0.15940891902622245,0.031343084522127536,19.0
2018-11-10 17:30:00,0.15941499050867777,0.031327930097683025,19.0
2018-11-10 18:00:00,0.1594210619911331,0.031312775673238515,19.0
2018-11-10 18:30:00,0.15942713347358842,0.031297621248794004,19.0
2018-11-10 19:00:00,0.1594332049560437,0.03128246682434949,19.0
2018-11-10 19:30:00,0.15943927643849903,0.03126731239990498,19.0
2018-11-10 20:00:00,0.15944534792095436,0.031252157975460465,19.0
2018-11-10 20:30:00,0.15945141940340968,0.031237003551015958,19.0
2018-11-10 21:00:00,0.159457490885865,0.031221849126571447,19.0
2018-11-10 21:30:00,0.15946356236832032,0.031206694702126937,19.0
2018-11-10 22:00:00,0.15946963385077562,0.031191540277682426,19.0
2018-11-10 22:30:00,0.15947570533323094,0.031176385853237915,19.0
2018-11-10 23:00:00,0.15948177681568626,0.0311612314287934,19.0
2018-11-10 23:30:00,0.15948784829814158,0.03114607700434889,19.0
2018-11-11 00:00:00,0.1594939197805969,0.03113092257990438,19.0
2018-11-11 00:30:00,0.15949999126305223,0.03111576815545987,19.0
2018-11-11 01:00:00,0.15950606274550752,0.03110061373101536,19.0
2018-11-11 01:30:00,0.15951213422796284,0.031085459306570848,19.0
2018-11-11 02:00:00,0.15951820571041816,0.031070304882126337,19.0
2018-11-11 02:30:00,0.15954010802414206,0.031025206873280708,19.0
2018-11-11 03:00:00,0.15956201033786593,0.030980108864435082,19.0
2018-11-11 03:30:00,0.15958391265158983,0.030935010855589452,19.0
2018-11-11 04:00:00,0.15960581496531373,0.030889912846743826,19.0
2018-11-11 04:30:00,0.15962771727903763,0.030844814837898197,19.0
2018-11-11 05:00:00,0.15964961959276153,0.030799716829052567,19.0
2018-11-11 05:30:00,0.1596715219064854,0.03075461882020694,19.0
2018-11-11 06:00:00,0.1596934242202093,0.030709520811361312,19.0
2018-11-11 06:30:00,0.1597153265339332,0.030664422802515686,19.0
2018-11-11 07:00:00,0.15973722884765706,0.030619324793670057,19.0
2018-11-11 07:30:00,0.15975913116138096,0.03057422678482443,19.0
2018-11-11 08:00:00,0.15978103347510486,0.0305291287759788,19.0
2018-11-11 08:30:00,0.15980293578882876,0.03048403076713317,19.0
2018-11-11 09:00:00,0.15982483810255266,0.030438932758287546,19.0
2018-11-11 09:30:00,0.15984674041627653,0.030393834749441916,19.0
2018-11-11 10:00:00,0.15986864273000043,0.03034873674059629,19.0
2018-11-11 10:30:00,0.15989054504372432,0.03030363873175066,19.0
2018-11-11 11:00:00,0.1599124473574482,0.03025854072290503,19.0
2018-11-11 11:30:00,0.1599343496711721,0.030213442714059405,19.0
2018-11-11 12:00:00,0.159956251984896,0.030168344705213776,19.0
2018-11-11 12:30:00,0.1599781542986199,0.03012324669636815,19.0
2018-11-11 13:00:00,0.1600000566123438,0.03007814868752252,19.0
2018-11-11 13:30:00,0.16002195892606766,0.030033050678676895,19.0
2018-11-11 14:00:00,0.16004386123979156,0.029987952669831265,19.0
2018-11-11 14:30:00,0.16002517751987339,0.029891336293637133,19.0
2018-11-11 15:00:00,0.1600064937999552,0.029794719917443,19.0
2018-11-11 15:30:00,0.159987810080037,0.029698103541248865,19.0
2018-11-11 16:00:00,0.15996912636011884,0.029601487165054733,19.0
2018-11-11 16:30:00,0.15995044264020067,0.0295048707888606,19.0
2018-11-11 17:00:00,0.1599317589202825,0.029408254412666465,19.0
2018-11-11 17:30:00,0.15991307520036432,0.029311638036472333,19.0
2018-11-11 18:00:00,0.15989439148044612,0.0292150216602782,19.0
2018-11-11 18:30:00,0.15987570776052795,0.02911840528408407,19.0
2018-11-11 19:00:00,0.15985702404060978,0.029021788907889937,19.0
2018-11-11 19:30:00,0.1598383403206916,0.0289251725316958,19.0
2018-11-11 20:00:00,0.1598196566007734,0.02882855615550167,19.0
2018-11-11 20:30:00,0.15980097288085524,0.028731939779307537,19.0
2018-11-11 21:00:00,0.15978228916093706,0.0286353234031134,19.0
2018-11-11 21:30:00,0.1597636054410189,0.02853870702691927,19.0
2018-11-11 22:00:00,0.15974492172110072,0.028442090650725137,19.0
2018-11-11 22:30:00,0.15972623800118252,0.028345474274531005,19.0
2018-11-11 23:00:00,0.15970755428126435,0.028248857898336872,19.0
2018-11-11 23:30:00,0.15968887056134617,0.028152241522142737,19.0
2018-11-12 00:00:00,0.159670186841428,0.028055625145948605,19.0
2018-11-12 00:30:00,0.15965150312150983,0.027959008769754472,19.0
2018-11-12 01:00:00,0.15963281940159163,0.027862392393560337,19.0
2018-11-12 01:30:00,0.15961413568167346,0.027765776017366205,19.0
2018-11-12 02:00:00,0.15959545196175529,0.027669159641172072,19.0
2018-11-12 02:30:00,0.1595693475918791,0.027711973573786457,19.0
2018-11-12 03:00:00,0.1595432432220029,0.02775478750640084,19.0
2018-11-12 03:30:00,0.1595171388521267,0.027797601439015225,19.0
2018-11-12 04:00:00,0.1594910344822505,0.027840415371629606,19.0
2018-11-12 04:30:00,0.1594649301123743,0.02788322930424399,19.0
2018-11-12 05:00:00,0.15943882574249812,0.027926043236858374,19.0
2018-11-12 05:30:00,0.1594127213726219,0.02796885716947276,19.0
2018-11-12 06:00:00,0.15938661700274573,0.028011671102087143,19.0
2018-11-12 06:30:00,0.15936051263286954,0.028054485034701527,19.0
2018-11-12 07:00:00,0.15933440826299333,0.028097298967315908,19.0
2018-11-12 07:30:00,0.15930830389311715,0.028140112899930292,19.0
2018-11-12 08:00:00,0.15928219952324096,0.028182926832544676,19.0
2018-11-12 08:30:00,0.15925609515336475,0.02822574076515906,19.0
2018-11-12 09:00:00,0.15922999078348857,0.028268554697773444,19.0
2018-11-12 09:30:00,0.15920388641361236,0.02831136863038783,19.0
2018-11-12 10:00:00,0.15917778204373617,0.02835418256300221,19.0
2018-11-12 10:30:00,0.15915167767386,0.028396996495616594,19.0
2018-11-12 11:00:00,0.15912557330398377,0.028439810428230978,19.0
2018-11-12 11:30:00,0.1590994689341076,0.028482624360845362,19.0
2018-11-12 12:00:00,0.15907336456423138,0.028525438293459746,19.0
2018-11-12 12:30:00,0.1590472601943552,0.02856825222607413,19.0
2018-11-12 13:00:00,0.159021155824479,0.02861106615868851,19.0
2018-11-12 13:30:00,0.1589950514546028,0.028653880091302895,19.0
2018-11-12 14:00:00,0.15896894708472661,0.02869669402391728,19.0
2018-11-12 14:30:00,0.15893299703658403,0.028708274935878124,19.0
2018-11-12 15:00:00,0.15889704698844145,0.028719855847838965,19.0
2018-11-12 15:30:00,0.15886109694029887,0.02873143675979981,19.0
2018-11-12 16:00:00,0.15882514689215632,0.02874301767176065,19.0
2018-11-12 16:30:00,0.15878919684401374,0.028754598583721494,19.0
2018-11-12 17:00:00,0.15875324679587116,0.02876617949568234,19.0
2018-11-12 17:30:00,0.15871729674772858,0.02877776040764318,19.0
2018-11-12 18:00:00,0.158681346699586,0.028789341319604023,19.0
2018-11-12 18:30:00,0.15864539665144342,0.028800922231564864,19.0
2018-11-12 19:00:00,0.15860944660330084,0.02881250314352571,19.0
2018-11-12 19:30:00,0.15857349655515826,0.02882408405548655,19.0
2018-11-12 20:00:00,0.15853754650701568,0.028835664967447393,19.0
2018-11-12 20:30:00,0.15850159645887313,0.028847245879408238,19.0
2018-11-12 21:00:00,0.15846564641073055,0.02885882679136908,19.0
2018-11-12 21:30:00,0.15842969636258797,0.028870407703329923,19.0
2018-11-12 22:00:00,0.1583937463144454,0.028881988615290764,19.0
2018-11-12 22:30:00,0.1583577962663028,0.028893569527251608,19.0
2018-11-12 23:00:00,0.15832184621816023,0.028905150439212452,19.0
2018-11-12 23:30:00,0.15828589617001765,0.028916731351173293,19.0
2018-11-13 00:00:00,0.1582499461218751,0.028928312263134137,19.0
2018-11-13 00:30:00,0.15821399607373252,0.028939893175094978,19.0
2018-11-13 01:00:00,0.15817804602558994,0.028951474087055822,19.0
2018-11-13 01:30:00,0.15814209597744736,0.028963054999016663,19.0
2018-11-13 02:00:00,0.15810614592930478,0.028974635910977507,19.0
2018-11-13 02:30:00,0.15823989073694586,0.028838431526947067,19.0
2018-11-13 03:00:00,0.15837363554458697,0.028702227142916627,19.0
2018-11-13 03:30:00,0.15850738035222806,0.028566022758886186,19.0
2018-11-13 04:00:00,0.15864112515986917,0.028429818374855746,19.0
2018-11-13 04:30:00,0.15877486996751025,0.028293613990825306,19.0
2018-11-13 05:00:00,0.15890861477515136,0.02815740960679487,19.0
2018-11-13 05:30:00,0.15904235958279245,0.02802120522276443,19.0
2018-11-13 06:00:00,0.15917610439043353,0.02788500083873399,19.0
2018-11-13 06:30:00,0.15930984919807464,0.02774879645470355,19.0
2018-11-13 07:00:00,0.15944359400571573,0.027612592070673108,19.0
2018-11-13 07:30:00,0.15957733881335684,0.027476387686642668,19.0
2018-11-13 08:00:00,0.15971108362099792,0.027340183302612227,19.0
2018-11-13 08:30:00,0.159844828428639,0.027203978918581787,19.0
2018-11-13 09:00:00,0.15997857323628012,0.027067774534551347,19.0
2018-11-13 09:30:00,0.1601123180439212,0.026931570150520907,19.0
2018-11-13 10:00:00,0.16024606285156232,0.026795365766490466,19.0
2018-11-13 10:30:00,0.1603798076592034,0.026659161382460026,19.0
2018-11-13 11:00:00,0.1605135524668445,0.02652295699842959,19.0
2018-11-13 11:30:00,0.1606472972744856,0.02638675261439915,19.0
2018-11-13 12:00:00,0.16078104208212668,0.02625054823036871,19.0
2018-11-13 12:30:00,0.1609147868897678,0.02611434384633827,19.0
2018-11-13 13:00:00,0.16104853169740888,0.025978139462307828,19.0
2018-11-13 13:30:00,0.16118227650505,0.025841935078277388,19.0
2018-11-13 14:00:00,0.16131602131269107,0.025705730694246948,19.0
2018-11-13 14:30:00,0.1612860161182842,0.02572621799434458,19.0
2018-11-13 15:00:00,0.1612560109238773,0.02574670529444222,19.0
2018-11-13 15:30:00,0.16122600572947043,0.025767192594539853,19.0
2018-11-13 16:00:00,0.16119600053506355,0.02578767989463749,19.0
2018-11-13 16:30:00,0.16116599534065668,0.025808167194735124,19.0
2018-11-13 17:00:00,0.1611359901462498,0.02582865449483276,19.0
2018-11-13 17:30:00,0.16110598495184292,0.025849141794930395,19.0
2018-11-13 18:00:00,0.16107597975743604,0.02586962909502803,19.0
2018-11-13 18:30:00,0.16104597456302916,0.025890116395125666,19.0
2018-11-13 19:00:00,0.16101596936862228,0.0259106036952233,19.0
2018-11-13 19:30:00,0.1609859641742154,0.025931090995320937,19.0
2018-11-13 20:00:00,0.16095595897980852,0.02595157829541857,19.0
2018-11-13 20:30:00,0.16092595378540164,0.025972065595516205,19.0
2018-11-13 21:00:00,0.16089594859099476,0.025992552895613842,19.0
2018-11-13 21:30:00,0.16086594339658788,0.026013040195711476,19.0
2018-11-13 22:00:00,0.160835938202181,0.026033527495809113,19.0
2018-11-13 22:30:00,0.16080593300777413,0.026054014795906747,19.0
2018-11-13 23:00:00,0.16077592781336725,0.026074502096004384,19.0
2018-11-13 23:30:00,0.16074592261896037,0.026094989396102018,19.0
2018-11-14 00:00:00,0.1607159174245535,0.026115476696199652,19.0
2018-11-14 00:30:00,0.1606859122301466,0.02613596399629729,19.0
2018-11-14 01:00:00,0.16065590703573973,0.026156451296394923,19.0
2018-11-14 01:30:00,0.16062590184133285,0.02617693859649256,19.0
2018-11-14 02:00:00,0.16059589664692597,0.026197425896590194,19.0
2018-11-14 02:30:00,0.1605785694761028,0.026191602137855853,19.0
2018-11-14 03:00:00,0.16056124230527963,0.026185778379121512,19.0
2018-11-14 03:30:00,0.16054391513445646,0.02617995462038717,19.0
2018-11-14 04:00:00,0.16052658796363328,0.02617413086165283,19.0
2018-11-14 04:30:00,0.1605092607928101,0.026168307102918488,19.0
2018-11-14 05:00:00,0.16049193362198694,0.026162483344184147,19.0
2018-11-14 05:30:00,0.16047460645116376,0.026156659585449802,19.0
2018-11-14 06:00:00,0.1604572792803406,0.02615083582671546,19.0
2018-11-14 06:30:00,0.16043995210951742,0.02614501206798112,19.0
2018-11-14 07:00:00,0.16042262493869425,0.026139188309246778,19.0
2018-11-14 07:30:00,0.16040529776787107,0.026133364550512437,19.0
2018-11-14 08:00:00,0.1603879705970479,0.026127540791778096,19.0
2018-11-14 08:30:00,0.1603706434262247,0.026121717033043754,19.0
2018-11-14 09:00:00,0.16035331625540153,0.026115893274309413,19.0
2018-11-14 09:30:00,0.16033598908457836,0.026110069515575072,19.0
2018-11-14 10:00:00,0.16031866191375518,0.02610424575684073,19.0
2018-11-14 10:30:00,0.160301334742932,0.02609842199810639,19.0
2018-11-14 11:00:00,0.16028400757210884,0.026092598239372048,19.0
2018-11-14 11:30:00,0.16026668040128567,0.026086774480637703,19.0
2018-11-14 12:00:00,0.1602493532304625,0.026080950721903362,19.0
2018-11-14 12:30:00,0.16023202605963932,0.02607512696316902,19.0
2018-11-14 13:00:00,0.16021469888881615,0.02606930320443468,19.0
2018-11-14 13:30:00,0.16019737171799298,0.026063479445700338,19.0
2018-11-14 14:00:00,0.1601800445471698,0.026057655686965997,19.0
2018-11-14 14:30:00,0.160171311489839,0.02605069644624005,19.0
2018-11-14 15:00:00,0.1601625784325082,0.026043737205514103,19.0
2018-11-14 15:30:00,0.1601538453751774,0.02603677796478816,19.0
2018-11-14 16:00:00,0.1601451123178466,0.026029818724062213,19.0
2018-11-14 16:30:00,0.1601363792605158,0.026022859483336266,19.0
2018-11-14 17:00:00,0.16012764620318498,0.02601590024261032,19.0
2018-11-14 17:30:00,0.1601189131458542,0.026008941001884372,19.0
2018-11-14 18:00:00,0.1601101800885234,0.026001981761158425,19.0
2018-11-14 18:30:00,0.16010144703119258,0.02599502252043248,19.0
2018-11-14 19:00:00,0.1600927139738618,0.025988063279706534,19.0
2018-11-14 19:30:00,0.16008398091653098,0.025981104038980588,19.0
2018-11-14 20:00:00,0.1600752478592002,0.02597414479825464,19.0
2018-11-14 20:30:00,0.1600665148018694,0.025967185557528694,19.0
2018-11-14 21:00:00,0.16005778174453858,0.025960226316802747,19.0
2018-11-14 21:30:00,0.1600490486872078,0.025953267076076803,19.0
2018-11-14 22:00:00,0.16004031562987697,0.025946307835350856,19.0
2018-11-14 22:30:00,0.16003158257254618,0.02593934859462491,19.0
2018-11-14 23:00:00,0.16002284951521537,0.025932389353898962,19.0
2018-11-14 23:30:00,0.16001411645788458,0.025925430113173015,19.0
2018-11-15 00:00:00,0.16000538340055379,0.02591847087244707,19.0
2018-11-15 00:30:00,0.15999665034322297,0.025911511631721125,19.0
2018-11-15 01:00:00,0.15998791728589218,0.025904552390995178,19.0
2018-11-15 01:30:00,0.15997918422856136,0.02589759315026923,19.0
2018-11-15 02:00:00,0.15997045117123057,0.025890633909543284,19.0
2018-11-15 02:30:00,0.15994261490197512,0.02590668113958317,19.0
2018-11-15 03:00:00,0.15991477863271963,0.025922728369623053,19.0
2018-11-15 03:30:00,0.15988694236346418,0.025938775599662935,19.0
2018-11-15 04:00:00,0.15985910609420872,0.02595482282970282,19.0
2018-11-15 04:30:00,0.15983126982495327,0.025970870059742704,19.0
2018-11-15 05:00:00,0.1598034335556978,0.02598691728978259,19.0
2018-11-15 05:30:00,0.15977559728644233,0.026002964519822473,19.0
2018-11-15 06:00:00,0.15974776101718688,0.026019011749862358,19.0
2018-11-15 06:30:00,0.1597199247479314,0.02603505897990224,19.0
2018-11-15 07:00:00,0.15969208847867594,0.026051106209942124,19.0
2018-11-15 07:30:00,0.1596642522094205,0.02606715343998201,19.0
2018-11-15 08:00:00,0.15963641594016503,0.026083200670021893,19.0
2018-11-15 08:30:00,0.15960857967090955,0.026099247900061778,19.0
2018-11-15 09:00:00,0.1595807434016541,0.026115295130101662,19.0
2018-11-15 09:30:00,0.15955290713239864,0.026131342360141543,19.0
2018-11-15 10:00:00,0.15952507086314316,0.026147389590181428,19.0
2018-11-15 10:30:00,0.1594972345938877,0.026163436820221313,19.0
2018-11-15 11:00:00,0.15946939832463225,0.026179484050261197,19.0
2018-11-15 11:30:00,0.15944156205537677,0.026195531280301082,19.0
2018-11-15 12:00:00,0.1594137257861213,0.026211578510340967,19.0
2018-11-15 12:30:00,0.15938588951686586,0.026227625740380848,19.0
2018-11-15 13:00:00,0.1593580532476104,0.026243672970420732,19.0
2018-11-15 13:30:00,0.15933021697835492,0.026259720200460617,19.0
2018-11-15 14:00:00,0.15930238070909947,0.026275767430500502,19.0
2018-11-15 14:30:00,0.1592893954637703,0.026306730390976866,19.0
2018-11-15 15:00:00,0.15927641021844113,0.02633769335145323,19.0
2018-11-15 15:30:00,0.159263424973112,0.026368656311929594,19.0
2018-11-15 16:00:00,0.15925043972778283,0.026399619272405958,19.0
2018-11-15 16:30:00,0.15923745448245366,0.026430582232882322,19.0
2018-11-15 17:00:00,0.15922446923712452,0.026461545193358683,19.0
2018-11-15 17:30:00,0.15921148399179536,0.026492508153835047,19.0
2018-11-15 18:00:00,0.1591984987464662,0.02652347111431141,19.0
2018-11-15 18:30:00,0.15918551350113702,0.026554434074787775,19.0
2018-11-15 19:00:00,0.15917252825580785,0.02658539703526414,19.0
2018-11-15 19:30:00,0.15915954301047872,0.026616359995740503,19.0
2018-11-15 20:00:00,0.15914655776514955,0.026647322956216867,19.0
2018-11-15 20:30:00,0.15913357251982038,0.02667828591669323,19.0
2018-11-15 21:00:00,0.15912058727449124,0.026709248877169595,19.0
2018-11-15 21:30:00,0.15910760202916208,0.02674021183764596,19.0
2018-11-15 22:00:00,0.1590946167838329,0.026771174798122323,19.0
2018-11-15 22:30:00,0.15908163153850374,0.026802137758598688,19.0
2018-11-15 23:00:00,0.15906864629317458,0.026833100719075048,19.0
2018-11-15 23:30:00,0.15905566104784544,0.026864063679551412,19.0
2018-11-16 00:00:00,0.15904267580251627,0.026895026640027776,19.0
2018-11-16 00:30:00,0.1590296905571871,0.02692598960050414,19.0
2018-11-16 01:00:00,0.15901670531185796,0.026956952560980504,19.0
2018-11-16 01:30:00,0.1590037200665288,0.02698791552145687,19.0
2018-11-16 02:00:00,0.15899073482119963,0.027018878481933233,19.0
2018-11-16 02:30:00,0.15897012937524366,0.027031688986183383,19.0
2018-11-16 03:00:00,0.1589495239292877,0.027044499490433534,19.0
2018-11-16 03:30:00,0.15892891848333174,0.027057309994683684,19.0
2018-11-16 04:00:00,0.1589083130373758,0.027070120498933835,19.0
2018-11-16 04:30:00,0.15888770759141982,0.027082931003183985,19.0
2018-11-16 05:00:00,0.15886710214546387,0.027095741507434136,19.0
2018-11-16 05:30:00,0.1588464966995079,0.027108552011684287,19.0
2018-11-16 06:00:00,0.15882589125355195,0.027121362515934437,19.0
2018-11-16 06:30:00,0.15880528580759598,0.027134173020184588,19.0
2018-11-16 07:00:00,0.15878468036164003,0.027146983524434738,19.0
2018-11-16 07:30:00,0.15876407491568406,0.02715979402868489,19.0
2018-11-16 08:00:00,0.15874346946972812,0.02717260453293504,19.0
2018-11-16 08:30:00,0.15872286402377214,0.02718541503718519,19.0
2018-11-16 09:00:00,0.15870225857781617,0.02719822554143534,19.0
2018-11-16 09:30:00,0.15868165313186022,0.02721103604568549,19.0
2018-11-16 10:00:00,0.15866104768590425,0.02722384654993564,19.0
2018-11-16 10:30:00,0.1586404422399483,0.027236657054185792,19.0
2018-11-16 11:00:00,0.15861983679399233,0.027249467558435943,19.0
2018-11-16 11:30:00,0.15859923134803638,0.027262278062686093,19.0
2018-11-16 12:00:00,0.1585786259020804,0.027275088566936244,19.0
2018-11-16 12:30:00,0.15855802045612447,0.027287899071186394,19.0
2018-11-16 13:00:00,0.1585374150101685,0.027300709575436545,19.0
2018-11-16 13:30:00,0.15851680956421255,0.027313520079686696,19.0
2018-11-16 14:00:00,0.15849620411825657,0.027326330583936846,19.0
2018-11-16 14:30:00,0.1584797448408835,0.02731886583907358,19.0
2018-11-16 15:00:00,0.15846328556351044,0.027311401094210312,19.0
2018-11-16 15:30:00,0.15844682628613738,0.027303936349347045,19.0
2018-11-16 16:00:00,0.1584303670087643,0.027296471604483778,19.0
2018-11-16 16:30:00,0.15841390773139125,0.027289006859620508,19.0
2018-11-16 17:00:00,0.1583974484540182,0.02728154211475724,19.0
2018-11-16 17:30:00,0.15838098917664514,0.027274077369893974,19.0
2018-11-16 18:00:00,0.15836452989927208,0.027266612625030707,19.0
2018-11-16 18:30:00,0.158348070621899,0.02725914788016744,19.0
2018-11-16 19:00:00,0.15833161134452595,0.027251683135304173,19.0
2018-11-16 19:30:00,0.15831515206715288,0.027244218390440906,19.0
2018-11-16 20:00:00,0.15829869278977982,0.027236753645577635,19.0
2018-11-16 20:30:00,0.15828223351240675,0.02722928890071437,19.0
2018-11-16 21:00:00,0.15826577423503368,0.0272218241558511,19.0
2018-11-16 21:30:00,0.15824931495766062,0.027214359410987835,19.0
2018-11-16 22:00:00,0.15823285568028755,0.027206894666124568,19.0
2018-11-16 22:30:00,0.1582163964029145,0.0271994299212613,19.0
2018-11-16 23:00:00,0.15819993712554145,0.027191965176398034,19.0
2018-11-16 23:30:00,0.15818347784816839,0.027184500431534767,19.0
2018-11-17 00:00:00,0.15816701857079532,0.0271770356866715,19.0
2018-11-17 00:30:00,0.15815055929342225,0.02716957094180823,19.0
2018-11-17 01:00:00,0.1581341000160492,0.027162106196944962,19.0
2018-11-17 01:30:00,0.15811764073867612,0.027154641452081695,19.0
2018-11-17 02:00:00,0.15810118146130306,0.027147176707218428,19.0
2018-11-17 02:30:00,0.1580845397863198,0.027148574777562603,19.0
2018-11-17 03:00:00,0.15806789811133654,0.027149972847906777,19.0
2018-11-17 03:30:00,0.1580512564363533,0.027151370918250952,19.0
2018-11-17 04:00:00,0.15803461476137,0.027152768988595127,19.0
2018-11-17 04:30:00,0.15801797308638676,0.0271541670589393,19.0
2018-11-17 05:00:00,0.1580013314114035,0.027155565129283476,19.0
2018-11-17 05:30:00,0.15798468973642024,0.02715696319962765,19.0
2018-11-17 06:00:00,0.15796804806143697,0.027158361269971825,19.0
2018-11-17 06:30:00,0.15795140638645372,0.027159759340316,19.0
2018-11-17 07:00:00,0.15793476471147044,0.027161157410660174,19.0
2018-11-17 07:30:00,0.1579181230364872,0.02716255548100435,19.0
2018-11-17 08:00:00,0.15790148136150392,0.027163953551348527,19.0
2018-11-17 08:30:00,0.15788483968652067,0.0271653516216927,19.0
2018-11-17 09:00:00,0.15786819801153743,0.027166749692036876,19.0
2018-11-17 09:30:00,0.15785155633655415,0.02716814776238105,19.0
2018-11-17 10:00:00,0.1578349146615709,0.027169545832725225,19.0
2018-11-17 10:30:00,0.15781827298658763,0.0271709439030694,19.0
2018-11-17 11:00:00,0.15780163131160438,0.027172341973413575,19.0
2018-11-17 11:30:00,0.1577849896366211,0.02717374004375775,19.0
2018-11-17 12:00:00,0.15776834796163786,0.027175138114101924,19.0
2018-11-17 12:30:00,0.15775170628665458,0.0271765361844461,19.0
2018-11-17 13:00:00,0.15773506461167133,0.027177934254790273,19.0
2018-11-17 13:30:00,0.15771842293668806,0.027179332325134448,19.0
2018-11-17 14:00:00,0.1577017812617048,0.027180730395478622,19.0
2018-11-17 14:30:00,0.15771438179200917,0.027156386355384865,19.0
2018-11-17 15:00:00,0.1577269823223135,0.027132042315291108,19.0
2018-11-17 15:30:00,0.15773958285261785,0.02710769827519735,19.0
2018-11-17 16:00:00,0.1577521833829222,0.027083354235103593,19.0
2018-11-17 16:30:00,0.15776478391322654,0.027059010195009836,19.0
2018-11-17 17:00:00,0.1577773844435309,0.02703466615491608,19.0
2018-11-17 17:30:00,0.15778998497383526,0.02701032211482232,19.0
2018-11-17 18:00:00,0.1578025855041396,0.026985978074728564,19.0
2018-11-17 18:30:00,0.15781518603444394,0.026961634034634807,19.0
2018-11-17 19:00:00,0.1578277865647483,0.02693728999454105,19.0
2018-11-17 19:30:00,0.15784038709505263,0.026912945954447293,19.0
2018-11-17 20:00:00,0.157852987625357,0.026888601914353535,19.0
2018-11-17 20:30:00,0.15786558815566135,0.026864257874259778,19.0
2018-11-17 21:00:00,0.15787818868596568,0.02683991383416602,19.0
2018-11-17 21:30:00,0.15789078921627003,0.026815569794072264,19.0
2018-11-17 22:00:00,0.1579033897465744,0.026791225753978506,19.0
2018-11-17 22:30:00,0.15791599027687872,0.02676688171388475,19.0
2018-11-17 23:00:00,0.15792859080718308,0.026742537673790992,19.0
2018-11-17 23:30:00,0.15794119133748744,0.026718193633697235,19.0
2018-11-18 00:00:00,0.15795379186779177,0.026693849593603478,19.0
2018-11-18 00:30:00,0.15796639239809612,0.02666950555350972,19.0
2018-11-18 01:00:00,0.15797899292840048,0.026645161513415963,19.0
2018-11-18 01:30:00,0.1579915934587048,0.026620817473322206,19.0
2018-11-18 02:00:00,0.15800419398900917,0.02659647343322845,19.0
2018-11-18 02:30:00,0.15799639305241372,0.026613187069524452,19.0
2018-11-18 03:00:00,0.1579885921158183,0.026629900705820452,19.0
2018-11-18 03:30:00,0.15798079117922287,0.026646614342116452,19.0
2018-11-18 04:00:00,0.15797299024262745,0.026663327978412456,19.0
2018-11-18 04:30:00,0.157965189306032,0.02668004161470846,19.0
2018-11-18 05:00:00,0.1579573883694366,0.02669675525100446,19.0
2018-11-18 05:30:00,0.15794958743284115,0.02671346888730046,19.0
2018-11-18 06:00:00,0.15794178649624574,0.026730182523596463,19.0
2018-11-18 06:30:00,0.1579339855596503,0.026746896159892466,19.0
2018-11-18 07:00:00,0.15792618462305488,0.026763609796188467,19.0
2018-11-18 07:30:00,0.15791838368645944,0.026780323432484467,19.0
2018-11-18 08:00:00,0.157910582749864,0.02679703706878047,19.0
2018-11-18 08:30:00,0.15790278181326858,0.026813750705076474,19.0
2018-11-18 09:00:00,0.15789498087667314,0.026830464341372474,19.0
2018-11-18 09:30:00,0.15788717994007773,0.026847177977668474,19.0
2018-11-18 10:00:00,0.15787937900348228,0.026863891613964477,19.0
2018-11-18 10:30:00,0.15787157806688687,0.02688060525026048,19.0
2018-11-18 11:00:00,0.15786377713029143,0.02689731888655648,19.0
2018-11-18 11:30:00,0.157855976193696,0.02691403252285248,19.0
2018-11-18 12:00:00,0.15784817525710057,0.026930746159148485,19.0
2018-11-18 12:30:00,0.15784037432050516,0.026947459795444488,19.0
2018-11-18 13:00:00,0.1578325733839097,0.026964173431740488,19.0
2018-11-18 13:30:00,0.1578247724473143,0.026980887068036488,19.0
2018-11-18 14:00:00,0.15781697151071886,0.02699760070433249,19.0
2018-11-18 14:30:00,0.1577985227203137,0.027000957199538572,19.0
2018-11-18 15:00:00,0.15778007392990853,0.02700431369474465,19.0
2018-11-18 15:30:00,0.1577616251395034,0.02700767018995073,19.0
2018-11-18 16:00:00,0.15774317634909824,0.02701102668515681,19.0
2018-11-18 16:30:00,0.15772472755869307,0.02701438318036289,19.0
2018-11-18 17:00:00,0.1577062787682879,0.027017739675568968,19.0
2018-11-18 17:30:00,0.15768782997788275,0.02702109617077505,19.0
2018-11-18 18:00:00,0.15766938118747761,0.02702445266598113,19.0
2018-11-18 18:30:00,0.15765093239707245,0.027027809161187206,19.0
2018-11-18 19:00:00,0.1576324836066673,0.027031165656393286,19.0
2018-11-18 19:30:00,0.15761403481626213,0.027034522151599367,19.0
2018-11-18 20:00:00,0.157595586025857,0.027037878646805447,19.0
2018-11-18 20:30:00,0.15757713723545183,0.027041235142011524,19.0
2018-11-18 21:00:00,0.15755868844504667,0.027044591637217605,19.0
2018-11-18 21:30:00,0.1575402396546415,0.027047948132423685,19.0
2018-11-18 22:00:00,0.15752179086423634,0.027051304627629762,19.0
2018-11-18 22:30:00,0.1575033420738312,0.027054661122835843,19.0
2018-11-18 23:00:00,0.15748489328342605,0.027058017618041923,19.0
2018-11-18 23:30:00,0.15746644449302089,0.027061374113248,19.0
2018-11-19 00:00:00,0.15744799570261572,0.02706473060845408,19.0
2018-11-19 00:30:00,0.15742954691221056,0.02706808710366016,19.0
2018-11-19 01:00:00,0.15741109812180543,0.027071443598866242,19.0
2018-11-19 01:30:00,0.15739264933140026,0.02707480009407232,19.0
2018-11-19 02:00:00,0.1573742005409951,0.0270781565892784,19.0
2018-11-19 02:30:00,0.15736419328161846,0.027069057909822117,19.0
2018-11-19 03:00:00,0.15735418602224183,0.027059959230365832,19.0
2018-11-19 03:30:00,0.15734417876286516,0.02705086055090955,19.0
2018-11-19 04:00:00,0.15733417150348852,0.027041761871453268,19.0
2018-11-19 04:30:00,0.15732416424411189,0.027032663191996986,19.0
2018-11-19 05:00:00,0.15731415698473525,0.027023564512540704,19.0
2018-11-19 05:30:00,0.1573041497253586,0.02701446583308442,19.0
2018-11-19 06:00:00,0.15729414246598197,0.027005367153628137,19.0
2018-11-19 06:30:00,0.1572841352066053,0.026996268474171855,19.0
2018-11-19 07:00:00,0.15727412794722867,0.02698716979471557,19.0
2018-11-19 07:30:00,0.15726412068785203,0.026978071115259288,19.0
2018-11-19 08:00:00,0.1572541134284754,0.026968972435803006,19.0
2018-11-19 08:30:00,0.15724410616909876,0.026959873756346724,19.0
2018-11-19 09:00:00,0.15723409890972212,0.02695077507689044,19.0
2018-11-19 09:30:00,0.15722409165034545,0.026941676397434156,19.0
2018-11-19 10:00:00,0.15721408439096882,0.026932577717977874,19.0
2018-11-19 10:30:00,0.15720407713159218,0.026923479038521592,19.0
2018-11-19 11:00:00,0.15719406987221554,0.026914380359065307,19.0
2018-11-19 11:30:00,0.1571840626128389,0.026905281679609025,19.0
2018-11-19 12:00:00,0.15717405535346227,0.026896183000152743,19.0
2018-11-19 12:30:00,0.1571640480940856,0.02688708432069646,19.0
2018-11-19 13:00:00,0.15715404083470896,0.02687798564124018,19.0
2018-11-19 13:30:00,0.15714403357533233,0.026868886961783894,19.0
2018-11-19 14:00:00,0.1571340263159557,0.02685978828232761,19.0
2018-11-19 14:30:00,0.15713616998777027,0.026845577390311442,19.0
2018-11-19 15:00:00,0.15713831365958483,0.026831366498295272,19.0
2018-11-19 15:30:00,0.15714045733139942,0.026817155606279102,19.0
2018-11-19 16:00:00,0.15714260100321398,0.026802944714262936,19.0
2018-11-19 16:30:00,0.15714474467502856,0.026788733822246766,19.0
2018-11-19 17:00:00,0.15714688834684312,0.026774522930230596,19.0
2018-11-19 17:30:00,0.1571490320186577,0.026760312038214426,19.0
2018-11-19 18:00:00,0.15715117569047227,0.026746101146198256,19.0
2018-11-19 18:30:00,0.15715331936228685,0.026731890254182086,19.0
2018-11-19 19:00:00,0.1571554630341014,0.02671767936216592,19.0
2018-11-19 19:30:00,0.157157606705916,0.02670346847014975,19.0
2018-11-19 20:00:00,0.15715975037773058,0.02668925757813358,19.0
2018-11-19 20:30:00,0.15716189404954514,0.02667504668611741,19.0
2018-11-19 21:00:00,0.15716403772135973,0.02666083579410124,19.0
2018-11-19 21:30:00,0.1571661813931743,0.02664662490208507,19.0
2018-11-19 22:00:00,0.15716832506498887,0.026632414010068904,19.0
2018-11-19 22:30:00,0.15717046873680343,0.026618203118052734,19.0
2018-11-19 23:00:00,0.15717261240861802,0.026603992226036564,19.0
2018-11-19 23:30:00,0.15717475608043258,0.026589781334020395,19.0
2018-11-20 00:00:00,0.15717689975224716,0.026575570442004225,19.0
2018-11-20 00:30:00,0.15717904342406172,0.026561359549988055,19.0
2018-11-20 01:00:00,0.1571811870958763,0.02654714865797189,19.0
2018-11-20 01:30:00,0.15718333076769087,0.02653293776595572,19.0
2018-11-20 02:00:00,0.15718547443950545,0.02651872687393955,19.0
2018-11-20 02:30:00,0.1572867291770339,0.026531130596328577,19.0
2018-11-20 03:00:00,0.15738798391456238,0.026543534318717605,19.0
2018-11-20 03:30:00,0.15748923865209083,0.026555938041106633,19.0
2018-11-20 04:00:00,0.1575904933896193,0.026568341763495658,19.0
2018-11-20 04:30:00,0.15769174812714776,0.026580745485884686,19.0
2018-11-20 05:00:00,0.1577930028646762,0.026593149208273714,19.0
2018-11-20 05:30:00,0.15789425760220469,0.026605552930662742,19.0
2018-11-20 06:00:00,0.15799551233973314,0.02661795665305177,19.0
2018-11-20 06:30:00,0.1580967670772616,0.0266303603754408,19.0
2018-11-20 07:00:00,0.15819802181479006,0.026642764097829823,19.0
2018-11-20 07:30:00,0.15829927655231854,0.02665516782021885,19.0
2018-11-20 08:00:00,0.158400531289847,0.02666757154260788,19.0
2018-11-20 08:30:00,0.15850178602737544,0.026679975264996908,19.0
2018-11-20 09:00:00,0.15860304076490392,0.026692378987385936,19.0
2018-11-20 09:30:00,0.15870429550243237,0.026704782709774964,19.0
2018-11-20 10:00:00,0.15880555023996085,0.02671718643216399,19.0
2018-11-20 10:30:00,0.1589068049774893,0.026729590154553017,19.0
2018-11-20 11:00:00,0.15900805971501775,0.026741993876942045,19.0
2018-11-20 11:30:00,0.15910931445254622,0.026754397599331074,19.0
2018-11-20 12:00:00,0.15921056919007467,0.026766801321720102,19.0
2018-11-20 12:30:00,0.15931182392760315,0.02677920504410913,19.0
2018-11-20 13:00:00,0.1594130786651316,0.026791608766498155,19.0
2018-11-20 13:30:00,0.15951433340266008,0.026804012488887183,19.0
2018-11-20 14:00:00,0.15961558814018853,0.02681641621127621,19.0
2018-11-20 14:30:00,0.15963399540954473,0.02682818578190902,19.0
2018-11-20 15:00:00,0.1596524026789009,0.02683995535254183,19.0
2018-11-20 15:30:00,0.1596708099482571,0.02685172492317464,19.0
2018-11-20 16:00:00,0.1596892172176133,0.026863494493807448,19.0
2018-11-20 16:30:00,0.1597076244869695,0.026875264064440258,19.0
2018-11-20 17:00:00,0.1597260317563257,0.026887033635073068,19.0
2018-11-20 17:30:00,0.1597444390256819,0.02689880320570588,19.0
2018-11-20 18:00:00,0.1597628462950381,0.02691057277633869,19.0
2018-11-20 18:30:00,0.15978125356439427,0.0269223423469715,19.0
2018-11-20 19:00:00,0.15979966083375047,0.026934111917604305,19.0
2018-11-20 19:30:00,0.15981806810310667,0.026945881488237115,19.0
2018-11-20 20:00:00,0.15983647537246287,0.026957651058869925,19.0
2018-11-20 20:30:00,0.15985488264181905,0.026969420629502736,19.0
2018-11-20 21:00:00,0.15987328991117525,0.026981190200135546,19.0
2018-11-20 21:30:00,0.15989169718053145,0.026992959770768356,19.0
2018-11-20 22:00:00,0.15991010444988762,0.027004729341401162,19.0
2018-11-20 22:30:00,0.15992851171924383,0.027016498912033973,19.0
2018-11-20 23:00:00,0.15994691898860003,0.027028268482666783,19.0
2018-11-20 23:30:00,0.1599653262579562,0.027040038053299593,19.0
2018-11-21 00:00:00,0.1599837335273124,0.027051807623932403,19.0
2018-11-21 00:30:00,0.1600021407966686,0.027063577194565213,19.0
2018-11-21 01:00:00,0.1600205480660248,0.02707534676519802,19.0
2018-11-21 01:30:00,0.16003895533538098,0.02708711633583083,19.0
2018-11-21 02:00:00,0.16005736260473719,0.02709888590646364,19.0
2018-11-21 02:30:00,0.160061373949273,0.027087901097335068,19.0
2018-11-21 03:00:00,0.16006538529380882,0.027076916288206496,19.0
2018-11-21 03:30:00,0.16006939663834463,0.027065931479077925,19.0
2018-11-21 04:00:00,0.16007340798288044,0.02705494666994935,19.0
2018-11-21 04:30:00,0.16007741932741626,0.027043961860820778,19.0
2018-11-21 05:00:00,0.1600814306719521,0.027032977051692206,19.0
2018-11-21 05:30:00,0.16008544201648792,0.027021992242563634,19.0
2018-11-21 06:00:00,0.16008945336102373,0.027011007433435062,19.0
2018-11-21 06:30:00,0.16009346470555955,0.02700002262430649,19.0
2018-11-21 07:00:00,0.16009747605009536,0.026989037815177915,19.0
2018-11-21 07:30:00,0.16010148739463118,0.026978053006049343,19.0
2018-11-21 08:00:00,0.160105498739167,0.02696706819692077,19.0
2018-11-21 08:30:00,0.1601095100837028,0.0269560833877922,19.0
2018-11-21 09:00:00,0.16011352142823862,0.026945098578663628,19.0
2018-11-21 09:30:00,0.16011753277277443,0.026934113769535056,19.0
2018-11-21 10:00:00,0.16012154411731025,0.02692312896040648,19.0
2018-11-21 10:30:00,0.16012555546184606,0.02691214415127791,19.0
2018-11-21 11:00:00,0.1601295668063819,0.026901159342149338,19.0
2018-11-21 11:30:00,0.16013357815091772,0.026890174533020766,19.0
2018-11-21 12:00:00,0.16013758949545354,0.026879189723892194,19.0
2018-11-21 12:30:00,0.16014160083998935,0.026868204914763622,19.0
2018-11-21 13:00:00,0.16014561218452517,0.026857220105635047,19.0
2018-11-21 13:30:00,0.16014962352906098,0.026846235296506475,19.0
2018-11-21 14:00:00,0.1601536348735968,0.026835250487377903,19.0
2018-11-21 14:30:00,0.16013463832021368,0.02682372739724383,19.0
2018-11-21 15:00:00,0.16011564176683057,0.026812204307109757,19.0
2018-11-21 15:30:00,0.1600966452134475,0.026800681216975684,19.0
2018-11-21 16:00:00,0.16007764866006438,0.026789158126841607,19.0
2018-11-21 16:30:00,0.16005865210668127,0.026777635036707534,19.0
2018-11-21 17:00:00,0.1600396555532982,0.02676611194657346,19.0
2018-11-21 17:30:00,0.16002065899991508,0.026754588856439387,19.0
2018-11-21 18:00:00,0.16000166244653197,0.026743065766305314,19.0
2018-11-21 18:30:00,0.15998266589314886,0.02673154267617124,19.0
2018-11-21 19:00:00,0.15996366933976575,0.026720019586037164,19.0
2018-11-21 19:30:00,0.15994467278638266,0.02670849649590309,19.0
2018-11-21 20:00:00,0.15992567623299955,0.026696973405769018,19.0
2018-11-21 20:30:00,0.15990667967961644,0.026685450315634945,19.0
2018-11-21 21:00:00,0.15988768312623336,0.02667392722550087,19.0
2018-11-21 21:30:00,0.15986868657285025,0.0266624041353668,19.0
2018-11-21 22:00:00,0.15984969001946714,0.02665088104523272,19.0
2018-11-21 22:30:00,0.15983069346608403,0.02663935795509865,19.0
2018-11-21 23:00:00,0.15981169691270092,0.026627834864964575,19.0
2018-11-21 23:30:00,0.15979270035931784,0.026616311774830502,19.0
2018-11-22 00:00:00,0.15977370380593472,0.02660478868469643,19.0
2018-11-22 00:30:00,0.15975470725255161,0.026593265594562356,19.0
2018-11-22 01:00:00,0.15973571069916853,0.02658174250442828,19.0
2018-11-22 01:30:00,0.15971671414578542,0.026570219414294206,19.0
2018-11-22 02:00:00,0.1596977175924023,0.026558696324160132,19.0
2018-11-22 02:30:00,0.15968577119727734,0.02657043323201336,19.0
2018-11-22 03:00:00,0.15967382480215236,0.02658217013986659,19.0
2018-11-22 03:30:00,0.15966187840702742,0.026593907047719818,19.0
2018-11-22 04:00:00,0.15964993201190245,0.026605643955573046,19.0
2018-11-22 04:30:00,0.15963798561677747,0.026617380863426274,19.0
2018-11-22 05:00:00,0.1596260392216525,0.026629117771279503,19.0
2018-11-22 05:30:00,0.15961409282652753,0.02664085467913273,19.0
2018-11-22 06:00:00,0.15960214643140258,0.02665259158698596,19.0
2018-11-22 06:30:00,0.1595902000362776,0.026664328494839188,19.0
2018-11-22 07:00:00,0.15957825364115263,0.026676065402692416,19.0
2018-11-22 07:30:00,0.15956630724602766,0.026687802310545645,19.0
2018-11-22 08:00:00,0.1595543608509027,0.026699539218398873,19.0
2018-11-22 08:30:00,0.15954241445577774,0.0267112761262521,19.0
2018-11-22 09:00:00,0.15953046806065277,0.02672301303410533,19.0
2018-11-22 09:30:00,0.1595185216655278,0.02673474994195856,19.0
2018-11-22 10:00:00,0.15950657527040282,0.026746486849811787,19.0
2018-11-22 10:30:00,0.15949462887527788,0.026758223757665015,19.0
2018-11-22 11:00:00,0.1594826824801529,0.026769960665518244,19.0
2018-11-22 11:30:00,0.15947073608502793,0.026781697573371472,19.0
2018-11-22 12:00:00,0.15945878968990296,0.0267934344812247,19.0
2018-11-22 12:30:00,0.15944684329477798,0.02680517138907793,19.0
2018-11-22 13:00:00,0.15943489689965304,0.026816908296931157,19.0
2018-11-22 13:30:00,0.15942295050452807,0.026828645204784386,19.0
2018-11-22 14:00:00,0.1594110041094031,0.026840382112637614,19.0
2018-11-22 14:30:00,0.15941875020484766,0.026823829782102092,19.0
2018-11-22 15:00:00,0.15942649630029224,0.02680727745156657,19.0
2018-11-22 15:30:00,0.15943424239573678,0.026790725121031048,19.0
2018-11-22 16:00:00,0.15944198849118135,0.026774172790495526,19.0
2018-11-22 16:30:00,0.15944973458662592,0.026757620459960003,19.0
2018-11-22 17:00:00,0.1594574806820705,0.02674106812942448,19.0
2018-11-22 17:30:00,0.15946522677751507,0.02672451579888896,19.0
2018-11-22 18:00:00,0.1594729728729596,0.026707963468353437,19.0
2018-11-22 18:30:00,0.15948071896840418,0.026691411137817915,19.0
2018-11-22 19:00:00,0.15948846506384876,0.026674858807282393,19.0
2018-11-22 19:30:00,0.15949621115929333,0.02665830647674687,19.0
2018-11-22 20:00:00,0.1595039572547379,0.026641754146211345,19.0
2018-11-22 20:30:00,0.15951170335018244,0.026625201815675823,19.0
2018-11-22 21:00:00,0.15951944944562702,0.0266086494851403,19.0
2018-11-22 21:30:00,0.1595271955410716,0.02659209715460478,19.0
2018-11-22 22:00:00,0.15953494163651616,0.026575544824069257,19.0
2018-11-22 22:30:00,0.1595426877319607,0.026558992493533735,19.0
2018-11-22 23:00:00,0.15955043382740527,0.026542440162998213,19.0
2018-11-22 23:30:00,0.15955817992284985,0.02652588783246269,19.0
2018-11-23 00:00:00,0.15956592601829442,0.02650933550192717,19.0
2018-11-23 00:30:00,0.159573672113739,0.026492783171391646,19.0
2018-11-23 01:00:00,0.15958141820918353,0.026476230840856124,19.0
2018-11-23 01:30:00,0.1595891643046281,0.026459678510320602,19.0
2018-11-23 02:00:00,0.15959691040007268,0.02644312617978508,19.0
2018-11-23 02:30:00,0.1599168264621275,0.026471721814211084,19.0
2018-11-23 03:00:00,0.16023674252418227,0.026500317448637088,19.0
2018-11-23 03:30:00,0.16055665858623708,0.026528913083063092,19.0
2018-11-23 04:00:00,0.1608765746482919,0.026557508717489096,19.0
2018-11-23 04:30:00,0.1611964907103467,0.0265861043519151,19.0
2018-11-23 05:00:00,0.16151640677240148,0.026614699986341105,19.0
2018-11-23 05:30:00,0.1618363228344563,0.026643295620767112,19.0
2018-11-23 06:00:00,0.1621562388965111,0.026671891255193116,19.0
2018-11-23 06:30:00,0.16247615495856588,0.02670048688961912,19.0
2018-11-23 07:00:00,0.1627960710206207,0.026729082524045124,19.0
2018-11-23 07:30:00,0.1631159870826755,0.02675767815847113,19.0
2018-11-23 08:00:00,0.1634359031447303,0.026786273792897133,19.0
2018-11-23 08:30:00,0.16375581920678509,0.026814869427323137,19.0
2018-11-23 09:00:00,0.1640757352688399,0.02684346506174914,19.0
2018-11-23 09:30:00,0.1643956513308947,0.026872060696175145,19.0
2018-11-23 10:00:00,0.16471556739294949,0.02690065633060115,19.0
2018-11-23 10:30:00,0.1650354834550043,0.026929251965027153,19.0
2018-11-23 11:00:00,0.1653553995170591,0.026957847599453157,19.0
2018-11-23 11:30:00,0.16567531557911389,0.026986443233879165,19.0
2018-11-23 12:00:00,0.1659952316411687,0.02701503886830517,19.0
2018-11-23 12:30:00,0.1663151477032235,0.027043634502731173,19.0
2018-11-23 13:00:00,0.1666350637652783,0.027072230137157177,19.0
2018-11-23 13:30:00,0.1669549798273331,0.02710082577158318,19.0
2018-11-23 14:00:00,0.1672748958893879,0.027129421406009185,19.0
2018-11-23 14:30:00,0.16815811939596195,0.027367218061142597,19.0
2018-11-23 15:00:00,0.16904134290253597,0.027605014716276008,19.0
2018-11-23 15:30:00,0.16992456640911002,0.027842811371409416,19.0
2018-11-23 16:00:00,0.17080778991568407,0.028080608026542827,19.0
2018-11-23 16:30:00,0.17169101342225812,0.028318404681676238,19.0
2018-11-23 17:00:00,0.17257423692883214,0.028556201336809646,19.0
2018-11-23 17:30:00,0.1734574604354062,0.028793997991943057,19.0
2018-11-23 18:00:00,0.17434068394198024,0.02903179464707647,19.0
2018-11-23 18:30:00,0.17522390744855426,0.02926959130220988,19.0
2018-11-23 19:00:00,0.1761071309551283,0.02950738795734329,19.0
2018-11-23 19:30:00,0.17699035446170236,0.0297451846124767,19.0
2018-11-23 20:00:00,0.17787357796827638,0.02998298126761011,19.0
2018-11-23 20:30:00,0.17875680147485043,0.03022077792274352,19.0
2018-11-23 21:00:00,0.17964002498142448,0.03045857457787693,19.0
2018-11-23 21:30:00,0.18052324848799853,0.03069637123301034,19.0
2018-11-23 22:00:00,0.18140647199457255,0.03093416788814375,19.0
2018-11-23 22:30:00,0.1822896955011466,0.031171964543277163,19.0
2018-11-23 23:00:00,0.18317291900772065,0.031409761198410574,19.0
2018-11-23 23:30:00,0.18405614251429467,0.031647557853543985,19.0
2018-11-24 00:00:00,0.18493936602086872,0.031885354508677397,19.0
2018-11-24 00:30:00,0.18582258952744277,0.0321231511638108,19.0
2018-11-24 01:00:00,0.18670581303401682,0.03236094781894421,19.0
2018-11-24 01:30:00,0.18758903654059084,0.03259874447407762,19.0
2018-11-24 02:00:00,0.18847226004716489,0.032836541129211035,19.0
2018-11-24 02:30:00,0.18847659649122617,0.03283423496492152,19.0
2018-11-24 03:00:00,0.18848093293528748,0.03283192880063201,19.0
2018-11-24 03:30:00,0.18848526937934876,0.03282962263634249,19.0
2018-11-24 04:00:00,0.18848960582341007,0.032827316472052975,19.0
2018-11-24 04:30:00,0.18849394226747135,0.03282501030776346,19.0
2018-11-24 05:00:00,0.18849827871153263,0.03282270414347395,19.0
2018-11-24 05:30:00,0.18850261515559394,0.032820397979184436,19.0
2018-11-24 06:00:00,0.18850695159965522,0.032818091814894916,19.0
2018-11-24 06:30:00,0.1885112880437165,0.0328157856506054,19.0
2018-11-24 07:00:00,0.1885156244877778,0.03281347948631589,19.0
2018-11-24 07:30:00,0.1885199609318391,0.03281117332202638,19.0
2018-11-24 08:00:00,0.18852429737590037,0.032808867157736864,19.0
2018-11-24 08:30:00,0.18852863381996168,0.032806560993447344,19.0
2018-11-24 09:00:00,0.18853297026402296,0.03280425482915783,19.0
2018-11-24 09:30:00,0.18853730670808427,0.03280194866486832,19.0
2018-11-24 10:00:00,0.18854164315214555,0.032799642500578804,19.0
2018-11-24 10:30:00,0.18854597959620684,0.032797336336289284,19.0
2018-11-24 11:00:00,0.18855031604026815,0.03279503017199977,19.0
2018-11-24 11:30:00,0.18855465248432943,0.03279272400771026,19.0
2018-11-24 12:00:00,0.18855898892839074,0.032790417843420745,19.0
2018-11-24 12:30:00,0.18856332537245202,0.03278811167913123,19.0
2018-11-24 13:00:00,0.1885676618165133,0.03278580551484171,19.0
2018-11-24 13:30:00,0.1885719982605746,0.0327834993505522,19.0
2018-11-24 14:00:00,0.1885763347046359,0.032781193186262686,19.0
2018-11-24 14:30:00,0.1884526081928233,0.032744382786071044,19.0
2018-11-24 15:00:00,0.18832888168101072,0.0327075723858794,19.0
2018-11-24 15:30:00,0.18820515516919814,0.03267076198568777,19.0
2018-11-24 16:00:00,0.18808142865738556,0.032633951585496125,19.0
2018-11-24 16:30:00,0.18795770214557297,0.03259714118530448,19.0
2018-11-24 17:00:00,0.1878339756337604,0.03256033078511284,19.0
2018-11-24 17:30:00,0.18771024912194784,0.0325235203849212,19.0
2018-11-24 18:00:00,0.18758652261013525,0.032486709984729564,19.0
2018-11-24 18:30:00,0.18746279609832267,0.03244989958453792,19.0
2018-11-24 19:00:00,0.1873390695865101,0.03241308918434628,19.0
2018-11-24 19:30:00,0.1872153430746975,0.03237627878415464,19.0
2018-11-24 20:00:00,0.18709161656288492,0.032339468383962997,19.0
2018-11-24 20:30:00,0.18696789005107234,0.03230265798377136,19.0
2018-11-24 21:00:00,0.18684416353925976,0.03226584758357972,19.0
2018-11-24 21:30:00,0.18672043702744717,0.03222903718338808,19.0
2018-11-24 22:00:00,0.1865967105156346,0.032192226783196436,19.0
2018-11-24 22:30:00,0.186472984003822,0.0321554163830048,19.0
2018-11-24 23:00:00,0.18634925749200942,0.03211860598281316,19.0
2018-11-24 23:30:00,0.18622553098019687,0.03208179558262152,19.0
2018-11-25 00:00:00,0.18610180446838429,0.032044985182429875,19.0
2018-11-25 00:30:00,0.1859780779565717,0.03200817478223823,19.0
2018-11-25 01:00:00,0.18585435144475912,0.0319713643820466,19.0
2018-11-25 01:30:00,0.18573062493294654,0.031934553981854956,19.0
2018-11-25 02:00:00,0.18560689842113395,0.031897743581663314,19.0
2018-11-25 02:30:00,0.18550149381817285,0.031860647181061595,19.0
2018-11-25 03:00:00,0.18539608921521172,0.03182355078045987,19.0
2018-11-25 03:30:00,0.18529068461225062,0.03178645437985815,19.0
2018-11-25 04:00:00,0.1851852800092895,0.031749357979256425,19.0
2018-11-25 04:30:00,0.1850798754063284,0.031712261578654706,19.0
2018-11-25 05:00:00,0.1849744708033673,0.03167516517805298,19.0
2018-11-25 05:30:00,0.18486906620040616,0.03163806877745126,19.0
2018-11-25 06:00:00,0.18476366159744506,0.03160097237684954,19.0
2018-11-25 06:30:00,0.18465825699448393,0.03156387597624782,19.0
2018-11-25 07:00:00,0.18455285239152283,0.0315267795756461,19.0
2018-11-25 07:30:00,0.1844474477885617,0.03148968317504437,19.0
2018-11-25 08:00:00,0.1843420431856006,0.031452586774442653,19.0
2018-11-25 08:30:00,0.1842366385826395,0.03141549037384093,19.0
2018-11-25 09:00:00,0.18413123397967837,0.03137839397323921,19.0
2018-11-25 09:30:00,0.18402582937671727,0.03134129757263748,19.0
2018-11-25 10:00:00,0.18392042477375614,0.031304201172035764,19.0
2018-11-25 10:30:00,0.18381502017079504,0.031267104771434046,19.0
2018-11-25 11:00:00,0.18370961556783394,0.03123000837083232,19.0
2018-11-25 11:30:00,0.1836042109648728,0.031192911970230598,19.0
2018-11-25 12:00:00,0.1834988063619117,0.031155815569628875,19.0
2018-11-25 12:30:00,0.18339340175895058,0.031118719169027156,19.0
2018-11-25 13:00:00,0.18328799715598948,0.031081622768425434,19.0
2018-11-25 13:30:00,0.18318259255302835,0.031044526367823712,19.0
2018-11-25 14:00:00,0.18307718795006725,0.03100742996722199,19.0
2018-11-25 14:30:00,0.18298494951199823,0.030972130638135587,19.0
2018-11-25 15:00:00,0.18289271107392918,0.030936831309049184,19.0
2018-11-25 15:30:00,0.18280047263586016,0.03090153197996278,19.0
2018-11-25 16:00:00,0.18270823419779114,0.030866232650876377,19.0
2018-11-25 16:30:00,0.18261599575972212,0.030830933321789974,19.0
2018-11-25 17:00:00,0.1825237573216531,0.030795633992703568,19.0
2018-11-25 17:30:00,0.18243151888358405,0.030760334663617165,19.0
2018-11-25 18:00:00,0.18233928044551503,0.030725035334530762,19.0
2018-11-25 18:30:00,0.18224704200744601,0.03068973600544436,19.0
2018-11-25 19:00:00,0.18215480356937697,0.030654436676357956,19.0
2018-11-25 19:30:00,0.18206256513130795,0.030619137347271553,19.0
2018-11-25 20:00:00,0.18197032669323893,0.03058383801818515,19.0
2018-11-25 20:30:00,0.1818780882551699,0.030548538689098747,19.0
2018-11-25 21:00:00,0.1817858498171009,0.030513239360012344,19.0
2018-11-25 21:30:00,0.18169361137903184,0.03047794003092594,19.0
2018-11-25 22:00:00,0.18160137294096282,0.030442640701839538,19.0
2018-11-25 22:30:00,0.1815091345028938,0.030407341372753135,19.0
2018-11-25 23:00:00,0.18141689606482475,0.03037204204366673,19.0
2018-11-25 23:30:00,0.18132465762675573,0.030336742714580325,19.0
2018-11-26 00:00:00,0.1812324191886867,0.030301443385493922,19.0
2018-11-26 00:30:00,0.1811401807506177,0.03026614405640752,19.0
2018-11-26 01:00:00,0.18104794231254867,0.030230844727321116,19.0
2018-11-26 01:30:00,0.18095570387447962,0.030195545398234713,19.0
2018-11-26 02:00:00,0.1808634654364106,0.03016024606914831,19.0
2018-11-26 02:30:00,0.18088355228695105,0.030118760379168594,19.0
2018-11-26 03:00:00,0.1809036391374915,0.030077274689188877,19.0
2018-11-26 03:30:00,0.18092372598803194,0.03003578899920916,19.0
2018-11-26 04:00:00,0.1809438128385724,0.029994303309229448,19.0
2018-11-26 04:30:00,0.18096389968911283,0.02995281761924973,19.0
2018-11-26 05:00:00,0.1809839865396533,0.029911331929270014,19.0
2018-11-26 05:30:00,0.18100407339019375,0.029869846239290298,19.0
2018-11-26 06:00:00,0.1810241602407342,0.02982836054931058,19.0
2018-11-26 06:30:00,0.18104424709127465,0.029786874859330865,19.0
2018-11-26 07:00:00,0.1810643339418151,0.02974538916935115,19.0
2018-11-26 07:30:00,0.18108442079235554,0.029703903479371435,19.0
2018-11-26 08:00:00,0.18110450764289598,0.02966241778939172,19.0
2018-11-26 08:30:00,0.18112459449343643,0.029620932099412002,19.0
2018-11-26 09:00:00,0.18114468134397688,0.029579446409432286,19.0
2018-11-26 09:30:00,0.18116476819451732,0.02953796071945257,19.0
2018-11-26 10:00:00,0.18118485504505777,0.029496475029472856,19.0
2018-11-26 10:30:00,0.18120494189559821,0.02945498933949314,19.0
2018-11-26 11:00:00,0.1812250287461387,0.029413503649513423,19.0
2018-11-26 11:30:00,0.18124511559667913,0.029372017959533706,19.0
2018-11-26 12:00:00,0.18126520244721958,0.02933053226955399,19.0
2018-11-26 12:30:00,0.18128528929776003,0.029289046579574273,19.0
2018-11-26 13:00:00,0.18130537614830047,0.02924756088959456,19.0
2018-11-26 13:30:00,0.18132546299884092,0.029206075199614843,19.0
2018-11-26 14:00:00,0.18134554984938137,0.029164589509635127,19.0
2018-11-26 14:30:00,0.18255185228502263,0.02944880640324642,19.0
2018-11-26 15:00:00,0.1837581547206639,0.029733023296857713,19.0
2018-11-26 15:30:00,0.18496445715630516,0.030017240190469006,19.0
2018-11-26 16:00:00,0.1861707595919464,0.0303014570840803,19.0
2018-11-26 16:30:00,0.18737706202758767,0.03058567397769159,19.0
2018-11-26 17:00:00,0.18858336446322893,0.030869890871302885,19.0
2018-11-26 17:30:00,0.1897896668988702,0.031154107764914177,19.0
2018-11-26 18:00:00,0.19099596933451146,0.031438324658525474,19.0
2018-11-26 18:30:00,0.19220227177015273,0.03172254155213677,19.0
2018-11-26 19:00:00,0.19340857420579396,0.03200675844574806,19.0
2018-11-26 19:30:00,0.19461487664143523,0.03229097533935935,19.0
2018-11-26 20:00:00,0.1958211790770765,0.032575192232970646,19.0
2018-11-26 20:30:00,0.19702748151271776,0.03285940912658194,19.0
2018-11-26 21:00:00,0.19823378394835903,0.03314362602019323,19.0
2018-11-26 21:30:00,0.1994400863840003,0.033427842913804524,19.0
2018-11-26 22:00:00,0.20064638881964153,0.03371205980741582,19.0
2018-11-26 22:30:00,0.2018526912552828,0.03399627670102711,19.0
2018-11-26 23:00:00,0.20305899369092406,0.0342804935946384,19.0
2018-11-26 23:30:00,0.20426529612656533,0.034564710488249696,19.0
2018-11-27 00:00:00,0.2054715985622066,0.03484892738186099,19.0
2018-11-27 00:30:00,0.20667790099784786,0.03513314427547228,19.0
2018-11-27 01:00:00,0.2078842034334891,0.035417361169083575,19.0
2018-11-27 01:30:00,0.20909050586913036,0.03570157806269487,19.0
2018-11-27 02:00:00,0.21029680830477163,0.03598579495630616,19.0
2018-11-27 02:30:00,0.21061889747806875,0.036018046048347664,19.0
2018-11-27 03:00:00,0.21094098665136585,0.036050297140389174,19.0
2018-11-27 03:30:00,0.21126307582466297,0.03608254823243068,19.0
2018-11-27 04:00:00,0.21158516499796007,0.03611479932447219,19.0
2018-11-27 04:30:00,0.2119072541712572,0.03614705041651369,19.0
2018-11-27 05:00:00,0.21222934334455432,0.036179301508555195,19.0
2018-11-27 05:30:00,0.2125514325178514,0.036211552600596705,19.0
2018-11-27 06:00:00,0.21287352169114854,0.03624380369263821,19.0
2018-11-27 06:30:00,0.21319561086444563,0.03627605478467971,19.0
2018-11-27 07:00:00,0.21351770003774276,0.03630830587672122,19.0
2018-11-27 07:30:00,0.21383978921103985,0.036340556968762726,19.0
2018-11-27 08:00:00,0.21416187838433698,0.03637280806080423,19.0
2018-11-27 08:30:00,0.2144839675576341,0.03640505915284574,19.0
2018-11-27 09:00:00,0.2148060567309312,0.03643731024488724,19.0
2018-11-27 09:30:00,0.21512814590422832,0.03646956133692875,19.0
2018-11-27 10:00:00,0.21545023507752542,0.03650181242897026,19.0
2018-11-27 10:30:00,0.21577232425082254,0.03653406352101176,19.0
2018-11-27 11:00:00,0.21609441342411967,0.03656631461305327,19.0
2018-11-27 11:30:00,0.21641650259741677,0.036598565705094774,19.0
2018-11-27 12:00:00,0.2167385917707139,0.036630816797136284,19.0
2018-11-27 12:30:00,0.217060680944011,0.03666306788917779,19.0
2018-11-27 13:00:00,0.2173827701173081,0.03669531898121929,19.0
2018-11-27 13:30:00,0.2177048592906052,0.0367275700732608,19.0
2018-11-27 14:00:00,0.21802694846390233,0.036759821165302305,19.0
2018-11-27 14:30:00,0.21788221094864482,0.0366838289203903,19.0
2018-11-27 15:00:00,0.21773747343338734,0.036607836675478296,19.0
2018-11-27 15:30:00,0.21759273591812983,0.03653184443056629,19.0
2018-11-27 16:00:00,0.21744799840287235,0.03645585218565429,19.0
2018-11-27 16:30:00,0.21730326088761484,0.03637985994074228,19.0
2018-11-27 17:00:00,0.21715852337235736,0.03630386769583028,19.0
2018-11-27 17:30:00,0.21701378585709985,0.036227875450918275,19.0
2018-11-27 18:00:00,0.21686904834184237,0.03615188320600627,19.0
2018-11-27 18:30:00,0.21672431082658486,0.036075890961094266,19.0
2018-11-27 19:00:00,0.21657957331132738,0.03599989871618226,19.0
2018-11-27 19:30:00,0.21643483579606987,0.03592390647127026,19.0
2018-11-27 20:00:00,0.21629009828081236,0.03584791422635825,19.0
2018-11-27 20:30:00,0.21614536076555488,0.03577192198144624,19.0
2018-11-27 21:00:00,0.21600062325029737,0.03569592973653424,19.0
2018-11-27 21:30:00,0.2158558857350399,0.03561993749162223,19.0
2018-11-27 22:00:00,0.21571114821978238,0.03554394524671023,19.0
2018-11-27 22:30:00,0.2155664107045249,0.035467953001798225,19.0
2018-11-27 23:00:00,0.2154216731892674,0.03539196075688622,19.0
2018-11-27 23:30:00,0.2152769356740099,0.035315968511974216,19.0
2018-11-28 00:00:00,0.2151321981587524,0.03523997626706221,19.0
2018-11-28 00:30:00,0.21498746064349492,0.03516398402215021,19.0
2018-11-28 01:00:00,0.2148427231282374,0.0350879917772382,19.0
2018-11-28 01:30:00,0.21469798561297992,0.0350119995323262,19.0
2018-11-28 02:00:00,0.21455324809772242,0.034936007287414195,19.0
2018-11-28 02:30:00,0.2145031902606527,0.03493231570605708,19.0
2018-11-28 03:00:00,0.21445313242358297,0.034928624124699964,19.0
2018-11-28 03:30:00,0.21440307458651325,0.03492493254334285,19.0
2018-11-28 04:00:00,0.21435301674944351,0.03492124096198573,19.0
2018-11-28 04:30:00,0.2143029589123738,0.03491754938062862,19.0
2018-11-28 05:00:00,0.21425290107530406,0.0349138577992715,19.0
2018-11-28 05:30:00,0.21420284323823435,0.03491016621791439,19.0
2018-11-28 06:00:00,0.21415278540116464,0.03490647463655727,19.0
2018-11-28 06:30:00,0.2141027275640949,0.03490278305520016,19.0
2018-11-28 07:00:00,0.2140526697270252,0.03489909147384304,19.0
2018-11-28 07:30:00,0.21400261188995545,0.034895399892485926,19.0
2018-11-28 08:00:00,0.21395255405288574,0.03489170831112882,19.0
2018-11-28 08:30:00,0.21390249621581603,0.0348880167297717,19.0
2018-11-28 09:00:00,0.2138524383787463,0.03488432514841459,19.0
2018-11-28 09:30:00,0.21380238054167658,0.03488063356705747,19.0
2018-11-28 10:00:00,0.21375232270460684,0.034876941985700356,19.0
2018-11-28 10:30:00,0.21370226486753713,0.03487325040434324,19.0
2018-11-28 11:00:00,0.2136522070304674,0.034869558822986126,19.0
2018-11-28 11:30:00,0.21360214919339768,0.03486586724162901,19.0
2018-11-28 12:00:00,0.21355209135632797,0.034862175660271895,19.0
2018-11-28 12:30:00,0.21350203351925823,0.03485848407891478,19.0
2018-11-28 13:00:00,0.21345197568218852,0.034854792497557664,19.0
2018-11-28 13:30:00,0.21340191784511878,0.03485110091620055,19.0
2018-11-28 14:00:00,0.21335186000804907,0.034847409334843434,19.0
2018-11-28 14:30:00,0.21340958538122703,0.03477493432306509,18.958333333333332
2018-11-28 15:00:00,0.21346731075440498,0.03470245931128675,18.916666666666668
2018-11-28 15:30:00,0.21352503612758295,0.03462998429950841,18.875
2018-11-28 16:00:00,0.21358276150076091,0.03455750928773006,18.833333333333332
2018-11-28 16:30:00,0.21364048687393886,0.034485034275951724,18.791666666666668
2018-11-28 17:00:00,0.21369821224711683,0.03441255926417338,18.75
2018-11-28 17:30:00,0.2137559376202948,0.03434008425239504,18.708333333333332
2018-11-28 18:00:00,0.21381366299347274,0.0342676092406167,18.666666666666668
2018-11-28 18:30:00,0.2138713883666507,0.03419513422883835,18.625
2018-11-28 19:00:00,0.21392911373982867,0.034122659217060015,18.583333333333332
2018-11-28 19:30:00,0.21398683911300662,0.03405018420528167,18.541666666666668
2018-11-28 20:00:00,0.21404456448618459,0.03397770919350333,18.5
2018-11-28 20:30:00,0.21410228985936255,0.03390523418172499,18.458333333333332
2018-11-28 21:00:00,0.2141600152325405,0.033832759169946644,18.416666666666668
2018-11-28 21:30:00,0.21421774060571847,0.033760284158168306,18.375
2018-11-28 22:00:00,0.21427546597889643,0.03368780914638996,18.333333333333332
2018-11-28 22:30:00,0.21433319135207438,0.03361533413461162,18.291666666666668
2018-11-28 23:00:00,0.21439091672525235,0.03354285912283328,18.25
2018-11-28 23:30:00,0.21444864209843031,0.033470384111054935,18.208333333333332
2018-11-29 00:00:00,0.21450636747160826,0.03339790909927659,18.166666666666668
2018-11-29 00:30:00,0.21456409284478623,0.03332543408749825,18.125
2018-11-29 01:00:00,0.2146218182179642,0.03325295907571991,18.083333333333332
2018-11-29 01:30:00,0.21467954359114214,0.03318048406394157,18.041666666666668
2018-11-29 02:00:00,0.2147372689643201,0.033108009052163226,18.0
2018-11-29 02:30:00,0.21469220570876488,0.033127495703803946,18.0
2018-11-29 03:00:00,0.21464714245320965,0.03314698235544466,18.0
2018-11-29 03:30:00,0.2146020791976544,0.03316646900708538,18.0
2018-11-29 04:00:00,0.21455701594209917,0.03318595565872609,18.0
2018-11-29 04:30:00,0.21451195268654394,0.03320544231036681,18.0
2018-11-29 05:00:00,0.2144668894309887,0.03322492896200753,18.0
2018-11-29 05:30:00,0.21442182617543348,0.03324441561364824,18.0
2018-11-29 06:00:00,0.21437676291987826,0.03326390226528896,18.0
2018-11-29 06:30:00,0.214331699664323,0.033283388916929675,18.0
2018-11-29 07:00:00,0.21428663640876777,0.033302875568570395,18.0
2018-11-29 07:30:00,0.21424157315321254,0.03332236222021111,18.0
2018-11-29 08:00:00,0.21419650989765732,0.03334184887185183,18.0
2018-11-29 08:30:00,0.2141514466421021,0.03336133552349255,18.0
2018-11-29 09:00:00,0.21410638338654686,0.03338082217513326,18.0
2018-11-29 09:30:00,0.2140613201309916,0.03340030882677398,18.0
2018-11-29 10:00:00,0.21401625687543638,0.03341979547841469,18.0
2018-11-29 10:30:00,0.21397119361988115,0.03343928213005541,18.0
2018-11-29 11:00:00,0.21392613036432592,0.03345876878169613,18.0
2018-11-29 11:30:00,0.2138810671087707,0.033478255433336844,18.0
2018-11-29 12:00:00,0.21383600385321547,0.033497742084977564,18.0
2018-11-29 12:30:00,0.2137909405976602,0.033517228736618276,18.0
2018-11-29 13:00:00,0.21374587734210498,0.033536715388258996,18.0
2018-11-29 13:30:00,0.21370081408654976,0.03355620203989971,18.0
2018-11-29 14:00:00,0.21365575083099453,0.03357568869154043,18.0
2018-11-29 14:30:00,0.21355177153530885,0.03361260079610999,18.0
2018-11-29 15:00:00,0.21344779223962318,0.03364951290067955,18.0
2018-11-29 15:30:00,0.2133438129439375,0.03368642500524911,18.0
2018-11-29 16:00:00,0.21323983364825183,0.033723337109818674,18.0
2018-11-29 16:30:00,0.21313585435256618,0.033760249214388235,18.0
2018-11-29 17:00:00,0.2130318750568805,0.0337971613189578,18.0
2018-11-29 17:30:00,0.21292789576119484,0.03383407342352736,18.0
2018-11-29 18:00:00,0.21282391646550916,0.03387098552809692,18.0
2018-11-29 18:30:00,0.2127199371698235,0.03390789763266648,18.0
2018-11-29 19:00:00,0.2126159578741378,0.03394480973723604,18.0
2018-11-29 19:30:00,0.21251197857845214,0.033981721841805604,18.0
2018-11-29 20:00:00,0.2124079992827665,0.034018633946375165,18.0
2018-11-29 20:30:00,0.21230401998708082,0.03405554605094473,18.0
2018-11-29 21:00:00,0.21220004069139514,0.03409245815551429,18.0
2018-11-29 21:30:00,0.21209606139570947,0.03412937026008385,18.0
2018-11-29 22:00:00,0.2119920821000238,0.03416628236465341,18.0
2018-11-29 22:30:00,0.21188810280433812,0.03420319446922297,18.0
2018-11-29 23:00:00,0.21178412350865244,0.034240106573792534,18.0
2018-11-29 23:30:00,0.21168014421296677,0.034277018678362095,18.0
2018-11-30 00:00:00,0.2115761649172811,0.034313930782931656,18.0
2018-11-30 00:30:00,0.21147218562159545,0.03435084288750122,18.0
2018-11-30 01:00:00,0.21136820632590977,0.03438775499207078,18.0
2018-11-30 01:30:00,0.2112642270302241,0.03442466709664034,18.0
2018-11-30 02:00:00,0.21116024773453843,0.0344615792012099,18.0
2018-11-30 02:30:00,0.21124261968313307,0.03442769127493515,18.0
2018-11-30 03:00:00,0.21132499163172772,0.03439380334866039,18.0
2018-11-30 03:30:00,0.21140736358032233,0.03435991542238563,18.0
2018-11-30 04:00:00,0.21148973552891698,0.03432602749611088,18.0
2018-11-30 04:30:00,0.21157210747751162,0.03429213956983612,18.0
2018-11-30 05:00:00,0.21165447942610627,0.03425825164356137,18.0
2018-11-30 05:30:00,0.2117368513747009,0.03422436371728661,18.0
2018-11-30 06:00:00,0.21181922332329553,0.03419047579101186,18.0
2018-11-30 06:30:00,0.21190159527189018,0.0341565878647371,18.0
2018-11-30 07:00:00,0.21198396722048482,0.03412269993846234,18.0
2018-11-30 07:30:00,0.21206633916907947,0.03408881201218759,18.0
2018-11-30 08:00:00,0.21214871111767408,0.03405492408591283,18.0
2018-11-30 08:30:00,0.21223108306626873,0.03402103615963808,18.0
2018-11-30 09:00:00,0.21231345501486337,0.03398714823336332,18.0
2018-11-30 09:30:00,0.21239582696345802,0.03395326030708856,18.0
2018-11-30 10:00:00,0.21247819891205266,0.03391937238081381,18.0
2018-11-30 10:30:00,0.21256057086064728,0.03388548445453905,18.0
2018-11-30 11:00:00,0.21264294280924192,0.0338515965282643,18.0
2018-11-30 11:30:00,0.21272531475783657,0.03381770860198954,18.0
2018-11-30 12:00:00,0.21280768670643121,0.03378382067571479,18.0
2018-11-30 12:30:00,0.21289005865502586,0.03374993274944003,18.0
2018-11-30 13:00:00,0.21297243060362048,0.03371604482316527,18.0
2018-11-30 13:30:00,0.21305480255221512,0.03368215689689052,18.0
2018-11-30 14:00:00,0.21313717450080977,0.03364826897061576,18.0
2018-11-30 14:30:00,0.2132571545766938,0.033536448623609105,18.0
2018-11-30 15:00:00,0.21337713465257785,0.033424628276602454,18.0
2018-11-30 15:30:00,0.2134971147284619,0.033312807929595796,18.0
2018-11-30 16:00:00,0.21361709480434593,0.033200987582589145,18.0
2018-11-30 16:30:00,0.21373707488022997,0.03308916723558249,18.0
2018-11-30 17:00:00,0.21385705495611404,0.03297734688857583,18.0
2018-11-30 17:30:00,0.21397703503199808,0.03286552654156918,18.0
2018-11-30 18:00:00,0.21409701510788212,0.03275370619456252,18.0
2018-11-30 18:30:00,0.21421699518376616,0.03264188584755587,18.0
2018-11-30 19:00:00,0.2143369752596502,0.03253006550054921,18.0
2018-11-30 19:30:00,0.21445695533553424,0.03241824515354256,18.0
2018-11-30 20:00:00,0.21457693541141828,0.0323064248065359,18.0
2018-11-30 20:30:00,0.21469691548730233,0.03219460445952924,18.0
2018-11-30 21:00:00,0.21481689556318637,0.03208278411252259,18.0
2018-11-30 21:30:00,0.2149368756390704,0.03197096376551593,18.0
2018-11-30 22:00:00,0.21505685571495445,0.03185914341850928,18.0
2018-11-30 22:30:00,0.2151768357908385,0.031747323071502624,18.0
2018-11-30 23:00:00,0.21529681586672256,0.031635502724495966,18.0
2018-11-30 23:30:00,0.2154167959426066,0.031523682377489315,18.0
2018-12-01 00:00:00,0.21553677601849064,0.03141186203048266,18.0
2018-12-01 00:30:00,0.21565675609437468,0.031300041683476006,18.0
2018-12-01 01:00:00,0.21577673617025872,0.031188221336469348,18.0
2018-12-01 01:30:00,0.21589671624614276,0.031076400989462693,18.0
2018-12-01 02:00:00,0.2160166963220268,0.030964580642456038,18.0
2018-12-01 02:30:00,0.21598568217494477,0.030962816396956513,18.0
2018-12-01 03:00:00,0.21595466802786276,0.03096105215145699,18.0
2018-12-01 03:30:00,0.21592365388078072,0.030959287905957464,18.0
2018-12-01 04:00:00,0.2158926397336987,0.03095752366045794,18.0
2018-12-01 04:30:00,0.21586162558661667,0.030955759414958414,18.0
2018-12-01 05:00:00,0.21583061143953466,0.03095399516945889,18.0
2018-12-01 05:30:00,0.21579959729245263,0.030952230923959365,18.0
2018-12-01 06:00:00,0.21576858314537062,0.03095046667845984,18.0
2018-12-01 06:30:00,0.21573756899828858,0.030948702432960315,18.0
2018-12-01 07:00:00,0.21570655485120657,0.03094693818746079,18.0
2018-12-01 07:30:00,0.21567554070412454,0.030945173941961265,18.0
2018-12-01 08:00:00,0.2156445265570425,0.03094340969646174,18.0
2018-12-01 08:30:00,0.2156135124099605,0.030941645450962216,18.0
2018-12-01 09:00:00,0.21558249826287845,0.03093988120546269,18.0
2018-12-01 09:30:00,0.21555148411579644,0.030938116959963166,18.0
2018-12-01 10:00:00,0.2155204699687144,0.03093635271446364,18.0
2018-12-01 10:30:00,0.2154894558216324,0.030934588468964117,18.0
2018-12-01 11:00:00,0.21545844167455036,0.03093282422346459,18.0
2018-12-01 11:30:00,0.21542742752746835,0.030931059977965067,18.0
2018-12-01 12:00:00,0.21539641338038631,0.030929295732465542,18.0
2018-12-01 12:30:00,0.2153653992333043,0.030927531486966017,18.0
2018-12-01 13:00:00,0.21533438508622227,0.030925767241466492,18.0
2018-12-01 13:30:00,0.21530337093914026,0.030924002995966968,18.0
2018-12-01 14:00:00,0.21527235679205822,0.030922238750467443,18.0
2018-12-01 14:30:00,0.2155952245593168,0.03100474650952462,18.0
2018-12-01 15:00:00,0.21591809232657533,0.031087254268581797,18.0
2018-12-01 15:30:00,0.21624096009383387,0.03116976202763897,18.0
2018-12-01 16:00:00,0.21656382786109243,0.03125226978669615,18.0
2018-12-01 16:30:00,0.216886695628351,0.031334777545753326,18.0
2018-12-01 17:00:00,0.21720956339560954,0.0314172853048105,18.0
2018-12-01 17:30:00,0.21753243116286808,0.03149979306386768,18.0
2018-12-01 18:00:00,0.21785529893012665,0.031582300822924854,18.0
2018-12-01 18:30:00,0.2181781666973852,0.031664808581982035,18.0
2018-12-01 19:00:00,0.21850103446464375,0.03174731634103921,18.0
2018-12-01 19:30:00,0.2188239022319023,0.03182982410009639,18.0
2018-12-01 20:00:00,0.21914676999916086,0.03191233185915356,18.0
2018-12-01 20:30:00,0.21946963776641942,0.03199483961821074,18.0
2018-12-01 21:00:00,0.21979250553367796,0.03207734737726792,18.0
2018-12-01 21:30:00,0.2201153733009365,0.03215985513632509,18.0
2018-12-01 22:00:00,0.22043824106819507,0.03224236289538227,18.0
2018-12-01 22:30:00,0.22076110883545363,0.032324870654439446,18.0
2018-12-01 23:00:00,0.22108397660271217,0.03240737841349662,18.0
2018-12-01 23:30:00,0.2214068443699707,0.0324898861725538,18.0
2018-12-02 00:00:00,0.22172971213722928,0.032572393931610974,18.0
2018-12-02 00:30:00,0.22205257990448785,0.032654901690668155,18.0
2018-12-02 01:00:00,0.22237544767174638,0.03273740944972533,18.0
2018-12-02 01:30:00,0.22269831543900492,0.03281991720878251,18.0
2018-12-02 02:00:00,0.2230211832062635,0.03290242496783968,18.0
2018-12-02 02:30:00,0.224466208262846,0.03310746266995106,18.0
2018-12-02 03:00:00,0.22591123331942853,0.033312500372062424,18.0
2018-12-02 03:30:00,0.22735625837601103,0.0335175380741738,18.0
2018-12-02 04:00:00,0.22880128343259354,0.033722575776285166,18.0
2018-12-02 04:30:00,0.23024630848917607,0.03392761347839654,18.0
2018-12-02 05:00:00,0.23169133354575858,0.034132651180507914,18.0
2018-12-02 05:30:00,0.2331363586023411,0.03433768888261928,18.0
2018-12-02 06:00:00,0.23458138365892361,0.034542726584730656,18.0
2018-12-02 06:30:00,0.23602640871550612,0.03474776428684203,18.0
2018-12-02 07:00:00,0.23747143377208865,0.0349528019889534,18.0
2018-12-02 07:30:00,0.23891645882867116,0.03515783969106477,18.0
2018-12-02 08:00:00,0.2403614838852537,0.035362877393176145,18.0
2018-12-02 08:30:00,0.2418065089418362,0.03556791509528751,18.0
2018-12-02 09:00:00,0.2432515339984187,0.03577295279739889,18.0
2018-12-02 09:30:00,0.24469655905500123,0.035977990499510254,18.0
2018-12-02 10:00:00,0.24614158411158374,0.03618302820162163,18.0
2018-12-02 10:30:00,0.24758660916816624,0.036388065903733,18.0
2018-12-02 11:00:00,0.24903163422474878,0.03659310360584437,18.0
2018-12-02 11:30:00,0.2504766592813313,0.036798141307955744,18.0
2018-12-02 12:00:00,0.2519216843379138,0.03700317901006711,18.0
2018-12-02 12:30:00,0.2533667093944963,0.037208216712178485,18.0
2018-12-02 13:00:00,0.25481173445107885,0.03741325441428986,18.0
2018-12-02 13:30:00,0.25625675950766136,0.03761829211640123,18.0
2018-12-02 14:00:00,0.25770178456424386,0.0378233298185126,18.0
2018-12-02 14:30:00,0.2577201377721119,0.037826242603131194,18.041666666666668
2018-12-02 15:00:00,0.2577384909799799,0.037829155387749794,18.083333333333332
2018-12-02 15:30:00,0.25775684418784794,0.03783206817236839,18.125
2018-12-02 16:00:00,0.25777519739571597,0.03783498095698699,18.166666666666668
2018-12-02 16:30:00,0.257793550603584,0.03783789374160558,18.208333333333332
2018-12-02 17:00:00,0.257811903811452,0.03784080652622418,18.25
2018-12-02 17:30:00,0.25783025701932005,0.03784371931084277,18.291666666666668
2018-12-02 18:00:00,0.2578486102271881,0.037846632095461366,18.333333333333332
2018-12-02 18:30:00,0.2578669634350561,0.037849544880079966,18.375
2018-12-02 19:00:00,0.25788531664292413,0.03785245766469856,18.416666666666668
2018-12-02 19:30:00,0.25790366985079216,0.03785537044931716,18.458333333333332
2018-12-02 20:00:00,0.25792202305866024,0.03785828323393575,18.5
2018-12-02 20:30:00,0.25794037626652827,0.037861196018554345,18.541666666666668
2018-12-02 21:00:00,0.2579587294743963,0.037864108803172945,18.583333333333332
2018-12-02 21:30:00,0.2579770826822643,0.03786702158779154,18.625
2018-12-02 22:00:00,0.25799543589013235,0.03786993437241014,18.666666666666668
2018-12-02 22:30:00,0.2580137890980004,0.03787284715702873,18.708333333333332
2018-12-02 23:00:00,0.2580321423058684,0.03787575994164733,18.75
2018-12-02 23:30:00,0.25805049551373643,0.037878672726265925,18.791666666666668
2018-12-03 00:00:00,0.25806884872160446,0.03788158551088452,18.833333333333332
2018-12-03 00:30:00,0.2580872019294725,0.03788449829550312,18.875
2018-12-03 01:00:00,0.2581055551373405,0.03788741108012171,18.916666666666668
2018-12-03 01:30:00,0.25812390834520854,0.03789032386474031,18.958333333333332
2018-12-03 02:00:00,0.25814226155307657,0.037893236649358904,19.0
2018-12-03 02:30:00,0.2580969046472789,0.03780605500597834,19.0
2018-12-03 03:00:00,0.2580515477414812,0.03771887336259778,19.0
2018-12-03 03:30:00,0.25800619083568355,0.037631691719217215,19.0
2018-12-03 04:00:00,0.2579608339298859,0.037544510075836646,19.0
2018-12-03 04:30:00,0.25791547702408824,0.03745732843245608,19.0
2018-12-03 05:00:00,0.2578701201182906,0.03737014678907552,19.0
2018-12-03 05:30:00,0.25782476321249287,0.03728296514569496,19.0
2018-12-03 06:00:00,0.2577794063066952,0.037195783502314395,19.0
2018-12-03 06:30:00,0.25773404940089756,0.03710860185893383,19.0
2018-12-03 07:00:00,0.25768869249509985,0.03702142021555327,19.0
2018-12-03 07:30:00,0.2576433355893022,0.036934238572172706,19.0
2018-12-03 08:00:00,0.25759797868350454,0.03684705692879214,19.0
2018-12-03 08:30:00,0.2575526217777069,0.036759875285411574,19.0
2018-12-03 09:00:00,0.2575072648719092,0.03667269364203101,19.0
2018-12-03 09:30:00,0.2574619079661115,0.03658551199865045,19.0
2018-12-03 10:00:00,0.25741655106031386,0.036498330355269885,19.0
2018-12-03 10:30:00,0.2573711941545162,0.03641114871188932,19.0
2018-12-03 11:00:00,0.2573258372487185,0.03632396706850876,19.0
2018-12-03 11:30:00,0.25728048034292084,0.0362367854251282,19.0
2018-12-03 12:00:00,0.2572351234371232,0.03614960378174763,19.0
2018-12-03 12:30:00,0.2571897665313255,0.036062422138367065,19.0
2018-12-03 13:00:00,0.25714440962552787,0.0359752404949865,19.0
2018-12-03 13:30:00,0.25709905271973016,0.03588805885160594,19.0
2018-12-03 14:00:00,0.2570536958139325,0.035800877208225376,19.0
2018-12-03 14:30:00,0.2575478548922587,0.035841523130160015,19.0
2018-12-03 15:00:00,0.25804201397058485,0.03588216905209465,19.0
2018-12-03 15:30:00,0.258536173048911,0.035922814974029285,19.0
2018-12-03 16:00:00,0.2590303321272372,0.035963460895963924,19.0
2018-12-03 16:30:00,0.25952449120556337,0.03600410681789856,19.0
2018-12-03 17:00:00,0.26001865028388954,0.0360447527398332,19.0
2018-12-03 17:30:00,0.2605128093622157,0.03608539866176784,19.0
2018-12-03 18:00:00,0.2610069684405419,0.03612604458370248,19.0
2018-12-03 18:30:00,0.26150112751886806,0.03616669050563711,19.0
2018-12-03 19:00:00,0.26199528659719423,0.03620733642757175,19.0
2018-12-03 19:30:00,0.2624894456755204,0.03624798234950639,19.0
2018-12-03 20:00:00,0.2629836047538466,0.036288628271441026,19.0
2018-12-03 20:30:00,0.26347776383217275,0.036329274193375664,19.0
2018-12-03 21:00:00,0.2639719229104989,0.0363699201153103,19.0
2018-12-03 21:30:00,0.2644660819888251,0.036410566037244935,19.0
2018-12-03 22:00:00,0.26496024106715127,0.03645121195917957,19.0
2018-12-03 22:30:00,0.26545440014547744,0.03649185788111421,19.0
2018-12-03 23:00:00,0.2659485592238036,0.03653250380304885,19.0
2018-12-03 23:30:00,0.2664427183021298,0.03657314972498349,19.0
2018-12-04 00:00:00,0.26693687738045596,0.03661379564691813,19.0
2018-12-04 00:30:00,0.26743103645878213,0.03665444156885276,19.0
2018-12-04 01:00:00,0.2679251955371083,0.0366950874907874,19.0
2018-12-04 01:30:00,0.2684193546154345,0.03673573341272204,19.0
2018-12-04 02:00:00,0.26891351369376065,0.036776379334656675,19.0
2018-12-04 02:30:00,0.26878444104081356,0.036723472539722475,19.0
2018-12-04 03:00:00,0.26865536838786647,0.03667056574478828,19.0
2018-12-04 03:30:00,0.2685262957349194,0.03661765894985408,19.0
2018-12-04 04:00:00,0.2683972230819723,0.03656475215491989,19.0
2018-12-04 04:30:00,0.2682681504290252,0.03651184535998569,19.0
2018-12-04 05:00:00,0.26813907777607815,0.036458938565051495,19.0
2018-12-04 05:30:00,0.26801000512313106,0.036406031770117295,19.0
2018-12-04 06:00:00,0.26788093247018396,0.0363531249751831,19.0
2018-12-04 06:30:00,0.26775185981723687,0.0363002181802489,19.0
2018-12-04 07:00:00,0.2676227871642898,0.03624731138531471,19.0
2018-12-04 07:30:00,0.2674937145113427,0.03619440459038051,19.0
2018-12-04 08:00:00,0.2673646418583956,0.03614149779544631,19.0
2018-12-04 08:30:00,0.2672355692054485,0.036088591000512114,19.0
2018-12-04 09:00:00,0.2671064965525014,0.036035684205577914,19.0
2018-12-04 09:30:00,0.2669774238995543,0.03598277741064372,19.0
2018-12-04 10:00:00,0.2668483512466072,0.03592987061570952,19.0
2018-12-04 10:30:00,0.2667192785936601,0.03587696382077533,19.0
2018-12-04 11:00:00,0.2665902059407131,0.03582405702584113,19.0
2018-12-04 11:30:00,0.266461133287766,0.035771150230906934,19.0
2018-12-04 12:00:00,0.2663320606348189,0.035718243435972734,19.0
2018-12-04 12:30:00,0.2662029879818718,0.03566533664103854,19.0
2018-12-04 13:00:00,0.2660739153289247,0.03561242984610434,19.0
2018-12-04 13:30:00,0.2659448426759776,0.03555952305117015,19.0
2018-12-04 14:00:00,0.26581577002303053,0.03550661625623595,19.0
2018-12-04 14:30:00,0.2657265296307143,0.035474688174891765,19.0
2018-12-04 15:00:00,0.2656372892383981,0.03544276009354759,19.0
2018-12-04 15:30:00,0.26554804884608185,0.03541083201220341,19.0
2018-12-04 16:00:00,0.26545880845376557,0.03537890393085923,19.0
2018-12-04 16:30:00,0.26536956806144935,0.03534697584951505,19.0
2018-12-04 17:00:00,0.2652803276691331,0.035315047768170876,19.0
2018-12-04 17:30:00,0.2651910872768169,0.035283119686826694,19.0
2018-12-04 18:00:00,0.26510184688450067,0.03525119160548252,19.0
2018-12-04 18:30:00,0.26501260649218444,0.03521926352413834,19.0
2018-12-04 19:00:00,0.2649233660998682,0.03518733544279416,19.0
2018-12-04 19:30:00,0.264834125707552,0.03515540736144998,19.0
2018-12-04 20:00:00,0.26474488531523577,0.0351234792801058,19.0
2018-12-04 20:30:00,0.2646556449229195,0.035091551198761624,19.0
2018-12-04 21:00:00,0.26456640453060326,0.03505962311741744,19.0
2018-12-04 21:30:00,0.26447716413828704,0.03502769503607327,19.0
2018-12-04 22:00:00,0.2643879237459708,0.034995766954729085,19.0
2018-12-04 22:30:00,0.2642986833536546,0.03496383887338491,19.0
2018-12-04 23:00:00,0.26420944296133836,0.03493191079204073,19.0
2018-12-04 23:30:00,0.26412020256902213,0.03489998271069655,19.0
2018-12-05 00:00:00,0.26403096217670585,0.03486805462935237,19.0
2018-12-05 00:30:00,0.2639417217843896,0.034836126548008196,19.0
2018-12-05 01:00:00,0.2638524813920734,0.034804198466664014,19.0
2018-12-05 01:30:00,0.2637632409997572,0.03477227038531984,19.0
2018-12-05 02:00:00,0.26367400060744095,0.03474034230397566,19.0
2018-12-05 02:30:00,0.2634838760615854,0.03469649146842173,19.0
2018-12-05 03:00:00,0.26329375151572987,0.0346526406328678,19.0
2018-12-05 03:30:00,0.2631036269698744,0.03460878979731387,19.0
2018-12-05 04:00:00,0.26291350242401884,0.03456493896175994,19.0
2018-12-05 04:30:00,0.2627233778781633,0.03452108812620601,19.0
2018-12-05 05:00:00,0.26253325333230776,0.03447723729065208,19.0
2018-12-05 05:30:00,0.2623431287864522,0.03443338645509814,19.0
2018-12-05 06:00:00,0.26215300424059673,0.03438953561954421,19.0
2018-12-05 06:30:00,0.2619628796947412,0.034345684783990284,19.0
2018-12-05 07:00:00,0.26177275514888565,0.034301833948436354,19.0
2018-12-05 07:30:00,0.2615826306030301,0.034257983112882424,19.0
2018-12-05 08:00:00,0.2613925060571746,0.034214132277328495,19.0
2018-12-05 08:30:00,0.2612023815113191,0.034170281441774565,19.0
2018-12-05 09:00:00,0.26101225696546354,0.034126430606220635,19.0
2018-12-05 09:30:00,0.260822132419608,0.034082579770666706,19.0
2018-12-05 10:00:00,0.26063200787375246,0.034038728935112776,19.0
2018-12-05 10:30:00,0.260441883327897,0.033994878099558846,19.0
2018-12-05 11:00:00,0.26025175878204143,0.03395102726400492,19.0
2018-12-05 11:30:00,0.2600616342361859,0.03390717642845098,19.0
2018-12-05 12:00:00,0.25987150969033035,0.03386332559289705,19.0
2018-12-05 12:30:00,0.2596813851444748,0.03381947475734312,19.0
2018-12-05 13:00:00,0.2594912605986193,0.03377562392178919,19.0
2018-12-05 13:30:00,0.2593011360527638,0.03373177308623526,19.0
2018-12-05 14:00:00,0.25911101150690824,0.03368792225068133,19.0
2018-12-05 14:30:00,0.2594834662205012,0.033676370620272,19.0
2018-12-05 15:00:00,0.25985592093409415,0.03366481898986266,19.0
2018-12-05 15:30:00,0.26022837564768714,0.03365326735945332,19.0
2018-12-05 16:00:00,0.26060083036128007,0.03364171572904399,19.0
2018-12-05 16:30:00,0.26097328507487305,0.03363016409863465,19.0
2018-12-05 17:00:00,0.261345739788466,0.03361861246822531,19.0
2018-12-05 17:30:00,0.26171819450205897,0.03360706083781598,19.0
2018-12-05 18:00:00,0.2620906492156519,0.03359550920740664,19.0
2018-12-05 18:30:00,0.2624631039292449,0.03358395757699731,19.0
2018-12-05 19:00:00,0.2628355586428378,0.033572405946587974,19.0
2018-12-05 19:30:00,0.2632080133564308,0.03356085431617863,19.0
2018-12-05 20:00:00,0.2635804680700238,0.0335493026857693,19.0
2018-12-05 20:30:00,0.2639529227836167,0.033537751055359964,19.0
2018-12-05 21:00:00,0.2643253774972097,0.03352619942495062,19.0
2018-12-05 21:30:00,0.2646978322108026,0.03351464779454129,19.0
2018-12-05 22:00:00,0.2650702869243956,0.033503096164131954,19.0
2018-12-05 22:30:00,0.26544274163798853,0.03349154453372262,19.0
2018-12-05 23:00:00,0.2658151963515815,0.033479992903313285,19.0
2018-12-05 23:30:00,0.26618765106517445,0.033468441272903944,19.0
2018-12-06 00:00:00,0.26656010577876743,0.03345688964249461,19.0
2018-12-06 00:30:00,0.26693256049236036,0.033445338012085275,19.0
2018-12-06 01:00:00,0.26730501520595334,0.033433786381675934,19.0
2018-12-06 01:30:00,0.2676774699195463,0.0334222347512666,19.0
2018-12-06 02:00:00,0.26804992463313926,0.033410683120857265,19.0
2018-12-06 02:30:00,0.26801714804988935,0.03338673870317459,19.0
2018-12-06 03:00:00,0.26798437146663945,0.033362794285491916,19.0
2018-12-06 03:30:00,0.2679515948833895,0.03333884986780924,19.0
2018-12-06 04:00:00,0.2679188183001396,0.03331490545012656,19.0
2018-12-06 04:30:00,0.2678860417168897,0.03329096103244388,19.0
2018-12-06 05:00:00,0.2678532651336398,0.03326701661476121,19.0
2018-12-06 05:30:00,0.26782048855038987,0.03324307219707853,19.0
2018-12-06 06:00:00,0.2677877119671399,0.033219127779395854,19.0
2018-12-06 06:30:00,0.26775493538389,0.03319518336171318,19.0
2018-12-06 07:00:00,0.2677221588006401,0.033171238944030505,19.0
2018-12-06 07:30:00,0.2676893822173902,0.03314729452634783,19.0
2018-12-06 08:00:00,0.26765660563414023,0.03312335010866515,19.0
2018-12-06 08:30:00,0.2676238290508903,0.03309940569098248,19.0
2018-12-06 09:00:00,0.2675910524676404,0.0330754612732998,19.0
2018-12-06 09:30:00,0.2675582758843905,0.03305151685561712,19.0
2018-12-06 10:00:00,0.2675254993011406,0.03302757243793445,19.0
2018-12-06 10:30:00,0.26749272271789065,0.03300362802025177,19.0
2018-12-06 11:00:00,0.26745994613464075,0.032979683602569095,19.0
2018-12-06 11:30:00,0.26742716955139084,0.03295573918488642,19.0
2018-12-06 12:00:00,0.26739439296814094,0.032931794767203745,19.0
2018-12-06 12:30:00,0.26736161638489103,0.03290785034952107,19.0
2018-12-06 13:00:00,0.26732883980164107,0.03288390593183839,19.0
2018-12-06 13:30:00,0.26729606321839117,0.03285996151415572,19.0
2018-12-06 14:00:00,0.26726328663514126,0.03283601709647304,19.0
2018-12-06 14:30:00,0.2670604337226242,0.03283497168044476,19.0
2018-12-06 15:00:00,0.2668575808101072,0.03283392626441649,19.0
2018-12-06 15:30:00,0.26665472789759015,0.03283288084838821,19.0
2018-12-06 16:00:00,0.26645187498507306,0.032831835432359936,19.0
2018-12-06 16:30:00,0.266249022072556,0.03283079001633166,19.0
2018-12-06 17:00:00,0.266046169160039,0.032829744600303384,19.0
2018-12-06 17:30:00,0.26584331624752194,0.032828699184275105,19.0
2018-12-06 18:00:00,0.2656404633350049,0.03282765376824683,19.0
2018-12-06 18:30:00,0.26543761042248787,0.03282660835221855,19.0
2018-12-06 19:00:00,0.2652347575099708,0.03282556293619028,19.0
2018-12-06 19:30:00,0.26503190459745374,0.032824517520162,19.0
2018-12-06 20:00:00,0.2648290516849367,0.03282347210413373,19.0
2018-12-06 20:30:00,0.26462619877241966,0.03282242668810545,19.0
2018-12-06 21:00:00,0.2644233458599026,0.03282138127207717,19.0
2018-12-06 21:30:00,0.2642204929473856,0.0328203358560489,19.0
2018-12-06 22:00:00,0.2640176400348685,0.03281929044002062,19.0
2018-12-06 22:30:00,0.26381478712235146,0.032818245023992346,19.0
2018-12-06 23:00:00,0.2636119342098344,0.032817199607964066,19.0
2018-12-06 23:30:00,0.2634090812973174,0.032816154191935794,19.0
2018-12-07 00:00:00,0.26320622838480034,0.032815108775907514,19.0
2018-12-07 00:30:00,0.2630033754722833,0.03281406335987924,19.0
2018-12-07 01:00:00,0.2628005225597662,0.03281301794385096,19.0
2018-12-07 01:30:00,0.2625976696472492,0.03281197252782269,19.0
2018-12-07 02:00:00,0.26239481673473214,0.03281092711179441,19.0
2018-12-07 02:30:00,0.2626087443635396,0.03278034215536758,19.0
2018-12-07 03:00:00,0.26282267199234705,0.03274975719894074,19.0
2018-12-07 03:30:00,0.2630365996211545,0.03271917224251391,19.0
2018-12-07 04:00:00,0.26325052724996195,0.032688587286087076,19.0
2018-12-07 04:30:00,0.2634644548787694,0.03265800232966024,19.0
2018-12-07 05:00:00,0.26367838250757686,0.03262741737323341,19.0
2018-12-07 05:30:00,0.2638923101363843,0.032596832416806575,19.0
2018-12-07 06:00:00,0.26410623776519176,0.03256624746037974,19.0
2018-12-07 06:30:00,0.2643201653939992,0.03253566250395291,19.0
2018-12-07 07:00:00,0.26453409302280667,0.03250507754752607,19.0
2018-12-07 07:30:00,0.2647480206516141,0.03247449259109924,19.0
2018-12-07 08:00:00,0.2649619482804216,0.03244390763467241,19.0
2018-12-07 08:30:00,0.2651758759092291,0.03241332267824558,19.0
2018-12-07 09:00:00,0.26538980353803654,0.032382737721818745,19.0
2018-12-07 09:30:00,0.265603731166844,0.03235215276539191,19.0
2018-12-07 10:00:00,0.26581765879565145,0.03232156780896508,19.0
2018-12-07 10:30:00,0.2660315864244589,0.032290982852538244,19.0
2018-12-07 11:00:00,0.26624551405326635,0.03226039789611141,19.0
2018-12-07 11:30:00,0.2664594416820738,0.03222981293968458,19.0
2018-12-07 12:00:00,0.26667336931088126,0.03219922798325774,19.0
2018-12-07 12:30:00,0.2668872969396887,0.03216864302683091,19.0
2018-12-07 13:00:00,0.26710122456849617,0.032138058070404076,19.0
2018-12-07 13:30:00,0.2673151521973036,0.03210747311397724,19.0
2018-12-07 14:00:00,0.26752907982611107,0.03207688815755041,19.0
2018-12-07 14:30:00,0.26773615186039923,0.03209477116623677,19.0
2018-12-07 15:00:00,0.26794322389468744,0.03211265417492313,19.0
2018-12-07 15:30:00,0.2681502959289756,0.03213053718360949,19.0
2018-12-07 16:00:00,0.26835736796326376,0.03214842019229584,19.0
2018-12-07 16:30:00,0.268564439997552,0.0321663032009822,19.0
2018-12-07 17:00:00,0.26877151203184013,0.032184186209668564,19.0
2018-12-07 17:30:00,0.2689785840661283,0.032202069218354924,19.0
2018-12-07 18:00:00,0.2691856561004165,0.032219952227041285,19.0
2018-12-07 18:30:00,0.26939272813470466,0.032237835235727645,19.0
2018-12-07 19:00:00,0.2695998001689928,0.032255718244414,19.0
2018-12-07 19:30:00,0.26980687220328103,0.03227360125310036,19.0
2018-12-07 20:00:00,0.2700139442375692,0.03229148426178672,19.0
2018-12-07 20:30:00,0.27022101627185735,0.03230936727047308,19.0
2018-12-07 21:00:00,0.27042808830614556,0.03232725027915944,19.0
2018-12-07 21:30:00,0.2706351603404337,0.0323451332878458,19.0
2018-12-07 22:00:00,0.2708422323747219,0.032363016296532154,19.0
2018-12-07 22:30:00,0.2710493044090101,0.032380899305218515,19.0
2018-12-07 23:00:00,0.27125637644329825,0.032398782313904875,19.0
2018-12-07 23:30:00,0.2714634484775864,0.032416665322591236,19.0
2018-12-08 00:00:00,0.2716705205118746,0.032434548331277596,19.0
2018-12-08 00:30:00,0.2718775925461628,0.03245243133996396,19.0
2018-12-08 01:00:00,0.27208466458045094,0.03247031434865031,19.0
2018-12-08 01:30:00,0.27229173661473915,0.03248819735733667,19.0
2018-12-08 02:00:00,0.2724988086490273,0.03250608036602303,19.0
2018-12-08 02:30:00,0.2723110932296944,0.032477776088369395,19.0
2018-12-08 03:00:00,0.27212337781036144,0.03244947181071575,19.0
2018-12-08 03:30:00,0.27193566239102845,0.032421167533062116,19.0
2018-12-08 04:00:00,0.2717479469716955,0.03239286325540847,19.0
2018-12-08 04:30:00,0.2715602315523626,0.03236455897775484,19.0
2018-12-08 05:00:00,0.2713725161330296,0.032336254700101194,19.0
2018-12-08 05:30:00,0.27118480071369666,0.03230795042244756,19.0
2018-12-08 06:00:00,0.2709970852943637,0.032279646144793915,19.0
2018-12-08 06:30:00,0.2708093698750308,0.03225134186714028,19.0
2018-12-08 07:00:00,0.27062165445569786,0.032223037589486636,19.0
2018-12-08 07:30:00,0.27043393903636487,0.032194733311833,19.0
2018-12-08 08:00:00,0.27024622361703193,0.03216642903417936,19.0
2018-12-08 08:30:00,0.270058508197699,0.03213812475652572,19.0
2018-12-08 09:00:00,0.269870792778366,0.032109820478872085,19.0
2018-12-08 09:30:00,0.2696830773590331,0.03208151620121844,19.0
2018-12-08 10:00:00,0.26949536193970014,0.032053211923564806,19.0
2018-12-08 10:30:00,0.2693076465203672,0.03202490764591116,19.0
2018-12-08 11:00:00,0.26911993110103427,0.03199660336825753,19.0
2018-12-08 11:30:00,0.2689322156817013,0.031968299090603884,19.0
2018-12-08 12:00:00,0.26874450026236835,0.03193999481295025,19.0
2018-12-08 12:30:00,0.2685567848430354,0.031911690535296605,19.0
2018-12-08 13:00:00,0.2683690694237024,0.03188338625764297,19.0
2018-12-08 13:30:00,0.2681813540043695,0.031855081979989326,19.0
2018-12-08 14:00:00,0.26799363858503655,0.03182677770233569,19.0
2018-12-08 14:30:00,0.26853999996780736,0.031655389138426256,19.0
2018-12-08 15:00:00,0.2690863613505782,0.03148400057451682,19.0
2018-12-08 15:30:00,0.269632722733349,0.03131261201060739,19.0
2018-12-08 16:00:00,0.2701790841161198,0.031141223446697952,19.0
2018-12-08 16:30:00,0.27072544549889055,0.030969834882788514,19.0
2018-12-08 17:00:00,0.27127180688166136,0.03079844631887908,19.0
2018-12-08 17:30:00,0.27181816826443217,0.030627057754969645,19.0
2018-12-08 18:00:00,0.272364529647203,0.03045566919106021,19.0
2018-12-08 18:30:00,0.2729108910299738,0.030284280627150776,19.0
2018-12-08 19:00:00,0.2734572524127446,0.03011289206324134,19.0
2018-12-08 19:30:00,0.2740036137955154,0.029941503499331907,19.0
2018-12-08 20:00:00,0.27454997517828617,0.02977011493542247,19.0
2018-12-08 20:30:00,0.275096336561057,0.029598726371513034,19.0
2018-12-08 21:00:00,0.2756426979438278,0.0294273378076036,19.0
2018-12-08 21:30:00,0.2761890593265986,0.029255949243694165,19.0
2018-12-08 22:00:00,0.2767354207093694,0.02908456067978473,19.0
2018-12-08 22:30:00,0.2772817820921402,0.028913172115875296,19.0
2018-12-08 23:00:00,0.277828143474911,0.028741783551965862,19.0
2018-12-08 23:30:00,0.27837450485768184,0.028570394988056427,19.0
2018-12-09 00:00:00,0.27892086624045265,0.028399006424146993,19.0
2018-12-09 00:30:00,0.2794672276232234,0.028227617860237555,19.0
2018-12-09 01:00:00,0.2800135890059942,0.02805622929632812,19.0
2018-12-09 01:30:00,0.280559950388765,0.027884840732418686,19.0
2018-12-09 02:00:00,0.28110631177153583,0.02771345216850925,19.0
2018-12-09 02:30:00,0.28151933103280063,0.02759990107029105,19.0
2018-12-09 03:00:00,0.2819323502940654,0.027486349972072846,19.0
2018-12-09 03:30:00,0.2823453695553302,0.027372798873854645,19.0
2018-12-09 04:00:00,0.28275838881659493,0.02725924777563644,19.0
2018-12-09 04:30:00,0.28317140807785973,0.02714569667741824,19.0
2018-12-09 05:00:00,0.2835844273391245,0.027032145579200036,19.0
2018-12-09 05:30:00,0.2839974466003893,0.026918594480981835,19.0
2018-12-09 06:00:00,0.284410465861654,0.02680504338276363,19.0
2018-12-09 06:30:00,0.28482348512291883,0.02669149228454543,19.0
2018-12-09 07:00:00,0.2852365043841836,0.026577941186327225,19.0
2018-12-09 07:30:00,0.2856495236454484,0.026464390088109024,19.0
2018-12-09 08:00:00,0.2860625429067132,0.026350838989890824,19.0
2018-12-09 08:30:00,0.2864755621679779,0.02623728789167262,19.0
2018-12-09 09:00:00,0.28688858142924273,0.02612373679345442,19.0
2018-12-09 09:30:00,0.2873016006905075,0.026010185695236214,19.0
2018-12-09 10:00:00,0.2877146199517723,0.025896634597018013,19.0
2018-12-09 10:30:00,0.288127639213037,0.02578308349879981,19.0
2018-12-09 11:00:00,0.2885406584743018,0.025669532400581608,19.0
2018-12-09 11:30:00,0.28895367773556657,0.025555981302363404,19.0
2018-12-09 12:00:00,0.2893666969968314,0.025442430204145203,19.0
2018-12-09 12:30:00,0.2897797162580961,0.025328879105927,19.0
2018-12-09 13:00:00,0.2901927355193609,0.025215328007708798,19.0
2018-12-09 13:30:00,0.29060575478062567,0.025101776909490593,19.0
2018-12-09 14:00:00,0.29101877404189047,0.024988225811272392,19.0
2018-12-09 14:30:00,0.29065808236714225,0.025146861085468857,19.0
2018-12-09 15:00:00,0.290297390692394,0.02530549635966532,19.0
2018-12-09 15:30:00,0.2899366990176458,0.025464131633861783,19.0
2018-12-09 16:00:00,0.28957600734289757,0.025622766908058245,19.0
2018-12-09 16:30:00,0.28921531566814934,0.02578140218225471,19.0
2018-12-09 17:00:00,0.2888546239934011,0.025940037456451175,19.0
2018-12-09 17:30:00,0.2884939323186529,0.026098672730647636,19.0
2018-12-09 18:00:00,0.28813324064390466,0.0262573080048441,19.0
2018-12-09 18:30:00,0.28777254896915644,0.026415943279040562,19.0
2018-12-09 19:00:00,0.2874118572944082,0.026574578553237027,19.0
2018-12-09 19:30:00,0.28705116561966,0.02673321382743349,19.0
2018-12-09 20:00:00,0.28669047394491176,0.026891849101629953,19.0
2018-12-09 20:30:00,0.28632978227016354,0.027050484375826418,19.0
2018-12-09 21:00:00,0.2859690905954153,0.02720911965002288,19.0
2018-12-09 21:30:00,0.2856083989206671,0.027367754924219344,19.0
2018-12-09 22:00:00,0.28524770724591886,0.027526390198415806,19.0
2018-12-09 22:30:00,0.28488701557117063,0.02768502547261227,19.0
2018-12-09 23:00:00,0.2845263238964224,0.027843660746808736,19.0
2018-12-09 23:30:00,0.2841656322216742,0.028002296021005197,19.0
2018-12-10 00:00:00,0.28380494054692595,0.028160931295201662,19.0
2018-12-10 00:30:00,0.28344424887217773,0.028319566569398123,19.0
2018-12-10 01:00:00,0.2830835571974295,0.028478201843594588,19.0
2018-12-10 01:30:00,0.2827228655226813,0.02863683711779105,19.0
2018-12-10 02:00:00,0.28236217384793305,0.028795472391987514,19.0
2018-12-10 02:30:00,0.28214711267702286,0.028806002437263636,19.0
2018-12-10 03:00:00,0.2819320515061127,0.028816532482539757,19.0
2018-12-10 03:30:00,0.2817169903352026,0.02882706252781588,19.0
2018-12-10 04:00:00,0.2815019291642924,0.028837592573092,19.0
2018-12-10 04:30:00,0.2812868679933822,0.028848122618368117,19.0
2018-12-10 05:00:00,0.28107180682247207,0.02885865266364424,19.0
2018-12-10 05:30:00,0.28085674565156193,0.02886918270892036,19.0
2018-12-10 06:00:00,0.28064168448065174,0.02887971275419648,19.0
2018-12-10 06:30:00,0.28042662330974155,0.028890242799472603,19.0
2018-12-10 07:00:00,0.2802115621388314,0.028900772844748724,19.0
2018-12-10 07:30:00,0.2799965009679213,0.028911302890024845,19.0
2018-12-10 08:00:00,0.2797814397970111,0.028921832935300963,19.0
2018-12-10 08:30:00,0.2795663786261009,0.028932362980577084,19.0
2018-12-10 09:00:00,0.27935131745519076,0.028942893025853206,19.0
2018-12-10 09:30:00,0.2791362562842806,0.028953423071129327,19.0
2018-12-10 10:00:00,0.27892119511337043,0.02896395311640545,19.0
2018-12-10 10:30:00,0.27870613394246024,0.02897448316168157,19.0
2018-12-10 11:00:00,0.2784910727715501,0.02898501320695769,19.0
2018-12-10 11:30:00,0.27827601160063997,0.028995543252233812,19.0
2018-12-10 12:00:00,0.2780609504297298,0.029006073297509934,19.0
2018-12-10 12:30:00,0.2778458892588196,0.02901660334278605,19.0
2018-12-10 13:00:00,0.27763082808790945,0.029027133388062173,19.0
2018-12-10 13:30:00,0.2774157669169993,0.029037663433338294,19.0
2018-12-10 14:00:00,0.2772007057460891,0.029048193478614415,19.0
2018-12-10 14:30:00,0.2772510777926127,0.02896879341774323,19.0
2018-12-10 15:00:00,0.27730144983913635,0.02888939335687204,19.0
2018-12-10 15:30:00,0.27735182188565993,0.028809993296000855,19.0
2018-12-10 16:00:00,0.2774021939321835,0.028730593235129668,19.0
2018-12-10 16:30:00,0.2774525659787071,0.02865119317425848,19.0
2018-12-10 17:00:00,0.27750293802523074,0.028571793113387294,19.0
2018-12-10 17:30:00,0.2775533100717543,0.028492393052516107,19.0
2018-12-10 18:00:00,0.2776036821182779,0.02841299299164492,19.0
2018-12-10 18:30:00,0.27765405416480154,0.028333592930773734,19.0
2018-12-10 19:00:00,0.27770442621132513,0.028254192869902547,19.0
2018-12-10 19:30:00,0.2777547982578487,0.02817479280903136,19.0
2018-12-10 20:00:00,0.2778051703043723,0.028095392748160173,19.0
2018-12-10 20:30:00,0.27785554235089593,0.028015992687288986,19.0
2018-12-10 21:00:00,0.2779059143974195,0.0279365926264178,19.0
2018-12-10 21:30:00,0.2779562864439431,0.027857192565546612,19.0
2018-12-10 22:00:00,0.27800665849046674,0.027777792504675426,19.0
2018-12-10 22:30:00,0.2780570305369903,0.02769839244380424,19.0
2018-12-10 23:00:00,0.2781074025835139,0.027618992382933052,19.0
2018-12-10 23:30:00,0.27815777463003755,0.027539592322061865,19.0
2018-12-11 00:00:00,0.27820814667656113,0.027460192261190678,19.0
2018-12-11 00:30:00,0.2782585187230847,0.02738079220031949,19.0
2018-12-11 01:00:00,0.2783088907696083,0.027301392139448304,19.0
2018-12-11 01:30:00,0.27835926281613194,0.027221992078577117,19.0
2018-12-11 02:00:00,0.2784096348626555,0.02714259201770593,19.0
2018-12-11 02:30:00,0.27849234381982746,0.02717371995409544,19.0
2018-12-11 03:00:00,0.27857505277699945,0.02720484789048495,19.0
2018-12-11 03:30:00,0.2786577617341714,0.02723597582687446,19.0
2018-12-11 04:00:00,0.2787404706913434,0.027267103763263974,19.0
2018-12-11 04:30:00,0.27882317964851533,0.027298231699653484,19.0
2018-12-11 05:00:00,0.2789058886056873,0.027329359636042994,19.0
2018-12-11 05:30:00,0.27898859756285926,0.027360487572432503,19.0
2018-12-11 06:00:00,0.2790713065200312,0.027391615508822013,19.0
2018-12-11 06:30:00,0.2791540154772032,0.027422743445211523,19.0
2018-12-11 07:00:00,0.27923672443437514,0.027453871381601033,19.0
2018-12-11 07:30:00,0.27931943339154713,0.027484999317990543,19.0
2018-12-11 08:00:00,0.2794021423487191,0.027516127254380053,19.0
2018-12-11 08:30:00,0.279484851305891,0.027547255190769566,19.0
2018-12-11 09:00:00,0.279567560263063,0.027578383127159076,19.0
2018-12-11 09:30:00,0.27965026922023495,0.027609511063548586,19.0
2018-12-11 10:00:00,0.27973297817740694,0.027640638999938096,19.0
2018-12-11 10:30:00,0.2798156871345789,0.027671766936327606,19.0
2018-12-11 11:00:00,0.2798983960917509,0.027702894872717116,19.0
2018-12-11 11:30:00,0.2799811050489228,0.027734022809106626,19.0
2018-12-11 12:00:00,0.28006381400609476,0.02776515074549614,19.0
2018-12-11 12:30:00,0.28014652296326675,0.02779627868188565,19.0
2018-12-11 13:00:00,0.2802292319204387,0.02782740661827516,19.0
2018-12-11 13:30:00,0.2803119408776107,0.02785853455466467,19.0
2018-12-11 14:00:00,0.2803946498347826,0.02788966249105418,19.0
2018-12-11 14:30:00,0.2802309417370966,0.02792011036504758,19.0
2018-12-11 15:00:00,0.28006723363941066,0.02795055823904098,19.0
2018-12-11 15:30:00,0.27990352554172465,0.02798100611303438,19.0
2018-12-11 16:00:00,0.27973981744403864,0.02801145398702778,19.0
2018-12-11 16:30:00,0.27957610934635263,0.02804190186102118,19.0
2018-12-11 17:00:00,0.2794124012486666,0.02807234973501458,19.0
2018-12-11 17:30:00,0.27924869315098066,0.028102797609007982,19.0
2018-12-11 18:00:00,0.27908498505329465,0.02813324548300138,19.0
2018-12-11 18:30:00,0.27892127695560864,0.02816369335699478,19.0
2018-12-11 19:00:00,0.2787575688579227,0.028194141230988182,19.0
2018-12-11 19:30:00,0.2785938607602367,0.02822458910498158,19.0
2018-12-11 20:00:00,0.27843015266255067,0.02825503697897498,19.0
2018-12-11 20:30:00,0.27826644456486466,0.028285484852968383,19.0
2018-12-11 21:00:00,0.27810273646717865,0.02831593272696178,19.0
2018-12-11 21:30:00,0.2779390283694927,0.028346380600955182,19.0
2018-12-11 22:00:00,0.2777753202718067,0.028376828474948584,19.0
2018-12-11 22:30:00,0.27761161217412067,0.02840727634894198,19.0
2018-12-11 23:00:00,0.2774479040764347,0.028437724222935383,19.0
2018-12-11 23:30:00,0.2772841959787487,0.028468172096928784,19.0
2018-12-12 00:00:00,0.2771204878810627,0.028498619970922182,19.0
2018-12-12 00:30:00,0.2769567797833767,0.028529067844915584,19.0
2018-12-12 01:00:00,0.2767930716856907,0.028559515718908985,19.0
2018-12-12 01:30:00,0.2766293635880047,0.028589963592902383,19.0
2018-12-12 02:00:00,0.2764656554903187,0.028620411466895784,19.0
2018-12-12 02:30:00,0.2763583474212806,0.02860823216054678,19.0
2018-12-12 03:00:00,0.27625103935224254,0.028596052854197775,19.0
2018-12-12 03:30:00,0.2761437312832045,0.028583873547848773,19.0
2018-12-12 04:00:00,0.27603642321416644,0.028571694241499766,19.0
2018-12-12 04:30:00,0.27592911514512836,0.028559514935150764,19.0
2018-12-12 05:00:00,0.2758218070760903,0.02854733562880176,19.0
2018-12-12 05:30:00,0.2757144990070522,0.028535156322452754,19.0
2018-12-12 06:00:00,0.2756071909380141,0.02852297701610375,19.0
2018-12-12 06:30:00,0.2754998828689761,0.02851079770975475,19.0
2018-12-12 07:00:00,0.275392574799938,0.028498618403405743,19.0
2018-12-12 07:30:00,0.2752852667308999,0.02848643909705674,19.0
2018-12-12 08:00:00,0.27517795866186184,0.028474259790707737,19.0
2018-12-12 08:30:00,0.27507065059282376,0.02846208048435873,19.0
2018-12-12 09:00:00,0.2749633425237857,0.028449901178009728,19.0
2018-12-12 09:30:00,0.27485603445474766,0.028437721871660722,19.0
2018-12-12 10:00:00,0.2747487263857096,0.02842554256531172,19.0
2018-12-12 10:30:00,0.2746414183166715,0.028413363258962716,19.0
2018-12-12 11:00:00,0.2745341102476334,0.02840118395261371,19.0
2018-12-12 11:30:00,0.27442680217859533,0.028389004646264707,19.0
2018-12-12 12:00:00,0.27431949410955725,0.0283768253399157,19.0
2018-12-12 12:30:00,0.2742121860405192,0.0283646460335667,19.0
2018-12-12 13:00:00,0.27410487797148114,0.028352466727217696,19.0
2018-12-12 13:30:00,0.27399756990244306,0.02834028742086869,19.0
2018-12-12 14:00:00,0.273890261833405,0.028328108114519687,19.0
2018-12-12 14:30:00,0.27384175617826406,0.028321515684790542,19.0
2018-12-12 15:00:00,0.2737932505231232,0.028314923255061394,19.0
2018-12-12 15:30:00,0.2737447448679823,0.02830833082533225,19.0
2018-12-12 16:00:00,0.27369623921284136,0.028301738395603106,19.0
2018-12-12 16:30:00,0.27364773355770045,0.02829514596587396,19.0
2018-12-12 17:00:00,0.2735992279025595,0.028288553536144817,19.0
2018-12-12 17:30:00,0.27355072224741867,0.02828196110641567,19.0
2018-12-12 18:00:00,0.27350221659227775,0.028275368676686525,19.0
2018-12-12 18:30:00,0.27345371093713683,0.02826877624695738,19.0
2018-12-12 19:00:00,0.27340520528199597,0.028262183817228233,19.0
2018-12-12 19:30:00,0.27335669962685505,0.02825559138749909,19.0
2018-12-12 20:00:00,0.27330819397171413,0.028248998957769944,19.0
2018-12-12 20:30:00,0.2732596883165732,0.0282424065280408,19.0
2018-12-12 21:00:00,0.2732111826614323,0.028235814098311655,19.0
2018-12-12 21:30:00,0.27316267700629143,0.028229221668582508,19.0
2018-12-12 22:00:00,0.2731141713511505,0.028222629238853363,19.0
2018-12-12 22:30:00,0.2730656656960096,0.02821603680912422,19.0
2018-12-12 23:00:00,0.27301716004086873,0.02820944437939507,19.0
2018-12-12 23:30:00,0.2729686543857278,0.028202851949665927,19.0
2018-12-13 00:00:00,0.2729201487305869,0.028196259519936782,19.0
2018-12-13 00:30:00,0.272871643075446,0.028189667090207638,19.0
2018-12-13 01:00:00,0.27282313742030506,0.028183074660478494,19.0
2018-12-13 01:30:00,0.2727746317651642,0.028176482230749346,19.0
2018-12-13 02:00:00,0.2727261261100233,0.0281698898010202,19.0
2018-12-13 02:30:00,0.27267943200013894,0.028161523132114428,19.0
2018-12-13 03:00:00,0.27263273789025466,0.02815315646320865,19.0
2018-12-13 03:30:00,0.2725860437803703,0.028144789794302877,19.0
2018-12-13 04:00:00,0.272539349670486,0.0281364231253971,19.0
2018-12-13 04:30:00,0.27249265556060165,0.028128056456491326,19.0
2018-12-13 05:00:00,0.27244596145071737,0.028119689787585552,19.0
2018-12-13 05:30:00,0.27239926734083303,0.028111323118679775,19.0
2018-12-13 06:00:00,0.2723525732309487,0.028102956449774,19.0
2018-12-13 06:30:00,0.2723058791210644,0.028094589780868224,19.0
2018-12-13 07:00:00,0.27225918501118007,0.02808622311196245,19.0
2018-12-13 07:30:00,0.27221249090129573,0.028077856443056673,19.0
2018-12-13 08:00:00,0.2721657967914114,0.0280694897741509,19.0
2018-12-13 08:30:00,0.2721191026815271,0.028061123105245125,19.0
2018-12-13 09:00:00,0.2720724085716428,0.028052756436339348,19.0
2018-12-13 09:30:00,0.27202571446175844,0.028044389767433574,19.0
2018-12-13 10:00:00,0.27197902035187416,0.028036023098527797,19.0
2018-12-13 10:30:00,0.2719323262419898,0.028027656429622023,19.0
2018-12-13 11:00:00,0.2718856321321055,0.02801928976071625,19.0
2018-12-13 11:30:00,0.2718389380222212,0.028010923091810472,19.0
2018-12-13 12:00:00,0.27179224391233686,0.0280025564229047,19.0
2018-12-13 12:30:00,0.2717455498024525,0.02799418975399892,19.0
2018-12-13 13:00:00,0.2716988556925682,0.027985823085093148,19.0
2018-12-13 13:30:00,0.2716521615826839,0.02797745641618737,19.0
2018-12-13 14:00:00,0.27160546747279957,0.027969089747281597,19.0
2018-12-13 14:30:00,0.27154212973478914,0.02798264350003732,19.0
2018-12-13 15:00:00,0.2714787919967787,0.02799619725279304,19.0
2018-12-13 15:30:00,0.2714154542587683,0.028009751005548762,19.0
2018-12-13 16:00:00,0.27135211652075786,0.028023304758304484,19.0
2018-12-13 16:30:00,0.2712887787827474,0.028036858511060206,19.0
2018-12-13 17:00:00,0.27122544104473695,0.028050412263815928,19.0
2018-12-13 17:30:00,0.2711621033067265,0.02806396601657165,19.0
2018-12-13 18:00:00,0.2710987655687161,0.02807751976932737,19.0
2018-12-13 18:30:00,0.27103542783070567,0.028091073522083093,19.0
2018-12-13 19:00:00,0.27097209009269524,0.028104627274838815,19.0
2018-12-13 19:30:00,0.2709087523546848,0.028118181027594537,19.0
2018-12-13 20:00:00,0.27084541461667433,0.02813173478035026,19.0
2018-12-13 20:30:00,0.2707820768786639,0.02814528853310598,19.0
2018-12-13 21:00:00,0.2707187391406535,0.028158842285861702,19.0
2018-12-13 21:30:00,0.27065540140264305,0.028172396038617424,19.0
2018-12-13 22:00:00,0.2705920636646326,0.028185949791373146,19.0
2018-12-13 22:30:00,0.2705287259266222,0.028199503544128868,19.0
2018-12-13 23:00:00,0.27046538818861177,0.02821305729688459,19.0
2018-12-13 23:30:00,0.27040205045060134,0.02822661104964031,19.0
2018-12-14 00:00:00,0.2703387127125909,0.028240164802396033,19.0
2018-12-14 00:30:00,0.27027537497458043,0.028253718555151755,19.0
2018-12-14 01:00:00,0.27021203723657,0.028267272307907477,19.0
2018-12-14 01:30:00,0.2701486994985596,0.0282808260606632,19.0
2018-12-14 02:00:00,0.27008536176054915,0.02829437981341892,19.0
2018-12-14 02:30:00,0.2700268013137035,0.028274099838197394,19.0
2018-12-14 03:00:00,0.26996824086685783,0.02825381986297587,19.0
2018-12-14 03:30:00,0.2699096804200122,0.028233539887754344,19.0
2018-12-14 04:00:00,0.26985111997316646,0.028213259912532818,19.0
2018-12-14 04:30:00,0.2697925595263208,0.02819297993731129,19.0
2018-12-14 05:00:00,0.26973399907947515,0.028172699962089764,19.0
2018-12-14 05:30:00,0.2696754386326295,0.02815241998686824,19.0
2018-12-14 06:00:00,0.26961687818578384,0.028132140011646715,19.0
2018-12-14 06:30:00,0.2695583177389382,0.028111860036425188,19.0
2018-12-14 07:00:00,0.2694997572920925,0.028091580061203665,19.0
2018-12-14 07:30:00,0.26944119684524687,0.02807130008598214,19.0
2018-12-14 08:00:00,0.2693826363984012,0.028051020110760612,19.0
2018-12-14 08:30:00,0.2693240759515555,0.028030740135539085,19.0
2018-12-14 09:00:00,0.26926551550470984,0.02801046016031756,19.0
2018-12-14 09:30:00,0.2692069550578642,0.027990180185096036,19.0
2018-12-14 10:00:00,0.2691483946110185,0.02796990020987451,19.0
2018-12-14 10:30:00,0.26908983416417287,0.027949620234652982,19.0
2018-12-14 11:00:00,0.2690312737173272,0.02792934025943146,19.0
2018-12-14 11:30:00,0.26897271327048156,0.027909060284209933,19.0
2018-12-14 12:00:00,0.26891415282363584,0.027888780308988406,19.0
2018-12-14 12:30:00,0.2688555923767902,0.02786850033376688,19.0
2018-12-14 13:00:00,0.26879703192994453,0.027848220358545353,19.0
2018-12-14 13:30:00,0.2687384714830989,0.02782794038332383,19.0
2018-12-14 14:00:00,0.2686799110362532,0.027807660408102303,19.0
2018-12-14 14:30:00,0.2686032287012396,0.027799704592053893,19.0
2018-12-14 15:00:00,0.26852654636622597,0.027791748776005484,19.0
2018-12-14 15:30:00,0.26844986403121235,0.027783792959957074,19.0
2018-12-14 16:00:00,0.2683731816961987,0.027775837143908664,19.0
2018-12-14 16:30:00,0.2682964993611851,0.027767881327860254,19.0
2018-12-14 17:00:00,0.2682198170261715,0.027759925511811844,19.0
2018-12-14 17:30:00,0.26814313469115786,0.027751969695763434,19.0
2018-12-14 18:00:00,0.26806645235614424,0.027744013879715024,19.0
2018-12-14 18:30:00,0.2679897700211306,0.027736058063666615,19.0
2018-12-14 19:00:00,0.267913087686117,0.027728102247618205,19.0
2018-12-14 19:30:00,0.26783640535110337,0.027720146431569795,19.0
2018-12-14 20:00:00,0.26775972301608975,0.027712190615521385,19.0
2018-12-14 20:30:00,0.2676830406810761,0.02770423479947298,19.0
2018-12-14 21:00:00,0.2676063583460625,0.02769627898342457,19.0
2018-12-14 21:30:00,0.2675296760110489,0.02768832316737616,19.0
2018-12-14 22:00:00,0.26745299367603526,0.02768036735132775,19.0
2018-12-14 22:30:00,0.26737631134102163,0.02767241153527934,19.0
2018-12-14 23:00:00,0.267299629006008,0.02766445571923093,19.0
2018-12-14 23:30:00,0.2672229466709944,0.02765649990318252,19.0
2018-12-15 00:00:00,0.26714626433598077,0.02764854408713411,19.0
2018-12-15 00:30:00,0.26706958200096714,0.0276405882710857,19.0
2018-12-15 01:00:00,0.2669928996659535,0.02763263245503729,19.0
2018-12-15 01:30:00,0.2669162173309399,0.02762467663898888,19.0
2018-12-15 02:00:00,0.2668395349959263,0.02761672082294047,19.0
2018-12-15 02:30:00,0.2667778529015628,0.027625864692827025,19.0
2018-12-15 03:00:00,0.2667161708071993,0.02763500856271358,19.0
2018-12-15 03:30:00,0.2666544887128358,0.027644152432600134,19.0
2018-12-15 04:00:00,0.2665928066184723,0.027653296302486686,19.0
2018-12-15 04:30:00,0.2665311245241088,0.02766244017237324,19.0
2018-12-15 05:00:00,0.2664694424297453,0.027671584042259795,19.0
2018-12-15 05:30:00,0.2664077603353818,0.02768072791214635,19.0
2018-12-15 06:00:00,0.2663460782410183,0.027689871782032905,19.0
2018-12-15 06:30:00,0.26628439614665483,0.02769901565191946,19.0
2018-12-15 07:00:00,0.2662227140522913,0.02770815952180601,19.0
2018-12-15 07:30:00,0.26616103195792784,0.027717303391692566,19.0
2018-12-15 08:00:00,0.26609934986356437,0.02772644726157912,19.0
2018-12-15 08:30:00,0.26603766776920085,0.027735591131465676,19.0
2018-12-15 09:00:00,0.2659759856748374,0.02774473500135223,19.0
2018-12-15 09:30:00,0.26591430358047385,0.027753878871238785,19.0
2018-12-15 10:00:00,0.2658526214861104,0.027763022741125336,19.0
2018-12-15 10:30:00,0.26579093939174686,0.02777216661101189,19.0
2018-12-15 11:00:00,0.2657292572973834,0.027781310480898446,19.0
2018-12-15 11:30:00,0.26566757520301987,0.027790454350785,19.0
2018-12-15 12:00:00,0.2656058931086564,0.027799598220671556,19.0
2018-12-15 12:30:00,0.2655442110142929,0.02780874209055811,19.0
2018-12-15 13:00:00,0.2654825289199294,0.027817885960444662,19.0
2018-12-15 13:30:00,0.2654208468255659,0.027827029830331217,19.0
2018-12-15 14:00:00,0.2653591647312024,0.02783617370021777,19.0
2018-12-15 14:30:00,0.2660452667149987,0.02772199512031457,19.0
2018-12-15 15:00:00,0.266731368698795,0.027607816540411372,19.0
2018-12-15 15:30:00,0.26741747068259125,0.02749363796050817,19.0
2018-12-15 16:00:00,0.2681035726663875,0.027379459380604973,19.0
2018-12-15 16:30:00,0.26878967465018383,0.02726528080070177,19.0
2018-12-15 17:00:00,0.2694757766339801,0.027151102220798574,19.0
2018-12-15 17:30:00,0.27016187861777635,0.027036923640895372,19.0
2018-12-15 18:00:00,0.27084798060157267,0.026922745060992175,19.0
2018-12-15 18:30:00,0.27153408258536893,0.026808566481088973,19.0
2018-12-15 19:00:00,0.2722201845691652,0.026694387901185775,19.0
2018-12-15 19:30:00,0.2729062865529615,0.026580209321282574,19.0
2018-12-15 20:00:00,0.27359238853675777,0.026466030741379373,19.0
2018-12-15 20:30:00,0.27427849052055403,0.026351852161476175,19.0
2018-12-15 21:00:00,0.27496459250435035,0.026237673581572973,19.0
2018-12-15 21:30:00,0.2756506944881466,0.026123495001669775,19.0
2018-12-15 22:00:00,0.27633679647194287,0.026009316421766574,19.0
2018-12-15 22:30:00,0.2770228984557392,0.025895137841863376,19.0
2018-12-15 23:00:00,0.27770900043953545,0.025780959261960175,19.0
2018-12-15 23:30:00,0.2783951024233317,0.025666780682056977,19.0
2018-12-16 00:00:00,0.279081204407128,0.025552602102153776,19.0
2018-12-16 00:30:00,0.2797673063909243,0.025438423522250578,19.0
2018-12-16 01:00:00,0.28045340837472055,0.025324244942347376,19.0
2018-12-16 01:30:00,0.28113951035851686,0.02521006636244418,19.0
2018-12-16 02:00:00,0.2818256123423131,0.025095887782540977,19.0
2018-12-16 02:30:00,0.28214791035080283,0.025048302968570337,19.0
2018-12-16 03:00:00,0.28247020835929254,0.0250007181545997,19.0
2018-12-16 03:30:00,0.28279250636778225,0.024953133340629062,19.0
2018-12-16 04:00:00,0.28311480437627196,0.02490554852665842,19.0
2018-12-16 04:30:00,0.28343710238476166,0.02485796371268778,19.0
2018-12-16 05:00:00,0.28375940039325137,0.024810378898717143,19.0
2018-12-16 05:30:00,0.28408169840174113,0.024762794084746506,19.0
2018-12-16 06:00:00,0.28440399641023084,0.024715209270775865,19.0
2018-12-16 06:30:00,0.28472629441872055,0.024667624456805225,19.0
2018-12-16 07:00:00,0.28504859242721026,0.024620039642834587,19.0
2018-12-16 07:30:00,0.28537089043569996,0.02457245482886395,19.0
2018-12-16 08:00:00,0.28569318844418967,0.02452487001489331,19.0
2018-12-16 08:30:00,0.2860154864526794,0.02447728520092267,19.0
2018-12-16 09:00:00,0.2863377844611691,0.02442970038695203,19.0
2018-12-16 09:30:00,0.2866600824696588,0.024382115572981394,19.0
2018-12-16 10:00:00,0.2869823804781485,0.024334530759010754,19.0
2018-12-16 10:30:00,0.2873046784866382,0.024286945945040113,19.0
2018-12-16 11:00:00,0.2876269764951279,0.024239361131069476,19.0
2018-12-16 11:30:00,0.2879492745036177,0.02419177631709884,19.0
2018-12-16 12:00:00,0.2882715725121074,0.024144191503128198,19.0
2018-12-16 12:30:00,0.2885938705205971,0.024096606689157557,19.0
2018-12-16 13:00:00,0.2889161685290868,0.02404902187518692,19.0
2018-12-16 13:30:00,0.2892384665375765,0.024001437061216283,19.0
2018-12-16 14:00:00,0.2895607645460662,0.023953852247245642,19.0
2018-12-16 14:30:00,0.2893395904918076,0.024016451829908046,19.0
2018-12-16 15:00:00,0.2891184164375489,0.02407905141257045,19.0
2018-12-16 15:30:00,0.28889724238329023,0.02414165099523286,19.0
2018-12-16 16:00:00,0.2886760683290316,0.024204250577895263,19.0
2018-12-16 16:30:00,0.28845489427477294,0.024266850160557667,19.0
2018-12-16 17:00:00,0.28823372022051424,0.024329449743220072,19.0
2018-12-16 17:30:00,0.2880125461662556,0.024392049325882476,19.0
2018-12-16 18:00:00,0.28779137211199696,0.02445464890854488,19.0
2018-12-16 18:30:00,0.28757019805773826,0.02451724849120729,19.0
2018-12-16 19:00:00,0.2873490240034796,0.024579848073869693,19.0
2018-12-16 19:30:00,0.28712784994922097,0.024642447656532097,19.0
2018-12-16 20:00:00,0.2869066758949623,0.024705047239194502,19.0
2018-12-16 20:30:00,0.2866855018407036,0.024767646821856906,19.0
2018-12-16 21:00:00,0.286464327786445,0.02483024640451931,19.0
2018-12-16 21:30:00,0.28624315373218634,0.02489284598718172,19.0
2018-12-16 22:00:00,0.28602197967792764,0.024955445569844123,19.0
2018-12-16 22:30:00,0.285800805623669,0.025018045152506527,19.0
2018-12-16 23:00:00,0.28557963156941035,0.025080644735168932,19.0
2018-12-16 23:30:00,0.28535845751515165,0.025143244317831336,19.0
2018-12-17 00:00:00,0.285137283460893,0.02520584390049374,19.0
2018-12-17 00:30:00,0.28491610940663437,0.02526844348315615,19.0
2018-12-17 01:00:00,0.2846949353523757,0.025331043065818553,19.0
2018-12-17 01:30:00,0.284473761298117,0.025393642648480957,19.0
2018-12-17 02:00:00,0.2842525872438584,0.025456242231143362,19.0
2018-12-17 02:30:00,0.284135292940875,0.02547043552073049,19.0
2018-12-17 03:00:00,0.2840179986378915,0.02548462881031762,19.0
2018-12-17 03:30:00,0.2839007043349081,0.02549882209990475,19.0
2018-12-17 04:00:00,0.2837834100319247,0.025513015389491876,19.0
2018-12-17 04:30:00,0.28366611572894124,0.025527208679079004,19.0
2018-12-17 05:00:00,0.28354882142595783,0.025541401968666135,19.0
2018-12-17 05:30:00,0.2834315271229744,0.025555595258253263,19.0
2018-12-17 06:00:00,0.28331423281999096,0.02556978854784039,19.0
2018-12-17 06:30:00,0.28319693851700756,0.025583981837427522,19.0
2018-12-17 07:00:00,0.28307964421402415,0.02559817512701465,19.0
2018-12-17 07:30:00,0.2829623499110407,0.025612368416601777,19.0
2018-12-17 08:00:00,0.2828450556080573,0.025626561706188905,19.0
2018-12-17 08:30:00,0.2827277613050739,0.025640754995776036,19.0
2018-12-17 09:00:00,0.2826104670020904,0.025654948285363164,19.0
2018-12-17 09:30:00,0.282493172699107,0.02566914157495029,19.0
2018-12-17 10:00:00,0.2823758783961236,0.025683334864537423,19.0
2018-12-17 10:30:00,0.28225858409314014,0.02569752815412455,19.0
2018-12-17 11:00:00,0.28214128979015674,0.02571172144371168,19.0
2018-12-17 11:30:00,0.28202399548717333,0.02572591473329881,19.0
2018-12-17 12:00:00,0.28190670118418987,0.025740108022885937,19.0
2018-12-17 12:30:00,0.28178940688120646,0.025754301312473065,19.0
2018-12-17 13:00:00,0.28167211257822306,0.025768494602060193,19.0
2018-12-17 13:30:00,0.2815548182752396,0.025782687891647324,19.0
2018-12-17 14:00:00,0.2814375239722562,0.02579688118123445,19.0
2018-12-17 14:30:00,0.28138176776608675,0.02572370121269663,19.0
2018-12-17 15:00:00,0.2813260115599173,0.025650521244158807,19.0
2018-12-17 15:30:00,0.28127025535374783,0.025577341275620984,19.0
2018-12-17 16:00:00,0.2812144991475784,0.025504161307083162,19.0
2018-12-17 16:30:00,0.28115874294140897,0.02543098133854534,19.0
2018-12-17 17:00:00,0.28110298673523954,0.025357801370007517,19.0
2018-12-17 17:30:00,0.2810472305290701,0.025284621401469694,19.0
2018-12-17 18:00:00,0.2809914743229006,0.025211441432931872,19.0
2018-12-17 18:30:00,0.2809357181167312,0.02513826146439405,19.0
2018-12-17 19:00:00,0.28087996191056175,0.025065081495856227,19.0
2018-12-17 19:30:00,0.2808242057043923,0.024991901527318405,19.0
2018-12-17 20:00:00,0.2807684494982228,0.024918721558780582,19.0
2018-12-17 20:30:00,0.2807126932920534,0.02484554159024276,19.0
2018-12-17 21:00:00,0.28065693708588396,0.024772361621704937,19.0
2018-12-17 21:30:00,0.28060118087971453,0.024699181653167115,19.0
2018-12-17 22:00:00,0.2805454246735451,0.024626001684629292,19.0
2018-12-17 22:30:00,0.2804896684673756,0.02455282171609147,19.0
2018-12-17 23:00:00,0.2804339122612062,0.024479641747553647,19.0
2018-12-17 23:30:00,0.28037815605503674,0.024406461779015825,19.0
2018-12-18 00:00:00,0.2803223998488673,0.024333281810478002,19.0
2018-12-18 00:30:00,0.2802666436426979,0.02426010184194018,19.0
2018-12-18 01:00:00,0.2802108874365284,0.024186921873402357,19.0
2018-12-18 01:30:00,0.28015513123035896,0.024113741904864535,19.0
2018-12-18 02:00:00,0.2800993750241895,0.024040561936326713,19.0
2018-12-18 02:30:00,0.2801294164377738,0.02393666328073233,19.0
2018-12-18 03:00:00,0.28015945785135804,0.023832764625137948,19.0
2018-12-18 03:30:00,0.2801894992649423,0.02372886596954357,19.0
2018-12-18 04:00:00,0.28021954067852656,0.023624967313949186,19.0
2018-12-18 04:30:00,0.2802495820921108,0.023521068658354804,19.0
2018-12-18 05:00:00,0.2802796235056951,0.02341717000276042,19.0
2018-12-18 05:30:00,0.2803096649192794,0.02331327134716604,19.0
2018-12-18 06:00:00,0.28033970633286365,0.02320937269157166,19.0
2018-12-18 06:30:00,0.2803697477464479,0.023105474035977278,19.0
2018-12-18 07:00:00,0.28039978916003216,0.023001575380382895,19.0
2018-12-18 07:30:00,0.2804298305736164,0.022897676724788513,19.0
2018-12-18 08:00:00,0.2804598719872007,0.02279377806919413,19.0
2018-12-18 08:30:00,0.28048991340078494,0.02268987941359975,19.0
2018-12-18 09:00:00,0.2805199548143692,0.02258598075800537,19.0
2018-12-18 09:30:00,0.28054999622795346,0.022482082102410986,19.0
2018-12-18 10:00:00,0.2805800376415377,0.022378183446816604,19.0
2018-12-18 10:30:00,0.280610079055122,0.022274284791222225,19.0
2018-12-18 11:00:00,0.28064012046870623,0.022170386135627843,19.0
2018-12-18 11:30:00,0.28067016188229055,0.02206648748003346,19.0
2018-12-18 12:00:00,0.2807002032958748,0.021962588824439078,19.0
2018-12-18 12:30:00,0.28073024470945906,0.021858690168844695,19.0
2018-12-18 13:00:00,0.2807602861230433,0.021754791513250316,19.0
2018-12-18 13:30:00,0.2807903275366276,0.021650892857655934,19.0
2018-12-18 14:00:00,0.28082036895021184,0.02154699420206155,19.0
2018-12-18 14:30:00,0.2807836082508676,0.021519610382748994,19.0
2018-12-18 15:00:00,0.28074684755152346,0.021492226563436436,19.0
2018-12-18 15:30:00,0.28071008685217924,0.02146484274412388,19.0
2018-12-18 16:00:00,0.280673326152835,0.02143745892481132,19.0
2018-12-18 16:30:00,0.28063656545349086,0.021410075105498763,19.0
2018-12-18 17:00:00,0.28059980475414664,0.021382691286186205,19.0
2018-12-18 17:30:00,0.2805630440548025,0.021355307466873648,19.0
2018-12-18 18:00:00,0.28052628335545826,0.02132792364756109,19.0
2018-12-18 18:30:00,0.28048952265611404,0.021300539828248533,19.0
2018-12-18 19:00:00,0.2804527619567699,0.021273156008935975,19.0
2018-12-18 19:30:00,0.28041600125742566,0.021245772189623417,19.0
2018-12-18 20:00:00,0.2803792405580815,0.021218388370310856,19.0
2018-12-18 20:30:00,0.2803424798587373,0.0211910045509983,19.0
2018-12-18 21:00:00,0.28030571915939306,0.02116362073168574,19.0
2018-12-18 21:30:00,0.2802689584600489,0.021136236912373183,19.0
2018-12-18 22:00:00,0.2802321977607047,0.021108853093060626,19.0
2018-12-18 22:30:00,0.28019543706136046,0.021081469273748068,19.0
2018-12-18 23:00:00,0.2801586763620163,0.02105408545443551,19.0
2018-12-18 23:30:00,0.2801219156626721,0.021026701635122953,19.0
2018-12-19 00:00:00,0.28008515496332786,0.020999317815810395,19.0
2018-12-19 00:30:00,0.2800483942639837,0.020971933996497837,19.0
2018-12-19 01:00:00,0.2800116335646395,0.02094455017718528,19.0
2018-12-19 01:30:00,0.2799748728652953,0.020917166357872722,19.0
2018-12-19 02:00:00,0.2799381121659511,0.020889782538560164,19.0
2018-12-19 02:30:00,0.2809493612110797,0.020741038625215296,19.0
2018-12-19 03:00:00,0.2819606102562083,0.020592294711870428,19.0
2018-12-19 03:30:00,0.2829718593013369,0.02044355079852556,19.0
2018-12-19 04:00:00,0.28398310834646545,0.02029480688518069,19.0
2018-12-19 04:30:00,0.28499435739159407,0.020146062971835823,19.0
2018-12-19 05:00:00,0.2860056064367227,0.019997319058490958,19.0
2018-12-19 05:30:00,0.28701685548185124,0.01984857514514609,19.0
2018-12-19 06:00:00,0.28802810452697986,0.01969983123180122,19.0
2018-12-19 06:30:00,0.28903935357210847,0.019551087318456353,19.0
2018-12-19 07:00:00,0.29005060261723703,0.019402343405111485,19.0
2018-12-19 07:30:00,0.29106185166236564,0.019253599491766617,19.0
2018-12-19 08:00:00,0.29207310070749426,0.01910485557842175,19.0
2018-12-19 08:30:00,0.2930843497526228,0.01895611166507688,19.0
2018-12-19 09:00:00,0.29409559879775143,0.018807367751732012,19.0
2018-12-19 09:30:00,0.29510684784288,0.018658623838387144,19.0
2018-12-19 10:00:00,0.2961180968880086,0.018509879925042275,19.0
2018-12-19 10:30:00,0.2971293459331372,0.018361136011697407,19.0
2018-12-19 11:00:00,0.2981405949782658,0.018212392098352542,19.0
2018-12-19 11:30:00,0.2991518440233944,0.018063648185007674,19.0
2018-12-19 12:00:00,0.30016309306852296,0.017914904271662806,19.0
2018-12-19 12:30:00,0.30117434211365157,0.017766160358317937,19.0
2018-12-19 13:00:00,0.3021855911587802,0.01761741644497307,19.0
2018-12-19 13:30:00,0.30319684020390875,0.0174686725316282,19.0
2018-12-19 14:00:00,0.30420808924903736,0.017319928618283333,19.0
2018-12-19 14:30:00,0.3038264872460205,0.017439037747954467,19.0
2018-12-19 15:00:00,0.3034448852430037,0.017558146877625597,19.0
2018-12-19 15:30:00,0.3030632832399869,0.01767725600729673,19.0
2018-12-19 16:00:00,0.30268168123697003,0.017796365136967866,19.0
2018-12-19 16:30:00,0.3023000792339532,0.017915474266639,19.0
2018-12-19 17:00:00,0.30191847723093634,0.01803458339631013,19.0
2018-12-19 17:30:00,0.30153687522791955,0.018153692525981265,19.0
2018-12-19 18:00:00,0.3011552732249027,0.0182728016556524,19.0
2018-12-19 18:30:00,0.30077367122188586,0.01839191078532353,19.0
2018-12-19 19:00:00,0.3003920692188691,0.018511019914994663,19.0
2018-12-19 19:30:00,0.30001046721585223,0.018630129044665798,19.0
2018-12-19 20:00:00,0.2996288652128354,0.018749238174336928,19.0
2018-12-19 20:30:00,0.29924726320981854,0.018868347304008062,19.0
2018-12-19 21:00:00,0.2988656612068017,0.018987456433679196,19.0
2018-12-19 21:30:00,0.2984840592037849,0.01910656556335033,19.0
2018-12-19 22:00:00,0.29810245720076806,0.01922567469302146,19.0
2018-12-19 22:30:00,0.2977208551977512,0.019344783822692595,19.0
2018-12-19 23:00:00,0.2973392531947344,0.01946389295236373,19.0
2018-12-19 23:30:00,0.2969576511917176,0.01958300208203486,19.0
2018-12-20 00:00:00,0.29657604918870073,0.019702111211705994,19.0
2018-12-20 00:30:00,0.2961944471856839,0.01982122034137713,19.0
2018-12-20 01:00:00,0.29581284518266704,0.019940329471048263,19.0
2018-12-20 01:30:00,0.29543124317965025,0.020059438600719393,19.0
2018-12-20 02:00:00,0.2950496411766334,0.020178547730390527,19.0
2018-12-20 02:30:00,0.29492153845031877,0.020206863518969758,19.0
2018-12-20 03:00:00,0.29479343572400407,0.020235179307548992,19.0
2018-12-20 03:30:00,0.29466533299768943,0.020263495096128223,19.0
2018-12-20 04:00:00,0.2945372302713748,0.020291810884707454,19.0
2018-12-20 04:30:00,0.29440912754506016,0.020320126673286684,19.0
2018-12-20 05:00:00,0.2942810248187455,0.02034844246186592,19.0
2018-12-20 05:30:00,0.2941529220924308,0.02037675825044515,19.0
2018-12-20 06:00:00,0.2940248193661162,0.02040507403902438,19.0
2018-12-20 06:30:00,0.29389671663980155,0.020433389827603614,19.0
2018-12-20 07:00:00,0.29376861391348685,0.020461705616182845,19.0
2018-12-20 07:30:00,0.2936405111871722,0.020490021404762075,19.0
2018-12-20 08:00:00,0.2935124084608576,0.02051833719334131,19.0
2018-12-20 08:30:00,0.29338430573454294,0.02054665298192054,19.0
2018-12-20 09:00:00,0.2932562030082283,0.02057496877049977,19.0
2018-12-20 09:30:00,0.2931281002819136,0.020603284559079,19.0
2018-12-20 10:00:00,0.29299999755559897,0.020631600347658235,19.0
2018-12-20 10:30:00,0.29287189482928433,0.020659916136237466,19.0
2018-12-20 11:00:00,0.29274379210296964,0.020688231924816697,19.0
2018-12-20 11:30:00,0.292615689376655,0.02071654771339593,19.0
2018-12-20 12:00:00,0.29248758665034036,0.02074486350197516,19.0
2018-12-20 12:30:00,0.2923594839240257,0.020773179290554392,19.0
2018-12-20 13:00:00,0.2922313811977111,0.020801495079133623,19.0
2018-12-20 13:30:00,0.2921032784713964,0.020829810867712857,19.0
2018-12-20 14:00:00,0.29197517574508175,0.020858126656292088,19.0
2018-12-20 14:30:00,0.29192084876943597,0.020894216354536387,19.0
2018-12-20 15:00:00,0.2918665217937902,0.020930306052780685,19.0
2018-12-20 15:30:00,0.2918121948181444,0.020966395751024984,19.0
2018-12-20 16:00:00,0.2917578678424987,0.021002485449269283,19.0
2018-12-20 16:30:00,0.2917035408668529,0.02103857514751358,19.0
2018-12-20 17:00:00,0.2916492138912071,0.021074664845757884,19.0
2018-12-20 17:30:00,0.29159488691556135,0.021110754544002183,19.0
2018-12-20 18:00:00,0.29154055993991557,0.02114684424224648,19.0
2018-12-20 18:30:00,0.2914862329642698,0.02118293394049078,19.0
2018-12-20 19:00:00,0.29143190598862406,0.02121902363873508,19.0
2018-12-20 19:30:00,0.2913775790129783,0.021255113336979378,19.0
2018-12-20 20:00:00,0.2913232520373325,0.021291203035223676,19.0
2018-12-20 20:30:00,0.2912689250616867,0.021327292733467975,19.0
2018-12-20 21:00:00,0.29121459808604094,0.021363382431712274,19.0
2018-12-20 21:30:00,0.29116027111039516,0.021399472129956573,19.0
2018-12-20 22:00:00,0.29110594413474944,0.02143556182820087,19.0
2018-12-20 22:30:00,0.29105161715910366,0.02147165152644517,19.0
2018-12-20 23:00:00,0.2909972901834579,0.021507741224689472,19.0
2018-12-20 23:30:00,0.2909429632078121,0.02154383092293377,19.0
2018-12-21 00:00:00,0.2908886362321663,0.02157992062117807,19.0
2018-12-21 00:30:00,0.29083430925652054,0.02161601031942237,19.0
2018-12-21 01:00:00,0.2907799822808748,0.021652100017666667,19.0
2018-12-21 01:30:00,0.29072565530522904,0.021688189715910966,19.0
2018-12-21 02:00:00,0.29067132832958326,0.021724279414155265,19.0
2018-12-21 02:30:00,0.2916114566225903,0.021641840934911363,19.0
2018-12-21 03:00:00,0.29255158491559735,0.021559402455667464,19.0
2018-12-21 03:30:00,0.2934917132086044,0.021476963976423562,19.0
2018-12-21 04:00:00,0.29443184150161145,0.02139452549717966,19.0
2018-12-21 04:30:00,0.2953719697946185,0.02131208701793576,19.0
2018-12-21 05:00:00,0.2963120980876255,0.02122964853869186,19.0
2018-12-21 05:30:00,0.29725222638063253,0.021147210059447957,19.0
2018-12-21 06:00:00,0.2981923546736396,0.021064771580204058,19.0
2018-12-21 06:30:00,0.29913248296664663,0.020982333100960156,19.0
2018-12-21 07:00:00,0.3000726112596537,0.020899894621716254,19.0
2018-12-21 07:30:00,0.3010127395526607,0.020817456142472355,19.0
2018-12-21 08:00:00,0.30195286784566777,0.020735017663228453,19.0
2018-12-21 08:30:00,0.3028929961386748,0.02065257918398455,19.0
2018-12-21 09:00:00,0.30383312443168187,0.020570140704740652,19.0
2018-12-21 09:30:00,0.3047732527246889,0.02048770222549675,19.0
2018-12-21 10:00:00,0.30571338101769596,0.020405263746252848,19.0
2018-12-21 10:30:00,0.306653509310703,0.02032282526700895,19.0
2018-12-21 11:00:00,0.30759363760371,0.020240386787765047,19.0
2018-12-21 11:30:00,0.30853376589671705,0.020157948308521145,19.0
2018-12-21 12:00:00,0.3094738941897241,0.020075509829277246,19.0
2018-12-21 12:30:00,0.31041402248273114,0.019993071350033344,19.0
2018-12-21 13:00:00,0.3113541507757382,0.01991063287078944,19.0
2018-12-21 13:30:00,0.31229427906874524,0.019828194391545543,19.0
2018-12-21 14:00:00,0.3132344073617523,0.01974575591230164,19.0
2018-12-21 14:30:00,0.3131441645807663,0.019821496500279156,19.0
2018-12-21 15:00:00,0.31305392179978037,0.019897237088256668,19.0
2018-12-21 15:30:00,0.31296367901879435,0.019972977676234183,19.0
2018-12-21 16:00:00,0.3128734362378084,0.020048718264211698,19.0
2018-12-21 16:30:00,0.31278319345682243,0.02012445885218921,19.0
2018-12-21 17:00:00,0.31269295067583647,0.020200199440166725,19.0
2018-12-21 17:30:00,0.3126027078948505,0.02027594002814424,19.0
2018-12-21 18:00:00,0.31251246511386455,0.02035168061612175,19.0
2018-12-21 18:30:00,0.31242222233287853,0.020427421204099266,19.0
2018-12-21 19:00:00,0.31233197955189257,0.02050316179207678,19.0
2018-12-21 19:30:00,0.3122417367709066,0.020578902380054293,19.0
2018-12-21 20:00:00,0.31215149398992065,0.02065464296803181,19.0
2018-12-21 20:30:00,0.3120612512089347,0.020730383556009323,19.0
2018-12-21 21:00:00,0.3119710084279487,0.020806124143986835,19.0
2018-12-21 21:30:00,0.3118807656469627,0.02088186473196435,19.0
2018-12-21 22:00:00,0.31179052286597675,0.020957605319941865,19.0
2018-12-21 22:30:00,0.3117002800849908,0.021033345907919377,19.0
2018-12-21 23:00:00,0.3116100373040048,0.021109086495896892,19.0
2018-12-21 23:30:00,0.31151979452301887,0.021184827083874407,19.0
2018-12-22 00:00:00,0.3114295517420329,0.02126056767185192,19.0
2018-12-22 00:30:00,0.3113393089610469,0.021336308259829434,19.0
2018-12-22 01:00:00,0.31124906618006093,0.02141204884780695,19.0
2018-12-22 01:30:00,0.31115882339907497,0.02148778943578446,19.0
2018-12-22 02:00:00,0.311068580618089,0.021563530023761976,19.0
2018-12-22 02:30:00,0.31087748691061595,0.021578126588091922,19.0
2018-12-22 03:00:00,0.31068639320314295,0.021592723152421868,19.0
2018-12-22 03:30:00,0.3104952994956699,0.021607319716751814,19.0
2018-12-22 04:00:00,0.3103042057881969,0.02162191628108176,19.0
2018-12-22 04:30:00,0.31011311208072384,0.021636512845411706,19.0
2018-12-22 05:00:00,0.30992201837325084,0.02165110940974165,19.0
2018-12-22 05:30:00,0.3097309246657778,0.021665705974071595,19.0
2018-12-22 06:00:00,0.3095398309583048,0.02168030253840154,19.0
2018-12-22 06:30:00,0.30934873725083173,0.021694899102731487,19.0
2018-12-22 07:00:00,0.30915764354335873,0.021709495667061433,19.0
2018-12-22 07:30:00,0.3089665498358857,0.02172409223139138,19.0
2018-12-22 08:00:00,0.3087754561284127,0.021738688795721325,19.0
2018-12-22 08:30:00,0.3085843624209396,0.02175328536005127,19.0
2018-12-22 09:00:00,0.30839326871346656,0.021767881924381217,19.0
2018-12-22 09:30:00,0.30820217500599356,0.021782478488711163,19.0
2018-12-22 10:00:00,0.3080110812985205,0.02179707505304111,19.0
2018-12-22 10:30:00,0.3078199875910475,0.021811671617371055,19.0
2018-12-22 11:00:00,0.30762889388357445,0.021826268181700997,19.0
2018-12-22 11:30:00,0.30743780017610145,0.021840864746030943,19.0
2018-12-22 12:00:00,0.3072467064686284,0.02185546131036089,19.0
2018-12-22 12:30:00,0.3070556127611554,0.021870057874690835,19.0
2018-12-22 13:00:00,0.30686451905368234,0.02188465443902078,19.0
2018-12-22 13:30:00,0.30667342534620934,0.021899251003350727,19.0
2018-12-22 14:00:00,0.3064823316387363,0.021913847567680673,19.0
2018-12-22 14:30:00,0.3062772653570813,0.02191863670716837,19.0
2018-12-22 15:00:00,0.30607219907542627,0.021923425846656065,19.0
2018-12-22 15:30:00,0.3058671327937712,0.021928214986143762,19.0
2018-12-22 16:00:00,0.3056620665121162,0.021933004125631456,19.0
2018-12-22 16:30:00,0.3054570002304612,0.021937793265119153,19.0
2018-12-22 17:00:00,0.3052519339488061,0.02194258240460685,19.0
2018-12-22 17:30:00,0.3050468676671511,0.021947371544094544,19.0
2018-12-22 18:00:00,0.3048418013854961,0.02195216068358224,19.0
2018-12-22 18:30:00,0.3046367351038411,0.02195694982306994,19.0
2018-12-22 19:00:00,0.3044316688221861,0.021961738962557632,19.0
2018-12-22 19:30:00,0.304226602540531,0.02196652810204533,19.0
2018-12-22 20:00:00,0.304021536258876,0.021971317241533027,19.0
2018-12-22 20:30:00,0.303816469977221,0.02197610638102072,19.0
2018-12-22 21:00:00,0.30361140369556594,0.021980895520508418,19.0
2018-12-22 21:30:00,0.30340633741391093,0.02198568465999611,19.0
2018-12-22 22:00:00,0.3032012711322559,0.02199047379948381,19.0
2018-12-22 22:30:00,0.3029962048506009,0.021995262938971506,19.0
2018-12-22 23:00:00,0.3027911385689459,0.0220000520784592,19.0
2018-12-22 23:30:00,0.30258607228729084,0.022004841217946897,19.0
2018-12-23 00:00:00,0.30238100600563583,0.02200963035743459,19.0
2018-12-23 00:30:00,0.3021759397239808,0.02201441949692229,19.0
2018-12-23 01:00:00,0.30197087344232576,0.022019208636409986,19.0
2018-12-23 01:30:00,0.30176580716067075,0.02202399777589768,19.0
2018-12-23 02:00:00,0.30156074087901574,0.022028786915385377,19.0
2018-12-23 02:30:00,0.3015798769468101,0.022008080133848255,19.0
2018-12-23 03:00:00,0.3015990130146044,0.021987373352311136,19.0
2018-12-23 03:30:00,0.30161814908239876,0.021966666570774014,19.0
2018-12-23 04:00:00,0.30163728515019306,0.021945959789236896,19.0
2018-12-23 04:30:00,0.3016564212179874,0.021925253007699774,19.0
2018-12-23 05:00:00,0.3016755572857817,0.021904546226162655,19.0
2018-12-23 05:30:00,0.30169469335357607,0.021883839444625533,19.0
2018-12-23 06:00:00,0.3017138294213704,0.021863132663088414,19.0
2018-12-23 06:30:00,0.30173296548916473,0.021842425881551292,19.0
2018-12-23 07:00:00,0.3017521015569591,0.021821719100014174,19.0
2018-12-23 07:30:00,0.3017712376247534,0.021801012318477052,19.0
2018-12-23 08:00:00,0.30179037369254774,0.02178030553693993,19.0
2018-12-23 08:30:00,0.3018095097603421,0.02175959875540281,19.0
2018-12-23 09:00:00,0.3018286458281364,0.02173889197386569,19.0
2018-12-23 09:30:00,0.30184778189593076,0.02171818519232857,19.0
2018-12-23 10:00:00,0.30186691796372506,0.02169747841079145,19.0
2018-12-23 10:30:00,0.3018860540315194,0.02167677162925433,19.0
2018-12-23 11:00:00,0.3019051900993137,0.021656064847717208,19.0
2018-12-23 11:30:00,0.30192432616710807,0.02163535806618009,19.0
2018-12-23 12:00:00,0.3019434622349024,0.021614651284642968,19.0
2018-12-23 12:30:00,0.3019625983026967,0.02159394450310585,19.0
2018-12-23 13:00:00,0.3019817343704911,0.021573237721568727,19.0
2018-12-23 13:30:00,0.3020008704382854,0.02155253094003161,19.0
2018-12-23 14:00:00,0.30202000650607974,0.021531824158494486,19.0
2018-12-23 14:30:00,0.3027285520198804,0.021563634511644402,19.0
2018-12-23 15:00:00,0.3034370975336811,0.021595444864794318,19.0
2018-12-23 15:30:00,0.30414564304748176,0.021627255217944234,19.0
2018-12-23 16:00:00,0.3048541885612825,0.021659065571094153,19.0
2018-12-23 16:30:00,0.30556273407508316,0.02169087592424407,19.0
2018-12-23 17:00:00,0.30627127958888384,0.021722686277393984,19.0
2018-12-23 17:30:00,0.3069798251026845,0.0217544966305439,19.0
2018-12-23 18:00:00,0.3076883706164852,0.021786306983693816,19.0
2018-12-23 18:30:00,0.30839691613028586,0.02181811733684373,19.0
2018-12-23 19:00:00,0.3091054616440866,0.02184992768999365,19.0
2018-12-23 19:30:00,0.30981400715788726,0.021881738043143566,19.0
2018-12-23 20:00:00,0.31052255267168793,0.021913548396293482,19.0
2018-12-23 20:30:00,0.3112310981854886,0.021945358749443398,19.0
2018-12-23 21:00:00,0.3119396436992893,0.021977169102593314,19.0
2018-12-23 21:30:00,0.31264818921308996,0.02200897945574323,19.0
2018-12-23 22:00:00,0.3133567347268907,0.02204078980889315,19.0
2018-12-23 22:30:00,0.31406528024069136,0.022072600162043064,19.0
2018-12-23 23:00:00,0.31477382575449203,0.02210441051519298,19.0
2018-12-23 23:30:00,0.3154823712682927,0.022136220868342896,19.0
2018-12-24 00:00:00,0.3161909167820934,0.02216803122149281,19.0
2018-12-24 00:30:00,0.31689946229589405,0.022199841574642727,19.0
2018-12-24 01:00:00,0.3176080078096948,0.022231651927792646,19.0
2018-12-24 01:30:00,0.31831655332349545,0.022263462280942562,19.0
2018-12-24 02:00:00,0.31902509883729613,0.022295272634092478,19.0
2018-12-24 02:30:00,0.31856649056422554,0.022287098895338163,19.0
2018-12-24 03:00:00,0.318107882291155,0.022278925156583845,19.0
2018-12-24 03:30:00,0.3176492740180844,0.02227075141782953,19.0
2018-12-24 04:00:00,0.31719066574501387,0.02226257767907521,19.0
2018-12-24 04:30:00,0.3167320574719433,0.022254403940320897,19.0
2018-12-24 05:00:00,0.31627344919887274,0.02224623020156658,19.0
2018-12-24 05:30:00,0.31581484092580214,0.022238056462812263,19.0
2018-12-24 06:00:00,0.3153562326527316,0.02222988272405795,19.0
2018-12-24 06:30:00,0.314897624379661,0.022221708985303634,19.0
2018-12-24 07:00:00,0.3144390161065905,0.022213535246549315,19.0
2018-12-24 07:30:00,0.3139804078335199,0.022205361507795,19.0
2018-12-24 08:00:00,0.3135217995604493,0.022197187769040685,19.0
2018-12-24 08:30:00,0.31306319128737875,0.022189014030286367,19.0
2018-12-24 09:00:00,0.31260458301430816,0.022180840291532052,19.0
2018-12-24 09:30:00,0.3121459747412376,0.022172666552777734,19.0
2018-12-24 10:00:00,0.311687366468167,0.02216449281402342,19.0
2018-12-24 10:30:00,0.3112287581950965,0.022156319075269104,19.0
2018-12-24 11:00:00,0.3107701499220259,0.022148145336514786,19.0
2018-12-24 11:30:00,0.31031154164895536,0.02213997159776047,19.0
2018-12-24 12:00:00,0.30985293337588476,0.022131797859006153,19.0
2018-12-24 12:30:00,0.3093943251028142,0.022123624120251838,19.0
2018-12-24 13:00:00,0.30893571682974363,0.022115450381497523,19.0
2018-12-24 13:30:00,0.3084771085566731,0.022107276642743205,19.0
2018-12-24 14:00:00,0.3080185002836025,0.02209910290398889,19.0
2018-12-24 14:30:00,0.3077514254459351,0.022112016957696472,19.0
2018-12-24 15:00:00,0.3074843506082676,0.022124931011404055,19.0
2018-12-24 15:30:00,0.3072172757706002,0.022137845065111638,19.0
2018-12-24 16:00:00,0.3069502009329328,0.02215075911881922,19.0
2018-12-24 16:30:00,0.3066831260952653,0.022163673172526804,19.0
2018-12-24 17:00:00,0.3064160512575979,0.022176587226234386,19.0
2018-12-24 17:30:00,0.3061489764199305,0.02218950127994197,19.0
2018-12-24 18:00:00,0.305881901582263,0.022202415333649552,19.0
2018-12-24 18:30:00,0.3056148267445956,0.022215329387357135,19.0
2018-12-24 19:00:00,0.3053477519069282,0.022228243441064718,19.0
2018-12-24 19:30:00,0.30508067706926073,0.0222411574947723,19.0
2018-12-24 20:00:00,0.3048136022315933,0.022254071548479883,19.0
2018-12-24 20:30:00,0.3045465273939259,0.022266985602187466,19.0
2018-12-24 21:00:00,0.30427945255625843,0.02227989965589505,19.0
2018-12-24 21:30:00,0.304012377718591,0.02229281370960263,19.0
2018-12-24 22:00:00,0.3037453028809236,0.022305727763310215,19.0
2018-12-24 22:30:00,0.30347822804325614,0.022318641817017797,19.0
2018-12-24 23:00:00,0.3032111532055887,0.02233155587072538,19.0
2018-12-24 23:30:00,0.3029440783679213,0.022344469924432963,19.0
2018-12-25 00:00:00,0.30267700353025384,0.022357383978140546,19.0
2018-12-25 00:30:00,0.3024099286925864,0.02237029803184813,19.0
2018-12-25 01:00:00,0.302142853854919,0.02238321208555571,19.0
2018-12-25 01:30:00,0.30187577901725154,0.022396126139263294,19.0
2018-12-25 02:00:00,0.30160870417958413,0.022409040192970877,19.0
2018-12-25 02:30:00,0.30149678975944916,0.022424608286331065,19.0
2018-12-25 03:00:00,0.3013848753393142,0.022440176379691257,19.0
2018-12-25 03:30:00,0.30127296091917916,0.022455744473051445,19.0
2018-12-25 04:00:00,0.3011610464990442,0.022471312566411637,19.0
2018-12-25 04:30:00,0.3010491320789092,0.022486880659771825,19.0
2018-12-25 05:00:00,0.30093721765877424,0.022502448753132016,19.0
2018-12-25 05:30:00,0.30082530323863926,0.022518016846492205,19.0
2018-12-25 06:00:00,0.3007133888185043,0.022533584939852396,19.0
2018-12-25 06:30:00,0.30060147439836926,0.022549153033212584,19.0
2018-12-25 07:00:00,0.3004895599782343,0.022564721126572776,19.0
2018-12-25 07:30:00,0.3003776455580993,0.022580289219932964,19.0
2018-12-25 08:00:00,0.30026573113796434,0.022595857313293152,19.0
2018-12-25 08:30:00,0.30015381671782937,0.022611425406653344,19.0
2018-12-25 09:00:00,0.3000419022976944,0.022626993500013532,19.0
2018-12-25 09:30:00,0.29992998787755937,0.022642561593373724,19.0
2018-12-25 10:00:00,0.2998180734574244,0.022658129686733912,19.0
2018-12-25 10:30:00,0.2997061590372894,0.022673697780094103,19.0
2018-12-25 11:00:00,0.29959424461715445,0.02268926587345429,19.0
2018-12-25 11:30:00,0.2994823301970195,0.022704833966814483,19.0
2018-12-25 12:00:00,0.2993704157768845,0.02272040206017467,19.0
2018-12-25 12:30:00,0.2992585013567495,0.022735970153534863,19.0
2018-12-25 13:00:00,0.2991465869366145,0.02275153824689505,19.0
2018-12-25 13:30:00,0.2990346725164795,0.022767106340255243,19.0
2018-12-25 14:00:00,0.29892275809634455,0.02278267443361543,19.0
2018-12-25 14:30:00,0.29880883881004766,0.022778885219579628,19.0
2018-12-25 15:00:00,0.2986949195237508,0.02277509600554382,19.0
2018-12-25 15:30:00,0.29858100023745393,0.022771306791508017,19.0
2018-12-25 16:00:00,0.29846708095115704,0.02276751757747221,19.0
2018-12-25 16:30:00,0.2983531616648602,0.022763728363436406,19.0
2018-12-25 17:00:00,0.2982392423785633,0.022759939149400603,19.0
2018-12-25 17:30:00,0.29812532309226647,0.022756149935364796,19.0
2018-12-25 18:00:00,0.2980114038059696,0.022752360721328992,19.0
2018-12-25 18:30:00,0.2978974845196727,0.022748571507293185,19.0
2018-12-25 19:00:00,0.29778356523337585,0.022744782293257382,19.0
2018-12-25 19:30:00,0.29766964594707895,0.022740993079221575,19.0
2018-12-25 20:00:00,0.2975557266607821,0.02273720386518577,19.0
2018-12-25 20:30:00,0.2974418073744852,0.022733414651149968,19.0
2018-12-25 21:00:00,0.29732788808818833,0.02272962543711416,19.0
2018-12-25 21:30:00,0.2972139688018915,0.022725836223078357,19.0
2018-12-25 22:00:00,0.2971000495155946,0.02272204700904255,19.0
2018-12-25 22:30:00,0.2969861302292977,0.022718257795006747,19.0
2018-12-25 23:00:00,0.29687221094300087,0.022714468580970943,19.0
2018-12-25 23:30:00,0.296758291656704,0.022710679366935136,19.0
2018-12-26 00:00:00,0.2966443723704071,0.022706890152899332,19.0
2018-12-26 00:30:00,0.29653045308411025,0.022703100938863525,19.0
2018-12-26 01:00:00,0.29641653379781335,0.022699311724827722,19.0
2018-12-26 01:30:00,0.2963026145115165,0.022695522510791915,19.0
2018-12-26 02:00:00,0.2961886952252196,0.02269173329675611,19.0
2018-12-26 02:30:00,0.2961259021532918,0.02268443456928035,19.0
2018-12-26 03:00:00,0.296063109081364,0.022677135841804585,19.0
2018-12-26 03:30:00,0.29600031600943627,0.02266983711432882,19.0
2018-12-26 04:00:00,0.29593752293750847,0.022662538386853056,19.0
2018-12-26 04:30:00,0.29587472986558067,0.022655239659377293,19.0
2018-12-26 05:00:00,0.29581193679365286,0.02264794093190153,19.0
2018-12-26 05:30:00,0.29574914372172506,0.022640642204425767,19.0
2018-12-26 06:00:00,0.2956863506497973,0.02263334347695,19.0
2018-12-26 06:30:00,0.2956235575778695,0.022626044749474238,19.0
2018-12-26 07:00:00,0.2955607645059417,0.022618746021998475,19.0
2018-12-26 07:30:00,0.2954979714340139,0.02261144729452271,19.0
2018-12-26 08:00:00,0.2954351783620861,0.02260414856704695,19.0
2018-12-26 08:30:00,0.29537238529015836,0.022596849839571182,19.0
2018-12-26 09:00:00,0.29530959221823055,0.02258955111209542,19.0
2018-12-26 09:30:00,0.29524679914630275,0.022582252384619656,19.0
2018-12-26 10:00:00,0.29518400607437495,0.022574953657143893,19.0
2018-12-26 10:30:00,0.2951212130024472,0.022567654929668127,19.0
2018-12-26 11:00:00,0.2950584199305194,0.022560356202192364,19.0
2018-12-26 11:30:00,0.2949956268585916,0.0225530574747166,19.0
2018-12-26 12:00:00,0.2949328337866638,0.022545758747240838,19.0
2018-12-26 12:30:00,0.294870040714736,0.022538460019765075,19.0
2018-12-26 13:00:00,0.29480724764280825,0.02253116129228931,19.0
2018-12-26 13:30:00,0.29474445457088044,0.022523862564813545,19.0
2018-12-26 14:00:00,0.29468166149895264,0.022516563837337782,19.0
2018-12-26 14:30:00,0.294641051865419,0.022465973715963653,19.0
2018-12-26 15:00:00,0.2946004422318854,0.022415383594589524,19.0
2018-12-26 15:30:00,0.2945598325983518,0.02236479347321539,19.0
2018-12-26 16:00:00,0.29451922296481814,0.022314203351841262,19.0
2018-12-26 16:30:00,0.2944786133312845,0.022263613230467133,19.0
2018-12-26 17:00:00,0.29443800369775086,0.022213023109093004,19.0
2018-12-26 17:30:00,0.2943973940642173,0.022162432987718875,19.0
2018-12-26 18:00:00,0.29435678443068364,0.022111842866344742,19.0
2018-12-26 18:30:00,0.29431617479715,0.022061252744970613,19.0
2018-12-26 19:00:00,0.2942755651636164,0.022010662623596484,19.0
2018-12-26 19:30:00,0.2942349555300828,0.021960072502222355,19.0
2018-12-26 20:00:00,0.29419434589654914,0.021909482380848222,19.0
2018-12-26 20:30:00,0.2941537362630155,0.021858892259474093,19.0
2018-12-26 21:00:00,0.29411312662948186,0.021808302138099964,19.0
2018-12-26 21:30:00,0.2940725169959483,0.021757712016725834,19.0
2018-12-26 22:00:00,0.29403190736241464,0.021707121895351705,19.0
2018-12-26 22:30:00,0.293991297728881,0.021656531773977573,19.0
2018-12-26 23:00:00,0.2939506880953474,0.021605941652603444,19.0
2018-12-26 23:30:00,0.2939100784618138,0.021555351531229314,19.0
2018-12-27 00:00:00,0.29386946882828013,0.021504761409855185,19.0
2018-12-27 00:30:00,0.2938288591947465,0.021454171288481056,19.0
2018-12-27 01:00:00,0.29378824956121286,0.021403581167106923,19.0
2018-12-27 01:30:00,0.29374763992767927,0.021352991045732794,19.0
2018-12-27 02:00:00,0.29370703029414563,0.021302400924358665,19.0
2018-12-27 02:30:00,0.29368421030912956,0.02129273841036671,19.0
2018-12-27 03:00:00,0.29366139032411354,0.02128307589637476,19.0
2018-12-27 03:30:00,0.29363857033909746,0.02127341338238281,19.0
2018-12-27 04:00:00,0.2936157503540814,0.021263750868390857,19.0
2018-12-27 04:30:00,0.2935929303690653,0.021254088354398903,19.0
2018-12-27 05:00:00,0.2935701103840493,0.021244425840406953,19.0
2018-12-27 05:30:00,0.2935472903990332,0.021234763326415003,19.0
2018-12-27 06:00:00,0.29352447041401714,0.02122510081242305,19.0
2018-12-27 06:30:00,0.2935016504290011,0.021215438298431095,19.0
2018-12-27 07:00:00,0.29347883044398504,0.021205775784439145,19.0
2018-12-27 07:30:00,0.29345601045896896,0.021196113270447195,19.0
2018-12-27 08:00:00,0.29343319047395294,0.02118645075645524,19.0
2018-12-27 08:30:00,0.29341037048893687,0.021176788242463288,19.0
2018-12-27 09:00:00,0.2933875505039208,0.021167125728471337,19.0
2018-12-27 09:30:00,0.2933647305189047,0.021157463214479387,19.0
2018-12-27 10:00:00,0.2933419105338887,0.021147800700487433,19.0
2018-12-27 10:30:00,0.2933190905488726,0.02113813818649548,19.0
2018-12-27 11:00:00,0.29329627056385654,0.02112847567250353,19.0
2018-12-27 11:30:00,0.2932734505788405,0.02111881315851158,19.0
2018-12-27 12:00:00,0.29325063059382445,0.021109150644519625,19.0
2018-12-27 12:30:00,0.29322781060880837,0.02109948813052767,19.0
2018-12-27 13:00:00,0.2932049906237923,0.02108982561653572,19.0
2018-12-27 13:30:00,0.2931821706387763,0.02108016310254377,19.0
2018-12-27 14:00:00,0.2931593506537602,0.021070500588551817,19.0
2018-12-27 14:30:00,0.29313271445626526,0.021068974472927895,19.0
2018-12-27 15:00:00,0.29310607825877033,0.02106744835730397,19.0
2018-12-27 15:30:00,0.29307944206127534,0.021065922241680045,19.0
2018-12-27 16:00:00,0.2930528058637804,0.021064396126056123,19.0
2018-12-27 16:30:00,0.2930261696662855,0.0210628700104322,19.0
2018-12-27 17:00:00,0.29299953346879054,0.021061343894808276,19.0
2018-12-27 17:30:00,0.2929728972712956,0.02105981777918435,19.0
2018-12-27 18:00:00,0.2929462610738007,0.02105829166356043,19.0
2018-12-27 18:30:00,0.2929196248763057,0.021056765547936507,19.0
2018-12-27 19:00:00,0.29289298867881075,0.02105523943231258,19.0
2018-12-27 19:30:00,0.2928663524813158,0.021053713316688656,19.0
2018-12-27 20:00:00,0.2928397162838209,0.021052187201064734,19.0
2018-12-27 20:30:00,0.29281308008632595,0.021050661085440812,19.0
2018-12-27 21:00:00,0.292786443888831,0.021049134969816887,19.0
2018-12-27 21:30:00,0.292759807691336,0.021047608854192962,19.0
2018-12-27 22:00:00,0.2927331714938411,0.02104608273856904,19.0
2018-12-27 22:30:00,0.29270653529634616,0.021044556622945118,19.0
2018-12-27 23:00:00,0.2926798990988512,0.021043030507321193,19.0
2018-12-27 23:30:00,0.2926532629013563,0.021041504391697267,19.0
2018-12-28 00:00:00,0.29262662670386136,0.021039978276073346,19.0
2018-12-28 00:30:00,0.29259999050636637,0.021038452160449424,19.0
2018-12-28 01:00:00,0.29257335430887144,0.0210369260448255,19.0
2018-12-28 01:30:00,0.2925467181113765,0.021035399929201573,19.0
2018-12-28 02:00:00,0.29252008191388157,0.02103387381357765,19.0
2018-12-28 02:30:00,0.2925106050950312,0.02101201699927596,19.0
2018-12-28 03:00:00,0.2925011282761808,0.020990160184974266,19.0
2018-12-28 03:30:00,0.2924916514573304,0.020968303370672573,19.0
2018-12-28 04:00:00,0.29248217463848003,0.02094644655637088,19.0
2018-12-28 04:30:00,0.2924726978196297,0.020924589742069184,19.0
2018-12-28 05:00:00,0.2924632210007793,0.02090273292776749,19.0
2018-12-28 05:30:00,0.29245374418192893,0.0208808761134658,19.0
2018-12-28 06:00:00,0.29244426736307855,0.020859019299164106,19.0
2018-12-28 06:30:00,0.29243479054422816,0.020837162484862413,19.0
2018-12-28 07:00:00,0.2924253137253778,0.02081530567056072,19.0
2018-12-28 07:30:00,0.2924158369065274,0.020793448856259028,19.0
2018-12-28 08:00:00,0.29240636008767706,0.020771592041957332,19.0
2018-12-28 08:30:00,0.2923968832688267,0.02074973522765564,19.0
2018-12-28 09:00:00,0.2923874064499763,0.020727878413353946,19.0
2018-12-28 09:30:00,0.2923779296311259,0.020706021599052254,19.0
2018-12-28 10:00:00,0.2923684528122755,0.02068416478475056,19.0
2018-12-28 10:30:00,0.29235897599342514,0.02066230797044887,19.0
2018-12-28 11:00:00,0.29234949917457476,0.020640451156147176,19.0
2018-12-28 11:30:00,0.29234002235572437,0.020618594341845483,19.0
2018-12-28 12:00:00,0.292330545536874,0.02059673752754379,19.0
2018-12-28 12:30:00,0.29232106871802366,0.020574880713242094,19.0
2018-12-28 13:00:00,0.2923115918991733,0.0205530238989404,19.0
2018-12-28 13:30:00,0.2923021150803229,0.02053116708463871,19.0
2018-12-28 14:00:00,0.2922926382614725,0.020509310270337016,19.0
2018-12-28 14:30:00,0.292259179621625,0.020500807790037098,19.0
2018-12-28 15:00:00,0.2922257209817775,0.020492305309737176,19.0
2018-12-28 15:30:00,0.29219226234193,0.020483802829437257,19.0
2018-12-28 16:00:00,0.2921588037020826,0.02047530034913734,19.0
2018-12-28 16:30:00,0.2921253450622351,0.020466797868837417,19.0
2018-12-28 17:00:00,0.2920918864223876,0.0204582953885375,19.0
2018-12-28 17:30:00,0.2920584277825401,0.02044979290823758,19.0
2018-12-28 18:00:00,0.2920249691426926,0.02044129042793766,19.0
2018-12-28 18:30:00,0.2919915105028451,0.02043278794763774,19.0
2018-12-28 19:00:00,0.29195805186299767,0.02042428546733782,19.0
2018-12-28 19:30:00,0.2919245932231502,0.0204157829870379,19.0
2018-12-28 20:00:00,0.2918911345833027,0.02040728050673798,19.0
2018-12-28 20:30:00,0.2918576759434552,0.020398778026438063,19.0
2018-12-28 21:00:00,0.2918242173036077,0.02039027554613814,19.0
2018-12-28 21:30:00,0.2917907586637602,0.020381773065838223,19.0
2018-12-28 22:00:00,0.29175730002391276,0.020373270585538304,19.0
2018-12-28 22:30:00,0.29172384138406526,0.020364768105238382,19.0
2018-12-28 23:00:00,0.29169038274421777,0.020356265624938464,19.0
2018-12-28 23:30:00,0.2916569241043703,0.020347763144638546,19.0
2018-12-29 00:00:00,0.2916234654645228,0.020339260664338624,19.0
2018-12-29 00:30:00,0.2915900068246753,0.020330758184038705,19.0
2018-12-29 01:00:00,0.29155654818482785,0.020322255703738787,19.0
2018-12-29 01:30:00,0.29152308954498035,0.020313753223438865,19.0
2018-12-29 02:00:00,0.29148963090513286,0.020305250743138947,19.0
2018-12-29 02:30:00,0.2914797778964383,0.020281766774184345,19.0
2018-12-29 03:00:00,0.2914699248877437,0.020258282805229743,19.0
2018-12-29 03:30:00,0.29146007187904915,0.02023479883627514,19.0
2018-12-29 04:00:00,0.2914502188703546,0.020211314867320543,19.0
2018-12-29 04:30:00,0.29144036586166,0.02018783089836594,19.0
2018-12-29 05:00:00,0.29143051285296545,0.02016434692941134,19.0
2018-12-29 05:30:00,0.2914206598442709,0.020140862960456737,19.0
2018-12-29 06:00:00,0.2914108068355763,0.020117378991502136,19.0
2018-12-29 06:30:00,0.29140095382688175,0.020093895022547534,19.0
2018-12-29 07:00:00,0.2913911008181872,0.020070411053592932,19.0
2018-12-29 07:30:00,0.2913812478094926,0.02004692708463833,19.0
2018-12-29 08:00:00,0.29137139480079804,0.02002344311568373,19.0
2018-12-29 08:30:00,0.2913615417921035,0.01999995914672913,19.0
2018-12-29 09:00:00,0.2913516887834089,0.019976475177774528,19.0
2018-12-29 09:30:00,0.29134183577471434,0.019952991208819926,19.0
2018-12-29 10:00:00,0.2913319827660198,0.019929507239865325,19.0
2018-12-29 10:30:00,0.2913221297573252,0.019906023270910723,19.0
2018-12-29 11:00:00,0.29131227674863064,0.01988253930195612,19.0
2018-12-29 11:30:00,0.2913024237399361,0.01985905533300152,19.0
2018-12-29 12:00:00,0.2912925707312415,0.01983557136404692,19.0
2018-12-29 12:30:00,0.29128271772254694,0.01981208739509232,19.0
2018-12-29 13:00:00,0.2912728647138524,0.019788603426137717,19.0
2018-12-29 13:30:00,0.2912630117051578,0.019765119457183115,19.0
2018-12-29 14:00:00,0.29125315869646323,0.019741635488228514,19.0
2018-12-29 14:30:00,0.29122078183112055,0.01971936203705163,19.0
2018-12-29 15:00:00,0.29118840496577786,0.01969708858587475,19.0
2018-12-29 15:30:00,0.29115602810043517,0.019674815134697866,19.0
2018-12-29 16:00:00,0.2911236512350925,0.019652541683520985,19.0
2018-12-29 16:30:00,0.2910912743697498,0.0196302682323441,19.0
2018-12-29 17:00:00,0.2910588975044071,0.019607994781167218,19.0
2018-12-29 17:30:00,0.2910265206390644,0.019585721329990338,19.0
2018-12-29 18:00:00,0.29099414377372174,0.019563447878813454,19.0
2018-12-29 18:30:00,0.29096176690837905,0.01954117442763657,19.0
2018-12-29 19:00:00,0.29092939004303636,0.01951890097645969,19.0
2018-12-29 19:30:00,0.2908970131776937,0.019496627525282806,19.0
2018-12-29 20:00:00,0.290864636312351,0.019474354074105922,19.0
2018-12-29 20:30:00,0.29083225944700836,0.019452080622929042,19.0
2018-12-29 21:00:00,0.29079988258166567,0.019429807171752158,19.0
2018-12-29 21:30:00,0.290767505716323,0.019407533720575278,19.0
2018-12-29 22:00:00,0.2907351288509803,0.019385260269398394,19.0
2018-12-29 22:30:00,0.2907027519856376,0.01936298681822151,19.0
2018-12-29 23:00:00,0.2906703751202949,0.01934071336704463,19.0
2018-12-29 23:30:00,0.29063799825495223,0.019318439915867746,19.0
2018-12-30 00:00:00,0.29060562138960955,0.019296166464690866,19.0
2018-12-30 00:30:00,0.29057324452426686,0.019273893013513982,19.0
2018-12-30 01:00:00,0.2905408676589242,0.019251619562337098,19.0
2018-12-30 01:30:00,0.2905084907935815,0.019229346111160218,19.0
2018-12-30 02:00:00,0.2904761139282388,0.019207072659983334,19.0
2018-12-30 02:30:00,0.29044513775000247,0.019196339269355482,19.0
2018-12-30 03:00:00,0.29041416157176614,0.019185605878727627,19.0
2018-12-30 03:30:00,0.29038318539352986,0.019174872488099775,19.0
2018-12-30 04:00:00,0.29035220921529353,0.019164139097471923,19.0
2018-12-30 04:30:00,0.2903212330370572,0.019153405706844068,19.0
2018-12-30 05:00:00,0.2902902568588209,0.019142672316216216,19.0
2018-12-30 05:30:00,0.2902592806805846,0.01913193892558836,19.0
2018-12-30 06:00:00,0.29022830450234827,0.01912120553496051,19.0
2018-12-30 06:30:00,0.29019732832411194,0.019110472144332657,19.0
2018-12-30 07:00:00,0.2901663521458756,0.0190997387537048,19.0
2018-12-30 07:30:00,0.29013537596763933,0.01908900536307695,19.0
2018-12-30 08:00:00,0.290104399789403,0.019078271972449094,19.0
2018-12-30 08:30:00,0.29007342361116667,0.019067538581821242,19.0
2018-12-30 09:00:00,0.2900424474329304,0.01905680519119339,19.0
2018-12-30 09:30:00,0.29001147125469406,0.019046071800565535,19.0
2018-12-30 10:00:00,0.28998049507645773,0.019035338409937683,19.0
2018-12-30 10:30:00,0.2899495188982214,0.01902460501930983,19.0
2018-12-30 11:00:00,0.2899185427199851,0.019013871628681976,19.0
2018-12-30 11:30:00,0.2898875665417488,0.019003138238054124,19.0
2018-12-30 12:00:00,0.28985659036351247,0.018992404847426272,19.0
2018-12-30 12:30:00,0.28982561418527614,0.018981671456798417,19.0
2018-12-30 13:00:00,0.28979463800703986,0.018970938066170565,19.0
2018-12-30 13:30:00,0.28976366182880353,0.01896020467554271,19.0
2018-12-30 14:00:00,0.2897326856505672,0.018949471284914858,19.0
2018-12-30 14:30:00,0.28970754928333575,0.018942477466576055,19.0
2018-12-30 15:00:00,0.28968241291610436,0.018935483648237248,19.0
2018-12-30 15:30:00,0.28965727654887297,0.018928489829898445,19.0
2018-12-30 16:00:00,0.2896321401816415,0.01892149601155964,19.0
2018-12-30 16:30:00,0.28960700381441007,0.01891450219322084,19.0
2018-12-30 17:00:00,0.2895818674471787,0.01890750837488203,19.0
2018-12-30 17:30:00,0.2895567310799473,0.01890051455654323,19.0
2018-12-30 18:00:00,0.28953159471271583,0.018893520738204425,19.0
2018-12-30 18:30:00,0.2895064583454844,0.01888652691986562,19.0
2018-12-30 19:00:00,0.289481321978253,0.018879533101526815,19.0
2018-12-30 19:30:00,0.2894561856110216,0.018872539283188012,19.0
2018-12-30 20:00:00,0.28943104924379015,0.018865545464849205,19.0
2018-12-30 20:30:00,0.2894059128765587,0.018858551646510402,19.0
2018-12-30 21:00:00,0.2893807765093273,0.0188515578281716,19.0
2018-12-30 21:30:00,0.2893556401420959,0.018844564009832795,19.0
2018-12-30 22:00:00,0.28933050377486447,0.01883757019149399,19.0
2018-12-30 22:30:00,0.289305367407633,0.018830576373155185,19.0
2018-12-30 23:00:00,0.2892802310404016,0.018823582554816382,19.0
2018-12-30 23:30:00,0.28925509467317023,0.018816588736477576,19.0
2018-12-31 00:00:00,0.2892299583059388,0.018809594918138772,19.0
2018-12-31 00:30:00,0.28920482193870733,0.01880260109979997,19.0
2018-12-31 01:00:00,0.28917968557147594,0.018795607281461166,19.0
2018-12-31 01:30:00,0.28915454920424455,0.01878861346312236,19.0
2018-12-31 02:00:00,0.2891294128370131,0.018781619644783556,19.0
2018-12-31 02:30:00,0.2891168500668789,0.018774879043463324,19.0
2018-12-31 03:00:00,0.2891042872967448,0.018768138442143097,19.0
2018-12-31 03:30:00,0.28909172452661064,0.018761397840822865,19.0
2018-12-31 04:00:00,0.2890791617564765,0.018754657239502634,19.0
2018-12-31 04:30:00,0.28906659898634235,0.018747916638182403,19.0
2018-12-31 05:00:00,0.2890540362162082,0.01874117603686217,19.0
2018-12-31 05:30:00,0.28904147344607406,0.018734435435541943,19.0
2018-12-31 06:00:00,0.2890289106759399,0.018727694834221712,19.0
2018-12-31 06:30:00,0.2890163479058057,0.01872095423290148,19.0
2018-12-31 07:00:00,0.2890037851356716,0.018714213631581253,19.0
2018-12-31 07:30:00,0.2889912223655374,0.01870747303026102,19.0
2018-12-31 08:00:00,0.28897865959540325,0.01870073242894079,19.0
2018-12-31 08:30:00,0.28896609682526914,0.01869399182762056,19.0
2018-12-31 09:00:00,0.28895353405513496,0.018687251226300328,19.0
2018-12-31 09:30:00,0.28894097128500085,0.0186805106249801,19.0
2018-12-31 10:00:00,0.2889284085148667,0.01867377002365987,19.0
2018-12-31 10:30:00,0.2889158457447325,0.018667029422339637,19.0
2018-12-31 11:00:00,0.2889032829745984,0.01866028882101941,19.0
2018-12-31 11:30:00,0.2888907202044642,0.018653548219699178,19.0
2018-12-31 12:00:00,0.2888781574343301,0.018646807618378947,19.0
2018-12-31 12:30:00,0.2888655946641959,0.018640067017058715,19.0
2018-12-31 13:00:00,0.28885303189406175,0.018633326415738484,19.0
2018-12-31 13:30:00,0.28884046912392763,0.018626585814418256,19.0
2018-12-31 14:00:00,0.28882790635379346,0.018619845213098025,19.0
