datetime,J,J_sd,n_trees
2023-05-01T22:00:00Z,0.0013917644013100453,0.0016551938993073468,17
2023-05-01T22:30:00Z,0.0011098530458776574,0.001590509719827387,17
2023-05-01T23:00:00Z,9.646259839882464e-4,0.0015120358241114185,17
2023-05-01T23:30:00Z,9.987970573739906e-4,0.0014467982088258462,17
2023-05-02T00:00:00Z,9.475404472953745e-4,0.0013934038387552763,17
2023-05-02T00:30:00Z,8.023133854059626e-4,0.0013635596122926357,17
2023-05-02T01:00:00Z,8.279416904452707e-4,0.0013427482417169973,17
2023-05-02T01:30:00Z,6.485435551701152e-4,0.0013001899685551165,17
2023-05-02T02:00:00Z,6.827146285558589e-4,0.0012984211662272992,17
2023-05-02T02:30:00Z,6.485435551701152e-4,0.0012550078388315939,17
2023-05-02T03:00:00Z,5.11859261627139e-4,0.0012443604816524433,17
2023-05-02T03:30:00Z,5.802014083986266e-4,0.0012342925987791368,17
2023-05-02T04:00:00Z,4.093460414699078e-4,0.0011987631831339837,17
2023-05-02T04:30:00Z,3.75174968084164e-4,0.0011919480607242433,17
2023-05-02T05:00:00Z,2.726617479269327e-4,0.001168526105284914,17
2023-05-02T05:30:00Z,1.8723406446257226e-4,0.0012007943450641138,17
2023-05-02T06:00:00Z,2.4703344288762405e-4,0.0012165996064154954,17
2023-05-02T06:30:00Z,5.0549770919596626e-5,0.0012531169285743,17
2023-05-02T07:00:00Z,4.1788880981634397e-4,0.0013441132485574455,17
2023-05-02T07:30:00Z,4.0080327312347157e-4,0.0013918324673121904,17
2023-05-02T08:00:00Z,3.410241275111594e-4,0.0015943490323440863,17
2023-05-02T08:30:00Z,4.4182879399910384e-4,0.0017946539378265042,17
2023-05-02T09:00:00Z,1.814167389052469e-4,0.0020535349745232105,17
2023-05-02T09:30:00Z,9.206509598168399e-4,0.002157348334348461,17
2023-05-02T10:00:00Z,9.465097795169316e-4,0.0025961559593325563,17
2023-05-02T10:30:00Z,0.0011253567684471558,0.00263735264886144,17
2023-05-02T11:00:00Z,0.0014586625205443918,0.0024499894872546894,17
2023-05-02T11:30:00Z,0.0011253567684471552,0.002393495066917259,17
2023-05-02T12:00:00Z,0.0013204625745528548,0.0025067809840241297,17
2023-05-02T12:30:00Z,0.0013367213917283298,0.002473297056600157,17
2023-05-02T13:00:00Z,0.0013448508003160676,0.002590530360765776,17
2023-05-02T13:30:00Z,0.0014911801548953393,0.0026042314799006616,17
2023-05-02T14:00:00Z,0.0015155683806585515,0.002470844199075855,17
2023-05-02T14:30:00Z,0.0015887330579481848,0.002236852790014644,17
2023-05-02T15:00:00Z,0.0015806036493604496,0.0019903957699191764,17
2023-05-02T15:30:00Z,0.0014911801548953417,0.0018964883705819377,17
2023-05-02T16:00:00Z,0.0014098860690179675,0.001820322165139287,17
2023-05-02T16:30:00Z,0.0013773684346670178,0.0018234490245432505,17
2023-05-02T17:00:00Z,0.0013936272518424925,0.0018790637765688822,17
2023-05-02T17:30:00Z,0.0014261448861934423,0.001809943727388109,17
2023-05-02T18:00:00Z,0.0014261448861934423,0.0017734257190101408,17
2023-05-02T18:30:00Z,0.00140175666043023,0.0018522665910823063,17
2023-05-02T19:00:00Z,0.0014424037033689172,0.0017800301136224742,17
2023-05-02T19:30:00Z,0.00140175666043023,0.001687882263606851,17
2023-05-02T20:00:00Z,0.001328591983140592,0.0016229321683107277,17
2023-05-02T20:30:00Z,0.0012892511811528125,0.0015203216903189674,17
2023-05-02T21:00:00Z,0.0011525668876098375,0.0014475553556042118,17
2023-05-02T21:30:00Z,9.475404472953735e-4,0.0013886383523047817,17
2023-05-02T22:00:00Z,0.0010752497758714078,0.0013264745526711523,17
2023-05-02T22:30:00Z,0.0010248474426274357,0.0012669198342569238,17
2023-05-02T23:00:00Z,7.595995436737828e-4,0.0013161147555267858,17
2023-05-02T23:30:00Z,7.476346097855887e-4,0.001283210581090572,17
2023-05-03T00:00:00Z,6.468299432976438e-4,0.0012078173980106764,17
2023-05-03T00:30:00Z,4.032186659517776e-4,0.0011617517382831997,17
2023-05-03T01:00:00Z,4.688581318484865e-4,0.0011806031193684723,17
2023-05-03T01:30:00Z,3.414996937503703e-4,0.0011359957401735862,17
2023-05-03T02:00:00Z,2.700251985851889e-4,0.001101340857927417,17
2023-05-03T02:30:00Z,1.6815268605394022e-4,0.0011037121479207,17
2023-05-03T03:00:00Z,1.2593717247530236e-4,0.0011103206925333565,17
2023-05-03T03:30:00Z,3.203791040072687e-5,0.0010692888680217708,17
2023-05-03T04:00:00Z,-1.0330895276361644e-4,0.0010234296640240597,17
2023-05-03T04:30:00Z,-3.9667932662588057e-4,0.0010363367965742058,17
2023-05-03T05:00:00Z,-4.779068156532425e-4,0.0010560989244220017,17
2023-05-03T05:30:00Z,-6.72516942808875e-4,0.0010740749133106651,17
2023-05-03T06:00:00Z,-6.895539014361936e-4,0.001160541769947545,17
2023-05-03T06:30:00Z,-6.434229523654394e-4,0.0013161371196893249,17
2023-05-03T07:00:00Z,-4.341963176139783e-4,0.0014485746387264732,17
2023-05-03T07:30:00Z,-3.9481827707778277e-4,0.0015399996435259502,17
2023-05-03T08:00:00Z,-3.612167215818016e-4,0.001846984698774413,17
2023-05-03T08:30:00Z,-1.3860641642092378e-4,0.0018427035046654123,17
2023-05-03T09:00:00Z,-1.1340524979893782e-4,0.002095738625284897,17
2023-05-03T09:30:00Z,9.660447205094678e-5,0.0023001147049171214,17
2023-05-03T10:00:00Z,5.930357937310207e-4,0.0024760507466031105,17
2023-05-03T10:30:00Z,8.733451022272949e-4,0.002623089051553016,17
2023-05-03T11:00:00Z,9.962544596827984e-4,0.002889777995867912,17
2023-05-03T11:30:00Z,9.627685966924072e-4,0.0030752267256126176,17
2023-05-03T12:00:00Z,0.001157874402798106,0.003198662596894669,17
2023-05-03T12:30:00Z,0.0011334861770348928,0.003317316633669868,17
2023-05-03T13:00:00Z,8.408274678763446e-4,0.0034826900223638908,17
2023-05-03T13:30:00Z,0.001019674456806568,0.0036521396305926285,17
2023-05-03T14:00:00Z,0.001247297897263218,0.003722481683537256,17
2023-05-03T14:30:00Z,0.001539956606421762,0.003569693568087982,17
2023-05-03T15:00:00Z,0.00152369778924629,0.003547827791026256,17
2023-05-03T15:30:00Z,0.0015155683806585525,0.003566225618560947,17
2023-05-03T16:00:00Z,0.0016375095094746145,0.003608387648802794,17
2023-05-03T16:30:00Z,0.001653768326650087,0.003676782565185069,17
2023-05-03T17:00:00Z,0.0018326153155803172,0.003524303943182907,17
2023-05-03T17:30:00Z,0.0018407447241680546,0.0033655298666136284,17
2023-05-03T18:00:00Z,0.0018651329499312687,0.00312772092096021,17
2023-05-03T18:30:00Z,0.002024493718632882,0.002782002716314556,17
2023-05-03T19:00:00Z,0.002066495663002858,0.0024686755313366696,17
2023-05-03T19:30:00Z,0.001797683219035005,0.002261113821474992,17
2023-05-03T20:00:00Z,0.001653768326650087,0.0020769288672724713,17
2023-05-03T20:30:00Z,0.001613121283711398,0.0019818219334934,17
2023-05-03T21:00:00Z,0.0015480860150094964,0.0018584531701940764,17
2023-05-03T21:30:00Z,0.0014456676469949917,0.0018131355265185857,17
2023-05-03T22:00:00Z,0.0013670833639801987,0.001703320977147245,17
2023-05-03T22:30:00Z,0.0013086871122916194,0.0016422518517493136,17
2023-05-03T23:00:00Z,0.0011873049497837516,0.001596262935471047,17
2023-05-03T23:30:00Z,0.0012038921583230815,0.0015305056601876653,17
2023-05-04T00:00:00Z,9.707457722015999e-4,0.0015343164207112234,17
2023-05-04T00:30:00Z,8.9485751339076e-4,0.0014863114333492162,17
2023-05-04T01:00:00Z,8.481570464302435e-4,0.0014236111545533172,17
2023-05-04T01:30:00Z,6.022676975253283e-4,0.001368794020472715,17
2023-05-04T02:00:00Z,4.335480226832177e-4,0.001343475525367356,17
2023-05-04T02:30:00Z,5.815514842852213e-4,0.001334896543813095,17
2023-05-04T03:00:00Z,5.300813049979443e-4,0.0012799476621178274,17
2023-05-04T03:30:00Z,4.1190634287224635e-4,0.0012493297425967447,17
2023-05-04T04:00:00Z,2.636893120615825e-4,0.0012242357617630371,17
2023-05-04T04:30:00Z,-1.9504017049894477e-5,0.001175503467787849,17
2023-05-04T05:00:00Z,-1.6695004784297288e-4,0.0011867178090990754,17
2023-05-04T05:30:00Z,-3.069802589883029e-4,0.0012200519842933463,17
2023-05-04T06:00:00Z,-2.3386839989005472e-4,0.0013690479698988118,17
2023-05-04T06:30:00Z,-3.78017499329795e-5,0.001493867421600207,17
2023-05-04T07:00:00Z,4.200194436997708e-5,0.0017662199187395984,17
2023-05-04T07:30:00Z,2.9401361058983518e-5,0.0020357241615042323,17
2023-05-04T08:00:00Z,2.7301263840484987e-4,0.002371285801499998,17
2023-05-04T08:30:00Z,6.187058397796158e-4,0.002812596361013299,17
2023-05-04T09:00:00Z,6.089505494743311e-4,0.0033426951704527324,17
2023-05-04T09:30:00Z,5.535350809345871e-4,0.0038086826348578194,17
2023-05-04T10:00:00Z,4.692602119083753e-4,0.0039747700339700315,17
2023-05-04T10:30:00Z,8.489568764640823e-4,0.004192026299765773,17
2023-05-04T11:00:00Z,0.0013448508003160672,0.004352517675651637,17
2023-05-04T11:30:00Z,0.001539956606421765,0.004602017601385221,17
2023-05-04T12:00:00Z,0.0016456389180623488,0.004776396830023324,17
2023-05-04T12:30:00Z,0.0016049918751236641,0.005078894404599658,17
2023-05-04T13:00:00Z,0.0013448508003160672,0.005502712198678772,17
2023-05-04T13:30:00Z,0.0016944153695887757,0.005568534010946767,17
2023-05-04T14:00:00Z,0.0018529388370496537,0.005790693729683494,17
2023-05-04T14:30:00Z,0.001840744724168055,0.00599460010025439,17
2023-05-04T15:00:00Z,0.0019382976272209029,0.0056871445302878595,17
2023-05-04T15:30:00Z,0.0019464270358086407,0.005722172659166231,17
2023-05-04T16:00:00Z,0.002149662250502079,0.005731485056826184,17
2023-05-04T16:30:00Z,0.0022065681106162383,0.005590599505546395,17
2023-05-04T17:00:00Z,0.002426062142485147,0.005316882837935957,17
2023-05-04T17:30:00Z,0.002336638648020042,0.005037272679744702,17
2023-05-04T18:00:00Z,0.0022309563363794513,0.004701519213365241,17
2023-05-04T18:30:00Z,0.002157791659089811,0.0038637191171152735,17
2023-05-04T19:00:00Z,0.002217702662734773,0.0037448709349753814,17
2023-05-04T19:30:00Z,0.0022513042182307546,0.0034518658108359246,17
2023-05-04T20:00:00Z,0.0023185073292227177,0.0031344572824710372,17
2023-05-04T20:30:00Z,0.0023437084958447055,0.0028441811553168027,17
2023-05-04T21:00:00Z,0.0024529135512066447,0.002623524479555388,17
2023-05-04T21:30:00Z,0.00244451316233265,0.0024794923737469074,17
2023-05-04T22:00:00Z,0.0024529135512066447,0.0023219433863041787,17
2023-05-04T22:30:00Z,0.0024529135512066447,0.002198104250478631,17
2023-05-04T23:00:00Z,0.0020064613494057467,0.0021837424583206638,17
2023-05-04T23:30:00Z,0.0019354645144061763,0.0020793037901885286,17
2023-05-05T00:00:00Z,0.001767863207355655,0.0020421442298919224,17
2023-05-05T00:30:00Z,0.0015883387677097837,0.002008804379723813,17
2023-05-05T01:00:00Z,0.001726674203844451,0.0019245493136063822,17
2023-05-05T01:30:00Z,0.0016713942254478354,0.0018002501569086542,17
2023-05-05T02:00:00Z,0.0015200517355727899,0.0017690716687197028,17
2023-05-05T02:30:00Z,0.0012987963318432032,0.0017376252609763263,17
2023-05-05T03:00:00Z,0.0012864667288184674,0.0016769762324035317,17
2023-05-05T03:30:00Z,0.0012868731992478559,0.001625885032386795,17
2023-05-05T04:00:00Z,0.0011818683383229133,0.0016296950580431547,17
2023-05-05T04:30:00Z,0.001081334652121227,0.0016376145639756267,17
2023-05-05T05:00:00Z,7.230332499889132e-4,0.0019379741540768024,17
2023-05-05T05:30:00Z,7.980947892823557e-4,0.0025398527679507334,17
2023-05-05T06:00:00Z,8.489035929557148e-4,0.003125573404905469,17
2023-05-05T06:30:00Z,0.0010234148973058098,0.004017837699942954,17
2023-05-05T07:00:00Z,0.0010223309761607808,0.004893251269670329,17
2023-05-05T07:30:00Z,0.001120967800358661,0.0054524590286905115,17
2023-05-05T08:00:00Z,0.0016700271438255627,0.005490842564880669,17
2023-05-05T08:30:00Z,0.0017431918211152021,0.00615644025124523,17
2023-05-05T09:00:00Z,0.003913802814971097,0.006257457762739123,17
2023-05-05T09:30:00Z,0.003578801100047799,0.006826950089134238,17
2023-05-05T10:00:00Z,0.004377562214532016,0.00709180719660021,17
2023-05-05T10:30:00Z,0.0043678583170396424,0.006876797772488553,17
2023-05-05T11:00:00Z,0.004362064945402401,0.006804733341125924,17
2023-05-05T11:30:00Z,0.0045581884276002654,0.006872160263317554,17
2023-05-05T12:00:00Z,0.0044171019759561645,0.0065873865099856325,17
2023-05-05T12:30:00Z,0.004515009956625493,0.0070531484189539995,17
2023-05-05T13:00:00Z,0.00477877105268811,0.006781516930082201,17
2023-05-05T13:30:00Z,0.004594686668914863,0.006622746925297212,17
2023-05-05T14:00:00Z,0.004934757584020751,0.006480981512920764,17
2023-05-05T14:30:00Z,0.0057110936344631595,0.005326014424796403,17
2023-05-05T15:00:00Z,0.005086423337677951,0.003524736332602149,17
2023-05-05T15:30:00Z,0.0037617001841084626,0.002761190500704399,17
2023-05-05T16:00:00Z,0.0031160716531257516,0.0021653682099671916,17
2023-05-05T16:30:00Z,0.0026025035034804187,0.002204892368572329,17
2023-05-05T17:00:00Z,0.0025808441848623213,0.0021843412291707026,17
2023-05-05T17:30:00Z,0.0024778890973768284,0.002165732552516318,17
2023-05-05T18:00:00Z,0.0022365558915900113,0.0020715746108581736,17
2023-05-05T18:30:00Z,0.0017384977680818528,0.0017223512177657612,17
2023-05-05T19:00:00Z,0.0013726270738432479,0.0014858359588682986,17
2023-05-05T19:30:00Z,0.0010426717733514174,0.0013682292099953977,17
2023-05-05T20:00:00Z,6.907754310809197e-4,0.0012519824153616355,17
2023-05-05T20:30:00Z,6.607662191972857e-4,0.0011621281030268482,17
2023-05-05T21:00:00Z,4.4487186059981066e-4,0.001105795548803088,17
2023-05-05T21:30:00Z,3.7743106904049246e-4,0.0010385137767354535,17
2023-05-05T22:00:00Z,2.919148915716621e-4,0.0010440432437476507,17
2023-05-05T22:30:00Z,1.7371832919258853e-4,9.90961346406847e-4,17
2023-05-05T23:00:00Z,1.4776328151780795e-4,9.465384913492345e-4,17
2023-05-05T23:30:00Z,3.1010378315280825e-5,9.154850078403815e-4,17
2023-05-06T00:00:00Z,-1.351205168755122e-4,8.844182645168035e-4,17
2023-05-06T00:30:00Z,-1.904974819391099e-4,8.71373256787827e-4,17
2023-05-06T01:00:00Z,-2.2013067224588707e-4,8.668825633969489e-4,17
2023-05-06T01:30:00Z,-2.7034396841817544e-4,8.166529181884898e-4,17
2023-05-06T02:00:00Z,-2.609129123489906e-4,7.795303611435405e-4,17
2023-05-06T02:30:00Z,-1.946595141979047e-4,8.276000136024829e-4,17
2023-05-06T03:00:00Z,-1.6532786590965948e-4,8.274053649611787e-4,17
2023-05-06T03:30:00Z,-2.871970307442202e-4,7.609922080322525e-4,17
2023-05-06T04:00:00Z,-3.708872120158506e-4,7.850119080921646e-4,17
2023-05-06T04:30:00Z,-4.222162091162284e-4,0.0012417499973045609,17
2023-05-06T05:00:00Z,-5.971636242496127e-4,7.398463912274372e-4,17
2023-05-06T05:30:00Z,-6.235210386420307e-4,9.497572592848429e-4,17
2023-05-06T06:00:00Z,-4.3113515895650564e-4,0.0010290678222379989,17
2023-05-06T06:30:00Z,-2.0104993149249644e-4,0.001294856482252528,17
2023-05-06T07:00:00Z,4.329658592854939e-4,0.0017354025025758727,17
2023-05-06T07:30:00Z,0.0012348571644773185,0.002600129019042664,17
2023-05-06T08:00:00Z,0.0023059067459117294,0.004082975089497168,17
2023-05-06T08:30:00Z,0.0032719514664211985,0.005177342779691176,17
2023-05-06T09:00:00Z,0.00404909589497796,0.006320799382202062,17
2023-05-06T09:30:00Z,0.004607920818245674,0.006553029121082037,17
2023-05-06T10:00:00Z,0.0044876541279168895,0.006921625347837111,17
2023-05-06T10:30:00Z,0.005360570399357755,0.0071835661305120185,17
2023-05-06T11:00:00Z,0.005129849373904746,0.00733760899189693,17
2023-05-06T11:30:00Z,0.00584938613124973,0.007481538633376335,17
2023-05-06T12:00:00Z,0.0055669592639343655,0.007344987656486811,17
2023-05-06T12:30:00Z,0.005457754208572426,0.0077810343675150115,17
2023-05-06T13:00:00Z,0.005993061747853234,0.007795018557786853,17
2023-05-06T13:30:00Z,0.005586222224628182,0.00773175790407099,17
2023-05-06T14:00:00Z,0.005836423462211404,0.007864631902405437,17
2023-05-06T14:30:00Z,0.006000158628108853,0.007881140888091788,17
2023-05-06T15:00:00Z,0.006210313184249666,0.0075070850416141645,17
2023-05-06T15:30:00Z,0.006214972132611957,0.006962290065458305,17
2023-05-06T16:00:00Z,0.006529552212513985,0.006821122994673343,17
2023-05-06T16:30:00Z,0.006475094519123949,0.005880835775911682,17
2023-05-06T17:00:00Z,0.00614632067871068,0.005169340084155913,17
2023-05-06T17:30:00Z,0.005851872565248048,0.004472055723570746,17
2023-05-06T18:00:00Z,0.00539208317678975,0.003314051501714082,17
2023-05-06T18:30:00Z,0.004850842180246053,0.0033024064904054926,17
2023-05-06T19:00:00Z,0.004070553373687126,0.002914973297519504,17
2023-05-06T19:30:00Z,0.0035551332445839827,0.0023756082732875727,17
2023-05-06T20:00:00Z,0.002892908128460172,0.0022733845459986636,17
2023-05-06T20:30:00Z,0.002541958021206003,0.0019365274253686066,17
2023-05-06T21:00:00Z,0.0022885217554032117,0.0017563318025803365,17
2023-05-06T21:30:00Z,0.002022675462747133,0.001601179172772439,17
2023-05-06T22:00:00Z,0.0017357224735365159,0.0014978049199500397,17
2023-05-06T22:30:00Z,0.001440506806744923,0.0013956603431450033,17
2023-05-06T23:00:00Z,0.0011451510945706062,0.0012748570470352176,17
2023-05-06T23:30:00Z,0.0010076648737161898,0.0011980602315158045,17
2023-05-07T00:00:00Z,8.090942751046089e-4,0.0011411715475676,17
2023-05-07T00:30:00Z,6.728683710537124e-4,0.0012590785089455856,17
2023-05-07T01:00:00Z,5.243444192417587e-4,0.0010042971028851474,17
2023-05-07T01:30:00Z,4.047244546821735e-4,9.43802658873464e-4,17
2023-05-07T02:00:00Z,2.472093429518894e-4,0.0011535234688096875,17
2023-05-07T02:30:00Z,8.463709664902953e-5,8.771000467654111e-4,17
2023-05-07T03:00:00Z,2.7453239500672654e-5,8.51064583539983e-4,17
2023-05-07T03:30:00Z,1.4113868101277104e-4,8.308547068480953e-4,17
2023-05-07T04:00:00Z,-3.5778810126925886e-6,8.289897557064064e-4,17
2023-05-07T04:30:00Z,-1.3599639527709897e-4,7.952941642275055e-4,17
2023-05-07T05:00:00Z,-1.914984858266375e-4,7.495953456031356e-4,17
2023-05-07T05:30:00Z,-2.371468445803907e-4,7.48854011437758e-4,17
2023-05-07T06:00:00Z,-3.2484192694303804e-4,7.481311529843528e-4,17
2023-05-07T06:30:00Z,-2.8324128609410933e-4,7.575952025828739e-4,17
2023-05-07T07:00:00Z,-3.565032516439612e-4,7.198099122090751e-4,17
2023-05-07T07:30:00Z,-4.0032342946020347e-4,7.16169141272004e-4,17
2023-05-07T08:00:00Z,-5.255251618798447e-4,6.816930374673135e-4,17
2023-05-07T08:30:00Z,-4.7599809071760557e-4,7.260997798159705e-4,17
2023-05-07T09:00:00Z,-5.551268234942661e-4,6.868764725750364e-4,17
2023-05-07T09:30:00Z,-5.634749277902081e-4,6.558155165792011e-4,17
2023-05-07T10:00:00Z,-6.515744418110518e-4,7.019681126930108e-4,17
2023-05-07T10:30:00Z,-7.06107256721283e-4,7.287345113199052e-4,17
2023-05-07T11:00:00Z,-7.186555554542226e-4,7.361550440422174e-4,17
2023-05-07T11:30:00Z,-7.564050208091473e-4,7.484521712533161e-4,17
2023-05-07T12:00:00Z,-8.06755069475066e-4,8.203092837847863e-4,17
2023-05-07T12:30:00Z,-6.51135239857804e-4,9.554502577708075e-4,17
2023-05-07T13:00:00Z,-2.696714271438093e-4,0.001176974603805401,17
2023-05-07T13:30:00Z,3.345103880243199e-4,0.0016546528255908508,17
2023-05-07T14:00:00Z,0.0016347082651589464,0.0027909612268676273,17
2023-05-07T14:30:00Z,0.002591483591048829,0.003713817402915175,17
2023-05-07T15:00:00Z,0.003095072420615761,0.004245022148928603,17
2023-05-07T15:30:00Z,0.0034307983069937127,0.0045887087420597664,17
2023-05-07T16:00:00Z,0.0036009785988375858,0.0047051050519844205,17
2023-05-07T16:30:00Z,0.003606482301892961,0.004646000622119506,17
2023-05-07T17:00:00Z,0.0034203702380466885,0.004459840210952509,17
2023-05-07T17:30:00Z,0.0032179161503777085,0.003908605940477201,17
2023-05-07T18:00:00Z,0.0028774107323990324,0.0033481322630917634,17
2023-05-07T18:30:00Z,0.002614681328650282,0.0028282487568413186,17
2023-05-07T19:00:00Z,0.00229714321107562,0.002374716852651941,17
2023-05-07T19:30:00Z,0.0020641357032920083,0.002101654984312823,17
2023-05-07T20:00:00Z,0.0019112761680438958,0.0018800986767284846,17
2023-05-07T20:30:00Z,0.0016787506497858446,0.0016094441986674942,17
2023-05-07T21:00:00Z,0.0013879732545818895,0.0014261637061641927,17
2023-05-07T21:30:00Z,0.0010381624524022236,0.001245528832549584,17
2023-05-07T22:00:00Z,6.984450311589537e-4,0.0011087006318463702,17
2023-05-07T22:30:00Z,5.414716627931925e-4,0.001078768078103779,17
2023-05-07T23:00:00Z,4.18882937021836e-4,0.0010407909703738197,17
2023-05-07T23:30:00Z,3.385097248291178e-4,0.0010138898597781374,17
2023-05-08T00:00:00Z,2.3621007388054664e-4,9.652651830721565e-4,17
2023-05-08T00:30:00Z,9.698467532501789e-5,9.029653026108788e-4,17
2023-05-08T01:00:00Z,-6.657891302030706e-5,8.582673741619189e-4,17
2023-05-08T01:30:00Z,-1.2430992494860476e-4,8.410693409944411e-4,17
2023-05-08T02:00:00Z,-2.0411361925156096e-4,8.378438434016655e-4,17
2023-05-08T02:30:00Z,-3.323162177779514e-4,8.276771778999045e-4,17
2023-05-08T03:00:00Z,-3.323162177779514e-4,8.575431612306505e-4,17
2023-05-08T03:30:00Z,-3.7851835658492586e-4,8.206915211381033e-4,17
2023-05-08T04:00:00Z,-4.212198324890845e-4,8.234921341489398e-4,17
2023-05-08T04:30:00Z,-4.840484671172032e-4,7.938623191196242e-4,17
2023-05-08T05:00:00Z,-4.757003628212617e-4,8.160144337293736e-4,17
2023-05-08T05:30:00Z,-5.724519653086879e-4,7.849334166885461e-4,17
2023-05-08T06:00:00Z,-6.152806316393462e-4,8.438839468145888e-4,17
2023-05-08T06:30:00Z,-6.395013507036376e-4,9.046307518248275e-4,17
2023-05-08T07:00:00Z,-5.26852563439975e-4,0.0011009252081157807,17
2023-05-08T07:30:00Z,-2.8259510233457095e-4,0.0013288060091549622,17
2023-05-08T08:00:00Z,3.6229628968445894e-4,0.001800112119133903,17
2023-05-08T08:30:00Z,0.00147656498863651,0.0026853880695353045,17
2023-05-08T09:00:00Z,0.002372271336687822,0.0035366438074420597,17
2023-05-08T09:30:00Z,0.0031455202469744432,0.0042592346259206935,17
2023-05-08T10:00:00Z,0.004149573284356415,0.005065066530880512,17
2023-05-08T10:30:00Z,0.004812584304583477,0.005645793511399939,17
2023-05-08T11:00:00Z,0.004698243186930503,0.0057681442787602885,17
2023-05-08T11:30:00Z,0.005102910195791586,0.00650336917184821,17
2023-05-08T12:00:00Z,0.00547832067788462,0.006765747382735315,17
2023-05-08T12:30:00Z,0.005597833218955151,0.006848540737422223,17
2023-05-08T13:00:00Z,0.0057060244342805756,0.006902082918397922,17
2023-05-08T13:30:00Z,0.005891122658090336,0.006906012055310541,17
2023-05-08T14:00:00Z,0.006025673714365196,0.0069959030231817225,17
2023-05-08T14:30:00Z,0.006286665106622777,0.006720039403567888,17
2023-05-08T15:00:00Z,0.006433671911917698,0.006365633567744894,17
2023-05-08T15:30:00Z,0.006854560361363048,0.006160004376348572,17
2023-05-08T16:00:00Z,0.007198324550887668,0.005917277167197969,17
2023-05-08T16:30:00Z,0.0072332356777651576,0.0054599338474056154,17
2023-05-08T17:00:00Z,0.006588390676553055,0.004897719691946401,17
2023-05-08T17:30:00Z,0.006160868341716539,0.00455891698559888,17
2023-05-08T18:00:00Z,0.0057883355507810106,0.0038722056291321505,17
2023-05-08T18:30:00Z,0.0051137164182857376,0.0032545884748917107,17
2023-05-08T19:00:00Z,0.004557837661027452,0.0029232356464397578,17
2023-05-08T19:30:00Z,0.004221276009560848,0.0026944577989691655,17
2023-05-08T20:00:00Z,0.004029667365657111,0.0025106912844984897,17
2023-05-08T20:30:00Z,0.003744711834082054,0.0023407244085749956,17
2023-05-08T21:00:00Z,0.003514104776595672,0.002235475375995932,17
2023-05-08T21:30:00Z,0.003321570142963036,0.002115293800776788,17
2023-05-08T22:00:00Z,0.003062293018870244,0.0019910877799472837,17
2023-05-08T22:30:00Z,0.0029243917792428674,0.0018898397107034704,17
2023-05-08T23:00:00Z,0.0027854220899282984,0.0018391278477961634,17
2023-05-08T23:30:00Z,0.002611848542395513,0.001793072708016323,17
2023-05-09T00:00:00Z,0.0024990987291334974,0.0016919961980396358,17
2023-05-09T00:30:00Z,0.002430167425924325,0.001663912512389059,17
2023-05-09T01:00:00Z,0.002426190619969952,0.0016317813797048645,17
2023-05-09T01:30:00Z,0.0022925993977248246,0.0015754154670570655,17
2023-05-09T02:00:00Z,0.002051781703820983,0.0015502678269444727,17
2023-05-09T02:30:00Z,0.001982482177838256,0.001522510928302066,17
2023-05-09T03:00:00Z,0.0020344752334639756,0.001476406843535447,17
2023-05-09T03:30:00Z,0.0018748874834059845,0.0014065745800671008,17
2023-05-09T04:00:00Z,0.0017584554424084388,0.0013726639614817092,17
2023-05-09T04:30:00Z,0.001951772398523912,0.0015235548108266566,17
2023-05-09T05:00:00Z,0.0023164675236234467,0.0019071887088001123,17
2023-05-09T05:30:00Z,0.00280397974689704,0.002385960322390143,17
2023-05-09T06:00:00Z,0.003443857644229995,0.002964793330697892,17
2023-05-09T06:30:00Z,0.004134137874806928,0.003540656825219258,17
2023-05-09T07:00:00Z,0.004935071503655105,0.003992415502025588,17
2023-05-09T07:30:00Z,0.0054824002890831855,0.004316079161388212,17
2023-05-09T08:00:00Z,0.006033494766075464,0.004578915182823089,17
2023-05-09T08:30:00Z,0.007268840662281668,0.005143179099175411,17
2023-05-09T09:00:00Z,0.007715455386656644,0.005611675694559697,17
2023-05-09T09:30:00Z,0.008356202289735189,0.006162156297746301,17
2023-05-09T10:00:00Z,0.008728004040081196,0.007059625263681704,17
2023-05-09T10:30:00Z,0.009656566657043144,0.0070149380248552915,17
2023-05-09T11:00:00Z,0.009984326657419895,0.0075765300719125355,17
2023-05-09T11:30:00Z,0.010455038102945503,0.007758773193343578,17
2023-05-09T12:00:00Z,0.010249952746987263,0.007691133351014821,17
2023-05-09T12:30:00Z,0.0100325564762999,0.007495392672318418,17
2023-05-09T13:00:00Z,0.009905391968862524,0.007568432953447375,17
2023-05-09T13:30:00Z,0.009836885349252183,0.0074789844529293895,17
2023-05-09T14:00:00Z,0.00959718459776145,0.007217814246738977,17
2023-05-09T14:30:00Z,0.009243499259308062,0.006981713857593903,17
2023-05-09T15:00:00Z,0.00886995813859047,0.006859270964459955,17
2023-05-09T15:30:00Z,0.008977942786976369,0.006826152913110731,17
2023-05-09T16:00:00Z,0.008745590595000907,0.0067396191914597045,17
2023-05-09T16:30:00Z,0.008367644325650264,0.006272075746586083,17
2023-05-09T17:00:00Z,0.006955787405197539,0.005680182257147061,17
2023-05-09T17:30:00Z,0.006778645950853008,0.00532787587426965,17
2023-05-09T18:00:00Z,0.006116349604750056,0.004416830419125997,17
2023-05-09T18:30:00Z,0.005343547790546473,0.0037799994998168373,17
2023-05-09T19:00:00Z,0.00491224287781321,0.003432626157066091,17
2023-05-09T19:30:00Z,0.004621557766318056,0.0031383458590338448,17
2023-05-09T20:00:00Z,0.004307893154206095,0.002874480660855298,17
2023-05-09T20:30:00Z,0.004035284792729916,0.0027974603012607844,17
2023-05-09T21:00:00Z,0.003897709741506621,0.0026530749397030715,17
2023-05-09T21:30:00Z,0.0038471620748592485,0.0025780066734476122,17
2023-05-09T22:00:00Z,0.0037085191027354638,0.0024537044114385136,17
2023-05-09T22:30:00Z,0.003631059500348597,0.002381342937732568,17
2023-05-09T23:00:00Z,0.003620559014256095,0.0023910272576152932,17
2023-05-09T23:30:00Z,0.0036835619308110586,0.002333602611590711,17
2023-05-10T00:00:00Z,0.003660652571527104,0.0023484193745142708,17
2023-05-10T00:30:00Z,0.0036501172290492436,0.0023096926566516618,17
2023-05-10T01:00:00Z,0.003506408414633979,0.0022031349244057198,17
2023-05-10T01:30:00Z,0.0031540989764795085,0.002084044247497951,17
2023-05-10T02:00:00Z,0.002484255133188047,0.0017903964960072904,17
2023-05-10T02:30:00Z,0.0020256663974351913,0.0015932185107910642,17
2023-05-10T03:00:00Z,0.0015441243322841503,0.0014219624863993211,17
2023-05-10T03:30:00Z,0.00122135330179862,0.0012663035264514834,17
2023-05-10T04:00:00Z,9.026702635190481e-4,0.0011414419309554238,17
2023-05-10T04:30:00Z,6.184209095999621e-4,9.944929480686375e-4,17
2023-05-10T05:00:00Z,4.535412692685796e-4,9.214095321420556e-4,17
2023-05-10T05:30:00Z,3.5608639078996926e-4,8.885218793639103e-4,17
2023-05-10T06:00:00Z,9.187498969086169e-5,8.134474164647424e-4,17
2023-05-10T06:30:00Z,-3.11769881973907e-5,7.494867416064997e-4,17
2023-05-10T07:00:00Z,-0.00016740289224828703,7.344832323965154e-4,17
2023-05-10T07:30:00Z,-2.396360477750775e-4,7.39057524045917e-4,17
2023-05-10T08:00:00Z,-2.52184346508017e-4,6.921541562972978e-4,17
2023-05-10T08:30:00Z,-3.3744946609059085e-4,8.283561322945485e-4,17
2023-05-10T09:00:00Z,-2.419419317302759e-4,9.207211127973768e-4,17
2023-05-10T09:30:00Z,1.4088701708156532e-4,9.341904658709193e-4,17
2023-05-10T10:00:00Z,3.1384762681470465e-4,0.0011004027572670632,17
2023-05-10T10:30:00Z,8.482537253878906e-4,0.0012738913407050166,17
2023-05-10T11:00:00Z,0.001079760086337712,0.0021176936264341428,17
2023-05-10T11:30:00Z,0.004063144821198265,0.00442532643260662,17
2023-05-10T12:00:00Z,0.005940655985588728,0.005065757374053732,17
2023-05-10T12:30:00Z,0.00660110035223388,0.005073168339184381,17
2023-05-10T13:00:00Z,0.007072101466341343,0.005117736700756604,17
2023-05-10T13:30:00Z,0.007313250560741384,0.005163954323606946,17
2023-05-10T14:00:00Z,0.008582578286460269,0.006314846865036644,17
2023-05-10T14:30:00Z,0.010099173888719398,0.0072747339737566944,17
2023-05-10T15:00:00Z,0.009487400205235787,0.0065226722503807346,17
2023-05-10T15:30:00Z,0.006895890496527939,0.004402986732054171,17
2023-05-10T16:00:00Z,0.0044096005706313534,0.0032403258233748605,17
2023-05-10T16:30:00Z,0.0031445636447843027,0.0023588826740560806,17
2023-05-10T17:00:00Z,0.002163798061917917,0.0018354037163546728,17
2023-05-10T17:30:00Z,0.0014254693976301844,0.001461741977950416,17
2023-05-10T18:00:00Z,9.423171674929216e-4,0.0011662232039982173,17
2023-05-10T18:30:00Z,5.722853554265773e-4,9.771270092157355e-4,17
2023-05-10T19:00:00Z,3.396055767845995e-4,8.302421204652047e-4,17
2023-05-10T19:30:00Z,1.5699386758843633e-4,7.667559184760497e-4,17
2023-05-10T20:00:00Z,2.4325102352147884e-5,7.215310877265244e-4,17
2023-05-10T20:30:00Z,-6.869675891026717e-5,6.873346626332442e-4,17
2023-05-10T21:00:00Z,-1.230727200863369e-4,6.830283358988615e-4,17
2023-05-10T21:30:00Z,-2.16469957806575e-4,6.801119369236941e-4,17
2023-05-10T22:00:00Z,-1.523520837965283e-4,6.557818502384682e-4,17
2023-05-10T22:30:00Z,-1.5172645636682349e-4,6.430059337972355e-4,17
2023-05-10T23:00:00Z,-1.4624318178178613e-4,6.90669204875552e-4,17
2023-05-10T23:30:00Z,-1.5042594802609926e-4,7.173314793863234e-4,17
2023-05-11T00:00:00Z,-1.6715701300335143e-4,7.326318927057373e-4,17
2023-05-11T00:30:00Z,-2.3845574927620433e-4,7.038206596416713e-4,17
2023-05-11T01:00:00Z,-3.038932393361031e-4,6.830568879371008e-4,17
2023-05-11T01:30:00Z,-3.181897308084219e-4,7.266738466245615e-4,17
2023-05-11T02:00:00Z,-3.75191975608956e-4,6.33703188352967e-4,17
2023-05-11T02:30:00Z,-4.0452362389720165e-4,6.717966690322193e-4,17
2023-05-11T03:00:00Z,-4.505863371626991e-4,6.512127425161593e-4,17
2023-05-11T03:30:00Z,-4.580157708809435e-4,7.014650277970724e-4,17
2023-05-11T04:00:00Z,-5.381745720803563e-4,6.519277675886959e-4,17
2023-05-11T04:30:00Z,-7.212617487882449e-4,6.719915890595281e-4,17
2023-05-11T05:00:00Z,-7.606400716315138e-4,7.279969334432662e-4,17
2023-05-11T05:30:00Z,-7.041378791604855e-4,7.268931970093818e-4,17
2023-05-11T06:00:00Z,-5.12391732057013e-4,7.893000372015407e-4,17
2023-05-11T06:30:00Z,-4.247204953919004e-4,8.39098841803861e-4,17
2023-05-11T07:00:00Z,-2.575745820514144e-4,9.926563819418882e-4,17
2023-05-11T07:30:00Z,-1.4260315805563023e-4,0.00102900475285403,17
2023-05-11T08:00:00Z,-1.5062483633419303e-4,9.572003388645234e-4,17
2023-05-11T08:30:00Z,2.6783019247808234e-4,0.0011700599063274933,17
2023-05-11T09:00:00Z,0.0010791139025781746,0.0018097247796995696,17
2023-05-11T09:30:00Z,0.0017760665331075566,0.0021863702670216318,17
2023-05-11T10:00:00Z,0.002055041628493069,0.002061623361663973,17
2023-05-11T10:30:00Z,0.001888771862504334,0.00179185108867252,17
2023-05-11T11:00:00Z,0.002082849812351813,0.002112376086792023,17
2023-05-11T11:30:00Z,0.002354124439265492,0.0021262115452298346,17
2023-05-11T12:00:00Z,0.0022961907228931083,0.001938568404899085,17
2023-05-11T12:30:00Z,0.0019098686468935547,0.0016779664806869552,17
2023-05-11T13:00:00Z,0.0017070515432204055,0.001563155503180846,17
2023-05-11T13:30:00Z,0.0016253797320462914,0.0015608638649773875,17
2023-05-11T14:00:00Z,0.0010033531344235901,0.0011802932539967516,17
2023-05-11T14:30:00Z,5.233517745135894e-4,0.0010283708909623337,17
2023-05-11T15:00:00Z,1.432658142737678e-4,9.907083854100713e-4,17
2023-05-11T15:30:00Z,4.1368608627775433e-4,0.0010697808536298634,17
2023-05-11T16:00:00Z,2.7351349565998357e-4,0.001047938519163035,17
2023-05-11T16:30:00Z,1.1814250124416803e-4,9.892995784932116e-4,17
2023-05-11T17:00:00Z,4.2660998727001966e-5,8.386401783929808e-4,17
2023-05-11T17:30:00Z,-2.0645311600233106e-4,6.669946600178584e-4,17
2023-05-11T18:00:00Z,-3.6428730045928834e-4,6.290004700173489e-4,17
2023-05-11T18:30:00Z,-3.175188690504985e-4,7.32615131764214e-4,17
2023-05-11T19:00:00Z,-9.910875832661861e-5,7.2988472990783e-4,17
2023-05-11T19:30:00Z,-6.970739726763487e-5,7.11614351978001e-4,17
2023-05-11T20:00:00Z,6.729783243475686e-5,7.337241866615296e-4,17
2023-05-11T20:30:00Z,2.973392508303221e-4,8.044258901989964e-4,17
2023-05-11T21:00:00Z,3.334716927178276e-4,8.271469071452283e-4,17
2023-05-11T21:30:00Z,4.7202426049212367e-4,8.530988043372595e-4,17
2023-05-11T22:00:00Z,4.371277423069724e-4,9.179566846972027e-4,17
2023-05-11T22:30:00Z,4.054931687575592e-4,9.199913904997667e-4,17
2023-05-11T23:00:00Z,4.245271589959789e-4,9.95309957665296e-4,17
2023-05-11T23:30:00Z,6.442071239590413e-4,0.0011444361074256406,17
2023-05-12T00:00:00Z,6.775646847574384e-4,0.0011419773912604413,17
2023-05-12T00:30:00Z,5.644731424268238e-4,0.0010645161238883715,17
2023-05-12T01:00:00Z,3.842133454896161e-4,9.747353055346937e-4,17
2023-05-12T01:30:00Z,3.005231642179858e-4,8.875669557632836e-4,17
2023-05-12T02:00:00Z,2.1672841379024753e-4,8.922686279165136e-4,17
2023-05-12T02:30:00Z,9.266026536397629e-5,7.616917842723534e-4,17
2023-05-12T03:00:00Z,-2.7799068247091212e-5,7.518750045114673e-4,17
2023-05-12T03:30:00Z,6.013871603629882e-5,7.642906356154525e-4,17
2023-05-12T04:00:00Z,7.83304985301991e-5,8.564246452183589e-4,17
2023-05-12T04:30:00Z,3.6949189614201325e-4,0.001038775510728435,17
2023-05-12T05:00:00Z,6.042845079894521e-4,0.00124540573993756,17
2023-05-12T05:30:00Z,8.894794530808635e-4,0.001353991451009469,17
2023-05-12T06:00:00Z,0.00141660709014934,0.0017410643510119281,17
2023-05-12T06:30:00Z,0.003912251741100698,0.003098151191606962,17
2023-05-12T07:00:00Z,0.005717960331384401,0.0041118633774159365,17
2023-05-12T07:30:00Z,0.0069855690402732245,0.005355325745847276,17
2023-05-12T08:00:00Z,0.008310874032270604,0.006371525807478675,17
2023-05-12T08:30:00Z,0.00923857489341641,0.0067687308613827634,17
2023-05-12T09:00:00Z,0.009975781434254972,0.007365801138407697,17
2023-05-12T09:30:00Z,0.010547007877686653,0.008157739845218151,17
2023-05-12T10:00:00Z,0.010979338236115556,0.008522155630535537,17
2023-05-12T10:30:00Z,0.011333023574568947,0.008829429125308751,17
2023-05-12T11:00:00Z,0.01179287244827473,0.009327931170151606,17
2023-05-12T11:30:00Z,0.011745221966558445,0.009029590488269687,17
2023-05-12T12:00:00Z,0.012324559130282265,0.009467792798822192,17
2023-05-12T12:30:00Z,0.01249618776503544,0.009553788736919632,17
2023-05-12T13:00:00Z,0.012577439802247709,0.009790274518185812,17
2023-05-12T13:30:00Z,0.012582509002430294,0.009554038513930607,17
2023-05-12T14:00:00Z,0.011967252934555596,0.008786062279738327,17
2023-05-12T14:30:00Z,0.011111427109444585,0.008516256278405545,17
2023-05-12T15:00:00Z,0.010225475751819932,0.007559852000465394,17
2023-05-12T15:30:00Z,0.009721017916507422,0.007444188093358817,17
2023-05-12T16:00:00Z,0.008943547442790054,0.00679584201962338,17
2023-05-12T16:30:00Z,0.00786497436281432,0.005909199819790721,17
2023-05-12T17:00:00Z,0.006846029511125479,0.005371972797700988,17
2023-05-12T17:30:00Z,0.005934072088114488,0.004807164563284497,17
2023-05-12T18:00:00Z,0.004954018805039569,0.0038380774427898994,17
2023-05-12T18:30:00Z,0.004252104892179924,0.003266126862546104,17
2023-05-12T19:00:00Z,0.0037658583162785285,0.002900075749652673,17
2023-05-12T19:30:00Z,0.003458857697277831,0.002588665576970887,17
2023-05-12T20:00:00Z,0.0031562021070050566,0.002381799252670533,17
2023-05-12T20:30:00Z,0.0028233876688133113,0.002238748151381585,17
2023-05-12T21:00:00Z,0.0026429036229426873,0.0021681932777303414,17
2023-05-12T21:30:00Z,0.0025172149257980028,0.002096221646659712,17
2023-05-12T22:00:00Z,0.002537972448496491,0.0020080088482782843,17
2023-05-12T22:30:00Z,0.0024778929793059824,0.0019818567105885625,17
2023-05-12T23:00:00Z,0.0023842921001488095,0.0018668975372325325,17
2023-05-12T23:30:00Z,0.002232495398946384,0.0017781666623850171,17
2023-05-13T00:00:00Z,0.002067565075263203,0.0016874137102224518,17
2023-05-13T00:30:00Z,0.0019649070106290715,0.0016067904423833778,17
2023-05-13T01:00:00Z,0.0018844608770854313,0.001574638052689127,17
2023-05-13T01:30:00Z,0.0018509987471309283,0.0015532502452956262,17
2023-05-13T02:00:00Z,0.0017391638375900938,0.0015063709672003532,17
2023-05-13T02:30:00Z,0.00170923542394544,0.0015043890943795678,17
2023-05-13T03:00:00Z,0.001596363777490293,0.0014520162830726124,17
2023-05-13T03:30:00Z,0.0015214616720725048,0.0014136157225395367,17
2023-05-13T04:00:00Z,0.001539952048581931,0.001433001753212577,17
2023-05-13T04:30:00Z,0.001764126648927633,0.0014890303536638247,17
2023-05-13T05:00:00Z,0.0018995348392848784,0.001619684423892536,17
2023-05-13T05:30:00Z,0.001977363800527897,0.0018196776481789142,17
2023-05-13T06:00:00Z,0.0025648796042501056,0.002284578861799524,17
2023-05-13T06:30:00Z,0.0038097239802599514,0.0032924408152818605,17
2023-05-13T07:00:00Z,0.00561652471544172,0.0040499039587427975,17
2023-05-13T07:30:00Z,0.006014213215859007,0.004304110683867528,17
2023-05-13T08:00:00Z,0.007686240963218437,0.004947318119781766,17
2023-05-13T08:30:00Z,0.0077987229784157,0.005364441320689089,17
2023-05-13T09:00:00Z,0.008502617632340139,0.005959333837229044,17
2023-05-13T09:30:00Z,0.007917173177344722,0.00698952522807681,17
2023-05-13T10:00:00Z,0.009536734469587154,0.007172230389257393,17
2023-05-13T10:30:00Z,0.009545424527043008,0.007533947322277666,17
2023-05-13T11:00:00Z,0.009910406940189014,0.007763471743012343,17
2023-05-13T11:30:00Z,0.010744652455951312,0.008082699645701808,17
2023-05-13T12:00:00Z,0.011005354179627034,0.00846279232439297,17
2023-05-13T12:30:00Z,0.01178745935065419,0.00870968233168986,17
2023-05-13T13:00:00Z,0.011883049982668628,0.008856719460753892,17
2023-05-13T13:30:00Z,0.011631038316448761,0.008818719278557085,17
2023-05-13T14:00:00Z,0.011300816133126189,0.008950292158063613,17
2023-05-13T14:30:00Z,0.011300816133126182,0.008764213630011593,17
2023-05-13T15:00:00Z,0.011205225501111757,0.008727151597662812,17
2023-05-13T15:30:00Z,0.009407240487968632,0.008358690809569712,17
2023-05-13T16:00:00Z,0.009436798808844802,0.007064818649026789,17
2023-05-13T16:30:00Z,0.00781610309332741,0.005981299846832443,17
2023-05-13T17:00:00Z,0.006677705566610112,0.005367253886032134,17
2023-05-13T17:30:00Z,0.005678348959186523,0.004688597554319615,17
2023-05-13T18:00:00Z,0.004707071971131601,0.00378470073020711,17
2023-05-13T18:30:00Z,0.0038621269509123437,0.003109168817525601,17
2023-05-13T19:00:00Z,0.0031669223544437664,0.0026221926940049795,17
2023-05-13T19:30:00Z,0.0028280101136653264,0.0023739783505766767,17
2023-05-13T20:00:00Z,0.0024179327338974136,0.0021063588984216166,17
2023-05-13T20:30:00Z,0.0020545950000940352,0.0019527253526093618,17
2023-05-13T21:00:00Z,0.0018894839084327457,0.0017691295155169366,17
2023-05-13T21:30:00Z,0.0018286535062417436,0.0016433256664621064,17
2023-05-13T22:00:00Z,0.0015853318974777364,0.0018938368379367292,17
2023-05-13T22:30:00Z,0.0014723611505515933,0.0013818442776551885,17
2023-05-13T23:00:00Z,0.0013246301738020193,0.001284303927562882,17
2023-05-13T23:30:00Z,0.0012471550345826926,0.0012058449441880595,17
2023-05-14T00:00:00Z,0.0010797565130817933,0.0011579544854301749,17
2023-05-14T00:30:00Z,9.77027875567728e-4,0.0011009811337378422,17
2023-05-14T01:00:00Z,0.0010301804475959183,0.0010501427409629637,17
2023-05-14T01:30:00Z,8.401388632334001e-4,0.001006293077720859,17
2023-05-14T02:00:00Z,8.731895735573164e-4,0.0010010406930407933,17
2023-05-14T02:30:00Z,9.161974733767274e-4,9.794740624280082e-4,17
2023-05-14T03:00:00Z,8.401388632334001e-4,9.457850785877489e-4,17
2023-05-14T03:30:00Z,8.20606841362297e-4,9.02550065122619e-4,17
2023-05-14T04:00:00Z,7.327240546806731e-4,8.699281266376824e-4,17
2023-05-14T04:30:00Z,6.335719237089231e-4,8.488347929138727e-4,17
2023-05-14T05:00:00Z,6.554957497010078e-4,8.864670987175588e-4,17
2023-05-14T05:30:00Z,7.858466115388684e-4,9.857358083164498e-4,17
2023-05-14T06:00:00Z,0.001563123151569067,0.001294639716741043,17
2023-05-14T06:30:00Z,0.001963863014246548,0.0017304162182422863,17
2023-05-14T07:00:00Z,0.0032363153617173245,0.002895682301041191,17
2023-05-14T07:30:00Z,0.0050702033818848195,0.0037442563912798137,17
2023-05-14T08:00:00Z,0.0059485842931905585,0.0043621604326142364,17
2023-05-14T08:30:00Z,0.006896681530091051,0.004892932601139483,17
2023-05-14T09:00:00Z,0.007807968121982777,0.00547693404298718,17
2023-05-14T09:30:00Z,0.008152384065816594,0.005873521906077493,17
2023-05-14T10:00:00Z,0.008774012842492252,0.006555012550090125,17
2023-05-14T10:30:00Z,0.008908419064476179,0.006886862736676714,17
2023-05-14T11:00:00Z,0.008580828149442851,0.006969787630472269,17
2023-05-14T11:30:00Z,0.00939769355029344,0.007683444133564109,17
2023-05-14T12:00:00Z,0.009554114584498868,0.007141393651207383,17
2023-05-14T12:30:00Z,0.007755272691136409,0.006108984742439422,17
2023-05-14T13:00:00Z,0.007233869243784978,0.006069948324021747,17
2023-05-14T13:30:00Z,0.00915437194152944,0.007905974347625938,17
2023-05-14T14:00:00Z,0.010466570617363885,0.00783455193990788,17
2023-05-14T14:30:00Z,0.011066184581818034,0.008246649208822173,17
2023-05-14T15:00:00Z,0.010857623202877467,0.008367077350871057,17
2023-05-14T15:30:00Z,0.010840243087965742,0.008134057869720884,17
2023-05-14T16:00:00Z,0.010258009238423304,0.007816230342157247,17
2023-05-14T16:30:00Z,0.009858266595453873,0.007420177277273457,17
2023-05-14T17:00:00Z,0.0072599394161525456,0.005480099220409851,17
2023-05-14T17:30:00Z,0.004959083637351459,0.003966695048261207,17
2023-05-14T18:00:00Z,0.0034594076564037637,0.0030462671186789435,17
2023-05-14T18:30:00Z,0.002624877220724877,0.0025742551629366005,17
2023-05-14T19:00:00Z,0.00227160337931814,0.0021897352120076254,17
2023-05-14T19:30:00Z,0.0016993040617817414,0.0019591827480811373,17
2023-05-14T20:00:00Z,0.0014636710930957364,0.0018497760058989233,17
2023-05-14T20:30:00Z,0.001368080461081306,0.0015416926353881465,17
2023-05-14T21:00:00Z,0.0012551097141551614,0.00141109360270236,17
2023-05-14T21:30:00Z,0.001011788105391157,0.001287617049148655,17
2023-05-14T22:00:00Z,9.859761646743908e-4,0.0013846287528765273,17
2023-05-14T22:30:00Z,9.303008406810057e-4,0.0013436391771499579,17
2023-05-14T23:00:00Z,8.5144541148494e-4,0.0013098145901298648,17
2023-05-14T23:30:00Z,8.424627495504319e-4,0.0012769238606876343,17
2023-05-15T00:00:00Z,8.176747168074947e-4,0.0012505742402914649,17
2023-05-15T00:30:00Z,8.257316845731795e-4,0.001264055045874737,17
2023-05-15T01:00:00Z,8.416984189821217e-4,0.0012476772041352287,17
2023-05-15T01:30:00Z,8.813022873875042e-4,0.0012240734814769033,17
2023-05-15T02:00:00Z,0.001015428338120121,0.001279195644480329,17
2023-05-15T02:30:00Z,0.0011210623971941898,0.0013004828069071953,17
2023-05-15T03:00:00Z,0.001197136014922514,0.0013383909883926822,17
2023-05-15T03:30:00Z,0.0012527666286358294,0.001383777737477926,17
2023-05-15T04:00:00Z,0.0013746867189125777,0.001511547869580564,17
2023-05-15T04:30:00Z,0.0016341269826350307,0.0017504088622010518,17
2023-05-15T05:00:00Z,0.00247590069439964,0.0022018172202667935,17
2023-05-15T05:30:00Z,0.003372523148001863,0.002690056349054621,17
2023-05-15T06:00:00Z,0.004698659329799829,0.0035927642321245622,17
2023-05-15T06:30:00Z,0.006326478043231849,0.00484787268908166,17
2023-05-15T07:00:00Z,0.0073004055481001836,0.005467000596260352,17
2023-05-15T07:30:00Z,0.008818387633688494,0.00630560582545256,17
2023-05-15T08:00:00Z,0.010055729962848859,0.006920833348239759,17
2023-05-15T08:30:00Z,0.010957902761057778,0.007374222768132912,17
2023-05-15T09:00:00Z,0.011876296999850953,0.008372076810158252,17
2023-05-15T09:30:00Z,0.012310220535480094,0.008830063834299774,17
2023-05-15T10:00:00Z,0.01252298210885767,0.009030498586166039,17
2023-05-15T10:30:00Z,0.01249546359358079,0.00918660535304923,17
2023-05-15T11:00:00Z,0.01256208736740903,0.009317478241751621,17
2023-05-15T11:30:00Z,0.01268794836622803,0.00938905295619532,17
2023-05-15T12:00:00Z,0.011591085801940145,0.00792090083217113,17
2023-05-15T12:30:00Z,0.012269811768310362,0.008748421087616432,17
2023-05-15T13:00:00Z,0.012273577459874572,0.008822601835946424,17
2023-05-15T13:30:00Z,0.012043290937294348,0.008510285794607777,17
2023-05-15T14:00:00Z,0.012049808480386238,0.008720124611571062,17
2023-05-15T14:30:00Z,0.01190743637240111,0.008810812022361362,17
2023-05-15T15:00:00Z,0.011662231917855006,0.008811537632759592,17
2023-05-15T15:30:00Z,0.011219038987606284,0.008196719531340506,17
2023-05-15T16:00:00Z,0.010528758757029352,0.007675993667528893,17
2023-05-15T16:30:00Z,0.008952157534525381,0.006786192831587244,17
2023-05-15T17:00:00Z,0.007633690620526056,0.006190342207691276,17
2023-05-15T17:30:00Z,0.006342362328581493,0.0053140736390094225,17
2023-05-15T18:00:00Z,0.004869896199667706,0.0042093493344143185,17
2023-05-15T18:30:00Z,0.003930284299675665,0.0033652255254856384,17
2023-05-15T19:00:00Z,0.0033122625579135668,0.002793328861586667,17
2023-05-15T19:30:00Z,0.002818624024425243,0.00247773683073749,17
2023-05-15T20:00:00Z,0.002482455059768895,0.002271969667581632,17
2023-05-15T20:30:00Z,0.002250401067875619,0.0020830441865205733,17
2023-05-15T21:00:00Z,0.0020359720588599113,0.001967212842191187,17
2023-05-15T21:30:00Z,0.0019685849831377533,0.0018597910649228479,17
2023-05-15T22:00:00Z,0.0018791422734558113,0.001790044763848416,17
2023-05-15T22:30:00Z,0.0017732750174790618,0.001703383930285426,17
2023-05-15T23:00:00Z,0.0017102089988471347,0.0016568981552233337,17
2023-05-15T23:30:00Z,0.001457422078538884,0.0015765850329661595,17
2023-05-16T00:00:00Z,0.0014233108986499167,0.0015074929150330132,17
2023-05-16T00:30:00Z,0.0013607316674688363,0.001444090915317195,17
2023-05-16T01:00:00Z,0.0011128709495923567,0.0013571557940791667,17
2023-05-16T01:30:00Z,0.0010611230060550683,0.0013436253352382614,17
2023-05-16T02:00:00Z,0.001065930393334898,0.0013474700042132224,17
2023-05-16T02:30:00Z,9.389985704960644e-4,0.001376325936402911,17
2023-05-16T03:00:00Z,8.443339282105369e-4,0.0013158027578473047,17
2023-05-16T03:30:00Z,8.27523653131994e-4,0.001293039709603853,17
2023-05-16T04:00:00Z,9.720492808199809e-4,0.0013194392747132501,17
2023-05-16T04:30:00Z,9.125010182536148e-4,0.0012533306338329572,17
2023-05-16T05:00:00Z,9.005343817570244e-4,0.0013605851888495734,17
2023-05-16T05:30:00Z,8.374958502124857e-4,0.0013739161001788056,17
2023-05-16T06:00:00Z,8.333645114219962e-4,0.001262517793691057,17
2023-05-16T06:30:00Z,9.172734268564214e-4,0.0013763169984314743,17
2023-05-16T07:00:00Z,0.0012806495714457126,0.0016358393918120293,17
2023-05-16T07:30:00Z,0.0016687107579009463,0.0019042387601130527,17
2023-05-16T08:00:00Z,0.0022087559191663565,0.002267976824242083,17
2023-05-16T08:30:00Z,0.0028511791010874775,0.002836145877745841,17
2023-05-16T09:00:00Z,0.002751693797632626,0.0028519021718375376,17
2023-05-16T09:30:00Z,0.003024295523308313,0.0031672743276239565,17
2023-05-16T10:00:00Z,0.004172741072567783,0.0041419965137333105,17
2023-05-16T10:30:00Z,0.006815665112038526,0.006125158502091397,17
2023-05-16T11:00:00Z,0.008398771826537229,0.006834792065747517,17
2023-05-16T11:30:00Z,0.008978162838322553,0.006786395402665362,17
2023-05-16T12:00:00Z,0.00866759376783563,0.0063872285788547,17
2023-05-16T12:30:00Z,0.009040296749131933,0.006807483521365584,17
2023-05-16T13:00:00Z,0.009261313877092569,0.007159586997229818,17
2023-05-16T13:30:00Z,0.008901085639477434,0.007144618654671761,17
2023-05-16T14:00:00Z,0.009239570500380993,0.007344355683587246,17
2023-05-16T14:30:00Z,0.00860181288209396,0.0068787619578873135,17
2023-05-16T15:00:00Z,0.008182090229973965,0.0068062256224469654,17
2023-05-16T15:30:00Z,0.008647293223778916,0.0071783201177317455,17
2023-05-16T16:00:00Z,0.008300403225336088,0.006909345933455077,17
2023-05-16T16:30:00Z,0.0075935169122875006,0.006479797862467328,17
2023-05-16T17:00:00Z,0.006643950060287226,0.006077831749324123,17
2023-05-16T17:30:00Z,0.005922532831492779,0.005680685306867074,17
2023-05-16T18:00:00Z,0.005103578719763618,0.005204927254111505,17
2023-05-16T18:30:00Z,0.004208595312115183,0.004502776394817424,17
2023-05-16T19:00:00Z,0.003262073024493277,0.0037975425400233968,17
2023-05-16T19:30:00Z,0.0026388237116060234,0.003191422046324141,17
2023-05-16T20:00:00Z,0.0022446736000175166,0.0027869535856373077,17
2023-05-16T20:30:00Z,0.002101134821500878,0.0024945017388512433,17
2023-05-16T21:00:00Z,0.0018540456759899302,0.0022517065885710418,17
2023-05-16T21:30:00Z,0.001701518941391276,0.002100772978118016,17
2023-05-16T22:00:00Z,0.0015205913502261876,0.0019315980135216333,17
2023-05-16T22:30:00Z,0.0013930184575750351,0.0017899583441331028,17
2023-05-16T23:00:00Z,0.001254119998239611,0.0016824203704261088,17
2023-05-16T23:30:00Z,0.001118773159736366,0.0015690220156910897,17
2023-05-17T00:00:00Z,0.0010727775878689157,0.0014678007327959906,17
2023-05-17T00:30:00Z,9.607237141357077e-4,0.0013905338883348402,17
2023-05-17T01:00:00Z,8.68276317739684e-4,0.0013367782137952016,17
2023-05-17T01:30:00Z,8.158771707469752e-4,0.001291872211087419,17
2023-05-17T02:00:00Z,6.909041723346674e-4,0.0012305973155050554,17
2023-05-17T02:30:00Z,6.106952359109489e-4,0.001214651351885052,17
2023-05-17T03:00:00Z,5.604129586660165e-4,0.0011969938985110272,17
2023-05-17T03:30:00Z,5.345656082844923e-4,0.0011531076241324569,17
2023-05-17T04:00:00Z,4.5878908653756447e-4,0.0011420194714378924,17
2023-05-17T04:30:00Z,6.451583697529813e-4,0.0011658460847188891,17
2023-05-17T05:00:00Z,6.484069438446483e-4,0.0011745739358933387,17
2023-05-17T05:30:00Z,0.0010806037690390506,0.00132019582317559,17
2023-05-17T06:00:00Z,0.001575224744231452,0.0016762635272681064,17
2023-05-17T06:30:00Z,0.0028293229861958563,0.0023067202682486116,17
2023-05-17T07:00:00Z,0.003742082320907559,0.0030791507450395805,17
2023-05-17T07:30:00Z,0.003976968921495873,0.0034665203501526827,17
2023-05-17T08:00:00Z,0.005689040959850972,0.004515118663688703,17
2023-05-17T08:30:00Z,0.006169700859130689,0.0050495128534656635,17
2023-05-17T09:00:00Z,0.006527489044382905,0.0053835782509562904,17
2023-05-17T09:30:00Z,0.007843819059007847,0.006114313391273628,17
2023-05-17T10:00:00Z,0.008005796031586692,0.006393856341654169,17
2023-05-17T10:30:00Z,0.008687480416424125,0.00695724222837765,17
2023-05-17T11:00:00Z,0.00903293233087737,0.007284351639910407,17
2023-05-17T11:30:00Z,0.009476766330938403,0.0075599867013225455,17
2023-05-17T12:00:00Z,0.009236792531194287,0.007736437303189067,17
2023-05-17T12:30:00Z,0.00961021968394524,0.007844633797079253,17
2023-05-17T13:00:00Z,0.00944641210090233,0.007746447801865413,17
2023-05-17T13:30:00Z,0.009494668625653326,0.007881017019649404,17
2023-05-17T14:00:00Z,0.009137934402634915,0.007879545179441437,17
2023-05-17T14:30:00Z,0.009232420366328684,0.007791945059700812,17
2023-05-17T15:00:00Z,0.00909340658317264,0.007598650671918291,17
2023-05-17T15:30:00Z,0.008825581861582284,0.007250058745785926,17
2023-05-17T16:00:00Z,0.008529585683239535,0.006963973337723197,17
2023-05-17T16:30:00Z,0.007518582974225522,0.006377442593524474,17
2023-05-17T17:00:00Z,0.006337589919978681,0.005712321781825782,17
2023-05-17T17:30:00Z,0.0056963064177239,0.005245946055689232,17
2023-05-17T18:00:00Z,0.004594764062876001,0.004440675344664559,17
2023-05-17T18:30:00Z,0.003611059726139689,0.003671089020574309,17
2023-05-17T19:00:00Z,0.0029457296365907907,0.003049701259702636,17
2023-05-17T19:30:00Z,0.0024395428043695253,0.002635816106880363,17
2023-05-17T20:00:00Z,0.0020780728098526873,0.0023274250442009243,17
2023-05-17T20:30:00Z,0.0018398747524208385,0.0021207816115200308,17
2023-05-17T21:00:00Z,0.001657419604177525,0.001944604286540278,17
2023-05-17T21:30:00Z,0.0015064878143552036,0.0018119067967226796,17
2023-05-17T22:00:00Z,0.0013417328725896479,0.0017042460659249911,17
2023-05-17T22:30:00Z,0.0012569691974054658,0.0016356343630923578,17
2023-05-17T23:00:00Z,0.0011976346247765382,0.001561255911919662,17
2023-05-17T23:30:00Z,0.0011637291547028656,0.001489661205448952,17
2023-05-18T00:00:00Z,0.0010923567155982014,0.0014361754355297798,17
2023-05-18T00:30:00Z,9.79884578526081e-4,0.0013940987843058241,17
2023-05-18T01:00:00Z,9.472612480770433e-4,0.001326210030806293,17
2023-05-18T01:30:00Z,8.970441127788516e-4,0.0013158262226585277,17
2023-05-18T02:00:00Z,8.527390657498092e-4,0.0012563218877226882,17
2023-05-18T02:30:00Z,8.083030496310775e-4,0.0012118760263260693,17
2023-05-18T03:00:00Z,6.576401528678988e-4,0.0012104580332822816,17
2023-05-18T03:30:00Z,6.613306190354103e-4,0.0011632651565287359,17
2023-05-18T04:00:00Z,5.850244384691891e-4,0.0011450697073594985,17
2023-05-18T04:30:00Z,9.127420052600726e-4,0.001181311665496448,17
2023-05-18T05:00:00Z,0.0011429570997075322,0.0013124957270511971,17
2023-05-18T05:30:00Z,0.001333766859656916,0.001434066487250607,17
2023-05-18T06:00:00Z,0.0016632649984563695,0.0016255513183620527,17
2023-05-18T06:30:00Z,0.00211572719639314,0.0019241087271776307,17
2023-05-18T07:00:00Z,0.0026776795184666052,0.002424762687597925,17
2023-05-18T07:30:00Z,0.0036330205176688876,0.002993515915212665,17
2023-05-18T08:00:00Z,0.00417107521015226,0.003522138984557963,17
2023-05-18T08:30:00Z,0.004806715208164873,0.003964199883183867,17
2023-05-18T09:00:00Z,0.005013006402338093,0.004489757279063802,17
2023-05-18T09:30:00Z,0.006084240265482035,0.005377893810304819,17
2023-05-18T10:00:00Z,0.006472466114395791,0.005691662981422949,17
2023-05-18T10:30:00Z,0.006522710736781376,0.00588552491671808,17
2023-05-18T11:00:00Z,0.007085027206292244,0.006467371684697752,17
2023-05-18T11:30:00Z,0.007506217195982651,0.0067513415642013064,17
2023-05-18T12:00:00Z,0.007838858824263564,0.007037049645328802,17
2023-05-18T12:30:00Z,0.008816515644117357,0.007507276747081752,17
2023-05-18T13:00:00Z,0.008482659119114846,0.007425299749568888,17
2023-05-18T13:30:00Z,0.00884766714219376,0.0074684539858414145,17
2023-05-18T14:00:00Z,0.008672651096355025,0.0075980884616981235,17
2023-05-18T14:30:00Z,0.00855683115026302,0.007280430796668652,17
2023-05-18T15:00:00Z,0.00844272072367054,0.006933668712854184,17
2023-05-18T15:30:00Z,0.007775580738985623,0.006579581288386807,17
2023-05-18T16:00:00Z,0.007077384483392895,0.006111027861290179,17
2023-05-18T16:30:00Z,0.006803291523637659,0.005962906663111643,17
2023-05-18T17:00:00Z,0.0060731842373873525,0.005507477976326615,17
2023-05-18T17:30:00Z,0.005215504058485898,0.0048564094014763685,17
2023-05-18T18:00:00Z,0.003941983261327929,0.00385779091637535,17
2023-05-18T18:30:00Z,0.0030371807689230155,0.0031575243401858405,17
2023-05-18T19:00:00Z,0.0024656129767370986,0.0027139813517433257,17
2023-05-18T19:30:00Z,0.002247586286252281,0.0023639552491892713,17
2023-05-18T20:00:00Z,0.0019627975983420717,0.002108892861933146,17
2023-05-18T20:30:00Z,0.0017761596838544425,0.001941258588769636,17
2023-05-18T21:00:00Z,0.0015290158921430525,0.0017981800848242083,17
2023-05-18T21:30:00Z,0.001375515582642701,0.0016866812171982006,17
2023-05-18T22:00:00Z,0.0012920855771246268,0.0016017377270895242,17
2023-05-18T22:30:00Z,0.0012573965772803438,0.0015228461239374838,17
2023-05-18T23:00:00Z,0.0011717781423464058,0.001465311010309616,17
2023-05-18T23:30:00Z,0.001141149251313466,0.0014311170555867069,17
2023-05-19T00:00:00Z,0.0010783244097063668,0.0013761605747567892,17
2023-05-19T00:30:00Z,0.0010444189396326938,0.0013330122878491698,17
2023-05-19T01:00:00Z,9.050931004223916e-4,0.0012968503519525856,17
2023-05-19T01:30:00Z,9.092244392128813e-4,0.0012512619876709767,17
2023-05-19T02:00:00Z,8.529527556872482e-4,0.0012401085231444995,17
2023-05-19T02:30:00Z,8.099555851472735e-4,0.0012244167453688852,17
2023-05-19T03:00:00Z,7.762851740047841e-4,0.0012043064087166985,17
2023-05-19T03:30:00Z,7.05157291161856e-4,0.0011779326758112228,17
2023-05-19T04:00:00Z,7.413065055786391e-4,0.0012151680488569157,17
2023-05-19T04:30:00Z,0.0012212727189334096,0.0014109428549790748,17
2023-05-19T05:00:00Z,0.0016638344574949526,0.0016813009475850776,17
2023-05-19T05:30:00Z,0.0020472626801126474,0.002080730864592918,17
2023-05-19T06:00:00Z,0.002480127797744149,0.0025988375068317976,17
2023-05-19T06:30:00Z,0.0030201926326557005,0.003138209292589766,17
2023-05-19T07:00:00Z,0.0035554912326727314,0.0038265606455967684,17
2023-05-19T07:30:00Z,0.0042654595826684665,0.004625976851156319,17
2023-05-19T08:00:00Z,0.004891695024210505,0.0051207336722533005,17
2023-05-19T08:30:00Z,0.005543538102803924,0.005511195422989548,17
2023-05-19T09:00:00Z,0.005788175455042025,0.005749549715770702,17
2023-05-19T09:30:00Z,0.006653883666439239,0.006445608789911985,17
2023-05-19T10:00:00Z,0.007177588062928786,0.006589369592313641,17
2023-05-19T10:30:00Z,0.007375848952227154,0.006628297503176168,17
2023-05-19T11:00:00Z,0.00839183852137059,0.006895053051950627,17
2023-05-19T11:30:00Z,0.008715710977629415,0.006997725834174938,17
2023-05-19T12:00:00Z,0.009194695359655718,0.007250845255507162,17
2023-05-19T12:30:00Z,0.0096481541426429,0.007700601004765642,17
2023-05-19T13:00:00Z,0.009984905994583619,0.008022658211331394,17
2023-05-19T13:30:00Z,0.010310203812014546,0.007939433617034782,17
2023-05-19T14:00:00Z,0.010408401461265726,0.007873771476841566,17
2023-05-19T14:30:00Z,0.010244593878222819,0.007607805509241751,17
2023-05-19T15:00:00Z,0.009966077536762596,0.007560988224273184,17
2023-05-19T15:30:00Z,0.009411507036787968,0.007109634739876172,17
2023-05-19T16:00:00Z,0.008622505191035978,0.0067586241632402325,17
2023-05-19T16:30:00Z,0.007198119298045997,0.005870520957954041,17
2023-05-19T17:00:00Z,0.005943973055215839,0.005091257138858059,17
2023-05-19T17:30:00Z,0.00510349491627823,0.004538854743722756,17
2023-05-19T18:00:00Z,0.004377457356744715,0.003933524130383011,17
2023-05-19T18:30:00Z,0.00355352954779578,0.0031983825852469456,17
2023-05-19T19:00:00Z,0.0029936872150816197,0.002704819730652789,17
2023-05-19T19:30:00Z,0.002602219958776581,0.0023344304541444683,17
2023-05-19T20:00:00Z,0.002248559861153971,0.0021124770425581508,17
2023-05-19T20:30:00Z,0.0019714876557979273,0.001900417960902801,17
2023-05-19T21:00:00Z,0.001749907551384901,0.0017553924610831848,17
2023-05-19T21:30:00Z,0.0015813184993618123,0.001630924224490121,17
2023-05-19T22:00:00Z,0.0014788226972112953,0.0015441432730257374,17
2023-05-19T22:30:00Z,0.0013559788684189217,0.0014452651607318387,17
2023-05-19T23:00:00Z,0.001273494552567424,0.0014050586944409076,17
2023-05-19T23:30:00Z,0.001162874394953109,0.0013575122165419649,17
2023-05-20T00:00:00Z,0.0010913594958901528,0.001283307873208945,17
2023-05-20T00:30:00Z,0.0010557013875348922,0.0012811384241785697,17
2023-05-20T01:00:00Z,9.683235721160389e-4,0.0012600570584943795,17
2023-05-20T01:30:00Z,9.352040061456149e-4,0.001228867841076671,17
2023-05-20T02:00:00Z,8.7667670661368e-4,0.0011989332900873722,17
2023-05-20T02:30:00Z,7.766983078838328e-4,0.0012161377792251065,17
2023-05-20T03:00:00Z,7.099083307709187e-4,0.0012358243430250842,17
2023-05-20T03:30:00Z,7.314344112635388e-4,0.001193774879485921,17
2023-05-20T04:00:00Z,6.681129533404663e-4,0.0011563973958181606,17
2023-05-20T04:30:00Z,5.863124452887738e-4,0.0011615419239445343,17
2023-05-20T05:00:00Z,5.675148537920467e-4,0.001169922751391519,17
2023-05-20T05:30:00Z,4.761434108757199e-4,0.001110619773789109,17
2023-05-20T06:00:00Z,4.7070192931597093e-4,0.0011071666998421755,17
2023-05-20T06:30:00Z,3.789696331296575e-4,0.0011211340405833346,17
2023-05-20T07:00:00Z,2.643176801295792e-4,0.0010991069469021462,17
2023-05-20T07:30:00Z,2.2466962532831565e-4,0.0011210289327810237,17
2023-05-20T08:00:00Z,2.586867485580111e-4,0.0011690187238855001,17
2023-05-20T08:30:00Z,2.669913214927427e-4,0.0012711282233458534,17
2023-05-20T09:00:00Z,4.729222088592169e-4,0.001477452815760833,17
2023-05-20T09:30:00Z,8.03343652978513e-4,0.0018750293584212866,17
2023-05-20T10:00:00Z,0.001187056722505614,0.002259481669512441,17
2023-05-20T10:30:00Z,0.0012973983575865797,0.002434017021255529,17
2023-05-20T11:00:00Z,0.0016095717932666797,0.002742736998735258,17
2023-05-20T11:30:00Z,0.0019007275319433675,0.0029638714051708113,17
2023-05-20T12:00:00Z,0.0023058245392769696,0.0031910841404252507,17
2023-05-20T12:30:00Z,0.0025502487574816093,0.003499845537822547,17
2023-05-20T13:00:00Z,0.0025155632808406,0.003605806432856988,17
2023-05-20T13:30:00Z,0.002736683194427057,0.0036777518662014655,17
2023-05-20T14:00:00Z,0.003117545986762559,0.003893730448335425,17
2023-05-20T14:30:00Z,0.003351808444232521,0.004041026535085621,17
2023-05-20T15:00:00Z,0.0038028351162709057,0.00415547458513472,17
2023-05-20T15:30:00Z,0.004203726846486553,0.004360857278340066,17
2023-05-20T16:00:00Z,0.004733926752922453,0.004673730060819686,17
2023-05-20T16:30:00Z,0.005507918504208745,0.005171919696758639,17
2023-05-20T17:00:00Z,0.005204890803795953,0.004934674383706863,17
2023-05-20T17:30:00Z,0.00526392094954305,0.004963838424479114,17
2023-05-20T18:00:00Z,0.0044669496976399445,0.0043204579246666945,17
2023-05-20T18:30:00Z,0.0033574023813974785,0.003473727155161086,17
2023-05-20T19:00:00Z,0.0025555798063503516,0.0028282550141002145,17
2023-05-20T19:30:00Z,0.0020201271939796874,0.002367064287312574,17
2023-05-20T20:00:00Z,0.0017087306302098007,0.001984440705335058,17
2023-05-20T20:30:00Z,0.001491743208671906,0.0017190789674183344,17
2023-05-20T21:00:00Z,0.0012734945525674237,0.0015535810482981353,17
2023-05-20T21:30:00Z,0.00115069406851908,0.001412282767983798,17
2023-05-20T22:00:00Z,0.0010950634548057636,0.0013128898560600855,17
2023-05-20T22:30:00Z,0.0010737656910409985,0.0012743171856952967,17
2023-05-20T23:00:00Z,9.559984113910788e-4,0.0012177640180659438,17
2023-05-20T23:30:00Z,8.536789206799547e-4,0.0011575113625256856,17
2023-05-21T00:00:00Z,7.762851740047841e-4,0.0010982382351605966,17
2023-05-21T00:30:00Z,6.181115047571679e-4,0.0010576735692570066,17
2023-05-21T01:00:00Z,4.926772442848451e-4,0.0010147258639152514,17
2023-05-21T01:30:00Z,3.8591566160366906e-4,0.0010036978631863666,17
2023-05-21T02:00:00Z,3.0279911075804355e-4,9.774663394438745e-4,17
2023-05-21T02:30:00Z,2.0254792273207832e-4,9.438992392803421e-4,17
2023-05-21T03:00:00Z,6.724876174901902e-5,9.452814658128081e-4,17
2023-05-21T03:30:00Z,-6.63451788353661e-6,9.280397966678459e-4,17
2023-05-21T04:00:00Z,-1.13581058224242e-4,9.156725858073198e-4,17
2023-05-21T04:30:00Z,-2.0735367240230307e-4,9.21387972410653e-4,17
2023-05-21T05:00:00Z,-2.804576936461812e-4,9.253658009561534e-4,17
2023-05-21T05:30:00Z,-2.0504590389975366e-4,9.943467269048706e-4,17
2023-05-21T06:00:00Z,5.004355888918573e-4,0.0012171296075573978,17
2023-05-21T06:30:00Z,0.001428373629438426,0.001919461985437618,17
2023-05-21T07:00:00Z,0.0029698471443225017,0.0031279073942416784,17
2023-05-21T07:30:00Z,0.0035725218873895953,0.003907707617416417,17
2023-05-21T08:00:00Z,0.004159600677567368,0.0049321822292496265,17
2023-05-21T08:30:00Z,0.004947611350005383,0.005485281939298404,17
2023-05-21T09:00:00Z,0.006791282043132408,0.006358053855588628,17
2023-05-21T09:30:00Z,0.007654354715683353,0.006946702177401228,17
2023-05-21T10:00:00Z,0.009257536060002118,0.007599158638124964,17
2023-05-21T10:30:00Z,0.010299184280377547,0.00832636453664005,17
2023-05-21T11:00:00Z,0.011110558103699,0.008958859160418185,17
2023-05-21T11:30:00Z,0.011613567596102206,0.009389510602193691,17
2023-05-21T12:00:00Z,0.012125411980252198,0.009574063407548907,17
2023-05-21T12:30:00Z,0.012737626528017349,0.009947211082717953,17
2023-05-21T13:00:00Z,0.013052206607919382,0.010086142690756377,17
2023-05-21T13:30:00Z,0.013363745167711862,0.010079105226908074,17
2023-05-21T14:00:00Z,0.013706278265763566,0.00995963729239743,17
2023-05-21T14:30:00Z,0.013892100661027983,0.009947559056261684,17
2023-05-21T15:00:00Z,0.01398102891565959,0.010024199923865652,17
2023-05-21T15:30:00Z,0.014203893655207326,0.00989756276885545,17
2023-05-21T16:00:00Z,0.014038777814880776,0.009869846616738608,17
2023-05-21T16:30:00Z,0.01338685255374153,0.009515268436931831,17
2023-05-21T17:00:00Z,0.012180088493039538,0.008841257957459483,17
2023-05-21T17:30:00Z,0.010341436164332172,0.00777361265451896,17
2023-05-21T18:00:00Z,0.008342901024432862,0.006219516464654591,17
2023-05-21T18:30:00Z,0.006349988270597212,0.0050355071397795775,17
2023-05-21T19:00:00Z,0.0053393970895858085,0.004141214677600058,17
2023-05-21T19:30:00Z,0.004593069594251568,0.0035766891976056793,17
2023-05-21T20:00:00Z,0.004048090009002946,0.003158276752588763,17
2023-05-21T20:30:00Z,0.0035995928984564798,0.002821176620437627,17
2023-05-21T21:00:00Z,0.003369017909238726,0.002635785743314699,17
2023-05-21T21:30:00Z,0.0031378110011467814,0.002816740033083048,17
2023-05-21T22:00:00Z,0.002866303390567834,0.0023091707221548135,17
2023-05-21T22:30:00Z,0.0026122357883973765,0.002126407436001107,17
2023-05-21T23:00:00Z,0.00231206913961057,0.002028379661887247,17
2023-05-21T23:30:00Z,0.0021975393282938327,0.0019504344208294637,17
2023-05-22T00:00:00Z,0.0020675056326515916,0.0018443932185380396,17
2023-05-22T00:30:00Z,0.0019311762108398219,0.0017550850971279647,17
2023-05-22T01:00:00Z,0.0017699011244217795,0.0016369828281203556,17
2023-05-22T01:30:00Z,0.0017318201745181302,0.0015878750568214023,17
2023-05-22T02:00:00Z,0.00162610388071409,0.001514378273426923,17
2023-05-22T02:30:00Z,0.0015765278152282168,0.0014645038656423276,17
2023-05-22T03:00:00Z,0.0015643337023466101,0.0014158965248671637,17
2023-05-22T03:30:00Z,0.0014064809236336972,0.0012704403574237226,17
2023-05-22T04:00:00Z,0.001308254782390853,0.0013170859838867433,17
2023-05-22T04:30:00Z,0.001647808092981606,0.001421220194232559,17
2023-05-22T05:00:00Z,0.0023800012567787906,0.0018691734811676504,17
2023-05-22T05:30:00Z,0.0035271194348088586,0.0027183460184863986,17
2023-05-22T06:00:00Z,0.005118604107522391,0.0037544741305857994,17
2023-05-22T06:30:00Z,0.006547601624431961,0.0048675498682587736,17
2023-05-22T07:00:00Z,0.008136787963236875,0.006036580591238985,17
2023-05-22T07:30:00Z,0.010067171871832405,0.007036450945851038,17
2023-05-22T08:00:00Z,0.011937996407787546,0.008046780019515844,17
2023-05-22T08:30:00Z,0.012745447579727617,0.008565321001405968,17
2023-05-22T09:00:00Z,0.013234842648783314,0.009008087541915863,17
2023-05-22T09:30:00Z,0.013662248641320556,0.009440003795268227,17
2023-05-22T10:00:00Z,0.013982622092859831,0.009806058389177669,17
2023-05-22T10:30:00Z,0.014127890886663585,0.010035685427937967,17
2023-05-22T11:00:00Z,0.014248248182427203,0.010171134165149752,17
2023-05-22T11:30:00Z,0.014512229240270881,0.01002522599124331,17
2023-05-22T12:00:00Z,0.014688775117917802,0.01024991358944042,17
2023-05-22T12:30:00Z,0.014644776359799105,0.010339779510256766,17
2023-05-22T13:00:00Z,0.015004340545864718,0.01065125168445751,17
2023-05-22T13:30:00Z,0.015065484359963934,0.010771550945666244,17
2023-05-22T14:00:00Z,0.015116437538379969,0.010647758344929351,17
2023-05-22T14:30:00Z,0.01522020299766777,0.010989160221020977,17
2023-05-22T15:00:00Z,0.014685607758178416,0.010501502868406804,17
2023-05-22T15:30:00Z,0.014026865788034864,0.010125822885390654,17
2023-05-22T16:00:00Z,0.01407981578019964,0.010006213733832361,17
2023-05-22T16:30:00Z,0.013086228801086907,0.00973483970153442,17
2023-05-22T17:00:00Z,0.010681720769375496,0.007717399587875288,17
2023-05-22T17:30:00Z,0.008320729506257238,0.0062877825956553874,17
2023-05-22T18:00:00Z,0.006933466733486198,0.005258667600689239,17
2023-05-22T18:30:00Z,0.005834497187370997,0.004317392449836423,17
2023-05-22T19:00:00Z,0.004504242762553711,0.003451098668999469,17
2023-05-22T19:30:00Z,0.00338548458963094,0.002928666536628859,17
2023-05-22T20:00:00Z,0.00271428811799803,0.0024445031355820697,17
2023-05-22T20:30:00Z,0.002194613758451385,0.002153604201619871,17
2023-05-22T21:00:00Z,0.0020096215620582815,0.0019054365089131021,17
2023-05-22T21:30:00Z,0.0018863719685591254,0.0018047130269456546,17
2023-05-22T22:00:00Z,0.001698111429235347,0.001697576678933224,17
2023-05-22T22:30:00Z,0.0014499940626222598,0.0015424003911421202,17
2023-05-22T23:00:00Z,0.0012281091308603584,0.0013958595502713879,17
2023-05-22T23:30:00Z,0.0010549930900073685,0.001465138819261117,17
2023-05-23T00:00:00Z,9.785674602244242e-4,0.0012381169204251214,17
2023-05-23T00:30:00Z,7.964673822241758e-4,0.001106937837007807,17
2023-05-23T01:00:00Z,6.15568255211497e-4,0.0010006976573301838,17
2023-05-23T01:30:00Z,5.686756362469959e-4,9.97302498854514e-4,17
2023-05-23T02:00:00Z,4.547771722590333e-4,9.736306326899616e-4,17
2023-05-23T02:30:00Z,4.125094924457502e-4,9.53694581715274e-4,17
2023-05-23T03:00:00Z,4.160632751145537e-4,8.826741201228706e-4,17
2023-05-23T03:30:00Z,6.563165155460983e-4,0.0010141483121869964,17
2023-05-23T04:00:00Z,9.155639073569087e-4,0.001128493744066469,17
2023-05-23T04:30:00Z,0.0010490488882772078,0.0012300610271713567,17
2023-05-23T05:00:00Z,0.0012700015532730276,0.0014084232020140526,17
2023-05-23T05:30:00Z,0.001510389452726427,0.0015127377658797714,17
2023-05-23T06:00:00Z,0.0017331316339560436,0.0016697894155922662,17
2023-05-23T06:30:00Z,0.00249095301235544,0.002106419830740607,17
2023-05-23T07:00:00Z,0.0030650758352402437,0.002447616022919311,17
2023-05-23T07:30:00Z,0.002851179101087475,0.0025693915670670095,17
2023-05-23T08:00:00Z,0.0034013801396854146,0.002974915149326007,17
2023-05-23T08:30:00Z,0.003971571527269591,0.003522941257622472,17
2023-05-23T09:00:00Z,0.003653761655297817,0.0032268518744164006,17
2023-05-23T09:30:00Z,0.002589234541422237,0.0024384940847738184,17
2023-05-23T10:00:00Z,0.002598749076630767,0.00235564950226514,17
2023-05-23T10:30:00Z,0.0026476435901076367,0.0024461723260014293,17
2023-05-23T11:00:00Z,0.0033766587414390987,0.0030184563413366804,17
2023-05-23T11:30:00Z,0.003028680102170218,0.0027906337924912404,17
2023-05-23T12:00:00Z,0.002478359092494109,0.002395370569735586,17
2023-05-23T12:30:00Z,0.00296898889111305,0.002661546306992287,17
2023-05-23T13:00:00Z,0.0034566040745521174,0.00317911757122313,17
2023-05-23T13:30:00Z,0.0030843017457568246,0.002895233094535071,17
2023-05-23T14:00:00Z,0.0022904443291763225,0.002329021945827584,17
2023-05-23T14:30:00Z,0.0020097455436015135,0.0021119730872624742,17
2023-05-23T15:00:00Z,0.0018149043591088806,0.002060848825164556,17
2023-05-23T15:30:00Z,0.0017956877486540051,0.002099720937570887,17
2023-05-23T16:00:00Z,0.0030024534831786572,0.0028869866798911835,17
2023-05-23T16:30:00Z,0.003640079698594183,0.0035930552705323794,17
2023-05-23T17:00:00Z,0.004294725860756346,0.004269223525065962,17
2023-05-23T17:30:00Z,0.004946373564667419,0.004906360238454814,17
2023-05-23T18:00:00Z,0.005049301262928895,0.005081447522492974,17
2023-05-23T18:30:00Z,0.003915485709085476,0.0044200901054128735,17
2023-05-23T19:00:00Z,0.0029927193523063937,0.003726156657279667,17
2023-05-23T19:30:00Z,0.0024948631574159934,0.003146240619438222,17
2023-05-23T20:00:00Z,0.002206689639202399,0.002715389046910213,17
2023-05-23T20:30:00Z,0.0019032652960199927,0.0024049013112552144,17
2023-05-23T21:00:00Z,0.0016226593743540977,0.002144659656955874,17
2023-05-23T21:30:00Z,0.0014318386936221605,0.0019759924962648072,17
2023-05-23T22:00:00Z,0.0012150147396882529,0.0018325108052893219,17
2023-05-23T22:30:00Z,9.555239256580224e-4,0.001661086234517684,17
2023-05-23T23:00:00Z,0.001038079471488667,0.0015508272080351569,17
2023-05-23T23:30:00Z,0.0010315975433863468,0.001498324731427969,17
2023-05-24T00:00:00Z,9.491844575139955e-4,0.0014661299521376485,17
2023-05-24T00:30:00Z,9.731584212474882e-4,0.0014746516610035945,17
2023-05-24T01:00:00Z,9.094381291503204e-4,0.0014539525809958318,17
2023-05-24T01:30:00Z,8.257429036533349e-4,0.0013932792260040224,17
2023-05-24T02:00:00Z,7.34035119630435e-4,0.0013419872688960268,17
2023-05-24T02:30:00Z,7.286679102615945e-4,0.001306337404876785,17
2023-05-24T03:00:00Z,5.977715607201871e-4,0.0012996626268566456,17
2023-05-24T03:30:00Z,5.814227584979932e-4,0.001289386106008414,17
2023-05-24T04:00:00Z,6.966741814401101e-4,0.0013083622098183183,17
2023-05-24T04:30:00Z,0.0013135970308268304,0.0015014913696114222,17
2023-05-24T05:00:00Z,0.002067279917146142,0.0019881642177798694,17
2023-05-24T05:30:00Z,0.002871254214799678,0.002623379637206113,17
2023-05-24T06:00:00Z,0.0036111315052643894,0.003153073427510344,17
2023-05-24T06:30:00Z,0.003950027294620998,0.0035680689083295923,17
2023-05-24T07:00:00Z,0.0044826437193348275,0.003999404740617875,17
2023-05-24T07:30:00Z,0.0046277855005491895,0.004243055631928961,17
2023-05-24T08:00:00Z,0.004824779691104952,0.004313870317770133,17
2023-05-24T08:30:00Z,0.005561752987116409,0.004763524506332129,17
2023-05-24T09:00:00Z,0.00708806898026485,0.006040615521677593,17
2023-05-24T09:30:00Z,0.007462097600762442,0.006520716668822362,17
2023-05-24T10:00:00Z,0.007805497330227101,0.006504647785780408,17
2023-05-24T10:30:00Z,0.0072555113472451555,0.0063070510566873616,17
2023-05-24T11:00:00Z,0.008176605521579693,0.0069943333724020364,17
2023-05-24T11:30:00Z,0.009080015347093122,0.007529239055902083,17
2023-05-24T12:00:00Z,0.009185578176188047,0.007350041104487229,17
2023-05-24T12:30:00Z,0.00958589065899065,0.007608247043198944,17
2023-05-24T13:00:00Z,0.010154234662599546,0.007915956830746074,17
2023-05-24T13:30:00Z,0.010038628406444986,0.007711304725192398,17
2023-05-24T14:00:00Z,0.009977940464212274,0.007778874986816181,17
2023-05-24T14:30:00Z,0.010200961528919564,0.008319050896947934,17
2023-05-24T15:00:00Z,0.010611103748844369,0.008610891785337497,17
2023-05-24T15:30:00Z,0.010999252951118556,0.008252379141911495,17
2023-05-24T16:00:00Z,0.008606834595623773,0.006873452001803631,17
2023-05-24T16:30:00Z,0.008294063757192062,0.006678751661218844,17
2023-05-24T17:00:00Z,0.007676855987888757,0.006466701973166087,17
2023-05-24T17:30:00Z,0.005728929748172942,0.0052928676195632225,17
2023-05-24T18:00:00Z,0.0050867202561892585,0.004695117768519146,17
2023-05-24T18:30:00Z,0.003923703654506812,0.0039459705035287665,17
2023-05-24T19:00:00Z,0.0031058466495896895,0.003208781145880691,17
2023-05-24T19:30:00Z,0.0024995618941424467,0.0026238833783747318,17
2023-05-24T20:00:00Z,0.00195734929378989,0.0022812138396408966,17
2023-05-24T20:30:00Z,0.0016172788310281178,0.0020182070374869117,17
2023-05-24T21:00:00Z,0.0013204176309894666,0.0017636873281432798,17
2023-05-24T21:30:00Z,0.0011263052570344354,0.0015925336830387555,17
2023-05-24T22:00:00Z,0.0010562911898762926,0.0014608859586761923,17
2023-05-24T22:30:00Z,8.857352904314587e-4,0.0013339586336361777,17
2023-05-24T23:00:00Z,7.405322678137694e-4,0.0012501516405260382,17
2023-05-24T23:30:00Z,5.807165467389349e-4,0.00115732731051019,17
2023-05-25T00:00:00Z,4.8287090752144356e-4,0.001084307388953488,17
2023-05-25T00:30:00Z,4.5342187716872353e-4,0.0010478762408126776,17
2023-05-25T01:00:00Z,3.8744404357872643e-4,0.0010115251601480319,17
2023-05-25T01:30:00Z,3.566355555898195e-4,9.91241589765898e-4,17
2023-05-25T02:00:00Z,2.078014273683379e-4,9.589703796385801e-4,17
2023-05-25T02:30:00Z,1.446838039311798e-4,9.372069719117558e-4,17
2023-05-25T03:00:00Z,1.0532793924383187e-4,9.801651100547239e-4,17
2023-05-25T03:30:00Z,-5.744948240252339e-5,9.48056835786601e-4,17
2023-05-25T04:00:00Z,-1.9297925941140698e-4,9.329013436608307e-4,17
2023-05-25T04:30:00Z,-2.965178968655101e-4,9.290730854596984e-4,17
2023-05-25T05:00:00Z,-3.290595495727197e-4,9.606467507194237e-4,17
2023-05-25T05:30:00Z,-1.881370571582795e-5,0.0010501699319093983,17
2023-05-25T06:00:00Z,7.232339368407651e-4,0.0014684118492445932,17
2023-05-25T06:30:00Z,0.002408589571394104,0.0023590317301636714,17
2023-05-25T07:00:00Z,0.00403000201962757,0.0030978054067176703,17
2023-05-25T07:30:00Z,0.0050377852605157005,0.003900836822793691,17
2023-05-25T08:00:00Z,0.007295347643774323,0.005120502405065867,17
2023-05-25T08:30:00Z,0.008796306340153125,0.006236401102440663,17
2023-05-25T09:00:00Z,0.009736328374947782,0.006878430631346091,17
2023-05-25T09:30:00Z,0.010489218995605204,0.007388660381596511,17
2023-05-25T10:00:00Z,0.011114903132426926,0.007891071505546297,17
2023-05-25T10:30:00Z,0.01163283055679603,0.008411501593286252,17
2023-05-25T11:00:00Z,0.011589380269516737,0.008179183890174614,17
2023-05-25T11:30:00Z,0.012031559359728942,0.008408126410047853,17
2023-05-25T12:00:00Z,0.012630793050166391,0.013385508118737371,17
2023-05-25T12:30:00Z,0.01293454693482735,0.016062169987947263,17
2023-05-25T13:00:00Z,0.012882406590092202,0.012088430824527392,17
2023-05-25T13:30:00Z,0.012925856877371496,0.010360325930380321,17
2023-05-25T14:00:00Z,0.012765199272150312,0.010362574652194902,17
2023-05-25T14:30:00Z,0.0129866872795625,0.010292031415321626,17
2023-05-25T15:00:00Z,0.011961260499771337,0.009413185763170835,17
2023-05-25T15:30:00Z,0.012717295498430922,0.009755011288078964,17
2023-05-25T16:00:00Z,0.012277976717458592,0.009470324224764681,17
2023-05-25T16:30:00Z,0.011040114409450467,0.00846657548429474,17
2023-05-25T17:00:00Z,0.009319483033190724,0.00743350634360226,17
2023-05-25T17:30:00Z,0.0075032610249165495,0.0064235244859132306,17
2023-05-25T18:00:00Z,0.0062345126363613805,0.005592168609513645,17
2023-05-25T18:30:00Z,0.004974454305262081,0.0045377105997883044,17
2023-05-25T19:00:00Z,0.003983787755294349,0.003790733910356915,17
2023-05-25T19:30:00Z,0.0032712030439140546,0.003371954709882888,17
2023-05-25T20:00:00Z,0.002628138792180613,0.0030368039571148767,17
2023-05-25T20:30:00Z,0.0023152967237697513,0.002808461192692528,17
2023-05-25T21:00:00Z,0.002011144712814745,0.002609411489316047,17
2023-05-25T21:30:00Z,0.0017243728167714567,0.002435682990839463,17
2023-05-25T22:00:00Z,0.001550571667654309,0.002281760346851531,17
2023-05-25T22:30:00Z,0.0012911348389588759,0.0021775603261895912,17
2023-05-25T23:00:00Z,0.0012825190554983674,0.002161499556878732,17
2023-05-25T23:30:00Z,0.0012724898290668752,0.0020620097241545138,17
2023-05-26T00:00:00Z,0.0011073787374055873,0.001993080392172336,17
2023-05-26T00:30:00Z,0.0010068139847621094,0.0019350355868912883,17
2023-05-26T01:00:00Z,8.727471860974413e-4,0.001892904629595961,17
2023-05-26T01:30:00Z,9.120403666965194e-4,0.001817809022658972,17
2023-05-26T02:00:00Z,7.597764391712962e-4,0.0017742557807898817,17
2023-05-26T02:30:00Z,6.363352959602611e-4,0.0017162709424739242,17
2023-05-26T03:00:00Z,5.338349453190064e-4,0.0016478262834731879,17
2023-05-26T03:30:00Z,5.15714327513148e-4,0.0017147625853917061,17
2023-05-26T04:00:00Z,6.449510794207695e-4,0.0018223999046616233,17
2023-05-26T04:30:00Z,7.858466115388678e-4,0.002024322694971249,17
2023-05-26T05:00:00Z,0.0011045445458247286,0.0022474838076808066,17
2023-05-26T05:30:00Z,0.0023827255294966176,0.0027213534441010985,17
2023-05-26T06:00:00Z,0.0037486013717380265,0.003590367270890514,17
2023-05-26T06:30:00Z,0.005483763663743634,0.004665947110969726,17
2023-05-26T07:00:00Z,0.0074668062831786,0.005729049082902389,17
2023-05-26T07:30:00Z,0.009276332673413018,0.007012704510532213,17
2023-05-26T08:00:00Z,0.010532259665721836,0.007947912296812354,17
2023-05-26T08:30:00Z,0.011283436018214467,0.008430945998483557,17
2023-05-26T09:00:00Z,0.011706750274026899,0.008353193887652606,17
2023-05-26T09:30:00Z,0.011815955329388839,0.008448999247862703,17
2023-05-26T10:00:00Z,0.012294777495206579,0.008508245461561509,17
2023-05-26T10:30:00Z,0.012960617107194924,0.012166840503431867,17
2023-05-26T11:00:00Z,0.013699271990942794,0.016508721219210678,17
2023-05-26T11:30:00Z,0.013629751531295939,0.014322399333840672,17
2023-05-26T12:00:00Z,0.013899143312427508,0.016243542468876226,17
2023-05-26T12:30:00Z,0.014333646185220372,0.015050536946874067,17
2023-05-26T13:00:00Z,0.014671861133792347,0.015817735639158885,17
2023-05-26T13:30:00Z,0.014399192773620033,0.016281959298220485,17
2023-05-26T14:00:00Z,0.014093473703123804,0.013036080645385618,17
2023-05-26T14:30:00Z,0.013630763758588984,0.01362578728690992,17
2023-05-26T15:00:00Z,0.013325044688092761,0.010245670742715039,17
2023-05-26T15:30:00Z,0.012689595772284361,0.009927445693193801,17
2023-05-26T16:00:00Z,0.01304411365033947,0.009980431292623493,17
2023-05-26T16:30:00Z,0.012378781383946536,0.009525543549269405,17
2023-05-26T17:00:00Z,0.011463138996681036,0.00844095677340313,17
2023-05-26T17:30:00Z,0.009336863148102436,0.007243562030857001,17
2023-05-26T18:00:00Z,0.007372910163078689,0.005987002936599388,17
2023-05-26T18:30:00Z,0.005773939591200956,0.004904765464698348,17
2023-05-26T19:00:00Z,0.004418290628087209,0.004092668912236745,17
2023-05-26T19:30:00Z,0.0037665363188979107,0.003632026218780024,17
2023-05-26T20:00:00Z,0.003158232296987906,0.00335834109543016,17
2023-05-26T20:30:00Z,0.002923600745679758,0.003128937722081042,17
2023-05-26T21:00:00Z,0.0026020686198130402,0.0029268283802737285,17
2023-05-26T21:30:00Z,0.0024021972983283217,0.002786015387770998,17
2023-05-26T22:00:00Z,0.00210081417406423,0.002649023467898521,17
2023-05-26T22:30:00Z,0.0019464270358086407,0.0025433938226805917,17
2023-05-26T23:00:00Z,0.0018981739658886017,0.002478599629679563,17
2023-05-26T23:30:00Z,0.001750442989139024,0.002451486276673454,17
2023-05-27T00:00:00Z,0.0017938932764183196,0.002367363028580489,17
2023-05-27T00:30:00Z,0.001559261725110171,0.0022893937215993383,17
2023-05-27T01:00:00Z,0.0014984313229191677,0.0022560952297903236,17
2023-05-27T01:30:00Z,0.0013333202312578768,0.0021585653988531075,17
2023-05-27T02:00:00Z,0.0011508290246848739,0.002082658883538256,17
2023-05-27T02:30:00Z,0.001133448909773159,0.0020249238713937433,17
2023-05-27T03:00:00Z,9.422676457442988e-4,0.0019286807192612151,17
2023-05-27T03:30:00Z,8.814372435532976e-4,0.001856421375549868,17
2023-05-27T04:00:00Z,0.0012036966767964786,0.001986338089509441,17
2023-05-27T04:30:00Z,0.001963863014246548,0.0024407292989828645,17
2023-05-27T05:00:00Z,0.0024717177579751844,0.0028489080582096513,17
2023-05-27T05:30:00Z,0.0035840451123249108,0.003190685943590523,17
2023-05-27T06:00:00Z,0.004996812643506029,0.004082376309365941,17
2023-05-27T06:30:00Z,0.00606215109441217,0.004898632848126083,17
2023-05-27T07:00:00Z,0.007293290053978047,0.0056982535560852286,17
2023-05-27T07:30:00Z,0.008119557812075951,0.0063883986523560685,17
2023-05-27T08:00:00Z,0.00939769355029344,0.007238299365531816,17
2023-05-27T08:30:00Z,0.010266699295879167,0.007917329093203605,17
2023-05-27T09:00:00Z,0.010986706932675684,0.008054112628528723,17
2023-05-27T09:30:00Z,0.011706750274026904,0.008169974693798984,17
2023-05-27T10:00:00Z,0.011908359607002794,0.008493344775833174,17
2023-05-27T10:30:00Z,0.01203436544011272,0.008955026395863082,17
2023-05-27T11:00:00Z,0.012303177884080568,0.015279486573707424,17
2023-05-27T11:30:00Z,0.012605591883544409,0.016380780774580935,17
2023-05-27T12:00:00Z,0.012977997222106635,0.016499095957299828,17
2023-05-27T12:30:00Z,0.01369927199094279,0.01609137236368483,17
2023-05-27T13:00:00Z,0.014220675438294236,0.016009149982879927,17
2023-05-27T13:30:00Z,0.014194605265926658,0.015534593785491645,17
2023-05-27T14:00:00Z,0.013919957473923248,0.013469354819316433,17
2023-05-27T14:30:00Z,0.013705127856817798,0.010512468694172605,17
2023-05-27T15:00:00Z,0.013225892557121009,0.010384126984632373,17
2023-05-27T15:30:00Z,0.012891205105260246,0.010011373164874856,17
2023-05-27T16:00:00Z,0.012546789161426439,0.009540611335644602,17
2023-05-27T16:30:00Z,0.012093168162230696,0.00893044996795656,17
2023-05-27T17:00:00Z,0.011066184581818036,0.00806212834048069,17
2023-05-27T17:30:00Z,0.009145681884073574,0.007097026987531518,17
2023-05-27T18:00:00Z,0.007259939416152541,0.0059372674911198214,17
2023-05-27T18:30:00Z,0.005669658901730658,0.0049022909851682795,17
2023-05-27T19:00:00Z,0.0044965011451899295,0.004136386038563595,17
2023-05-27T19:30:00Z,0.0036709456868834808,0.0036423541881265248,17
2023-05-27T20:00:00Z,0.0031929925268113345,0.0033291216267834333,17
2023-05-27T20:30:00Z,0.0027932498838419027,0.00313832690648617,17
2023-05-27T21:00:00Z,0.002532548160166182,0.002989044865442019,17
2023-05-27T21:30:00Z,0.0023413668961373246,0.0028738867776720643,17
2023-05-27T22:00:00Z,0.0022118701625678935,0.002803496601577069,17
2023-05-27T22:30:00Z,0.002032472027292742,0.002723942823906134,17
2023-05-27T23:00:00Z,0.0019382976272209079,0.00268009040084876,17
2023-05-27T23:30:00Z,0.0019139094014576949,0.0026142541972786234,17
2023-05-28T00:00:00Z,0.0018895211756944817,0.0026063952575718164,17
2023-05-28T00:30:00Z,0.0018651329499312682,0.002594223545319514,17
2023-05-28T01:00:00Z,0.0018895211756944817,0.0026302956126812295,17
2023-05-28T01:30:00Z,0.0018244859069925796,0.0026148123621477326,17
2023-05-28T02:00:00Z,0.001840744724168055,0.002608389664209228,17
2023-05-28T02:30:00Z,0.0018000976812293664,0.0025603250510453997,17
2023-05-28T03:00:00Z,0.0018082270898171042,0.0025902709520129867,17
2023-05-28T03:30:00Z,0.0019057799928699516,0.0025432931553043374,17
2023-05-28T04:00:00Z,0.0024021972983283217,0.002758816557909236,17
2023-05-28T04:30:00Z,0.003327204815108095,0.003179331737125161,17
2023-05-28T05:00:00Z,0.004831012134846282,0.0036893063554191414,17
2023-05-28T05:30:00Z,0.0068471054646051755,0.0045200534210937775,17
2023-05-28T06:00:00Z,0.008739258630649376,0.00542487456533181,17
2023-05-28T06:30:00Z,0.010309167371035403,0.006505876744840907,17
2023-05-28T07:00:00Z,0.011267637970428963,0.007067760775838726,17
2023-05-28T07:30:00Z,0.012226108569822543,0.00799132152265663,17
2023-05-28T08:00:00Z,0.012837546710814992,0.012531654540164874,17
2023-05-28T08:30:00Z,0.01375883526109416,0.01605297502263891,17
2023-05-28T09:00:00Z,0.014399192773620033,0.015803268770941528,17
2023-05-28T09:30:00Z,0.014785529172924954,0.01514073086731563,17
2023-05-28T10:00:00Z,0.015341692850099833,0.016024415691647146,17
2023-05-28T10:30:00Z,0.015472043711937679,0.017552739230913127,17
2023-05-28T11:00:00Z,0.01590300009335825,0.01927153927401948,17
2023-05-28T11:30:00Z,0.01590300009335825,0.02011014815995181,17
2023-05-28T12:00:00Z,0.01590300009335825,0.019769420426489315,17
2023-05-28T12:30:00Z,0.01577905992964352,0.01915617694188359,17
2023-05-28T13:00:00Z,0.015547704957376153,0.018021332408102827,17
2023-05-28T13:30:00Z,0.01510978304558423,0.017639930730042802,17
2023-05-28T14:00:00Z,0.01475035657081164,0.01623232036339391,17
2023-05-28T14:30:00Z,0.014390930096039053,0.01569325024106078,17
2023-05-28T15:00:00Z,0.01383319935932297,0.012185150980382368,17
2023-05-28T15:30:00Z,0.013395228437699967,0.01037440437544283,17
2023-05-28T16:00:00Z,0.013076013660488143,0.009970603909635306,17
2023-05-28T16:30:00Z,0.012571990328048425,0.009353768044063302,17
2023-05-28T17:00:00Z,0.011824355718262841,0.008432058741957347,17
2023-05-28T17:30:00Z,0.010040757802026873,0.007459736715731055,17
2023-05-28T18:00:00Z,0.008137635219194134,0.006221496507521887,17
2023-05-28T18:30:00Z,0.006503904417492961,0.005166966485142866,17
2023-05-28T19:00:00Z,0.0052264659714819405,0.0044493930384745225,17
2023-05-28T19:30:00Z,0.004348770168440351,0.003984039529662405,17
2023-05-28T20:00:00Z,0.0037578462614420573,0.003689765170578736,17
2023-05-28T20:30:00Z,0.003375483733384337,0.0034974841739694442,17
2023-05-28T21:00:00Z,0.0030887118373410425,0.0033174304271083514,17
2023-05-28T21:30:00Z,0.00281062999875362,0.0032083464870713624,17
2023-05-28T22:00:00Z,0.0025759984474454664,0.003171454057237547,17
2023-05-28T22:30:00Z,0.0025238581027103254,0.003032837948734888,17
2023-05-28T23:00:00Z,0.002463027700519324,0.0029892191283576756,17
2023-05-28T23:30:00Z,0.002416896602882356,0.0029694424273281044,17
2023-05-29T00:00:00Z,0.0022289556992607677,0.0029119750530771085,17
2023-05-29T00:30:00Z,0.002133403433326598,0.002861305348757847,17
2023-05-29T01:00:00Z,0.0021008857989756476,0.0027640092216746977,17
2023-05-29T01:30:00Z,0.00209275639038791,0.002728122242534149,17
2023-05-29T02:00:00Z,0.0020114623045105326,0.002649266733014591,17
2023-05-29T02:30:00Z,0.0018112733913300315,0.0025050255415438303,17
2023-05-29T03:00:00Z,0.0017330628742273126,0.002441486059036837,17
2023-05-29T03:30:00Z,0.001835988355324716,0.0024345479778654137,17
2023-05-29T04:00:00Z,0.002336638648020042,0.002502731793944299,17
2023-05-29T04:30:00Z,0.002955384323964034,0.00277496606429594,17
2023-05-29T05:00:00Z,0.004157588904411499,0.0031476509760499983,17
2023-05-29T05:30:00Z,0.006260455356355665,0.003845096875049066,17
2023-05-29T06:00:00Z,0.007363522813416367,0.0047392269994463556,17
2023-05-29T06:30:00Z,0.008929300215011897,0.005741402865504912,17
2023-05-29T07:00:00Z,0.010218277917644633,0.006542176346323919,17
2023-05-29T07:30:00Z,0.011309506190582037,0.007397225098100563,17
2023-05-29T08:00:00Z,0.012060855018202964,0.01005685430151855,17
2023-05-29T08:30:00Z,0.012903648131462825,0.014421720575032087,17
2023-05-29T09:00:00Z,0.013531611627617233,0.008415565939628479,17
2023-05-29T09:30:00Z,0.014038184231721226,0.012347697617685607,17
2023-05-29T10:00:00Z,0.01461172802380781,0.015704049973946407,17
2023-05-29T10:30:00Z,0.01528086244790882,0.01668784091392071,17
2023-05-29T11:00:00Z,0.015853424027872296,0.019067578561050263,17
2023-05-29T11:30:00Z,0.01579145394601501,0.01911127777422126,17
2023-05-29T12:00:00Z,0.016101304355301677,0.01961571864760235,17
2023-05-29T12:30:00Z,0.014845377362992898,0.016696872730247628,17
2023-05-29T13:00:00Z,0.016010414901910942,0.01909265196259202,17
2023-05-29T13:30:00Z,0.015498128891890253,0.01795771860412317,17
2023-05-29T14:00:00Z,0.015002368237031502,0.016799676798843546,17
2023-05-29T14:30:00Z,0.014977580204288563,0.017110353161551597,17
2023-05-29T15:00:00Z,0.013311224548960013,0.00990696175357522,17
2023-05-29T15:30:00Z,0.012933207049630229,0.009485315592216713,17
2023-05-29T16:00:00Z,0.012958408216252208,0.009695787415214045,17
2023-05-29T16:30:00Z,0.012353580217324543,0.009110143491986187,17
2023-05-29T17:00:00Z,0.01148330733969919,0.00793795306003315,17
2023-05-29T17:30:00Z,0.009649705216513293,0.007151459908070814,17
2023-05-29T18:00:00Z,0.007842173265694984,0.005959097167794698,17
2023-05-29T18:30:00Z,0.006104161774523525,0.004993392449026893,17
2023-05-29T19:00:00Z,0.004800653156144935,0.004261292335013966,17
2023-05-29T19:30:00Z,0.004018547985117778,0.0037773387048870245,17
2023-05-29T20:00:00Z,0.003462384307942906,0.00349338368012269,17
2023-05-29T20:30:00Z,0.003080021779885186,0.003305131970039453,17
2023-05-29T21:00:00Z,0.0028453902285770437,0.0031661440582999895,17
2023-05-29T21:30:00Z,0.0025238581027103206,0.0030699023257445344,17
2023-05-29T22:00:00Z,0.0023674370685048923,0.0029485320864483864,17
2023-05-29T22:30:00Z,0.0022457762641228877,0.0028640786489912513,17
2023-05-29T23:00:00Z,0.0021691563208357167,0.0027775141211141994,17
2023-05-29T23:30:00Z,0.00209275639038791,0.002700649194117102,17
2023-05-30T00:00:00Z,0.002060238756036959,0.00267382331984226,17
2023-05-30T00:30:00Z,0.0020372148851823184,0.0026791219365044907,17
2023-05-30T01:00:00Z,0.0019329341957120313,0.002636685579990276,17
2023-05-30T01:30:00Z,0.0017069927018597392,0.002501172752842916,17
2023-05-30T02:00:00Z,0.0017243728167714567,0.002448037470851938,17
2023-05-30T02:30:00Z,0.0016287821847570248,0.0023583231458701483,17
2023-05-30T03:00:00Z,0.0013072500588903043,0.00229205382700055,17
2023-05-30T03:30:00Z,0.0016874608781422505,0.002194966609618074,17
2023-05-30T04:00:00Z,0.0024179327338974136,0.002569016329267597,17
2023-05-30T04:30:00Z,0.0036742372735092204,0.0033340671492934947,17
2023-05-30T05:00:00Z,0.005335035467286012,0.0041891807021059504,17
2023-05-30T05:30:00Z,0.007413098878902243,0.0048457437981528255,17
2023-05-30T06:00:00Z,0.008879724149526022,0.005840185731742556,17
2023-05-30T06:30:00Z,0.010127388464253857,0.006799228692966643,17
2023-05-30T07:00:00Z,0.010755351960408268,0.007372919338400577,17
2023-05-30T07:30:00Z,0.011431166994964048,0.0078713421454859,17
2023-05-30T08:00:00Z,0.01220958321466058,0.012541282790805016,17
2023-05-30T08:30:00Z,0.012767313951376662,0.01567200575710006,17
2023-05-30T09:00:00Z,0.013429880209811219,0.012734619982208909,17
2023-05-30T09:30:00Z,0.013160488428679644,0.010597382841732055,17
2023-05-30T10:00:00Z,0.013203938715958924,0.01280860749619561,17
2023-05-30T10:30:00Z,0.013551541014193225,0.015824174298539308,17
2023-05-30T11:00:00Z,0.013977353829530229,0.018431901932722327,17
2023-05-30T11:30:00Z,0.014307576012852801,0.019483024377014907,17
2023-05-30T12:00:00Z,0.0149593303220421,0.01874148992004127,17
2023-05-30T12:30:00Z,0.014985842881869545,0.018100322187631718,17
2023-05-30T13:00:00Z,0.014622285068306469,0.017322142677750636,17
2023-05-30T13:30:00Z,0.014514870259753742,0.016246114654509747,17
2023-05-30T14:00:00Z,0.014217413866838502,0.01567006715402213,17
2023-05-30T14:30:00Z,0.013659683130122412,0.013526548828229916,17
2023-05-30T15:00:00Z,0.013462431548691933,0.010540091347918234,17
2023-05-30T15:30:00Z,0.013311224548960018,0.010145995368624577,17
2023-05-30T16:00:00Z,0.013076013660488144,0.009602670942786967,17
2023-05-30T16:30:00Z,0.012555189550300437,0.009211570434997306,17
2023-05-30T17:00:00Z,0.01169834988515291,0.00797503398561544,17
2023-05-30T17:30:00Z,0.009328173090646576,0.00701895682263227,17
2023-05-30T18:00:00Z,0.0074598107376372584,0.0058834812631969055,17
2023-05-30T18:30:00Z,0.005869530223215376,0.004794967661586812,17
2023-05-30T19:00:00Z,0.004531261375013353,0.0040082193735365675,17
2023-05-30T19:30:00Z,0.003679635744339348,0.003562696332322082,17
2023-05-30T20:00:00Z,0.003036571492605901,0.00327906114241508,17
2023-05-30T20:30:00Z,0.0026455189070923248,0.00296805906202019,17
2023-05-30T21:00:00Z,0.0023500569535931802,0.002815272360038801,17
2023-05-30T21:30:00Z,0.0021675657470201786,0.0027059704764936707,17
2023-05-30T22:00:00Z,0.0020358505302737456,0.0026257685722934298,17
2023-05-30T22:30:00Z,0.0018872449654033295,0.002509746052308728,17
2023-05-30T23:00:00Z,0.0018018172819389677,0.0024193712539645742,17
2023-05-30T23:30:00Z,0.0017156827593156005,0.0023921570829612544,17
2023-05-31T00:00:00Z,0.0016287821847570248,0.00231385932591985,17
2023-05-31T00:30:00Z,0.001610177667451723,0.002316177958961493,17
2023-05-31T01:00:00Z,0.0013507003461695917,0.002221094358940323,17
2023-05-31T01:30:00Z,0.0013333202312578766,0.0021616559257880965,17
2023-05-31T02:00:00Z,0.0012116594268758744,0.002088999289041856,17
2023-05-31T02:30:00Z,0.001237729599243446,0.002074876828981738,17
2023-05-31T03:00:00Z,0.0012116594268758744,0.0020571656598687357,17
2023-05-31T03:30:00Z,0.0016138763783173785,0.0020497646591843607,17
2023-05-31T04:00:00Z,0.0023122504222568238,0.0023202388827842932,17
2023-05-31T04:30:00Z,0.0029300854749248766,0.0026365714232880195,17
2023-05-31T05:00:00Z,0.004001167870206066,0.0028950546888653066,17
2023-05-31T05:30:00Z,0.006237369970801054,0.0035288994985888515,17
2023-05-31T06:00:00Z,0.006712465796433531,0.004198833279890251,17
2023-05-31T06:30:00Z,0.007400704862530771,0.005061635844684678,17
2023-05-31T07:00:00Z,0.008751652647020854,0.005834433564854506,17
2023-05-31T07:30:00Z,0.010329086498691655,0.0065532210765555515,17
2023-05-31T08:00:00Z,0.011152324608343209,0.007572803824451184,17
2023-05-31T08:30:00Z,0.011936914854488272,0.00808622922353591,17
2023-05-31T09:00:00Z,0.013039982311548971,0.008001923856892376,17
2023-05-31T09:30:00Z,0.013416735904326068,0.008378234696884498,17
2023-05-31T10:00:00Z,0.014936266816383676,0.0236830836552516,17
2023-05-31T10:30:00Z,0.015280862447908813,0.02489553475061599,17
2023-05-31T11:00:00Z,0.01587821206061535,0.02658085202725554,17
2023-05-31T11:30:00Z,0.015927788126101225,0.027304286364390615,17
2023-05-31T12:00:00Z,0.015853424027872296,0.02642540043227006,17
2023-05-31T12:30:00Z,0.01554357361858563,0.026314185012131994,17
2023-05-31T13:00:00Z,0.015365926050594605,0.02482284079873791,17
2023-05-31T13:30:00Z,0.015171753127441576,0.02309101172138691,17
2023-05-31T14:00:00Z,0.014936266816383673,0.021706631718154578,17
2023-05-31T14:30:00Z,0.015382451405756566,0.02105739483246437,17
2023-05-31T15:00:00Z,0.015630331733185975,0.02112309325798385,17
2023-05-31T15:30:00Z,0.014936266816383673,0.01594507354813287,17
2023-05-31T16:00:00Z,0.014209151189257516,0.011802837161514755,17
2023-05-31T16:30:00Z,0.01351508627245528,0.010873783548020897,17
2023-05-31T17:00:00Z,0.012866003938638263,0.009794434500452701,17
2023-05-31T17:30:00Z,0.011832756107136834,0.008564887008899938,17
2023-05-31T18:00:00Z,0.009176097085169081,0.007019273814729499,17
2023-05-31T18:30:00Z,0.007564091427107553,0.005805485170494989,17
2023-05-31T19:00:00Z,0.005956430797773951,0.004840801008855367,17
2023-05-31T19:30:00Z,0.004791963098689074,0.004300305646737426,17
2023-05-31T20:00:00Z,0.004148898846955638,0.003918201305520107,17
2023-05-31T20:30:00Z,0.0036101152846924837,0.0036827077886273834,17
2023-05-31T21:00:00Z,0.003314653331193334,0.003739516810544301,17
2023-05-31T21:30:00Z,0.0031321621246203327,0.0033623721617255186,17
2023-05-31T22:00:00Z,0.002914910688223897,0.0032161621026999417,17
2023-05-31T22:30:00Z,0.0027932498838419027,0.003131135639939487,17
2023-05-31T23:00:00Z,0.002584688504901328,0.0029848346507015907,17
2023-05-31T23:30:00Z,0.002454337643063468,0.0029248111868341265,17
2023-06-01T00:00:00Z,0.0023848171834166096,0.002906556251215505,17
2023-06-01T00:30:00Z,0.0023239867812256073,0.002874647401184411,17
2023-06-01T01:00:00Z,0.002305840614378692,0.002875954747714433,17
2023-06-01T01:30:00Z,0.0021435280157964054,0.0028336915665365817,17
2023-06-01T02:00:00Z,0.0020764975732124337,0.002773217018102601,17
2023-06-01T02:30:00Z,0.001987074078747329,0.0026607419221279555,17
2023-06-01T03:00:00Z,0.001987074078747324,0.0025949563250992,17
2023-06-01T03:30:00Z,0.002115425402285038,0.002508859107131874,17
2023-06-01T04:00:00Z,0.0031536885859075373,0.0029437757667222695,17
2023-06-01T04:30:00Z,0.0052276206587332785,0.003995890871704985,17
2023-06-01T05:00:00Z,0.007123961961768581,0.005450292624733897,17
2023-06-01T05:30:00Z,0.009276032745911433,0.007296695071052266,17
2023-06-01T06:00:00Z,0.011040114409450467,0.009002860050780824,17
2023-06-01T06:30:00Z,0.011993339919237093,0.010131491360883723,17
2023-06-01T07:00:00Z,0.012616962008526916,0.01312218619337167,17
2023-06-01T07:30:00Z,0.013761692966949337,0.016572323690828134,17
2023-06-01T08:00:00Z,0.014479285508049966,0.0221314005839098,17
2023-06-01T08:30:00Z,0.015795585284805472,0.02066912672281791,17
2023-06-01T09:00:00Z,0.016076516322558774,0.0181479130012772,17
2023-06-01T09:30:00Z,0.014016857214375627,0.01793558151755447,17
2023-06-01T10:00:00Z,0.014067259547619596,0.01936587065720609,17
2023-06-01T10:30:00Z,0.014018598788598765,0.02069438370501887,17
2023-06-01T11:00:00Z,0.013865650214643706,0.022216774753743937,17
2023-06-01T11:30:00Z,0.014092460714241584,0.022959613252571127,17
2023-06-01T12:00:00Z,0.01413446265861156,0.021937877633146828,17
2023-06-01T12:30:00Z,0.014067259547619596,0.020687595519989152,17
2023-06-01T13:00:00Z,0.013966454881131652,0.019976589191543995,17
2023-06-01T13:30:00Z,0.015993889546749008,0.01820218116191439,17
2023-06-01T14:00:00Z,0.015394845422128035,0.021829786521467887,17
2023-06-01T14:30:00Z,0.014977580204288566,0.020344257077390397,17
2023-06-01T15:00:00Z,0.013680841659415811,0.013700945863071162,17
2023-06-01T15:30:00Z,0.013689242048289809,0.012819670798894582,17
2023-06-01T16:00:00Z,0.013050812493866158,0.010392427121495651,17
2023-06-01T16:30:00Z,0.012504787217056466,0.009002297832818699,17
2023-06-01T17:00:00Z,0.010405740215172888,0.007681317760048802,17
2023-06-01T17:30:00Z,0.007903003667885983,0.006536134726003887,17
2023-06-01T18:00:00Z,0.006034641314876665,0.005345194737626476,17
2023-06-01T18:30:00Z,0.005078568914373448,0.004539783503656253,17
2023-06-01T19:00:00Z,0.004267112262976716,0.003853207806303105,17
2023-06-01T19:30:00Z,0.0034556556115799826,0.0033187878366763277,17
2023-06-01T20:00:00Z,0.00298718579221692,0.002965743883722943,17
2023-06-01T20:30:00Z,0.0025354470378311164,0.002732003625231631,17
2023-06-01T21:00:00Z,0.0023263087256154584,0.0025306219724924007,17
2023-06-01T21:30:00Z,0.0019275012576196737,0.0023491714074243206,17
2023-06-01T22:00:00Z,0.001590141866616366,0.002156803789414856,17
2023-06-01T22:30:00Z,0.0015158114378308817,0.002064253371137371,17
2023-06-01T23:00:00Z,0.0014395622818210944,0.002063196198794916,17
2023-06-01T23:30:00Z,0.0013246301738020193,0.002071905559294071,17
2023-06-02T00:00:00Z,0.0011508290246848739,0.0019342179907846386,17
2023-06-02T00:30:00Z,0.001032968130759734,0.0018714151260532858,17
2023-06-02T01:00:00Z,8.791983005238865e-4,0.001883523925708996,17
2023-06-02T01:30:00Z,7.870507477082571e-4,0.001754479096731299,17
2023-06-02T02:00:00Z,8.252874891776133e-4,0.0017494241462896252,17
2023-06-02T02:30:00Z,8.401388632334001e-4,0.001828447983685815,17
2023-06-02T03:00:00Z,7.823001201665471e-4,0.0018221911772793719,17
2023-06-02T03:30:00Z,7.697534279405151e-4,0.001867580435781953,17
2023-06-02T04:00:00Z,0.0012780607750252904,0.002023800499002997,17
2023-06-02T04:30:00Z,0.001937318598496984,0.0026339254817685375,17
2023-06-02T05:00:00Z,0.0021871763188517175,0.0030614590007165374,17
2023-06-02T05:30:00Z,0.0027299706768637204,0.0033884292297474286,17
2023-06-02T06:00:00Z,0.003499144076066493,0.003860548741773964,17
2023-06-02T06:30:00Z,0.004238920257550602,0.0047770851595746195,17
2023-06-02T07:00:00Z,0.00509541781743762,0.00561511278872213,17
2023-06-02T07:30:00Z,0.006252192678774681,0.00650396261193781,17
2023-06-02T08:00:00Z,0.007425492895273708,0.007452720850131283,17
2023-06-02T08:30:00Z,0.008764046663392316,0.0082127648804311,17
2023-06-02T09:00:00Z,0.011160223161876244,0.010863642383582837,17
2023-06-02T09:30:00Z,0.012135170106600666,0.013368400941838821,17
2023-06-02T10:00:00Z,0.012219173995340617,0.014141917257306968,17
2023-06-02T10:30:00Z,0.012244375161962605,0.01757778027161866,17
2023-06-02T11:00:00Z,0.012387181772820525,0.017572722168938276,17
2023-06-02T11:30:00Z,0.012655994216788377,0.02085212924527341,17
2023-06-02T12:00:00Z,0.012874404327512254,0.018492749086088858,17
2023-06-02T12:30:00Z,0.01308441404936214,0.01500078524840264,17
2023-06-02T13:00:00Z,0.013109615215984128,0.014494353572248679,17
2023-06-02T13:30:00Z,0.013212628773414784,0.014754534910136976,17
2023-06-02T14:00:00Z,0.013067613271614154,0.014943319319870092,17
2023-06-02T14:30:00Z,0.013210419882472069,0.011261455187173012,17
2023-06-02T15:00:00Z,0.01296930716465078,0.010492370413573631,17
2023-06-02T15:30:00Z,0.013277622993464033,0.010864625633749377,17
2023-06-02T16:00:00Z,0.012723197327780336,0.009670527432191866,17
2023-06-02T16:30:00Z,0.011926500269947909,0.008805279180735879,17
2023-06-02T17:00:00Z,0.00958018475686644,0.007194364371556385,17
2023-06-02T17:30:00Z,0.007068758152123688,0.006222069150397515,17
2023-06-02T18:00:00Z,0.005469787580245944,0.005086256094840648,17
2023-06-02T18:30:00Z,0.004479121030278217,0.004395645809606707,17
2023-06-02T19:00:00Z,0.0035393109364662426,0.0037146225397106645,17
2023-06-02T19:30:00Z,0.0029844311478707626,0.0032150741215933743,17
2023-06-02T20:00:00Z,0.0026335847357490034,0.002975656924791457,17
2023-06-02T20:30:00Z,0.0021328055171967496,0.002601060338150445,17
2023-06-02T21:00:00Z,0.0017741835813661403,0.002410701617444461,17
2023-06-02T21:30:00Z,0.0019382976272209079,0.0024003318704486133,17
2023-06-02T22:00:00Z,0.0020198347702706015,0.0025241270789545943,17
2023-06-02T22:30:00Z,0.0020893552299174594,0.0025740747065806165,17
2023-06-02T23:00:00Z,0.0020495575639856113,0.00256874289992061,17
2023-06-02T23:30:00Z,0.002084626981800172,0.002590800810527315,17
2023-06-03T00:00:00Z,0.001987074078747324,0.002499010616108861,17
2023-06-03T00:30:00Z,0.001819963448785888,0.0024501825055128993,17
2023-06-03T01:00:00Z,0.0017678231040507413,0.0023768169854425434,17
2023-06-03T01:30:00Z,0.0016476001845955467,0.002383447614602939,17
2023-06-03T02:00:00Z,0.0014726620139554668,0.0023121682797338215,17
2023-06-03T02:30:00Z,0.0012977939494992492,0.0021654803140409066,17
2023-06-03T03:00:00Z,0.001088019190662772,0.0021347256274756557,17
2023-06-03T03:30:00Z,0.0012160906931679477,0.0021264520430782207,17
2023-06-03T04:00:00Z,0.0025505131224960657,0.0026965497159673456,17
2023-06-03T04:30:00Z,0.004054320442234253,0.004007451329740088,17
2023-06-03T05:00:00Z,0.004483979676445162,0.004627290508558686,17
2023-06-03T05:30:00Z,0.005095417817437615,0.004817685754057337,17
2023-06-03T06:00:00Z,0.006568682019250244,0.005592810551621149,17
2023-06-03T06:30:00Z,0.008076804817003127,0.006451346042811925,17
2023-06-03T07:00:00Z,0.008372266770502278,0.0074378472681035125,17
2023-06-03T07:30:00Z,0.009415073665205151,0.008446768294113333,17
2023-06-03T08:00:00Z,0.010463492720675583,0.009542435254188361,17
2023-06-03T08:30:00Z,0.010648301275903483,0.010727921687605751,17
2023-06-03T09:00:00Z,0.011110322663973228,0.012283817486065588,17
2023-06-03T09:30:00Z,0.011500687454610902,0.013104864175517292,17
2023-06-03T10:00:00Z,0.01175715260727088,0.01298593453369315,17
2023-06-03T10:30:00Z,0.012126769717726665,0.013714679740968124,17
2023-06-03T11:00:00Z,0.012613014808960635,0.020115502262404508,17
2023-06-03T11:30:00Z,0.013325599520340934,0.021328311119814012,17
2023-06-03T12:00:00Z,0.014081634519000512,0.02132835837599236,17
2023-06-03T12:30:00Z,0.014622285068306465,0.020108370214944132,17
2023-06-03T13:00:00Z,0.014481819549429818,0.019558344756504534,17
2023-06-03T13:30:00Z,0.014481819549429824,0.018476426377245236,17
2023-06-03T14:00:00Z,0.014225676544419476,0.01803658217837278,17
2023-06-03T14:30:00Z,0.014035634960056958,0.013169728774962032,17
2023-06-03T15:00:00Z,0.013845593375694437,0.011914444814856645,17
2023-06-03T15:30:00Z,0.013572925015522135,0.011150436983123069,17
2023-06-03T16:00:00Z,0.013126415993732116,0.01021374092097745,17
2023-06-03T16:30:00Z,0.012639193439040386,0.009368906058523611,17
2023-06-03T17:00:00Z,0.012025965051238732,0.008481440106537666,17
2023-06-03T17:30:00Z,0.010153728548953023,0.007517271816356561,17
2023-06-03T18:00:00Z,0.008207155678840993,0.0062876063817143115,17
2023-06-03T18:30:00Z,0.006573424877139819,0.005166592635820901,17
2023-06-03T19:00:00Z,0.00513956539692337,0.004252937255171515,17
2023-06-03T19:30:00Z,0.004157588904411495,0.0037111466014177847,17
2023-06-03T20:00:00Z,0.0034710743653987674,0.003292690802617907,17
2023-06-03T20:30:00Z,0.0030365714926059014,0.0030558857645278047,17
2023-06-03T21:00:00Z,0.0028453902285770437,0.0029452444326428253,17
2023-06-03T21:30:00Z,0.002532548160166182,0.002829707526225069,17
2023-06-03T22:00:00Z,0.002376127125960748,0.002750179608065752,17
2023-06-03T22:30:00Z,0.0021936359193877463,0.0026001938282253583,17
2023-06-03T23:00:00Z,0.002150185632108456,0.002566566386794917,17
2023-06-03T23:30:00Z,0.002060238756036959,0.0024761515724710096,17
2023-06-04T00:00:00Z,0.001995203487335062,0.0025191265443811305,17
2023-06-04T00:30:00Z,0.0018025833338741707,0.0022995530783222525,17
2023-06-04T01:00:00Z,0.0017069927018597394,0.0023285451591281993,17
2023-06-04T01:30:00Z,0.001630961915010254,0.0023573696118753583,17
2023-06-04T02:00:00Z,0.0014601065480815331,0.0021776807884159983,17
2023-06-04T02:30:00Z,0.001323422254538558,0.0021739540723086765,17
2023-06-04T03:00:00Z,0.0012780607750252904,0.00217958060815555,17
2023-06-04T03:30:00Z,0.0017938932764183114,0.0021612045559563455,17
2023-06-04T04:00:00Z,0.0031247692143741078,0.003120720999599513,17
2023-06-04T04:30:00Z,0.004682283938388659,0.00438466697913691,17
2023-06-04T05:00:00Z,0.006225822578905521,0.004881856314111186,17
2023-06-04T05:30:00Z,0.007995617648361266,0.005750299257391468,17
2023-06-04T06:00:00Z,0.009484594124852008,0.006811041875894479,17
2023-06-04T06:30:00Z,0.010771877315570229,0.008137884675060159,17
2023-06-04T07:00:00Z,0.011605945607538958,0.009543411424416894,17
2023-06-04T07:30:00Z,0.012691225326063347,0.010380233761250574,17
2023-06-04T08:00:00Z,0.013564662337941149,0.015585796152181638,17
2023-06-04T08:30:00Z,0.01411826173586675,0.019275084381606685,17
2023-06-04T09:00:00Z,0.014936266816383673,0.020203550748379224,17
2023-06-04T09:30:00Z,0.015141821528615105,0.020800998359658613,17
2023-06-04T10:00:00Z,0.015263482332997107,0.022209693573492815,17
2023-06-04T10:30:00Z,0.01541990336720255,0.023806569320631733,17
2023-06-04T11:00:00Z,0.015637154803598976,0.024298571622552775,17
2023-06-04T11:30:00Z,0.016059990967396843,0.025485125943758718,17
2023-06-04T12:00:00Z,0.016167405775949537,0.02492383344543442,17
2023-06-04T12:30:00Z,0.01591952544852018,0.02452045948188357,17
2023-06-04T13:00:00Z,0.015605543700442944,0.023001095076958137,17
2023-06-04T13:30:00Z,0.015448552826404383,0.021632991597904765,17
2023-06-04T14:00:00Z,0.01507673233526032,0.019598326467384408,17
2023-06-04T14:30:00Z,0.01506020698009836,0.01893956351219701,17
2023-06-04T15:00:00Z,0.014403324112410515,0.013113655537051728,17
2023-06-04T15:30:00Z,0.014035634960056958,0.011536008146337791,17
2023-06-04T16:00:00Z,0.015051788828512129,0.011200566970001947,17
2023-06-04T16:30:00Z,0.013193619104724082,0.009965333492746737,17
2023-06-04T17:00:00Z,0.012689595772284361,0.009194219683886742,17
2023-06-04T17:30:00Z,0.0112573658458469,0.00817225741158371,17
2023-06-04T18:00:00Z,0.009136991826617716,0.007047729291961238,17
2023-06-04T18:30:00Z,0.007242559301240829,0.005595680233059652,17
2023-06-04T19:00:00Z,0.0056870390166423755,0.0046841501941954,17
2023-06-04T19:30:00Z,0.004652922179395357,0.004078534450020734,17
2023-06-04T20:00:00Z,0.0039664076403826305,0.003695768641866473,17
2023-06-04T20:30:00Z,0.003375483733384336,0.003415750929717012,17
2023-06-04T21:00:00Z,0.003088711837341053,0.0032370877332514093,17
2023-06-04T21:30:00Z,0.0028453902285770485,0.0030581322187973985,17
2023-06-04T22:00:00Z,0.0025933785623571837,0.002957208331198134,17
2023-06-04T22:30:00Z,0.0024369575281517506,0.002870467652007981,17
2023-06-04T23:00:00Z,0.0023152967237697517,0.002736397917899905,17
2023-06-04T23:30:00Z,0.002150185632108462,0.002612597091445174,17
2023-06-05T00:00:00Z,0.0020850102011895286,0.002602942860744177,17
2023-06-05T00:30:00Z,0.002071975115005742,0.0025098555903257736,17
2023-06-05T01:00:00Z,0.001987074078747329,0.002502762287714182,17
2023-06-05T01:30:00Z,0.001941624253167887,0.00242491922989995,17
2023-06-05T02:00:00Z,0.001840032172299632,0.0024231893008502883,17
2023-06-05T02:30:00Z,0.0018108758105262926,0.0024310177793869588,17
2023-06-05T03:00:00Z,0.0017678231040507467,0.002408120124472106,17
2023-06-05T03:30:00Z,0.0022718464364904615,0.002426332763736006,17
2023-06-05T04:00:00Z,0.0037816520820619435,0.0037061383866684185,17
2023-06-05T04:30:00Z,0.0055663904395534215,0.004761288637510353,17
2023-06-05T05:00:00Z,0.007863414807065601,0.00590817991393875,17
2023-06-05T05:30:00Z,0.009498851562077786,0.0068828215647710675,17
2023-06-05T06:00:00Z,0.011109634869097324,0.008272319430303031,17
2023-06-05T06:30:00Z,0.012294777495206579,0.009476270307536791,17
2023-06-05T07:00:00Z,0.012725985555886776,0.010962604009772656,17
2023-06-05T07:30:00Z,0.014205019850467022,0.013736022483415338,17
2023-06-05T08:00:00Z,0.015035418947355416,0.01939690911580698,17
2023-06-05T08:30:00Z,0.015589845393086686,0.021994219843514757,17
2023-06-05T09:00:00Z,0.01576924352836181,0.023296610756483274,17
2023-06-05T09:30:00Z,0.01628721460087377,0.024648346470930484,17
2023-06-05T10:00:00Z,0.016473124846445784,0.021429535189486378,17
2023-06-05T10:30:00Z,0.01501287642149768,0.019430885002598288,17
2023-06-05T11:00:00Z,0.013856010616844019,0.02091392976453701,17
2023-06-05T11:30:00Z,0.013991656047753643,0.022150487125117333,17
2023-06-05T12:00:00Z,0.01442007588032741,0.0215344683508226,17
2023-06-05T12:30:00Z,0.017030855583161905,0.020318375913817393,17
2023-06-05T13:00:00Z,0.016956491484933053,0.019834391283701385,17
2023-06-05T13:30:00Z,0.01641528610337894,0.024154776314571223,17
2023-06-05T14:00:00Z,0.01605999096739679,0.021902303410733667,17
2023-06-05T14:30:00Z,0.01627482058450233,0.022130243111133555,17
2023-06-05T15:00:00Z,0.015316349985108722,0.01946819419927448,17
2023-06-05T15:30:00Z,0.014324828675391222,0.01380349394051655,17
2023-06-05T16:00:00Z,0.01389516944118031,0.011408476695541497,17
2023-06-05T16:30:00Z,0.01339522843769997,0.010731976339625733,17
2023-06-05T17:00:00Z,0.012849203160890273,0.009663072610550225,17
2023-06-05T17:30:00Z,0.011309506190582038,0.008371509043620554,17
2023-06-05T18:00:00Z,0.008824149758206862,0.006746872813341678,17
2023-06-05T18:30:00Z,0.006947097347741683,0.005623744920535643,17
2023-06-05T19:00:00Z,0.005504547810069372,0.004712036585472408,17
2023-06-05T19:30:00Z,0.004531261375013353,0.004154059749479765,17
2023-06-05T20:00:00Z,0.003949027525470919,0.0038641640688315848,17
2023-06-05T20:30:00Z,0.0035225798714889935,0.0036051195535141767,17
2023-06-05T21:00:00Z,0.003253822929002337,0.003451314324228122,17
2023-06-05T21:30:00Z,0.0029757410904148987,0.003293324394973378,17
2023-06-05T22:00:00Z,0.002880150458400468,0.0031548912743245322,17
2023-06-05T22:30:00Z,0.0027411095391067517,0.0031433453233092492,17
2023-06-05T23:00:00Z,0.002741109539106756,0.0031245827969829214,17
2023-06-05T23:30:00Z,0.002628138792180613,0.003077670158264735,17
2023-06-06T00:00:00Z,0.0025412382176220427,0.0030058609434162453,17
2023-06-06T00:30:00Z,0.002454337643063468,0.002943530598439283,17
2023-06-06T01:00:00Z,0.0023500569535931807,0.0029006265077813915,17
2023-06-06T01:30:00Z,0.0024369575281517554,0.00286645491863852,17
2023-06-06T02:00:00Z,0.0023239867812256073,0.0028266293482341344,17
2023-06-06T02:30:00Z,0.0024021972983283217,0.0027962380422629778,17
2023-06-06T03:00:00Z,0.0023239867812256017,0.002827103366328473,17
2023-06-06T03:30:00Z,0.00247171775797518,0.0027082695741283414,17
2023-06-06T04:00:00Z,0.0030974018947969033,0.0034229293665251153,17
2023-06-06T04:30:00Z,0.004088068444764641,0.003991410687902265,17
2023-06-06T05:00:00Z,0.006529974589860534,0.005267077912211148,17
2023-06-06T05:30:00Z,0.007407670392902118,0.005928199082094278,17
2023-06-06T06:00:00Z,0.009135867154536374,0.007359321778732449,17
2023-06-06T06:30:00Z,0.010483950732275597,0.008477888866671097,17
2023-06-06T07:00:00Z,0.012899786705003923,0.01249504816965247,17
2023-06-06T07:30:00Z,0.013919957473923248,0.013170403326925345,17
2023-06-06T08:00:00Z,0.01377971408661944,0.018325999883183775,17
2023-06-06T08:30:00Z,0.014291777965067306,0.018743194172296203,17
2023-06-06T09:00:00Z,0.015101520368003232,0.019682115148934743,17
2023-06-06T09:30:00Z,0.01496931752670759,0.01918485172359644,17
2023-06-06T10:00:00Z,0.011790754162766854,0.009270161490763377,17
2023-06-06T10:30:00Z,0.010327529698070168,0.007497041152758953,17
2023-06-06T11:00:00Z,0.01160496814408119,0.009076762310394606,17
2023-06-06T11:30:00Z,0.013210419882472069,0.010999107743405925,17
2023-06-06T12:00:00Z,0.015217197854136952,0.020915132484306587,17
2023-06-06T12:30:00Z,0.016117829710463685,0.019751216614573328,17
2023-06-06T13:00:00Z,0.016460730830074297,0.023997909543538976,17
2023-06-06T13:30:00Z,0.014465294194267864,0.019074890657177605,17
2023-06-06T14:00:00Z,0.014820589330249968,0.018242809201378243,17
2023-06-06T14:30:00Z,0.015275036597203839,0.01929238205890553,17
2023-06-06T15:00:00Z,0.014845377362992903,0.0176910703831043,17
2023-06-06T15:30:00Z,0.01362250108100801,0.013143987266064854,17
2023-06-06T16:00:00Z,0.013160017549228104,0.010412189610301834,17
2023-06-06T16:30:00Z,0.01241238293944251,0.01000336138708947,17
2023-06-06T17:00:00Z,0.009293412860823152,0.006992571123063308,17
2023-06-06T17:30:00Z,0.00615630211925867,0.00512566482747112,17
2023-06-06T18:00:00Z,0.004677023354919391,0.004177231394892482,17
2023-06-06T18:30:00Z,0.0037902769111250283,0.0035571594525830295,17
2023-06-06T19:00:00Z,0.0031377653770121913,0.003203834063728891,17
2023-06-06T19:30:00Z,0.0027194887525808903,0.0029491208483755594,17
2023-06-06T20:00:00Z,0.0024015985180130886,0.0027863784413207113,17
2023-06-06T20:30:00Z,0.0021241154597408884,0.002568704806792743,17
2023-06-06T21:00:00Z,0.001966590828604539,0.0025217757422126173,17
2023-06-06T21:30:00Z,0.001837343563697605,0.0024409340826326217,17
2023-06-06T22:00:00Z,0.0017504429891390294,0.002375298695105167,17
2023-06-06T22:30:00Z,0.001620092127301169,0.0022971147542212075,17
2023-06-06T23:00:00Z,0.0014636710930957353,0.0022392805492753385,17
2023-06-06T23:30:00Z,0.001402840690904735,0.002181792831126576,17
2023-06-07T00:00:00Z,0.0013941506334488778,0.0021684964637988325,17
2023-06-07T00:30:00Z,0.0012724898290668752,0.002096365061442147,17
2023-06-07T01:00:00Z,0.0011269385825705299,0.0020385439732821917,17
2023-06-07T01:30:00Z,0.001032968130759734,0.0020663509504762452,17
2023-06-07T02:00:00Z,9.971297372720024e-4,0.0019968956500580606,17
2023-06-07T02:30:00Z,8.731895735573164e-4,0.001980659036131264,17
2023-06-07T03:00:00Z,7.823001201665471e-4,0.0018299024046666429,17
2023-06-07T03:30:00Z,6.831479891947982e-4,0.0018189544370459752,17
2023-06-07T04:00:00Z,6.831479891947982e-4,0.001821244987237992,17
2023-06-07T04:30:00Z,6.641858071568655e-4,0.0018147162368773236,17
2023-06-07T05:00:00Z,8.070881529094838e-4,0.00199635819146399,17
2023-06-07T05:30:00Z,0.0010219177700149396,0.0020047609184941687,17
2023-06-07T06:00:00Z,0.002117899710757104,0.0020452715172678436,17
2023-06-07T06:30:00Z,0.0028244031632842807,0.0023449377441800688,17
2023-06-07T07:00:00Z,0.003334954382976167,0.0027112105163695885,17
2023-06-07T07:30:00Z,0.0036037668269440146,0.0029164381132825257,17
2023-06-07T08:00:00Z,0.0028533372723989025,0.0024855402012760133,17
2023-06-07T08:30:00Z,0.003553364493700045,0.0028259012082969795,17
2023-06-07T09:00:00Z,0.007272974502336327,0.0061114907812338595,17
2023-06-07T09:30:00Z,0.009901716882733162,0.009771113368131875,17
2023-06-07T10:00:00Z,0.01258694463659306,0.01426481792535095,17
2023-06-07T10:30:00Z,0.014192625834095567,0.01821406488709853,17
2023-06-07T11:00:00Z,0.015027156269774418,0.021042160466146424,17
2023-06-07T11:30:00Z,0.013890851381265694,0.019892696062835495,17
2023-06-07T12:00:00Z,0.016530963589512622,0.019612211892669696,17
2023-06-07T12:30:00Z,0.016770581239361038,0.01944878314874642,17
2023-06-07T13:00:00Z,0.01454608171343734,0.020500430796389316,17
2023-06-07T13:30:00Z,0.01652270091193158,0.01870627965200861,17
2023-06-07T14:00:00Z,0.016485518862817197,0.022621492899401522,17
2023-06-07T14:30:00Z,0.01627482058450233,0.021242533170280777,17
2023-06-07T15:00:00Z,0.015828635995129434,0.0190835192908836,17
2023-06-07T15:30:00Z,0.01567164512109076,0.018325919093700356,17
2023-06-07T16:00:00Z,0.014498344904591792,0.011826296275050836,17
2023-06-07T16:30:00Z,0.01360597572584605,0.010783475581656637,17
2023-06-07T17:00:00Z,0.012420783328316505,0.008964194131391974,17
2023-06-07T17:30:00Z,0.010110278261673733,0.007497218162535941,17
2023-06-07T18:00:00Z,0.00818977556392927,0.006396450466865853,17
2023-06-07T18:30:00Z,0.006269272866184813,0.005092676858951183,17
2023-06-07T19:00:00Z,0.004896243788159361,0.004261614825461664,17
2023-06-07T19:30:00Z,0.003957717582926776,0.0037154177834323723,17
2023-06-07T20:00:00Z,0.0033928638482960535,0.0033774763978999564,17
2023-06-07T20:30:00Z,0.0029583609755031866,0.0031254056349201273,17
2023-06-07T21:00:00Z,0.002662899022004047,0.0029862233081989088,17
2023-06-07T21:30:00Z,0.0024021972983283217,0.0028609460927679566,17
2023-06-07T22:00:00Z,0.002263156379034605,0.002712684973856674,17
2023-06-07T22:30:00Z,0.0020719751150057473,0.002659307015983575,17
2023-06-07T23:00:00Z,0.001863413736065173,0.00247598106814394,17
2023-06-07T23:30:00Z,0.0016461622996687371,0.0023692082680941873,17
2023-06-08T00:00:00Z,0.0015766418400218803,0.002254278975676119,17
2023-06-08T00:30:00Z,0.001550571667654309,0.0022280172396033347,17
2023-06-08T01:00:00Z,0.00142022080581645,0.0021614174674816316,17
2023-06-08T01:30:00Z,0.0012985600014344474,0.002141747151690258,17
2023-06-08T02:00:00Z,0.0011867379609955815,0.002043287421364028,17
2023-06-08T02:30:00Z,0.0012465373394206336,0.0020354853504157664,17
2023-06-08T03:00:00Z,0.0011098530458776576,0.0020506400473943964,17
2023-06-08T03:30:00Z,0.001176899197052445,0.002036254430930863,17
2023-06-08T04:00:00Z,0.0013072500588903043,0.0021419262936166906,17
2023-06-08T04:30:00Z,0.0016126125504675357,0.0022002766329501985,17
2023-06-08T05:00:00Z,0.002287862196493615,0.0022661056959826092,17
2023-06-08T05:30:00Z,0.003276151660858197,0.00269283439948916,17
2023-06-08T06:00:00Z,0.005417662243095799,0.004415822207185871,17
2023-06-08T06:30:00Z,0.0065413863941089475,0.005698701008689977,17
2023-06-08T07:00:00Z,0.00923501928550813,0.0059016782303267625,17
2023-06-08T07:30:00Z,0.012534804291857915,0.010802399230822617,17
2023-06-08T08:00:00Z,0.013159791136473179,0.012630445552979264,17
2023-06-08T08:30:00Z,0.013424196819064505,0.012110642674859883,17
2023-06-08T09:00:00Z,0.011987330672138904,0.009373927980120723,17
2023-06-08T09:30:00Z,0.013143265781311218,0.011599519963254798,17
2023-06-08T10:00:00Z,0.014547920970077639,0.014629670240421631,17
2023-06-08T10:30:00Z,0.015258511242041846,0.020807277308687852,17
2023-06-08T11:00:00Z,0.016448336813702884,0.022213216143938796,17
2023-06-08T11:30:00Z,0.0165061755567697,0.0205868416156065,17
2023-06-08T12:00:00Z,0.014126062269737564,0.02067217085625902,17
2023-06-08T12:30:00Z,0.014294070047217472,0.02036304123450229,17
2023-06-08T13:00:00Z,0.01646486216886484,0.021346544731768568,17
2023-06-08T13:30:00Z,0.01648138752402672,0.023740847873546567,17
2023-06-08T14:00:00Z,0.016415286103378945,0.023322795885049635,17
2023-06-08T14:30:00Z,0.016068253644977836,0.020777283887824027,17
2023-06-08T15:00:00Z,0.016336790666359645,0.020438518663867165,17
2023-06-08T15:30:00Z,0.01551465424705222,0.017125355630400352,17
2023-06-08T16:00:00Z,0.014490082227010807,0.011491277243223208,17
2023-06-08T16:30:00Z,0.014481819549429818,0.01121506000621105,17
2023-06-08T17:00:00Z,0.013746441244722685,0.010502104239171186,17
2023-06-08T17:30:00Z,0.012563589939174427,0.009503208978297907,17
2023-06-08T18:00:00Z,0.010510020904643175,0.007612491903783274,17
2023-06-08T18:30:00Z,0.008294056253399563,0.006411809831419762,17
2023-06-08T19:00:00Z,0.006486524302581249,0.0052342154321152615,17
2023-06-08T19:30:00Z,0.005209085856570223,0.004592737357156241,17
2023-06-08T20:00:00Z,0.004305319881161066,0.004085135774175709,17
2023-06-08T20:30:00Z,0.0036647939237956354,0.003725740252789966,17
2023-06-08T21:00:00Z,0.003210372641723047,0.0034675394847164956,17
2023-06-08T21:30:00Z,0.0028801504584004727,0.0032070419590557323,17
2023-06-08T22:00:00Z,0.0025499282750778987,0.0029897994666552,17
2023-06-08T22:30:00Z,0.0023007026883185232,0.0028355155915876576,17
2023-06-08T23:00:00Z,0.0020920738159339266,0.002727545759199988,17
2023-06-08T23:30:00Z,0.0020277211216860077,0.0027005403323413393,17
2023-06-09T00:00:00Z,0.002002454655358889,0.0026776513962516583,17
2023-06-09T00:30:00Z,0.001872103793521034,0.0025973017304805794,17
2023-06-09T01:00:00Z,0.001905779992869957,0.002562662187106162,17
2023-06-09T01:30:00Z,0.0017938932764183142,0.0024734937991547344,17
2023-06-09T02:00:00Z,0.0016548523571245932,0.0023775069091702874,17
2023-06-09T02:30:00Z,0.0016027120123894517,0.002331613177593409,17
2023-06-09T03:00:00Z,0.001489741265463308,0.002294676985321868,17
2023-06-09T03:30:00Z,0.0016461622996687387,0.002275880767314759,17
2023-06-09T04:00:00Z,0.0026166145431439,0.0027176875312124914,17
2023-06-09T04:30:00Z,0.003949104036525622,0.0033860031576746757,17
2023-06-09T05:00:00Z,0.005218924620513362,0.004123007919270946,17
2023-06-09T05:30:00Z,0.007320769818343548,0.005125883209348098,17
2023-06-09T06:00:00Z,0.00932817309064658,0.0069400626437414676,17
2023-06-09T06:30:00Z,0.01046657061736388,0.008312608763142168,17
2023-06-09T07:00:00Z,0.011943880384859624,0.009930582780457779,17
2023-06-09T07:30:00Z,0.013172241951045261,0.012126930343750175,17
2023-06-09T08:00:00Z,0.01476119686348235,0.018998088289005555,17
2023-06-09T08:30:00Z,0.01601698381040844,0.022602299212984085,17
2023-06-09T09:00:00Z,0.01653509492830315,0.017487584536292625,17
2023-06-09T09:30:00Z,0.014268868880595484,0.018556744715857058,17
2023-06-09T10:00:00Z,0.014268868880595484,0.01976577459328059,17
2023-06-09T10:30:00Z,0.015197363033820696,0.02142105827591204,17
2023-06-09T11:00:00Z,0.015311174754049032,0.022541647128740076,17
2023-06-09T11:30:00Z,0.01497786900195179,0.02356695580030616,17
2023-06-09T12:00:00Z,0.01484009532402718,0.022143516088696094,17
2023-06-09T12:30:00Z,0.014981900220374827,0.021060424218353017,17
2023-06-09T13:00:00Z,0.014890497657271152,0.020526819869029045,17
2023-06-09T13:30:00Z,0.016770581239361038,0.025074593366828952,17
2023-06-09T14:00:00Z,0.016630115720484378,0.02445240970615077,17
2023-06-09T14:30:00Z,0.016559882961046046,0.02306425711259621,17
2023-06-09T15:00:00Z,0.01647312484644573,0.021101755945909455,17
2023-06-09T15:30:00Z,0.016737530529037068,0.020609166556995226,17
2023-06-09T16:00:00Z,0.015737746541738613,0.017666790994240147,17
2023-06-09T16:30:00Z,0.013882775424808844,0.010837644277583275,17
2023-06-09T17:00:00Z,0.011083564696729747,0.008190641398319506,17
2023-06-09T17:30:00Z,0.008241915908664415,0.006568384287574042,17
2023-06-09T18:00:00Z,0.006903647060462398,0.005828384910901502,17
2023-06-09T18:30:00Z,0.006086781659611812,0.005364509658688096,17
2023-06-09T19:00:00Z,0.005104805167099942,0.004674066164790417,17
2023-06-09T19:30:00Z,0.004261869593881781,0.00419592781205778,17
2023-06-09T20:00:00Z,0.0037651803136591446,0.0038706547049693753,17
2023-06-09T20:30:00Z,0.0034472900790913585,0.0036464876420398452,17
2023-06-09T21:00:00Z,0.003271203043914049,0.00359112946548448,17
2023-06-09T21:30:00Z,0.0030887118373410473,0.0035492173064920387,17
2023-06-09T22:00:00Z,0.0031321621246203322,0.0034763616121818545,17
2023-06-09T22:30:00Z,0.0031427887879544683,0.0035208425524633664,17
2023-06-09T23:00:00Z,0.0029583609755031927,0.003442290080016924,17
2023-06-09T23:30:00Z,0.002758489654018474,0.0033293069571692607,17
2023-06-10T00:00:00Z,0.002558618332533755,0.003235826374022237,17
2023-06-10T00:30:00Z,0.0024369575281517506,0.0030922318151937107,17
2023-06-10T01:00:00Z,0.0022544663215787433,0.0029866632250452017,17
2023-06-10T01:30:00Z,0.0021024394282597573,0.002859765300396777,17
2023-06-10T02:00:00Z,0.001997476525875704,0.0027257400204512266,17
2023-06-10T02:30:00Z,0.0018547236786093165,0.002604395123523409,17
2023-06-10T03:00:00Z,0.0017330628742273126,0.0025222663022202185,17
2023-06-10T03:30:00Z,0.002124115459740894,0.002523368058688697,17
2023-06-10T04:00:00Z,0.0029670510329590483,0.0034301864471215546,17
2023-06-10T04:30:00Z,0.0047731733917794296,0.0038647400569103135,17
2023-06-10T05:00:00Z,0.006150086370274885,0.004748082214364623,17
2023-06-10T05:30:00Z,0.007824793150783268,0.0058494547932665675,17
2023-06-10T06:00:00Z,0.008841529873118566,0.0070081084339169335,17
2023-06-10T06:30:00Z,0.009917447211053148,0.007811977845675279,17
2023-06-10T07:00:00Z,0.010686296362232388,0.00876173572761443,17
2023-06-10T07:30:00Z,0.01211768153397677,0.010038167651362546,17
2023-06-10T08:00:00Z,0.01318932748773813,0.0121071097287212,17
2023-06-10T08:30:00Z,0.01453054211812858,0.0157634359816221,17
2023-06-10T09:00:00Z,0.015580755667700048,0.020335898528696186,17
2023-06-10T09:30:00Z,0.015936050803682166,0.02204345028561671,17
2023-06-10T10:00:00Z,0.01642354878095991,0.020078027570144062,17
2023-06-10T10:30:00Z,0.014473845669512065,0.01965826859510327,17
2023-06-10T11:00:00Z,0.014790892604433831,0.021598369861795187,17
2023-06-10T11:30:00Z,0.016993673534047467,0.022552257157151718,17
2023-06-10T12:00:00Z,0.016993673534047467,0.021578874644757436,17
2023-06-10T12:30:00Z,0.01694409746856162,0.02202757274678767,17
2023-06-10T13:00:00Z,0.016902784080656656,0.019979051134796578,17
2023-06-10T13:30:00Z,0.016638378398065368,0.0245958156717025,17
2023-06-10T14:00:00Z,0.016332659327569173,0.02256047020893235,17
2023-06-10T14:30:00Z,0.016150880420787626,0.020909666573188296,17
2023-06-10T15:00:00Z,0.01586168670545329,0.019730722246615106,17
2023-06-10T15:30:00Z,0.01576253457448159,0.018678998801958595,17
2023-06-10T16:00:00Z,0.015646857088347906,0.01591088799582403,17
2023-06-10T16:30:00Z,0.014824720669040453,0.011697624065581483,17
2023-06-10T17:00:00Z,0.013655640492793827,0.010515412297721396,17
2023-06-10T17:30:00Z,0.011830909637933477,0.00879246251589967,17
2023-06-10T18:00:00Z,0.00918913217135286,0.007367652891927795,17
2023-06-10T18:30:00Z,0.006834126600815535,0.005706553559393295,17
2023-06-10T19:00:00Z,0.005330746660952227,0.004765811890718298,17
2023-06-10T19:30:00Z,0.004359133120351605,0.004145081525027524,17
2023-06-10T20:00:00Z,0.0037651803136591446,0.00368185496292709,17
2023-06-10T20:30:00Z,0.0033218070917619704,0.0034591270307182905,17
2023-06-10T21:00:00Z,0.002945358129773787,0.003278886842993045,17
2023-06-10T21:30:00Z,0.0026776610901377575,0.0030818309264738575,17
2023-06-10T22:00:00Z,0.0023263087256154584,0.002972569192313727,17
2023-06-10T22:30:00Z,0.002184094673308811,0.0029185538798339496,17
2023-06-10T23:00:00Z,0.0021255359458884297,0.0028284589013968567,17
2023-06-10T23:30:00Z,0.001962685852984116,0.0027318350706531983,17
2023-06-11T00:00:00Z,0.0018721037935210286,0.0026609218920268587,17
2023-06-11T00:30:00Z,0.0016896125869480224,0.002551431770100396,17
2023-06-11T01:00:00Z,0.0015940219549335922,0.002444182112347476,17
2023-06-11T01:30:00Z,0.00142022080581645,0.002344895049748757,17
2023-06-11T02:00:00Z,0.0013941506334488778,0.0023175948766537263,17
2023-06-11T02:30:00Z,0.001402840690904735,0.0022540081710521295,17
2023-06-11T03:00:00Z,0.00142022080581645,0.0022501913821483307,17
2023-06-11T03:30:00Z,0.0015679517825660243,0.0022849526357928323,17
2023-06-11T04:00:00Z,0.002277844762323757,0.002675649511914125,17
2023-06-11T04:30:00Z,0.0034273586605901175,0.0030803653722037976,17
2023-06-11T05:00:00Z,0.004922627880161293,0.0037444719612381165,17
2023-06-11T05:30:00Z,0.007233869243784973,0.004926971364227391,17
2023-06-11T06:00:00Z,0.00920651228626458,0.006684748646815477,17
2023-06-11T06:30:00Z,0.010735962398495457,0.00828489732579502,17
2023-06-11T07:00:00Z,0.01262170486641649,0.010594523489545215,17
2023-06-11T07:30:00Z,0.01331962493783401,0.011158795947042124,17
2023-06-11T08:00:00Z,0.014855167315293162,0.01813483732258465,17
2023-06-11T08:30:00Z,0.015903000093358172,0.021666063299874635,17
2023-06-11T09:00:00Z,0.01682841998242788,0.019287608263681262,17
2023-06-11T09:30:00Z,0.014806493768531197,0.01934604189953054,17
2023-06-11T10:00:00Z,0.014756091435287227,0.02055497058347532,17
2023-06-11T10:30:00Z,0.01542498647427736,0.020957997834016518,17
2023-06-11T11:00:00Z,0.01548189233439151,0.022794478377179024,17
2023-06-11T11:30:00Z,0.015262398302522597,0.0232434894624141,17
2023-06-11T12:00:00Z,0.014985998410539525,0.022340427398236603,17
2023-06-11T12:30:00Z,0.015267513442090676,0.021508911905353936,17
2023-06-11T13:00:00Z,0.017167189763248044,0.025932245325432608,17
2023-06-11T13:30:00Z,0.01697714817888548,0.02529722513036357,17
2023-06-11T14:00:00Z,0.016638378398065368,0.02393831640645575,17
2023-06-11T14:30:00Z,0.016584670993788946,0.02189471292979466,17
2023-06-11T15:00:00Z,0.016101304355301754,0.019982119353448423,17
2023-06-11T15:30:00Z,0.015841030011500883,0.018191084194873246,17
2023-06-11T16:00:00Z,0.015295693291156258,0.013688540993905913,17
2023-06-11T16:30:00Z,0.01481232665266899,0.01157653896625092,17
2023-06-11T17:00:00Z,0.014016857214375624,0.010707105765461394,17
2023-06-11T17:30:00Z,0.013125728198856214,0.009586911837316092,17
2023-06-11T18:00:00Z,0.010883693375245035,0.00828127048776632,17
2023-06-11T18:30:00Z,0.008737249183648283,0.006853468255462804,17
2023-06-11T19:00:00Z,0.00683412660081554,0.005616032663539248,17
2023-06-11T19:30:00Z,0.005461097522790088,0.004901895906259713,17
2023-06-11T20:00:00Z,0.004600781834660217,0.004411421232588429,17
2023-06-11T20:30:00Z,0.004053308214941206,0.004111047340335758,17
2023-06-11T21:00:00Z,0.0036883258017951985,0.0038846460536134395,17
2023-06-11T21:30:00Z,0.003410243963207771,0.003704135112274439,17
2023-06-11T22:00:00Z,0.0031843024693554794,0.0035698657136383214,17
2023-06-11T22:30:00Z,0.003062641664973474,0.003508101685279241,17
2023-06-11T23:00:00Z,0.002819685927884089,0.003420454732167488,17
2023-06-11T23:30:00Z,0.002741109539106756,0.003378411331183852,17
2023-06-12T00:00:00Z,0.0024266951154789775,0.0032116565855595538,17
2023-06-12T00:30:00Z,0.0022948714159638445,0.003093958363246704,17
2023-06-12T01:00:00Z,0.002184094673308811,0.00303512643727644,17
2023-06-12T01:30:00Z,0.002060238756036959,0.00295041762395786,17
2023-06-12T02:00:00Z,0.0020277211216860077,0.0029178225460779425,17
2023-06-12T02:30:00Z,0.0020033328959227995,0.002803992406372285,17
2023-06-12T03:00:00Z,0.0019850745404471778,0.0027285234521671974,17
2023-06-12T03:30:00Z,0.002254052509481165,0.0028420640302552207,17
2023-06-12T04:00:00Z,0.0033024167823651595,0.0035602718704726105,17
2023-06-12T04:30:00Z,0.004894299423348797,0.00397404562321799,17
2023-06-12T05:00:00Z,0.005617518556995517,0.004259573054198207,17
2023-06-12T05:30:00Z,0.007868243438062557,0.005368695357859005,17
2023-06-12T06:00:00Z,0.00932817309064658,0.006915704694336844,17
2023-06-12T06:30:00Z,0.010643582520500204,0.008378973985971934,17
2023-06-12T07:00:00Z,0.012155652517819374,0.010337061089879898,17
2023-06-12T07:30:00Z,0.01342852500143833,0.011425463788553308,17
2023-06-12T08:00:00Z,0.014769739631828782,0.017842673462261233,17
2023-06-12T08:30:00Z,0.01577079725206253,0.0205100856582585,17
2023-06-12T09:00:00Z,0.01633265932756907,0.022125326447643617,17
2023-06-12T09:30:00Z,0.017001936211628408,0.021422853503185752,17
2023-06-12T10:00:00Z,0.017274604571800738,0.021004918632154895,17
2023-06-12T10:30:00Z,0.017365494025191545,0.021117685390944017,17
2023-06-12T11:00:00Z,0.015368080614163194,0.022953776061220656,17
2023-06-12T11:30:00Z,0.017315917959705697,0.023566847581805436,17
2023-06-12T12:00:00Z,0.01718371511841003,0.021749772809157013,17
2023-06-12T12:30:00Z,0.017130007714133578,0.021153387111555056,17
2023-06-12T13:00:00Z,0.01696062282372355,0.024638398170389077,17
2023-06-12T13:30:00Z,0.01637397271547403,0.023489540391287124,17
2023-06-12T14:00:00Z,0.016159143098368543,0.02195523562551283,17
2023-06-12T14:30:00Z,0.015985626869168015,0.01988596036278376,17
2023-06-12T15:00:00Z,0.015630331733185947,0.018509235011982855,17
2023-06-12T15:30:00Z,0.015097389029212765,0.016950713650026168,17
2023-06-12T16:00:00Z,0.014911478783640743,0.01182052766586934,17
2023-06-12T16:30:00Z,0.01431656599781024,0.011068563885380384,17
2023-06-12T17:00:00Z,0.01363883971504584,0.010189324042248541,17
2023-06-12T17:30:00Z,0.012352313085284918,0.009192023561410191,17
2023-06-12T18:00:00Z,0.010231939066055736,0.008097900414311613,17
2023-06-12T18:30:00Z,0.008163705391561707,0.006552793504310318,17
2023-06-12T19:00:00Z,0.006251892751273096,0.005367423669004271,17
2023-06-12T19:30:00Z,0.004983144362717941,0.004650251112316523,17
2023-06-12T20:00:00Z,0.00425317953642592,0.004254445865510443,17
2023-06-12T20:30:00Z,0.0036883258017951985,0.003953774962195069,17
2023-06-12T21:00:00Z,0.003330172624250595,0.003732112268142843,17
2023-06-12T21:30:00Z,0.0031293998445235676,0.00356126245875576,17
2023-06-12T22:00:00Z,0.0027845598263860467,0.0033831676630587284,17
2023-06-12T22:30:00Z,0.002619102362717377,0.0032911091225091412,17
2023-06-12T23:00:00Z,0.0024266951154789775,0.003127253859765078,17
2023-06-12T23:30:00Z,0.002317943193126839,0.0031097668470833318,17
2023-06-13T00:00:00Z,0.002133901478377059,0.0029867258421674412,17
2023-06-13T00:30:00Z,0.0020683681646246964,0.0029072736782438454,17
2023-06-13T01:00:00Z,0.001987074078747324,0.002843228067740572,17
2023-06-13T01:30:00Z,0.001863413736065173,0.0027439305569809474,17
2023-06-13T02:00:00Z,0.0018025833338741707,0.0027195102528209574,17
2023-06-13T02:30:00Z,0.0017765131615065978,0.0026386460722391653,17
2023-06-13T03:00:00Z,0.0016809225294921663,0.0025611118173750284,17
2023-06-13T03:30:00Z,0.002195217986513969,0.002741972434441971,17
2023-06-13T04:00:00Z,0.0038477535027097776,0.003913050928341998,17
2023-06-13T04:30:00Z,0.0050480692535846425,0.004226890850825236,17
2023-06-13T05:00:00Z,0.00602595125742081,0.004480023560540487,17
2023-06-13T05:30:00Z,0.008250605966120273,0.005571359492432528,17
2023-06-13T06:00:00Z,0.010370979985349457,0.007541977299218483,17
2023-06-13T06:30:00Z,0.012018968224276401,0.009021801551432002,17
2023-06-13T07:00:00Z,0.012723197327780336,0.010014064081786608,17
2023-06-13T07:30:00Z,0.014453657203010652,0.011868803200379835,17
2023-06-13T08:00:00Z,0.015324612662689691,0.01798454527852151,17
2023-06-13T08:30:00Z,0.01603520293465387,0.020143229089636512,17
2023-06-13T09:00:00Z,0.016580539654998474,0.021737305363971907,17
2023-06-13T09:30:00Z,0.016857339353961304,0.020452697672366234,17
2023-06-13T10:00:00Z,0.014420075880327399,0.020266747222751118,17
2023-06-13T10:30:00Z,0.017109351020181154,0.022235953598241917,17
2023-06-13T11:00:00Z,0.017324180637286638,0.023232995534940227,17
2023-06-13T11:30:00Z,0.016968885501304543,0.0220699967820311,17
2023-06-13T12:00:00Z,0.017167189763248044,0.021726350744504505,17
2023-06-13T12:30:00Z,0.01491569882389313,0.02168315154739806,17
2023-06-13T13:00:00Z,0.017216765828733892,0.021940090551654894,17
2023-06-13T13:30:00Z,0.01667969178597028,0.023184652292231264,17
2023-06-13T14:00:00Z,0.0166342470592749,0.022089356438244674,17
2023-06-13T14:30:00Z,0.016283083262083272,0.019933344441420916,17
2023-06-13T15:00:00Z,0.01547334085914731,0.018226411968717535,17
2023-06-13T15:30:00Z,0.016043465612234808,0.018161826748308088,17
2023-06-13T16:00:00Z,0.01464688637992529,0.012458934760549371,17
2023-06-13T16:30:00Z,0.014445277046949397,0.010923245978496601,17
2023-06-13T17:00:00Z,0.013815247881399737,0.010349088606020091,17
2023-06-13T17:30:00Z,0.012517424176946203,0.009333770280587754,17
2023-06-13T18:00:00Z,0.010370979985349459,0.008165336002205521,17
2023-06-13T18:30:00Z,0.007946453955165272,0.006516926320224192,17
2023-06-13T19:00:00Z,0.006147612061802814,0.005360856568664618,17
2023-06-13T19:30:00Z,0.005078734994732367,0.00469450096557555,17
2023-06-13T20:00:00Z,0.004392220455719641,0.004364124770846478,17
2023-06-13T20:30:00Z,0.003949027525470919,0.0041397144393690655,17
2023-06-13T21:00:00Z,0.003564407533932121,0.003911075395857869,17
2023-06-13T21:30:00Z,0.0032016825842671906,0.0036917580101008705,17
2023-06-13T22:00:00Z,0.0027947785449785206,0.003473449288210563,17
2023-06-13T22:30:00Z,0.0026274678952060006,0.0033203140537243843,17
2023-06-13T23:00:00Z,0.00246015724543348,0.0032269938238671365,17
2023-06-13T23:30:00Z,0.002276115530683706,0.003088143152750174,17
2023-06-14T00:00:00Z,0.002100439348422551,0.0030319485240378244,17
2023-06-14T00:30:00Z,0.0020358505302737456,0.0029123356952985733,17
2023-06-14T01:00:00Z,0.0019708152615718487,0.00281867663791362,17
2023-06-14T01:30:00Z,0.0018634137360651784,0.0027554786760656948,17
2023-06-14T02:00:00Z,0.0017678231040507467,0.0026535726132885964,17
2023-06-14T02:30:00Z,0.0015766418400218836,0.0026204435386785797,17
2023-06-14T03:00:00Z,0.0015071213803750224,0.002502887695224091,17
2023-06-14T03:30:00Z,0.0016635424145804555,0.002468652790008798,17
2023-06-14T04:00:00Z,0.0021659210676775492,0.003165786139799494,17
2023-06-14T04:30:00Z,0.0026331398983058542,0.003559275183512508,17
2023-06-14T05:00:00Z,0.0032363153617173245,0.003493631542173706,17
2023-06-14T05:30:00Z,0.00397169366642446,0.003478462462393704,17
2023-06-14T06:00:00Z,0.004737819324933395,0.003977052096679567,17
2023-06-14T06:30:00Z,0.006310031421841533,0.004749277967374069,17
2023-06-14T07:00:00Z,0.007784919370046303,0.006002114949067143,17
2023-06-14T07:30:00Z,0.009168917864860291,0.007109882472112119,17
2023-06-14T08:00:00Z,0.010871029446541976,0.008551582337615844,17
2023-06-14T08:30:00Z,0.011782353773892857,0.009304080973133457,17
2023-06-14T09:00:00Z,0.012370380995072539,0.009812922217399675,17
2023-06-14T09:30:00Z,0.012903648131462817,0.010262800751730574,17
2023-06-14T10:00:00Z,0.012866003938638263,0.012020769143296655,17
2023-06-14T10:30:00Z,0.013655821703663506,0.014491572477982054,17
2023-06-14T11:00:00Z,0.01345595038217879,0.01678500542833571,17
2023-06-14T11:30:00Z,0.01451613739179338,0.018026586696232496,17
2023-06-14T12:00:00Z,0.014985842881869535,0.019860794752527146,17
2023-06-14T12:30:00Z,0.015349400695432605,0.019287749841254066,17
2023-06-14T13:00:00Z,0.015555967634957089,0.01942744061719034,17
2023-06-14T13:30:00Z,0.014268868880595484,0.01632003388970141,17
2023-06-14T14:00:00Z,0.014457031516686888,0.01683161956404518,17
2023-06-14T14:30:00Z,0.014050458769871606,0.01396461242133014,17
2023-06-14T15:00:00Z,0.014260468491721492,0.013417383113167975,17
2023-06-14T15:30:00Z,0.01363043932617184,0.010569525177057452,17
2023-06-14T16:00:00Z,0.01378164632590376,0.00936107021004732,17
2023-06-14T16:30:00Z,0.013395228437699972,0.00962120597676744,17
2023-06-14T17:00:00Z,0.012117681533976766,0.008529287783753671,17
2023-06-14T17:30:00Z,0.009302102918279008,0.0074642797650108705,17
2023-06-14T18:00:00Z,0.007607541714386837,0.006486726909924752,17
2023-06-14T18:30:00Z,0.006052021429788377,0.005327191943184119,17
2023-06-14T19:00:00Z,0.004635542064483645,0.004409471665392164,17
2023-06-14T19:30:00Z,0.0036146007288638785,0.0038380451482695837,17
2023-06-14T20:00:00Z,0.0030457445196373067,0.003513932540631893,17
2023-06-14T20:30:00Z,0.0026715890794599033,0.0032725264164558594,17
2023-06-14T21:00:00Z,0.0023848674530358395,0.0030741102733518287,17
2023-06-14T21:30:00Z,0.0021088048809111805,0.002954774039017111,17
2023-06-14T22:00:00Z,0.0019139094014576949,0.002840522637030453,17
2023-06-14T22:30:00Z,0.0018651329499312682,0.0027603142245335374,17
2023-06-14T23:00:00Z,0.0017417529316831686,0.0026917503893968933,17
2023-06-14T23:30:00Z,0.0015766418400218803,0.002592472681888059,17
2023-06-15T00:00:00Z,0.0015158114378308798,0.0025292912965821823,17
2023-06-15T00:30:00Z,0.00142022080581645,0.002518929510663065,17
2023-06-15T01:00:00Z,0.00142022080581645,0.0024982946273424895,17
2023-06-15T01:30:00Z,0.001368080461081306,0.0025243549658209652,17
2023-06-15T02:00:00Z,0.0013420102887137335,0.0024230889541133984,17
2023-06-15T02:30:00Z,0.0013333202312578766,0.0024156659496447678,17
2023-06-15T03:00:00Z,0.0013333202312578766,0.0024260437596508077,17
2023-06-15T03:30:00Z,0.0018981739658886017,0.0026383946996899207,17
2023-06-15T04:00:00Z,0.0037486013717380265,0.004136861125765564,17
2023-06-15T04:30:00Z,0.004937013265080974,0.004638796104935482,17
2023-06-15T05:00:00Z,0.006451764072757815,0.004707474911719715,17
2023-06-15T05:30:00Z,0.009171752056441145,0.005649589522556092,17
2023-06-15T06:00:00Z,0.010744652455951314,0.007221988565623614,17
2023-06-15T06:30:00Z,0.011369717829947269,0.008314542758767033,17
2023-06-15T07:00:00Z,0.01248266394712277,0.009793633683924417,17
2023-06-15T07:30:00Z,0.014146117542538963,0.013548638379737295,17
2023-06-15T08:00:00Z,0.015316476806000692,0.017150978416581763,17
2023-06-15T08:30:00Z,0.01600215222432995,0.019840403653029914,17
2023-06-15T09:00:00Z,0.016795369272103965,0.02230497496726193,17
2023-06-15T09:30:00Z,0.016861470692751797,0.020456832714275605,17
2023-06-15T10:00:00Z,0.016968885501304494,0.020728183818699127,17
2023-06-15T10:30:00Z,0.014790892604433828,0.020596348071739858,17
2023-06-15T11:00:00Z,0.01700606755041893,0.024991405265484896,17
2023-06-15T11:30:00Z,0.016985410856466474,0.02570240672495813,17
2023-06-15T12:00:00Z,0.01652270091193158,0.023639238039054322,17
2023-06-15T12:30:00Z,0.016704479818713154,0.02399646912317223,17
2023-06-15T13:00:00Z,0.015260114767726948,0.02013462631254181,17
2023-06-15T13:30:00Z,0.01667969178597028,0.022589742541755678,17
2023-06-15T14:00:00Z,0.015547704957376141,0.019559076609317286,17
2023-06-15T14:30:00Z,0.016497912879188757,0.018854347293477507,17
2023-06-15T15:00:00Z,0.0153576633730136,0.018664450076002165,17
2023-06-15T15:30:00Z,0.014843218333035601,0.016779946343744235,17
2023-06-15T16:00:00Z,0.015109783045584234,0.013937932923437025,17
2023-06-15T16:30:00Z,0.014655335778630383,0.011236615643773143,17
2023-06-15T17:00:00Z,0.013302824160086019,0.009481197035025365,17
2023-06-15T17:30:00Z,0.010049447859482736,0.007668682754699166,17
2023-06-15T18:00:00Z,0.008059424702091415,0.006776473430249236,17
2023-06-15T18:30:00Z,0.006634255279330822,0.0059886290250607275,17
2023-06-15T19:00:00Z,0.005356816833319805,0.00512391473543411,17
2023-06-15T19:30:00Z,0.004418290628087209,0.00449688439187838,17
2023-06-15T20:00:00Z,0.0037819113786363985,0.004143497988699181,17
2023-06-15T20:30:00Z,0.003330172624250585,0.0038737797261094073,17
2023-06-15T21:00:00Z,0.0030624755846145554,0.0037037493620280613,17
2023-06-15T21:30:00Z,0.0028198751424443995,0.003575089326233986,17
2023-06-15T22:00:00Z,0.002501984907876608,0.0034093749326603215,17
2023-06-15T22:30:00Z,0.002251018933217822,0.0032657122165698264,17
2023-06-15T23:00:00Z,0.002125535945888435,0.0032410618369609267,17
2023-06-15T23:30:00Z,0.002008418491047672,0.003143895426379436,17
2023-06-16T00:00:00Z,0.0019220388100454325,0.0031449881800582323,17
2023-06-16T00:30:00Z,0.001881391767106744,0.002993781117562224,17
2023-06-16T01:00:00Z,0.001854723678609317,0.0029315730290649226,17
2023-06-16T01:30:00Z,0.001846033621153456,0.0028517576026056888,17
2023-06-16T02:00:00Z,0.001816356498404842,0.0028603679969584216,17
2023-06-16T02:30:00Z,0.0017504429891390294,0.002834617150304051,17
2023-06-16T03:00:00Z,0.0017504429891390294,0.0027655651711594536,17
2023-06-16T03:30:00Z,0.0019220388100454275,0.0028677782573650955,17
2023-06-16T04:00:00Z,0.0025499282750778987,0.003765173613861067,17
2023-06-16T04:30:00Z,0.0050820795615824305,0.004318454013233459,17
2023-06-16T05:00:00Z,0.006382243613110956,0.004887002738792958,17
2023-06-16T05:30:00Z,0.008218709943047698,0.005533146306038755,17
2023-06-16T06:00:00Z,0.010275389353335022,0.007229247963505119,17
2023-06-16T06:30:00Z,0.011804712013192607,0.008455375954778716,17
2023-06-16T07:00:00Z,0.01180058067440212,0.00883314628822577,17
2023-06-16T07:30:00Z,0.012482251574832891,0.00944922678955447,17
2023-06-16T08:00:00Z,0.011796149408110046,0.008971345619823266,17
2023-06-16T08:30:00Z,0.01027212027808679,0.00800126921418464,17
2023-06-16T09:00:00Z,0.010918453605068457,0.00848154757206855,17
2023-06-16T09:30:00Z,0.014050458769871616,0.013839628915885945,17
2023-06-16T10:00:00Z,0.01587821206061532,0.019146127751756226,17
2023-06-16T10:30:00Z,0.015729483864157724,0.02094613792831158,17
2023-06-16T11:00:00Z,0.01342882999319595,0.010010811310455869,17
2023-06-16T11:30:00Z,0.012526114234402062,0.009321364585067663,17
2023-06-16T12:00:00Z,0.014266989932324357,0.01223133880078686,17
2023-06-16T12:30:00Z,0.01582037331754843,0.02067890029226456,17
2023-06-16T13:00:00Z,0.014961054849126612,0.01871797818192454,17
2023-06-16T13:30:00Z,0.014772892213035217,0.017769009678927073,17
2023-06-16T14:00:00Z,0.015708036136642074,0.016240377814240654,17
2023-06-16T14:30:00Z,0.015122177061955677,0.019486908424093338,17
2023-06-16T15:00:00Z,0.013004067394474206,0.009734804695626756,17
2023-06-16T15:30:00Z,0.011952570442315475,0.009319795290410752,17
2023-06-16T16:00:00Z,0.009154371941529434,0.00775668434968676,17
2023-06-16T16:30:00Z,0.006132626007940338,0.005591110970065998,17
2023-06-16T17:00:00Z,0.004769044212294282,0.00455271294669417,17
2023-06-16T17:30:00Z,0.0039241254309430465,0.0038276994932421623,17
2023-06-16T18:00:00Z,0.003321807091761966,0.0033957868239995513,17
2023-06-16T18:30:00Z,0.002761316415024018,0.003057603303577873,17
2023-06-16T19:00:00Z,0.002476888310410735,0.0026672521078478935,17
2023-06-16T19:30:00Z,0.001854723678609317,0.0023572545810310896,17
2023-06-16T20:00:00Z,0.0016700271438255627,0.0021040305745960693,17
2023-06-16T20:30:00Z,0.0013475414244462059,0.0019673986173911694,17
2023-06-16T21:00:00Z,0.0012367473871203953,0.0018597087918927405,17
2023-06-16T21:30:00Z,0.0010380167223670398,0.0017610066308547934,17
2023-06-16T22:00:00Z,0.0010301804475959183,0.0017569763633018235,17
2023-06-16T22:30:00Z,9.422676457442988e-4,0.001708646303896074,17
2023-06-16T23:00:00Z,8.901273010091556e-4,0.0017089760015482716,17
2023-06-16T23:30:00Z,8.901273010091556e-4,0.0016746615584110377,17
2023-06-17T00:00:00Z,8.727471860974406e-4,0.0017251973807299878,17
2023-06-17T00:30:00Z,9.062402838812325e-4,0.0017455291848259584,17
2023-06-17T01:00:00Z,8.566642183953581e-4,0.0017648969732825602,17
2023-06-17T01:30:00Z,9.062402838812325e-4,0.0018224497781562782,17
2023-06-17T02:00:00Z,9.062402838812325e-4,0.0018267478681676715,17
2023-06-17T02:30:00Z,9.062402838812325e-4,0.0018316278001467314,17
2023-06-17T03:00:00Z,9.062402838812325e-4,0.0018714170262419667,17
2023-06-17T03:30:00Z,0.0011855892545083026,0.0019544307896333583,17
2023-06-17T04:00:00Z,0.0018359883553247113,0.0023523047420293776,17
2023-06-17T04:30:00Z,0.0026988079583147484,0.002600931452761226,17
2023-06-17T05:00:00Z,0.0028269494835112914,0.00256918349107525,17
2023-06-17T05:30:00Z,0.004766157898152255,0.003689190769379773,17
2023-06-17T06:00:00Z,0.005661862101072884,0.0044016419835354965,17
2023-06-17T06:30:00Z,0.007565958414150353,0.0063273764100632715,17
2023-06-17T07:00:00Z,0.009127604476955396,0.007644994642973282,17
2023-06-17T07:30:00Z,0.010957787561142258,0.00889701946035484,17
2023-06-17T08:00:00Z,0.012705343869519324,0.011516469396224579,17
2023-06-17T08:30:00Z,0.013523348950036256,0.013527997355242776,17
2023-06-17T09:00:00Z,0.015407239438499478,0.015207956678710185,17
2023-06-17T09:30:00Z,0.015977364191587025,0.01969419648484002,17
2023-06-17T10:00:00Z,0.015853424027872372,0.020634529212362265,17
2023-06-17T10:30:00Z,0.01654961083646401,0.019876142522178734,17
2023-06-17T11:00:00Z,0.014806493768531197,0.020130362968068485,17
2023-06-17T11:30:00Z,0.014655286768799276,0.020976561633436783,17
2023-06-17T12:00:00Z,0.01565511976592887,0.018650611394051074,17
2023-06-17T12:30:00Z,0.01478753861992605,0.019584247615677973,17
2023-06-17T13:00:00Z,0.01595257615884405,0.021177824374969536,17
2023-06-17T13:30:00Z,0.01619219380869251,0.022287857541841906,17
2023-06-17T14:00:00Z,0.015518785585842717,0.019942393341201157,17
2023-06-17T14:30:00Z,0.015717089847786234,0.018954143854875007,17
2023-06-17T15:00:00Z,0.015853424027872372,0.0190314072591713,17
2023-06-17T15:30:00Z,0.014974501546011106,0.014293156622865417,17
2023-06-17T16:00:00Z,0.015134571078327167,0.011874156502242782,17
2023-06-17T16:30:00Z,0.01397485527000565,0.010282835737634994,17
2023-06-17T17:00:00Z,0.013403810037443644,0.009422904840626214,17
2023-06-17T17:30:00Z,0.010136348434041311,0.007721500341991752,17
2023-06-17T18:00:00Z,0.007798722978415695,0.00647501390823018,17
2023-06-17T18:30:00Z,0.0065560447622281075,0.005729405630724822,17
2023-06-17T19:00:00Z,0.005174325626746794,0.004794705535159849,17
2023-06-17T19:30:00Z,0.004270559651337636,0.00418905287667973,17
2023-06-17T20:00:00Z,0.003697015859251054,0.0038702890416925932,17
2023-06-17T20:30:00Z,0.003375483733384342,0.0036508277246316712,17
2023-06-17T21:00:00Z,0.0029844311478707548,0.0034899373474066332,17
2023-06-17T21:30:00Z,0.0028540802860328998,0.0033499227269541383,17
2023-06-17T22:00:00Z,0.002567308389989616,0.0032233088056072686,17
2023-06-17T22:30:00Z,0.002254052509481159,0.0030927041715356,17
2023-06-17T23:00:00Z,0.0021607521518064573,0.0030186443838922713,17
2023-06-17T23:30:00Z,0.001966590828604539,0.0029397414310170554,17
2023-06-18T00:00:00Z,0.0018895211756944817,0.002984318991895199,17
2023-06-18T00:30:00Z,0.001840744724168055,0.0028814656267195896,17
2023-06-18T01:00:00Z,0.0018651329499312682,0.002915484293489858,17
2023-06-18T01:30:00Z,0.0017919682726416284,0.0029027901548900384,17
2023-06-18T02:00:00Z,0.001840744724168055,0.002891568199423558,17
2023-06-18T02:30:00Z,0.0018000976812293664,0.002843721318811899,17
2023-06-18T03:00:00Z,0.0017675800468784151,0.002771751273386465,17
2023-06-18T03:30:00Z,0.0023935072408724652,0.002926476011569696,17
2023-06-18T04:00:00Z,0.0034428823012418053,0.003630046902356716,17
2023-06-18T04:30:00Z,0.005167668010434747,0.0038522260251480163,17
2023-06-18T05:00:00Z,0.007381600220534544,0.004769658099745659,17
2023-06-18T05:30:00Z,0.010935833719980175,0.006491327618733072,17
2023-06-18T06:00:00Z,0.012821576187901208,0.008281257952328145,17
2023-06-18T06:30:00Z,0.013804406808681516,0.009952328479506764,17
2023-06-18T07:00:00Z,0.015461703867890128,0.011527648094252229,17
2023-06-18T07:30:00Z,0.01631598070253372,0.015657744450719754,17
2023-06-18T08:00:00Z,0.016638378398065368,0.020547891119690992,17
2023-06-18T08:30:00Z,0.016902784080656708,0.023104828882350135,17
2023-06-18T09:00:00Z,0.01705151227711436,0.018557063332508086,17
2023-06-18T09:30:00Z,0.01494089999051512,0.01990904397328754,17
2023-06-18T10:00:00Z,0.015108907767995026,0.020822336134729367,17
2023-06-18T10:30:00Z,0.015587574646032115,0.02160910503137624,17
2023-06-18T11:00:00Z,0.01554692760309345,0.022225702800914453,17
2023-06-18T11:30:00Z,0.015364015909869319,0.023171403259073284,17
2023-06-18T12:00:00Z,0.015512126433946801,0.02173782631957427,17
2023-06-18T12:30:00Z,0.01531891748984491,0.021350916448935147,17
2023-06-18T13:00:00Z,0.01560453071156073,0.02048941521450596,17
2023-06-18T13:30:00Z,0.016836682660008873,0.02507512055042254,17
2023-06-18T14:00:00Z,0.016762318561780048,0.022815550950271827,17
2023-06-18T14:30:00Z,0.016365710037893038,0.021837085356358612,17
2023-06-18T15:00:00Z,0.01597736419158702,0.01921553846179018,17
2023-06-18T15:30:00Z,0.015580755667700015,0.017520087934329402,17
2023-06-18T16:00:00Z,0.015167710490112995,0.013129139343161032,17
2023-06-18T16:30:00Z,0.014730890268665229,0.011477725267839071,17
2023-06-18T17:00:00Z,0.014604884435555309,0.010575501729514861,17
2023-06-18T17:30:00Z,0.012534804291857918,0.009541619910618731,17
2023-06-18T18:00:00Z,0.00966708533142501,0.007748697602699335,17
2023-06-18T18:30:00Z,0.007976869156260771,0.006501158145532741,17
2023-06-18T19:00:00Z,0.006130231946891102,0.005628731058292851,17
2023-06-18T19:30:00Z,0.005130875339467509,0.005134786632137351,17
2023-06-18T20:00:00Z,0.00454864148992507,0.004772328069189715,17
2023-06-18T20:30:00Z,0.004157588904411489,0.004453666864027491,17
2023-06-18T21:00:00Z,0.0038186766636330634,0.004257259366497985,17
2023-06-18T21:30:00Z,0.003566664997413199,0.0041645942744606085,17
2023-06-18T22:00:00Z,0.003436314135575339,0.004109319183874861,17
2023-06-18T22:30:00Z,0.0032451328715464756,0.004097941463700324,17
2023-06-18T23:00:00Z,0.0031408521820761935,0.0041264172792742715,17
2023-06-18T23:30:00Z,0.0031408521820761935,0.0041576808064428825,17
2023-06-19T00:00:00Z,0.0030800217798851964,0.004091023485638876,17
2023-06-19T00:30:00Z,0.0029844311478707647,0.004028029377307264,17
2023-06-19T01:00:00Z,0.0029149106882239025,0.0038803138886595646,17
2023-06-19T01:30:00Z,0.002732216842564047,0.003770553390803348,17
2023-06-19T02:00:00Z,0.002671589079459893,0.0036856003563726022,17
2023-06-19T02:30:00Z,0.0025456161272146274,0.0035653863704244513,17
2023-06-19T03:00:00Z,0.0021957397859344694,0.003460218096659524,17
2023-06-19T03:30:00Z,0.002150632543354308,0.003370868464688652,17
2023-06-19T04:00:00Z,0.0029583609755031875,0.003643263704432614,17
2023-06-19T04:30:00Z,0.004696372466674648,0.005008450113188242,17
2023-06-19T05:00:00Z,0.005782629648656805,0.00536138815979218,17
2023-06-19T05:30:00Z,0.009228237429904218,0.007202372709285514,17
2023-06-19T06:00:00Z,0.008311436368311274,0.0065737503048744405,17
2023-06-19T06:30:00Z,0.010240629123511598,0.007786018262780502,17
2023-06-19T07:00:00Z,0.010570851306834174,0.007874194632529823,17
2023-06-19T07:30:00Z,0.013344826104456,0.010047280908767114,17
2023-06-19T08:00:00Z,0.013777482508045507,0.009768712439131202,17
2023-06-19T08:30:00Z,0.016721005173875085,0.01814236405560594,17
2023-06-19T09:00:00Z,0.017084562987438223,0.02487063605838987,17
2023-06-19T09:30:00Z,0.016828419982427827,0.02408209322863419,17
2023-06-19T10:00:00Z,0.01476449182416122,0.020483857711543742,17
2023-06-19T10:30:00Z,0.016770581239361038,0.02160784235600721,17
2023-06-19T11:00:00Z,0.016729267851456127,0.02128683086160489,17
2023-06-19T11:30:00Z,0.016704479818713203,0.021753561266225938,17
2023-06-19T12:00:00Z,0.016510306895560243,0.02047975878295451,17
2023-06-19T12:30:00Z,0.015318917489844897,0.021374188161795798,17
2023-06-19T13:00:00Z,0.016787106594523024,0.020112832106534785,17
2023-06-19T13:30:00Z,0.017030855583161905,0.02002156243212252,17
2023-06-19T14:00:00Z,0.01682841998242788,0.023565571781797676,17
2023-06-19T14:30:00Z,0.016758187222989555,0.021963115664827223,17
2023-06-19T15:00:00Z,0.016811894627265896,0.02139832652450332,17
2023-06-19T15:30:00Z,0.01638636673184544,0.02054038224705399,17
2023-06-19T16:00:00Z,0.014907298435019143,0.016330233996491007,17
2023-06-19T16:30:00Z,0.014798093379657202,0.014330701731387868,17
2023-06-19T17:00:00Z,0.014445277046949392,0.010686244280491542,17
2023-06-19T17:30:00Z,0.013603681358928362,0.010305990141792638,17
2023-06-19T18:00:00Z,0.011361646535317188,0.00875880300435427,17
2023-06-19T18:30:00Z,0.00793776389770941,0.006626677752072197,17
2023-06-19T19:00:00Z,0.0060694015447001004,0.005560231620220207,17
2023-06-19T19:30:00Z,0.0049831443627179365,0.004973661377425827,17
2023-06-19T20:00:00Z,0.004305319881161066,0.004671126859521828,17
2023-06-19T20:30:00Z,0.0038739322360112826,0.004427141186758549,17
2023-06-19T21:00:00Z,0.003549284882501482,0.004248325266351076,17
2023-06-19T21:30:00Z,0.003154496441989445,0.00399011358068003,17
2023-06-19T22:00:00Z,0.002878433869864781,0.003800747951139376,17
2023-06-19T22:30:00Z,0.002669295557649133,0.003682434557003275,17
2023-06-19T23:00:00Z,0.00246015724543347,0.0035605537098396703,17
2023-06-19T23:30:00Z,0.0022928465956609553,0.0034925200816931985,17
2023-06-20T00:00:00Z,0.002184094673308811,0.003374659403519313,17
2023-06-20T00:30:00Z,0.0020335150885135455,0.0032634772929834885,17
2023-06-20T01:00:00Z,0.0019163976336727818,0.003150291759823785,17
2023-06-20T01:30:00Z,0.0018326153155803172,0.0031904689831856745,17
2023-06-20T02:00:00Z,0.0017504429891390294,0.003106033323387372,17
2023-06-20T02:30:00Z,0.0016548523571245982,0.002996555550978735,17
2023-06-20T03:00:00Z,0.0018112733913300315,0.0029938144630292807,17
2023-06-20T03:30:00Z,0.001623603996570871,0.002867421116098391,17
2023-06-20T04:00:00Z,0.001489741265463313,0.002701065759535995,17
2023-06-20T04:30:00Z,0.001915838712910343,0.002555067998843154,17
2023-06-20T05:00:00Z,0.002118250051167655,0.0022949313690490644,17
2023-06-20T05:30:00Z,0.0017163895984746158,0.002126051596366433,17
2023-06-20T06:00:00Z,0.0015231914497898405,0.0019470164757675117,17
2023-06-20T06:30:00Z,0.0011927609409313423,0.001725438881998028,17
2023-06-20T07:00:00Z,8.484015408143793e-4,0.0015749133116589084,17
2023-06-20T07:30:00Z,8.775772328544873e-4,0.0014064537602033347,17
2023-06-20T08:00:00Z,8.94808799775504e-4,0.001334892264581273,17
2023-06-20T08:30:00Z,0.0016498812661693513,0.0013730015444464215,17
2023-06-20T09:00:00Z,0.003431365518631191,0.0034082899176049422,17
2023-06-20T09:30:00Z,0.0038093830179609773,0.0029520088758292055,17
2023-06-20T10:00:00Z,0.00804519371384714,0.006465278775543784,17
2023-06-20T10:30:00Z,0.010224986871524847,0.00834880560083105,17
2023-06-20T11:00:00Z,0.011532043653020295,0.008592990213319591,17
2023-06-20T11:30:00Z,0.014027372282475982,0.012002345562458301,17
2023-06-20T12:00:00Z,0.014603037966351953,0.011408603685436447,17
2023-06-20T12:30:00Z,0.013462431548691926,0.011972436355809874,17
2023-06-20T13:00:00Z,0.015456815503985345,0.01322234534005847,17
2023-06-20T13:30:00Z,0.016869733370332714,0.014342465082396297,17
2023-06-20T14:00:00Z,0.017191977795990965,0.018700948579516177,17
2023-06-20T14:30:00Z,0.01611695443287448,0.019336644393904718,17
2023-06-20T15:00:00Z,0.017291129926962776,0.018229134535680248,17
2023-06-20T15:30:00Z,0.01706803763227629,0.021383990439501017,17
2023-06-20T16:00:00Z,0.016580539654998474,0.018754571938560834,17
2023-06-20T16:30:00Z,0.01615088042078755,0.018016011586607063,17
2023-06-20T17:00:00Z,0.015171753127441576,0.012076853347083593,17
2023-06-20T17:30:00Z,0.014440506161524936,0.01120179484873584,17
2023-06-20T18:00:00Z,0.012352313085284911,0.009374440929689023,17
2023-06-20T18:30:00Z,0.009817538054967151,0.0072279748198760445,17
2023-06-20T19:00:00Z,0.007216489128873255,0.005614332171855786,17
2023-06-20T19:30:00Z,0.005747869418833377,0.004751150675047409,17
2023-06-20T20:00:00Z,0.004922313960526929,0.004192773715854978,17
2023-06-20T20:30:00Z,0.004444360800454783,0.0039044848802919758,17
2023-06-20T21:00:00Z,0.003949027525470919,0.0036357575626569604,17
2023-06-20T21:30:00Z,0.0035145246526780524,0.00340316900890736,17
2023-06-20T22:00:00Z,0.0037057059167069106,0.003494389749747357,17
2023-06-20T22:30:00Z,0.002993121205326616,0.0029393724864540715,17
2023-06-20T23:00:00Z,0.0025151680452544646,0.0025719357000029003,17
2023-06-20T23:30:00Z,0.002054595000094036,0.002320249793913208,17
2023-06-21T00:00:00Z,0.0016988937889685044,0.0020559940201621643,17
2023-06-21T00:30:00Z,0.0014202208058164492,0.0019164199002273557,17
2023-06-21T01:00:00Z,0.0012203494843317322,0.0017938463350262051,17
2023-06-21T01:30:00Z,0.0011128072234057092,0.001688151632383088,17
2023-06-21T02:00:00Z,9.335775882884424e-4,0.0016496301930728785,17
2023-06-21T02:30:00Z,8.727471860974413e-4,0.0015903530937951228,17
2023-06-21T03:00:00Z,8.1191678390644e-4,0.0015512248722165962,17
2023-06-21T03:30:00Z,6.902559795244376e-4,0.0015127669891188062,17
2023-06-21T04:00:00Z,6.902559795244376e-4,0.0014449678281086543,17
2023-06-21T04:30:00Z,7.684664966271539e-4,0.0013345180772205974,17
2023-06-21T05:00:00Z,0.0012158198891451032,0.0013348199410917545,17
2023-06-21T05:30:00Z,0.0021704299537710337,0.0014241325596229136,17
2023-06-21T06:00:00Z,0.004005106629018919,0.002277432234071674,17
2023-06-21T06:30:00Z,0.005306089931555637,0.0031071449973084173,17
2023-06-21T07:00:00Z,0.006031479211528676,0.004279409035996212,17
2023-06-21T07:30:00Z,0.01122449076805785,0.008140695962255928,17
2023-06-21T08:00:00Z,0.01291595890065218,0.014148034757007683,17
2023-06-21T08:30:00Z,0.014081079686752337,0.013858666115949006,17
2023-06-21T09:00:00Z,0.014428476269201407,0.018508371788199446,17
2023-06-21T09:30:00Z,0.014537681324563338,0.016413000734592283,17
2023-06-21T10:00:00Z,0.016188062469902016,0.020653774913159683,17
2023-06-21T10:30:00Z,0.01703085558316183,0.018323708578898205,17
2023-06-21T11:00:00Z,0.015646532655930738,0.020077606778322266,17
2023-06-21T11:30:00Z,0.015478524878450818,0.020775159410289783,17
2023-06-21T12:00:00Z,0.01709282566501919,0.019432835380377902,17
2023-06-21T12:30:00Z,0.01560453071156073,0.019560577394561327,17
2023-06-21T13:00:00Z,0.015579329544938769,0.01961580039372857,17
2023-06-21T13:30:00Z,0.01669621714113226,0.018490034234130478,17
2023-06-21T14:00:00Z,0.017497696866487215,0.019027249281265694,17
2023-06-21T14:30:00Z,0.015394520989710895,0.018786196786827743,17
2023-06-21T15:00:00Z,0.01706803763227629,0.022802010966696443,17
2023-06-21T15:30:00Z,0.016258295229340344,0.01995861691752747,17
2023-06-21T16:00:00Z,0.016026940257072925,0.016803382100492256,17
2023-06-21T16:30:00Z,0.014369673547083428,0.011520045771914672,17
2023-06-21T17:00:00Z,0.013734047228351217,0.010810259189238915,17
2023-06-21T17:30:00Z,0.010393851677790292,0.00840944171553313,17
2023-06-21T18:00:00Z,0.008189775563929276,0.0063693152750943826,17
2023-06-21T18:30:00Z,0.006295343038552382,0.005372723792197082,17
2023-06-21T19:00:00Z,0.004957074190350363,0.004523784532174997,17
2023-06-21T19:30:00Z,0.0039837877552943496,0.0039174060166865905,17
2023-06-21T20:00:00Z,0.003346903689227844,0.0033934347127881227,17
2023-06-21T20:30:00Z,0.0028700683373761517,0.0030740341198134294,17
2023-06-21T21:00:00Z,0.002662899022004042,0.002968037081192088,17
2023-06-21T21:30:00Z,0.0025586183325337496,0.0029100861458971382,17
2023-06-21T22:00:00Z,0.002289226551402173,0.0027971226563980834,17
2023-06-21T22:30:00Z,0.002141495574652611,0.0026707000639268072,17
2023-06-21T23:00:00Z,0.0020459049426381796,0.0025983312662567876,17
2023-06-21T23:30:00Z,0.001905779992869957,0.0025581814539317673,17
2023-06-22T00:00:00Z,0.0018488741327557926,0.0025066919950286035,17
2023-06-22T00:30:00Z,0.0018651329499312682,0.0024905708148588454,17
2023-06-22T01:00:00Z,0.0017025447781765135,0.002364703725468978,17
2023-06-22T01:30:00Z,0.0015766418400218803,0.002439967485156105,17
2023-06-22T02:00:00Z,0.0014088499380029186,0.0023174263118664142,17
2023-06-22T02:30:00Z,0.0011354813509169659,0.0021715409121489827,17
2023-06-22T03:00:00Z,0.0011160687948614445,0.002118560594739039,17
2023-06-22T03:30:00Z,0.0011128072234057092,0.002020091185481349,17
2023-06-22T04:00:00Z,8.640571286415836e-4,0.001836400565568958,17
2023-06-22T04:30:00Z,7.597764391712962e-4,0.0017587709694432908,17
2023-06-22T05:00:00Z,7.945366689947259e-4,0.001631429217741002,17
2023-06-22T05:30:00Z,0.0014892978585505626,0.0015646141746044988,17
2023-06-22T06:00:00Z,0.001980397515799525,0.001763495410598811,17
2023-06-22T06:30:00Z,0.004702985089320078,0.0030202235208699707,17
2023-06-22T07:00:00Z,0.00733814993325526,0.005896106896642164,17
2023-06-22T07:30:00Z,0.011431166994964043,0.008555809180238802,17
2023-06-22T08:00:00Z,0.012849203160890273,0.011804377649777417,17
2023-06-22T08:30:00Z,0.013812949577027958,0.015116278488501682,17
2023-06-22T09:00:00Z,0.015615473698125958,0.019475316320296667,17
2023-06-22T09:30:00Z,0.017167189763248044,0.016590323384089212,17
2023-06-22T10:00:00Z,0.014991302323759092,0.01910054992754643,17
2023-06-22T10:30:00Z,0.015201312045608976,0.02056777581644246,17
2023-06-22T11:00:00Z,0.01560383346320755,0.022683682202379596,17
2023-06-22T11:30:00Z,0.015915345099898635,0.0232475319994592,17
2023-06-22T12:00:00Z,0.015915345099898583,0.022677071688677386,17
2023-06-22T12:30:00Z,0.01596574743314256,0.021785975427108143,17
2023-06-22T13:00:00Z,0.016041350933008496,0.02074580892913403,17
2023-06-22T13:30:00Z,0.016024550155260536,0.019900230620484762,17
2023-06-22T14:00:00Z,0.015932145877646537,0.020070783230283787,17
2023-06-22T14:30:00Z,0.015612931100434768,0.019578139981390588,17
2023-06-22T15:00:00Z,0.01561793771681446,0.0192347812907611,17
2023-06-22T15:30:00Z,0.015035418947355406,0.017428674683056016,17
2023-06-22T16:00:00Z,0.013479232326439928,0.010993261428320711,17
2023-06-22T16:30:00Z,0.011709248833551471,0.009667224632655786,17
2023-06-22T17:00:00Z,0.010077812398767986,0.008452348502509496,17
2023-06-22T17:30:00Z,0.007789050708836791,0.006627964894472468,17
2023-06-22T18:00:00Z,0.005995352608396291,0.005145355252253439,17
2023-06-22T18:30:00Z,0.005800009763568523,0.005010088052371409,17
2023-06-22T19:00:00Z,0.004574711662292648,0.0044245440118388536,17
2023-06-22T19:30:00Z,0.003698256053750139,0.0038167669884548996,17
2023-06-22T20:00:00Z,0.00315449644198944,0.0034742380113833905,17
2023-06-22T20:30:00Z,0.0027236715188252002,0.003091997183208521,17
2023-06-22T21:00:00Z,0.0023095776606382144,0.0027915823586544806,17
2023-06-22T21:30:00Z,0.0020502461534907942,0.0027657894542296706,17
2023-06-22T22:00:00Z,0.0018996665686955277,0.002655821882886652,17
2023-06-22T22:30:00Z,0.0018326153155803172,0.002639122728813379,17
2023-06-22T23:00:00Z,0.0017188035953519887,0.002497667277798653,17
2023-06-22T23:30:00Z,0.001418526293901935,0.0023901787745358866,17
2023-06-23T00:00:00Z,0.001305713762003075,0.0023267922630513705,17
2023-06-23T00:30:00Z,0.0011458579337296254,0.0022330009123196705,17
2023-06-23T01:00:00Z,0.0010797565130817933,0.002190537620460429,17
2023-06-23T01:30:00Z,0.0011942793119641606,0.002193999007556264,17
2023-06-23T02:00:00Z,0.0013854755835780207,0.0023531986341858834,17
2023-06-23T02:30:00Z,0.001368950228416058,0.0023894366006022506,17
2023-06-23T03:00:00Z,0.0013524248732541023,0.00224846892562597,17
2023-06-23T03:30:00Z,0.001211959354377458,0.00216381661115442,17
2023-06-23T04:00:00Z,0.001088019190662772,0.0020332122155658416,17
2023-06-23T04:30:00Z,9.64079026948086e-4,0.001957143169815699,17
2023-06-23T05:00:00Z,7.766850803666541e-4,0.001919436514172007,17
2023-06-23T05:30:00Z,7.163261518920098e-4,0.0018083109481127433,17
2023-06-23T06:00:00Z,5.51215060230721e-4,0.0017949280201534487,17
2023-06-23T06:30:00Z,4.556244282162913e-4,0.0017161589491387136,17
2023-06-23T07:00:00Z,3.8610396856943315e-4,0.0016293858313913994,17
2023-06-23T07:30:00Z,3.950933590660354e-4,0.0015963045773972776,17
2023-06-23T08:00:00Z,5.859752900541502e-4,0.0016396140299404828,17
2023-06-23T08:30:00Z,6.621826463417854e-4,0.0016242011645177044,17
2023-06-23T09:00:00Z,6.468056922451509e-4,0.0015811139002937797,17
2023-06-23T09:30:00Z,9.422676457442988e-4,0.0015999649583616003,17
2023-06-23T10:00:00Z,9.335775882884419e-4,0.0016735241702783535,17
2023-06-23T10:30:00Z,7.858466115388684e-4,0.0016038661787313427,17
2023-06-23T11:00:00Z,8.070881529094838e-4,0.0015525191449636835,17
2023-06-23T11:30:00Z,5.599051176865786e-4,0.0015563770767190364,17
2023-06-23T12:00:00Z,5.757331806420707e-4,0.001506732316481292,17
2023-06-23T12:30:00Z,3.8610396856943315e-4,0.0014539827275360654,17
2023-06-23T13:00:00Z,1.3409230234957158e-4,0.0015069563295614802,17
2023-06-23T13:30:00Z,2.5201166621986284e-5,0.0015069927428087927,17
2023-06-23T14:00:00Z,-1.0028019810735685e-4,0.001479774791836038,17
2023-06-23T14:30:00Z,-1.226140167872793e-4,0.0014462678189848031,17
2023-06-23T15:00:00Z,-8.739051472241693e-5,0.001365850192383923,17
2023-06-23T15:30:00Z,-1.8464247038352297e-5,0.0014028424740144332,17
2023-06-23T16:00:00Z,-5.541090579531637e-5,0.0013170631111796688,17
2023-06-23T16:30:00Z,1.1792205196646958e-5,0.0013021152287631067,17
2023-06-23T17:00:00Z,-1.0028019810735685e-4,0.0013576541995408838,17
2023-06-23T17:30:00Z,-1.1323786510394153e-4,0.0014198728905235266,17
2023-06-23T18:00:00Z,-1.821641327880058e-4,0.0014372459387807961,17
2023-06-23T18:30:00Z,-1.821641327880058e-4,0.001488507168767772,17
2023-06-23T19:00:00Z,-1.730163500312516e-4,0.0014929437938841909,17
2023-06-23T19:30:00Z,-3.101878931171694e-5,0.0015077416115329048,17
2023-06-23T20:00:00Z,-1.1791936387028966e-4,0.0014966145077723247,17
2023-06-23T20:30:00Z,-1.0028019810735685e-4,0.0014763600420004384,17
2023-06-23T21:00:00Z,-1.0922930641443238e-4,0.0014721383250062311,17
2023-06-23T21:30:00Z,-1.1791936387028969e-4,0.0014817863940651955,17
2023-06-23T22:00:00Z,-1.0028019810735685e-4,0.001481522890442096,17
2023-06-23T22:30:00Z,-1.0028019810735685e-4,0.001485101265653604,17
2023-06-23T23:00:00Z,-8.739051472241752e-5,0.0014840842104750097,17
2023-06-23T23:30:00Z,-4.8398904223431414e-5,0.001490493311920508,17
2023-06-24T00:00:00Z,-1.0028019810735685e-4,0.0014874840430493064,17
2023-06-24T00:30:00Z,-1.0028019810735685e-4,0.0015190119980464417,17
2023-06-24T01:00:00Z,-1.6979106251709306e-5,0.0014899385537005157,17
2023-06-24T01:30:00Z,-1.36386744000024e-5,0.0015016239615750202,17
2023-06-24T02:00:00Z,-3.549045999740884e-5,0.0015288085155797987,17
2023-06-24T02:30:00Z,-8.176884436165752e-5,0.0015318771833100495,17
2023-06-24T03:00:00Z,-1.846424703835269e-5,0.0014942665433237887,17
2023-06-24T03:30:00Z,-3.970884676757414e-5,0.0015003778719605398,17
2023-06-24T04:00:00Z,-3.970884676757414e-5,0.0014838946564559381,17
2023-06-24T04:30:00Z,1.2099726055858704e-4,0.0013926816757185057,17
2023-06-24T05:00:00Z,5.998194263763229e-4,0.0013361054749115718,17
2023-06-24T05:30:00Z,0.0012724898290668782,0.0012765847703815481,17
2023-06-24T06:00:00Z,0.0025397848548599634,0.0015018305561636759,17
2023-06-24T06:30:00Z,0.004376602603351592,0.0022871333534499683,17
2023-06-24T07:00:00Z,0.00576467410281737,0.0034724385859292847,17
2023-06-24T07:30:00Z,0.00812894516173828,0.006659601459082474,17
2023-06-24T08:00:00Z,0.011555543274294987,0.009579629397671686,17
2023-06-24T08:30:00Z,0.012697996161158354,0.013883864303312858,17
2023-06-24T09:00:00Z,0.0143682295195463,0.011949278341625466,17
2023-06-24T09:30:00Z,0.01623909578741578,0.009185243667566699,17
2023-06-24T10:00:00Z,0.014319271213839461,0.01453903459355456,17
2023-06-24T10:30:00Z,0.014378073935957424,0.016726777290050267,17
2023-06-24T11:00:00Z,0.017315917959705645,0.01741489644818079,17
2023-06-24T11:30:00Z,0.015142509323491012,0.0197432310058253,17
2023-06-24T12:00:00Z,0.014823294546279184,0.01874472204857751,17
2023-06-24T12:30:00Z,0.016522700911931656,0.017550645791350485,17
2023-06-24T13:00:00Z,0.014991302323759092,0.0187740210394827,17
2023-06-24T13:30:00Z,0.01723329118389588,0.01859459413635142,17
2023-06-24T14:00:00Z,0.015327317878718915,0.018953622724954135,17
2023-06-24T14:30:00Z,0.015344118656466918,0.017919402125583583,17
2023-06-24T15:00:00Z,0.01748117151132518,0.02041454211530746,17
2023-06-24T15:30:00Z,0.01697714817888548,0.018813283724352956,17
2023-06-24T16:00:00Z,0.016200456486273464,0.014872786951551623,17
2023-06-24T16:30:00Z,0.014697288713169257,0.011414482996990556,17
2023-06-24T17:00:00Z,0.014671861133792341,0.011181107319441205,17
2023-06-24T17:30:00Z,0.013050812493866158,0.00971509906714034,17
2023-06-24T18:00:00Z,0.011074874639273891,0.008170408986864329,17
2023-06-24T18:30:00Z,0.00878069947092757,0.006464621509889324,17
2023-06-24T19:00:00Z,0.0066690155091542495,0.005024206968473058,17
2023-06-24T19:30:00Z,0.005261226201305374,0.0040973167067460655,17
2023-06-24T20:00:00Z,0.0043661502833520684,0.0035139441446160246,17
2023-06-24T20:30:00Z,0.0037752263763537732,0.003143272671099304,17
2023-06-24T21:00:00Z,0.003253822929002337,0.0028988823545561915,17
2023-06-24T21:30:00Z,0.002923600745679758,0.002742442245934709,17
2023-06-24T22:00:00Z,0.002558618332533755,0.0026048112258517746,17
2023-06-24T22:30:00Z,0.0024369575281517506,0.002519841820460195,17
2023-06-24T23:00:00Z,0.0023485544561108684,0.00251180586231372,17
2023-06-24T23:30:00Z,0.0022544663215787433,0.0024646408978098115,17
2023-06-25T00:00:00Z,0.002219706091755315,0.002442277473948479,17
2023-06-25T00:30:00Z,0.002177699089182149,0.0024925341776620372,17
2023-06-25T01:00:00Z,0.0019897581855605607,0.002380611320594029,17
2023-06-25T01:30:00Z,0.0018373435636975996,0.002273007232247007,17
2023-06-25T02:00:00Z,0.0016126125504675305,0.002283537753553652,17
2023-06-25T02:30:00Z,0.0017852032189624586,0.0022555987756217692,17
2023-06-25T03:00:00Z,0.0015193121927928228,0.0022011571461475667,17
2023-06-25T03:30:00Z,0.0018813917671067386,0.0022170233995545173,17
2023-06-25T04:00:00Z,0.0030241399946383377,0.002603913902865477,17
2023-06-25T04:30:00Z,0.004644232121939502,0.0033237629731347642,17
2023-06-25T05:00:00Z,0.006921027175374105,0.00427510624553828,17
2023-06-25T05:30:00Z,0.009510592260283581,0.005800971536717064,17
2023-06-25T06:00:00Z,0.011429537441185056,0.007298369977595289,17
2023-06-25T06:30:00Z,0.012345179828450547,0.009038070102496947,17
2023-06-25T07:00:00Z,0.013092814438236133,0.009980860449333821,17
2023-06-25T07:30:00Z,0.013596837770675857,0.015661836757610764,17
2023-06-25T08:00:00Z,0.015179792512457697,0.01943308540056971,17
2023-06-25T08:30:00Z,0.01797693216618394,0.018271328299229124,17
2023-06-25T09:00:00Z,0.01627243125010629,0.01789800629617827,17
2023-06-25T09:30:00Z,0.015461724100702848,0.020429983900070166,17
2023-06-25T10:00:00Z,0.01562973187818273,0.02112742002663093,17
2023-06-25T10:30:00Z,0.01624605674163888,0.02147342146068792,17
2023-06-25T11:00:00Z,0.016229797924463336,0.022485999973458102,17
2023-06-25T11:30:00Z,0.01595734704426858,0.022600555972156412,17
2023-06-25T12:00:00Z,0.015717645183435894,0.02185080868472487,17
2023-06-25T12:30:00Z,0.015940546266520594,0.020553914021219036,17
2023-06-25T13:00:00Z,0.015839741600032646,0.019787528120263635,17
2023-06-25T13:30:00Z,0.015705335378048732,0.018359606137147988,17
2023-06-25T14:00:00Z,0.01757619230350646,0.01858141510579539,17
2023-06-25T14:30:00Z,0.017596848997458864,0.024113887301094882,17
2023-06-25T15:00:00Z,0.0171093510201812,0.021916394781513724,17
2023-06-25T15:30:00Z,0.016844945337589814,0.01900493120835381,17
2023-06-25T16:00:00Z,0.016597065010160405,0.014327985362949271,17
2023-06-25T16:30:00Z,0.016167405775949537,0.011958170833112175,17
2023-06-25T17:00:00Z,0.015448552826404387,0.011544727846725125,17
2023-06-25T17:30:00Z,0.013953008184247166,0.010387089082586249,17
2023-06-25T18:00:00Z,0.012151744471593728,0.008943384672028834,17
2023-06-25T18:30:00Z,0.009916465729355619,0.007297468886037058,17
2023-06-25T19:00:00Z,0.007364220105622827,0.0057674969155359955,17
2023-06-25T19:30:00Z,0.005895600395582954,0.0047759773065692915,17
2023-06-25T20:00:00Z,0.005017904592541365,0.004267429404454041,17
2023-06-25T20:30:00Z,0.0043661502833520684,0.0038805328273695504,17
2023-06-25T21:00:00Z,0.004001167870206066,0.0035958423989360696,17
2023-06-25T21:30:00Z,0.003584045112324911,0.0034091698872174697,17
2023-06-25T22:00:00Z,0.0033146533311933396,0.0032779465586720577,17
2023-06-25T22:30:00Z,0.0031843024693554794,0.0031948239810995925,17
2023-06-25T23:00:00Z,0.0030365714926059014,0.0031812555479516355,17
2023-06-25T23:30:00Z,0.0028367001711211825,0.0031463571211345666,17
2023-06-26T00:00:00Z,0.0028367001711211825,0.003128234085947568,17
2023-06-26T00:30:00Z,0.0028280101136653264,0.0031178598501384693,17
2023-06-26T01:00:00Z,0.0027671797114743346,0.0030353861196774265,17
2023-06-26T01:30:00Z,0.002619448734724756,0.0029503777393030503,17
2023-06-26T02:00:00Z,0.002384817183416604,0.0028343024199176795,17
2023-06-26T02:30:00Z,0.0025499282750778987,0.0028947089553246,17
2023-06-26T03:00:00Z,0.0024977879303427525,0.002877326045354074,17
2023-06-26T03:30:00Z,0.0034276240781194824,0.003065915944967992,17
2023-06-26T04:00:00Z,0.00573917936137752,0.004180781211715818,17
2023-06-26T04:30:00Z,0.008209608957746866,0.005773029699073107,17
2023-06-26T05:00:00Z,0.010734033511675732,0.007366071304003923,17
2023-06-26T05:30:00Z,0.012992009771748195,0.008954969729397667,17
2023-06-26T06:00:00Z,0.0138740506035177,0.01035201447327881,17
2023-06-26T06:30:00Z,0.015478789404582999,0.014007551240313665,17
2023-06-26T07:00:00Z,0.017059201548673616,0.019575962029898808,17
2023-06-26T07:30:00Z,0.017819941292145293,0.02249764865304562,17
2023-06-26T08:00:00Z,0.01771252648359265,0.021471213303771743,17
2023-06-26T08:30:00Z,0.01815871107296556,0.0190888744909834,17
2023-06-26T09:00:00Z,0.018241337848775276,0.01960773964671441,17
2023-06-26T09:30:00Z,0.017403698086912115,0.02053189013732137,17
2023-06-26T10:00:00Z,0.01590462158095383,0.02125084817510219,17
2023-06-26T10:30:00Z,0.01674195066549078,0.022681353084961293,17
2023-06-26T11:00:00Z,0.016125354821748435,0.022154554036575496,17
2023-06-26T11:30:00Z,0.016226159488236438,0.021374448155800384,17
2023-06-26T12:00:00Z,0.016158956377244453,0.020917282672194247,17
2023-06-26T12:30:00Z,0.015644480506146266,0.02083816785841644,17
2023-06-26T13:00:00Z,0.01610956703288268,0.021078950832110237,17
2023-06-26T13:30:00Z,0.016894521403075714,0.020961263566193933,17
2023-06-26T14:00:00Z,0.0166838231247607,0.020950113157327144,17
2023-06-26T14:30:00Z,0.015688170476252764,0.01883628854529073,17
2023-06-26T15:00:00Z,0.01637397271547403,0.018920761094237376,17
2023-06-26T15:30:00Z,0.01545681550398537,0.01739383161944118,17
2023-06-26T16:00:00Z,0.015919525448520235,0.016763418310177473,17
2023-06-26T16:30:00Z,0.014998236898241018,0.012262883903333754,17
2023-06-26T17:00:00Z,0.013655640492793827,0.01043745075812285,17
2023-06-26T17:30:00Z,0.01136164653531718,0.009142261963439926,17
2023-06-26T18:00:00Z,0.009241272516087999,0.00776986150060494,17
2023-06-26T18:30:00Z,0.007216489128873255,0.006343324990360411,17
2023-06-26T19:00:00Z,0.006414813878601261,0.0053647966662812895,17
2023-06-26T19:30:00Z,0.004826723328512503,0.00447170851017674,17
2023-06-26T20:00:00Z,0.004227109364058358,0.004113364177777127,17
2023-06-26T20:30:00Z,0.0037926064912654853,0.0037897996925501296,17
2023-06-26T21:00:00Z,0.003462384307942906,0.0036158215544089193,17
2023-06-26T21:30:00Z,0.0031582322969879112,0.003458346726518766,17
2023-06-26T22:00:00Z,0.002923600745679758,0.0033037820587627858,17
2023-06-26T22:30:00Z,0.0027367645103788286,0.0032057369138836418,17
2023-06-26T23:00:00Z,0.002567308389989616,0.0031237038827839707,17
2023-06-26T23:30:00Z,0.0024108873557841825,0.0029956320892137365,17
2023-06-27T00:00:00Z,0.0023500569535931807,0.0029414027063909623,17
2023-06-27T00:30:00Z,0.0021675657470201734,0.0028361969913253742,17
2023-06-27T01:00:00Z,0.00201959171309827,0.0027355394235706086,17
2023-06-27T01:30:00Z,0.0020114623045105326,0.00263883213025141,17
2023-06-27T02:00:00Z,0.0019057799928699516,0.002581871932902242,17
2023-06-27T02:30:00Z,0.0017591330465948905,0.002547025351349431,17
2023-06-27T03:00:00Z,0.0017525630869796001,0.0024495284049141377,17
2023-06-27T03:30:00Z,0.0021621672761900513,0.002798496399756841,17
2023-06-27T04:00:00Z,0.0032528407168792885,0.004223776137501447,17
2023-06-27T04:30:00Z,0.004091264463624001,0.00483608563468182,17
2023-06-27T05:00:00Z,0.005176853179648019,0.004620960235200013,17
2023-06-27T05:30:00Z,0.006056115918464086,0.004796340621064375,17
2023-06-27T06:00:00Z,0.00766215636759405,0.005557456879220917,17
2023-06-27T06:30:00Z,0.009201968575184205,0.0067034028011911505,17
2023-06-27T07:00:00Z,0.010327500091682075,0.007515021493574676,17
2023-06-27T07:30:00Z,0.011975562717994753,0.009531623846215528,17
2023-06-27T08:00:00Z,0.013915462797185188,0.011279896611342429,17
2023-06-27T08:30:00Z,0.013312650671721282,0.011084449482238093,17
2023-06-27T09:00:00Z,0.015803847962386493,0.018668208453980564,17
2023-06-27T09:30:00Z,0.015225460531717942,0.01786496322926194,17
2023-06-27T10:00:00Z,0.012515302285156807,0.012458686864429316,17
2023-06-27T10:30:00Z,0.012977997222106642,0.011311965851346889,17
2023-06-27T11:00:00Z,0.015233723209298907,0.0181518586572928,17
2023-06-27T11:30:00Z,0.016150880420787574,0.022837491223003634,17
2023-06-27T12:00:00Z,0.016609459026531923,0.02121319191840625,17
2023-06-27T12:30:00Z,0.016299608617245154,0.022638366173281355,17
2023-06-27T13:00:00Z,0.016398760748217008,0.02257203074960511,17
2023-06-27T13:30:00Z,0.01600215222433,0.02041251472746041,17
2023-06-27T14:00:00Z,0.01534940069543263,0.018499753527032408,17
2023-06-27T14:30:00Z,0.015382451405756545,0.017927595485257602,17
2023-06-27T15:00:00Z,0.013605975725846039,0.014094427872255084,17
2023-06-27T15:30:00Z,0.012689595772284361,0.010085890489690918,17
2023-06-27T16:00:00Z,0.011518067569522615,0.00932191234162615,17
2023-06-27T16:30:00Z,0.009354243263014147,0.007821435929767539,17
2023-06-27T17:00:00Z,0.006947097347741684,0.005840422897273116,17
2023-06-27T17:30:00Z,0.004969816992021305,0.0045588445083136345,17
2023-06-27T18:00:00Z,0.004049608418272433,0.003819693608301416,17
2023-06-27T18:30:00Z,0.003296710494296087,0.003196039790439528,17
2023-06-27T19:00:00Z,0.002694392155115012,0.0028704872095850612,17
2023-06-27T19:30:00Z,0.002409964050501718,0.0027002276995611446,17
2023-06-27T20:00:00Z,0.0021004393484225564,0.0026320796081078877,17
2023-06-27T20:30:00Z,0.001905779992869957,0.002510937749339158,17
2023-06-27T21:00:00Z,0.0018651329499312682,0.0025080858605576063,17
2023-06-27T21:30:00Z,0.0018458634446543072,0.0025430171072002507,17
2023-06-27T22:00:00Z,0.0016983026444038834,0.002569231152476152,17
2023-06-27T22:30:00Z,0.0016009500057581985,0.002490725947807835,17
2023-06-27T23:00:00Z,0.0015940219549335922,0.0025394869280304395,17
2023-06-27T23:30:00Z,0.0014984313229191636,0.0025301180320673826,17
2023-06-28T00:00:00Z,0.0013767705185371627,0.002527002442211002,17
2023-06-28T00:30:00Z,0.001342010288713734,0.002469881668608254,17
2023-06-28T01:00:00Z,0.0013072500588903043,0.0024067941945473664,17
2023-06-28T01:30:00Z,0.001294586130187249,0.0023714227618224335,17
2023-06-28T02:00:00Z,0.0012615354198633325,0.0023875935057546976,17
2023-06-28T02:30:00Z,0.0012038234976884537,0.0022744200676675036,17
2023-06-28T03:00:00Z,0.001029168220302872,0.002231600748085571,17
2023-06-28T03:30:00Z,0.001410263616320956,0.0023025392976049846,17
2023-06-28T04:00:00Z,0.00210081417406423,0.0030622664329460828,17
2023-06-28T04:30:00Z,0.0024361127734586563,0.0034955206108709686,17
2023-06-28T05:00:00Z,0.004015385881769788,0.0033692903244555298,17
2023-06-28T05:30:00Z,0.005569457823458932,0.003754625311610356,17
2023-06-28T06:00:00Z,0.006816746485903829,0.004751135342963453,17
2023-06-28T06:30:00Z,0.008424407115237419,0.006443759502470732,17
2023-06-28T07:00:00Z,0.009571494699410585,0.007780935988628102,17
2023-06-28T07:30:00Z,0.01114392421946921,0.008684207340798828,17
2023-06-28T08:00:00Z,0.012599876471834043,0.010785865775517453,17
2023-06-28T08:30:00Z,0.014650140874978679,0.015959236696621026,17
2023-06-28T09:00:00Z,0.015568361651328529,0.01928073774789027,17
2023-06-28T09:30:00Z,0.015746009219319606,0.020386832136180807,17
2023-06-28T10:00:00Z,0.015593149684071488,0.021176044177559614,17
2023-06-28T10:30:00Z,0.015853424027872362,0.020130312148026092,17
2023-06-28T11:00:00Z,0.016745793206618065,0.022757660550796515,17
2023-06-28T11:30:00Z,0.016712742496294196,0.025162341517128525,17
2023-06-28T12:00:00Z,0.016654903753227302,0.022213841777752024,17
2023-06-28T12:30:00Z,0.01577079725206252,0.021508922168460773,17
2023-06-28T13:00:00Z,0.015605543700442962,0.021734778230003162,17
2023-06-28T13:30:00Z,0.015097389029212748,0.018056943725994243,17
2023-06-28T14:00:00Z,0.01554770495737613,0.019898711568147643,17
2023-06-28T14:30:00Z,0.01550639156947124,0.01770601560607314,17
2023-06-28T15:00:00Z,0.01478753861992605,0.01437670768582478,17
2023-06-28T15:30:00Z,0.014571282880059327,0.014371801926601261,17
2023-06-28T16:00:00Z,0.015047812963726885,0.012618747225285097,17
2023-06-28T16:30:00Z,0.013878644086018358,0.010718637035016057,17
2023-06-28T17:00:00Z,0.013160017549228098,0.009689016704799141,17
2023-06-28T17:30:00Z,0.012403982550568522,0.008870865078832143,17
2023-06-28T18:00:00Z,0.010781705783377147,0.007659444961921945,17
2023-06-28T18:30:00Z,0.008555602731768367,0.0062471240761737806,17
2023-06-28T19:00:00Z,0.00615630211925867,0.00507603179784423,17
2023-06-28T19:30:00Z,0.004809343213600791,0.0043472182450051446,17
2023-06-28T20:00:00Z,0.004053308214941202,0.0038976122274061516,17
2023-06-28T20:30:00Z,0.0034971445377663408,0.0036267029368790417,17
2023-06-28T21:00:00Z,0.0031669223544437616,0.003423256227484589,17
2023-06-28T21:30:00Z,0.0029062206307680512,0.0032833601186352903,17
2023-06-28T22:00:00Z,0.002610758677268901,0.0032174998361324636,17
2023-06-28T22:30:00Z,0.002584688504901328,0.0031164863669181295,17
2023-06-28T23:00:00Z,0.002263156379034605,0.003055780430606316,17
2023-06-28T23:30:00Z,0.0019158387129103375,0.002977860535135251,17
2023-06-29T00:00:00Z,0.0018651329499312682,0.0028563416952904603,17
2023-06-29T00:30:00Z,0.001816356498404842,0.002776129746785175,17
2023-06-29T01:00:00Z,0.0017591330465948852,0.0027339793066925413,17
2023-06-29T01:30:00Z,0.0017504429891390294,0.0027068440238375057,17
2023-06-29T02:00:00Z,0.0016287821847570248,0.0027220419397010866,17
2023-06-29T02:30:00Z,0.0016114020698453128,0.0026355566663188246,17
2023-06-29T03:00:00Z,0.0017852032189624534,0.002674005039421339,17
2023-06-29T03:30:00Z,0.0018488741327557926,0.0027297721005596276,17
2023-06-29T04:00:00Z,0.0025339877673341018,0.003865759123183652,17
2023-06-29T04:30:00Z,0.003699025306252156,0.004653231356865058,17
2023-06-29T05:00:00Z,0.005120205850180549,0.005062315359402309,17
2023-06-29T05:30:00Z,0.006475284973461119,0.004938858688880438,17
2023-06-29T06:00:00Z,0.008362663372001804,0.0060156125827831785,17
2023-06-29T06:30:00Z,0.011570207914257755,0.007733449232430887,17
2023-06-29T07:00:00Z,0.01541899002615793,0.014094077994991655,17
2023-06-29T07:30:00Z,0.01613848640441606,0.018688167460869962,17
2023-06-29T08:00:00Z,0.01655575162225555,0.0199134138260759,17
2023-06-29T08:30:00Z,0.01687799604791373,0.022605346265530225,17
2023-06-29T09:00:00Z,0.016944097468561563,0.022221673118255562,17
2023-06-29T09:30:00Z,0.01686973337033279,0.01782008115355385,17
2023-06-29T10:00:00Z,0.01426886888059549,0.018962480789824994,17
2023-06-29T10:30:00Z,0.014756091435287227,0.01964937433543521,17
2023-06-29T11:00:00Z,0.015107906053484759,0.020979800600486768,17
2023-06-29T11:30:00Z,0.014890497657271152,0.020752399658012007,17
2023-06-29T12:00:00Z,0.01710521968139068,0.019508092215178838,17
2023-06-29T12:30:00Z,0.0166342470592749,0.01992915218273466,17
2023-06-29T13:00:00Z,0.015234913601104967,0.019608763850012416,17
2023-06-29T13:30:00Z,0.01507530621249905,0.01918970042756536,17
2023-06-29T14:00:00Z,0.015803847962386448,0.019443263910539722,17
2023-06-29T14:30:00Z,0.015151096433489128,0.016849327011559785,17
2023-06-29T15:00:00Z,0.015035418947355416,0.016424910862419664,17
2023-06-29T15:30:00Z,0.013076013660488151,0.01043697491071771,17
2023-06-29T16:00:00Z,0.01139640676514061,0.008895757084940404,17
2023-06-29T16:30:00Z,0.009901716882733162,0.007922707455923947,17
2023-06-29T17:00:00Z,0.008094184931914843,0.006808819375588878,17
2023-06-29T17:30:00Z,0.006477834245125388,0.005725703072007429,17
2023-06-29T18:00:00Z,0.004887553730703504,0.0046761540228787615,17
2023-06-29T18:30:00Z,0.003999415223340676,0.004049181855361305,17
2023-06-29T19:00:00Z,0.0033887313516709717,0.0036958682274645764,17
2023-06-29T19:30:00Z,0.0029620891947510415,0.003483777994528106,17
2023-06-29T20:00:00Z,0.002694392155115012,0.0033048487596960673,17
2023-06-29T20:30:00Z,0.002351405323081337,0.003177332467251972,17
2023-06-29T21:00:00Z,0.0021255359458884297,0.002985240127970367,17
2023-06-29T21:30:00Z,0.0018326153155803172,0.002872113574978332,17
2023-06-29T22:00:00Z,0.001807645711320643,0.0027790870526344462,17
2023-06-29T22:30:00Z,0.0015901418666163646,0.002730445137028872,17
2023-06-29T23:00:00Z,0.001446290978184021,0.0026627170343493274,17
2023-06-29T23:30:00Z,0.0013767705185371627,0.0026378862821549425,17
2023-06-30T00:00:00Z,0.0012637997716110187,0.0026555244569681394,17
2023-06-30T00:30:00Z,0.0012637997716110187,0.0026596624803753373,17
2023-06-30T01:00:00Z,0.0012290395417875895,0.0025821022045302805,17
2023-06-30T01:30:00Z,0.001116068794861445,0.002498378017404255,17
2023-06-30T02:00:00Z,0.0011293325785676676,0.0023646667964402944,17
2023-06-30T02:30:00Z,0.0010219177700149396,0.002331750540479023,17
2023-06-30T03:00:00Z,0.0010301804475959183,0.0023121419275866505,17
2023-06-30T03:30:00Z,0.0010301804475959183,0.0022983494246730826,17
2023-06-30T04:00:00Z,0.0011128072234057092,0.0024012593054528364,17
2023-06-30T04:30:00Z,0.0013524248732541023,0.002556340358477496,17
2023-06-30T05:00:00Z,0.0012532727422823538,0.002522007952532068,17
2023-06-30T05:30:00Z,0.0010842247408383496,0.002411347644871186,17
2023-06-30T06:00:00Z,0.0010244253624132984,0.002288912382778184,17
2023-06-30T06:30:00Z,0.001050053667452606,0.002289554108640154,17
2023-06-30T07:00:00Z,7.129973437359844e-4,0.0022436971757423554,17
2023-06-30T07:30:00Z,6.815659220685805e-4,0.0020808738400545277,17
2023-06-30T08:00:00Z,8.621127638310147e-4,0.002030871702886626,17
2023-06-30T08:30:00Z,0.0013746788646171717,0.0020735563598702376,17
2023-06-30T09:00:00Z,0.0013148794861921214,0.002129202073576738,17
2023-06-30T09:30:00Z,0.0012627362091873727,0.0020792817989850362,17
2023-06-30T10:00:00Z,0.0011421389672290165,0.00203752381999892,17
2023-06-30T10:30:00Z,9.596477606560141e-4,0.002034970505743568,17
2023-06-30T11:00:00Z,8.46677013729869e-4,0.001938323978641383,17
2023-06-30T11:30:00Z,6.989460369802952e-4,0.0018865242788652999,17
2023-06-30T12:00:00Z,5.946653475100077e-4,0.0018211544457642512,17
2023-06-30T12:30:00Z,6.902559795244382e-4,0.0016751216478760472,17
2023-06-30T13:00:00Z,6.902559795244376e-4,0.0017534588171429029,17
2023-06-30T13:30:00Z,6.641858071568655e-4,0.0016979091271270275,17
2023-06-30T14:00:00Z,7.945366689947254e-4,0.0017486539805369081,17
2023-06-30T14:30:00Z,6.207355198775793e-4,0.0017798527488462564,17
2023-06-30T15:00:00Z,4.382443133045763e-4,0.0017580933050770475,17
2023-06-30T15:30:00Z,5.512150602307212e-4,0.0017120717938309174,17
2023-06-30T16:00:00Z,7.936434121966408e-4,0.0016273560297259603,17
2023-06-30T16:30:00Z,8.524461343146089e-4,0.0016715249477582824,17
2023-06-30T17:00:00Z,0.001767646208553224,0.0017936669744969692,17
2023-06-30T17:30:00Z,0.002109634267707139,0.001999480703894488,17
2023-06-30T18:00:00Z,0.0016736757567424293,0.0018942474244203558,17
2023-06-30T18:30:00Z,0.0011464597449044468,0.0018321425146597182,17
2023-06-30T19:00:00Z,9.532508008025532e-4,0.001780854854347035,17
2023-06-30T19:30:00Z,6.592371902127152e-4,0.0017922898226298526,17
2023-06-30T20:00:00Z,5.685951751424352e-4,0.0018159988772130772,17
2023-06-30T20:30:00Z,5.338349453190061e-4,0.0018731167514703133,17
2023-06-30T21:00:00Z,4.208641983928618e-4,0.0017934182928437117,17
2023-06-30T21:30:00Z,3.6003379620186106e-4,0.0018487626900114545,17
2023-06-30T22:00:00Z,2.992033940108598e-4,0.0018293325986388435,17
2023-06-30T22:30:00Z,3.252735663784319e-4,0.0018938838035130363,17
2023-06-30T23:00:00Z,2.7313322164328776e-4,0.0018453382068131074,17
2023-06-30T23:30:00Z,2.3837299181985868e-4,0.001865768067740817,17
2023-07-01T00:00:00Z,2.100097218498845e-4,0.0018666804452911647,17
2023-07-01T00:30:00Z,1.2600583310993076e-4,0.0018657004390187613,17
2023-07-01T01:00:00Z,6.720311099196298e-5,0.0018851836042083942,17
2023-07-01T01:30:00Z,2.8592982944637942e-5,0.0018674783436063293,17
2023-07-01T02:00:00Z,2.9208024663061766e-5,0.0018119970233105283,17
2023-07-01T02:30:00Z,4.006858041075652e-6,0.0018684447396054298,17
2023-07-01T03:00:00Z,2.080763578906642e-5,0.0019221022524312614,17
2023-07-01T03:30:00Z,1.7014852776970054e-4,0.0018879156001254621,17
2023-07-01T04:00:00Z,6.912573969022948e-4,0.002383262561747962,17
2023-07-01T04:30:00Z,7.510863817154382e-4,0.002542575713740429,17
2023-07-01T05:00:00Z,0.001818902818631844,0.0029054763650307957,17
2023-07-01T05:30:00Z,0.003049061460518618,0.0032419085160824038,17
2023-07-01T06:00:00Z,0.005056612021931079,0.0040620392274472936,17
2023-07-01T06:30:00Z,0.0069132068852530105,0.005067486359293806,17
2023-07-01T07:00:00Z,0.00877271625263073,0.0065421249482541894,17
2023-07-01T07:30:00Z,0.011657108488816336,0.008167509879567743,17
2023-07-01T08:00:00Z,0.015043681624936396,0.01385722567109938,17
2023-07-01T08:30:00Z,0.015989758207958515,0.020074695100602304,17
2023-07-01T09:00:00Z,0.016109567032882743,0.020909680784096468,17
2023-07-01T09:30:00Z,0.016423548780959828,0.020488095528867857,17
2023-07-01T10:00:00Z,0.01670861115750367,0.020993024468810895,17
2023-07-01T10:30:00Z,0.017225028506314886,0.020123756954907854,17
2023-07-01T11:00:00Z,0.016497912879188684,0.019227224943694318,17
2023-07-01T11:30:00Z,0.016745793206618065,0.022714964732330544,17
2023-07-01T12:00:00Z,0.015903000093358186,0.02010555825406919,17
2023-07-01T12:30:00Z,0.014961054849126612,0.017667905773621238,17
2023-07-01T13:00:00Z,0.013622501081008,0.015370571045069337,17
2023-07-01T13:30:00Z,0.012210773606466623,0.01003762361233861,17
2023-07-01T14:00:00Z,0.011866357662632818,0.009436242429202012,17
2023-07-01T14:30:00Z,0.0098321964230863,0.008118084184506739,17
2023-07-01T15:00:00Z,0.00721648912887326,0.006307224314758123,17
2023-07-01T15:30:00Z,0.005747869418833382,0.0051783311405272205,17
2023-07-01T16:00:00Z,0.004509712705146872,0.004453653341097321,17
2023-07-01T16:30:00Z,0.0035225798714889887,0.0037063076029525475,17
2023-07-01T17:00:00Z,0.0027299706768637256,0.0031246012136807587,17
2023-07-01T17:30:00Z,0.001872103793521029,0.0026975605568257616,17
2023-07-01T18:00:00Z,0.0015496083427741154,0.0025145165883844146,17
2023-07-01T18:30:00Z,0.001239440138195827,0.0023073191915945214,17
2023-07-01T19:00:00Z,9.637350674595676e-4,0.002168840732998404,17
2023-07-01T19:30:00Z,8.401388632334001e-4,0.0021201166566171075,17
2023-07-01T20:00:00Z,5.946435004698569e-4,0.0020409576646634865,17
2023-07-01T20:30:00Z,4.8589157811771707e-4,0.0019903729634123497,17
2023-07-01T21:00:00Z,3.687741232769519e-4,0.0019558344672902595,17
2023-07-01T21:30:00Z,2.905133365550027e-4,0.001988598667795257,17
2023-07-01T22:00:00Z,2.7313322164328825e-4,0.0019312117350313517,17
2023-07-01T22:30:00Z,1.775425896288581e-4,0.0018899517849651115,17
2023-07-01T23:00:00Z,1.775425896288581e-4,0.001871968365402316,17
2023-07-01T23:30:00Z,1.775425896288581e-4,0.0018586032477745733,17
2023-07-02T00:00:00Z,2.4706304927571676e-4,0.0018803783681698891,17
2023-07-02T00:30:00Z,2.5575310673157367e-4,0.0018663450407318987,17
2023-07-02T01:00:00Z,2.4706304927571676e-4,0.0018525788318561633,17
2023-07-02T01:30:00Z,2.5575310673157367e-4,0.0018710649110211437,17
2023-07-02T02:00:00Z,2.5575310673157367e-4,0.0018475679433495405,17
2023-07-02T02:30:00Z,3.078934514667174e-4,0.0018305402594730059,17
2023-07-02T03:00:00Z,3.1658350892257493e-4,0.0018857432184015935,17
2023-07-02T03:30:00Z,3.426536812901465e-4,0.0018867519467069278,17
2023-07-02T04:00:00Z,6.229152501308072e-4,0.002015062148780852,17
2023-07-02T04:30:00Z,9.560832156418103e-4,0.0021875638575306173,17
2023-07-02T05:00:00Z,0.0023941108290886806,0.0025505041711270395,17
2023-07-02T05:30:00Z,0.0026209213286865524,0.0028212682332670936,17
2023-07-02T06:00:00Z,0.0034357590494641112,0.003125912808016172,17
2023-07-02T06:30:00Z,0.004707071971131595,0.003709398338420252,17
2023-07-02T07:00:00Z,0.007822101419160708,0.005668943213069785,17
2023-07-02T07:30:00Z,0.010143913819415823,0.008145311958939298,17
2023-07-02T08:00:00Z,0.01272186922468128,0.009772905348524387,17
2023-07-02T08:30:00Z,0.012647505126452475,0.009987780580663536,17
2023-07-02T09:00:00Z,0.013399408786321558,0.010286145251021334,17
2023-07-02T09:30:00Z,0.014547920970077658,0.015753720116799104,17
2023-07-02T10:00:00Z,0.014167837801352619,0.015432526672485125,17
2023-07-02T10:30:00Z,0.01545681550398529,0.01791357776968926,17
2023-07-02T11:00:00Z,0.01377324593702976,0.016511293243207565,17
2023-07-02T11:30:00Z,0.015795585284805506,0.019181896954117934,17
2023-07-02T12:00:00Z,0.015605543700442981,0.01851939101943154,17
2023-07-02T12:30:00Z,0.01632439664998823,0.020547837934179136,17
2023-07-02T13:00:00Z,0.014601628374354036,0.01773060900188283,17
2023-07-02T13:30:00Z,0.01616327443715912,0.018813048648274693,17
2023-07-02T14:00:00Z,0.015721221186576678,0.019380909639815667,17
2023-07-02T14:30:00Z,0.01502302493098396,0.017322427634574054,17
2023-07-02T15:00:00Z,0.014168064214107547,0.016026058337053437,17
2023-07-02T15:30:00Z,0.012916406271882239,0.011345028371114283,17
2023-07-02T16:00:00Z,0.013277622993464031,0.010412305644239919,17
2023-07-02T16:30:00Z,0.01295840821625222,0.010070766010532604,17
2023-07-02T17:00:00Z,0.012891205105260248,0.009760200379935921,17
2023-07-02T17:30:00Z,0.011448547109875761,0.008770021381864173,17
2023-07-02T18:00:00Z,0.008980570792412289,0.007198827978247012,17
2023-07-02T18:30:00Z,0.007642301944210261,0.006460941234197419,17
2023-07-02T19:00:00Z,0.005747869418833377,0.005270405583078303,17
2023-07-02T19:30:00Z,0.0045399514324692145,0.00454396642174192,17
2023-07-02T20:00:00Z,0.0038534368934564876,0.0041610348807083475,17
2023-07-02T20:30:00Z,0.0033928638482960535,0.0038659564837182567,17
2023-07-02T21:00:00Z,0.003053951607517613,0.0037077195469290706,17
2023-07-02T21:30:00Z,0.002755541931982729,0.003582637300764725,17
2023-07-02T22:00:00Z,0.0023597708555699658,0.0034504123670833185,17
2023-07-02T22:30:00Z,0.002150632543354308,0.0032778421707503765,17
2023-07-02T23:00:00Z,0.0018913010362069033,0.0031875370325231646,17
2023-07-02T23:30:00Z,0.0017675800468784151,0.003045979769453095,17
2023-07-03T00:00:00Z,0.001718803595351989,0.0029943893284232912,17
2023-07-03T00:30:00Z,0.0016781565524133003,0.002903012941859833,17
2023-07-03T01:00:00Z,0.001550571667654309,0.002900860241559648,17
2023-07-03T01:30:00Z,0.0014810512080074506,0.002871934201365241,17
2023-07-03T02:00:00Z,0.0013941506334488778,0.0028542539034606923,17
2023-07-03T02:30:00Z,0.0013150216304097582,0.0028979820787423663,17
2023-07-03T03:00:00Z,0.001361962186667217,0.0028742027662283292,17
2023-07-03T03:30:00Z,0.0018025833338741722,0.002828981845491204,17
2023-07-03T04:00:00Z,0.0031321621246203327,0.004279501124294177,17
2023-07-03T04:30:00Z,0.004715334648712577,0.005284079518295179,17
2023-07-03T05:00:00Z,0.0065125944749488225,0.0057886381332839755,17
2023-07-03T05:30:00Z,0.008659038666545571,0.006262095850892088,17
2023-07-03T06:00:00Z,0.010310149583158451,0.0072530461695339615,17
2023-07-03T06:30:00Z,0.01105749452436218,0.008583918995745054,17
2023-07-03T07:00:00Z,0.012100301419065058,0.010016762150793323,17
2023-07-03T07:30:00Z,0.01404360432238173,0.010817015108647292,17
2023-07-03T08:00:00Z,0.014713174521697238,0.015981261256114068,17
2023-07-03T08:30:00Z,0.013837330698113461,0.01576490771979415,17
2023-07-03T09:00:00Z,0.015142833755908162,0.01726486873942604,17
2023-07-03T09:30:00Z,0.015890606076986762,0.01964745735667715,17
2023-07-03T10:00:00Z,0.015993889546749004,0.01997288139407721,17
2023-07-03T10:30:00Z,0.016497912879188757,0.0220498887849709,17
2023-07-03T11:00:00Z,0.01615088042078755,0.02337592789919981,17
2023-07-03T11:30:00Z,0.015613806378023972,0.020132115943575602,17
2023-07-03T12:00:00Z,0.015890606076986762,0.021400373516238955,17
2023-07-03T12:30:00Z,0.014812326652668992,0.018367474819540753,17
2023-07-03T13:00:00Z,0.014250464577162407,0.017075749480141674,17
2023-07-03T13:30:00Z,0.01375644515928177,0.015162128737925086,17
2023-07-03T14:00:00Z,0.014390930096039057,0.01612348193183397,17
2023-07-03T14:30:00Z,0.013395228437699967,0.013563323339654057,17
2023-07-03T15:00:00Z,0.013512833881935908,0.014921506758530656,17
2023-07-03T15:30:00Z,0.01383319935932297,0.01299761166706017,17
2023-07-03T16:00:00Z,0.013325044688092758,0.010837016055165552,17
2023-07-03T16:30:00Z,0.013050812493866165,0.01028943787989157,17
2023-07-03T17:00:00Z,0.012513187605930457,0.009572756392870807,17
2023-07-03T17:30:00Z,0.010327529698070168,0.00811702438669606,17
2023-07-03T18:00:00Z,0.00803335452972384,0.006888902080522586,17
2023-07-03T18:30:00Z,0.006408313785478535,0.005948981088383703,17
2023-07-03T19:00:00Z,0.005087425052188224,0.005089614230779224,17
2023-07-03T19:30:00Z,0.004270559651337636,0.004597409742283662,17
2023-07-03T20:00:00Z,0.0037057059167069153,0.004272513218373312,17
2023-07-03T20:30:00Z,0.003340723503560913,0.004020087857602348,17
2023-07-03T21:00:00Z,0.0029844311478707604,0.0038278732278283025,17
2023-07-03T21:30:00Z,0.0025339535825052916,0.0036440216137219902,17
2023-07-03T22:00:00Z,0.002368136388058586,0.0035736443048053016,17
2023-07-03T22:30:00Z,0.002192460205797441,0.0034619381143997357,17
2023-07-03T23:00:00Z,0.0020502461534907994,0.0033895318612336286,17
2023-07-03T23:30:00Z,0.0018583865298829635,0.003285045547633668,17
2023-07-04T00:00:00Z,0.0017025447781765135,0.003063969905634385,17
2023-07-04T00:30:00Z,0.0016809225294921713,0.0030301273583176356,17
2023-07-04T01:00:00Z,0.0015766418400218803,0.0029425535018830873,17
2023-07-04T01:30:00Z,0.0014636710930957364,0.0028792741509442157,17
2023-07-04T02:00:00Z,0.0013941506334488778,0.0028289392029032267,17
2023-07-04T02:30:00Z,0.001237729599243446,0.002763147008704741,17
2023-07-04T03:00:00Z,0.0012811798865227332,0.002743866628499116,17
2023-07-04T03:30:00Z,0.0015592617251101659,0.0027675632115131046,17
2023-07-04T04:00:00Z,0.002358747011049036,0.0036218696526038813,17
2023-07-04T04:30:00Z,0.003158546216622264,0.004229600540716038,17
2023-07-04T05:00:00Z,0.0044606064920915435,0.004388588221430243,17
2023-07-04T05:30:00Z,0.00585215010830367,0.00500220020700887,17
2023-07-04T06:00:00Z,0.007859553380606697,0.006527009026853929,17
2023-07-04T06:30:00Z,0.00950197423976373,0.008031097881674396,17
2023-07-04T07:00:00Z,0.011017918386359283,0.009528422407599654,17
2023-07-04T07:30:00Z,0.011773953385018868,0.009672462682851225,17
2023-07-04T08:00:00Z,0.012804496000491074,0.01349434176664486,17
2023-07-04T08:30:00Z,0.013895169441180312,0.016645218932058566,17
2023-07-04T09:00:00Z,0.01442398080636297,0.017737170529821215,17
2023-07-04T09:30:00Z,0.014969317526707581,0.018466630645408207,17
2023-07-04T10:00:00Z,0.015514654247052184,0.01940077538240276,17
2023-07-04T10:30:00Z,0.014705713606958805,0.020715128633270255,17
2023-07-04T11:00:00Z,0.01595257615884405,0.022191050447307372,17
2023-07-04T11:30:00Z,0.015432027471242386,0.021339296773974226,17
2023-07-04T12:00:00Z,0.015589018345281041,0.02051571140573164,17
2023-07-04T12:30:00Z,0.015646857088347912,0.02111106261093848,17
2023-07-04T13:00:00Z,0.014961054849126612,0.019285991079953733,17
2023-07-04T13:30:00Z,0.014799932636297516,0.01908516716840136,17
2023-07-04T14:00:00Z,0.01458923435798255,0.01804057477392621,17
2023-07-04T14:30:00Z,0.014622285068306469,0.016485705019345865,17
2023-07-04T15:00:00Z,0.014614022390725494,0.016856275752963588,17
2023-07-04T15:30:00Z,0.014415718128781988,0.016112314331599632,17
2023-07-04T16:00:00Z,0.013941253714509666,0.012206180414686983,17
2023-07-04T16:30:00Z,0.013512833881935908,0.010388732055358134,17
2023-07-04T17:00:00Z,0.01216982187871191,0.009349005111726375,17
2023-07-04T17:30:00Z,0.010214558951144023,0.008352358890058408,17
2023-07-04T18:00:00Z,0.00812894516173828,0.007213655146208045,17
2023-07-04T18:30:00Z,0.006321413210919965,0.006140857033567618,17
2023-07-04T19:00:00Z,0.005139565396923365,0.00534048693276777,17
2023-07-04T19:30:00Z,0.004305319881161066,0.004820180486486567,17
2023-07-04T20:00:00Z,0.003714395974162771,0.004463524551876675,17
2023-07-04T20:30:00Z,0.0036092221286803004,0.004218501555666897,17
2023-07-04T21:00:00Z,0.0031321621246203322,0.004138321436112846,17
2023-07-04T21:30:00Z,0.002993121205326616,0.0040458006158418025,17
2023-07-04T22:00:00Z,0.00289753057331219,0.003946232900937867,17
2023-07-04T22:30:00Z,0.0025310379463279577,0.0038310537325805297,17
2023-07-04T23:00:00Z,0.0023298590500918604,0.003848120147833188,17
2023-07-04T23:30:00Z,0.002286124507431843,0.003805952971128145,17
2023-07-05T00:00:00Z,0.002075342750956678,0.003778584242996221,17
2023-07-05T00:30:00Z,0.0020382271124753646,0.0037635300274054145,17
2023-07-05T01:00:00Z,0.0019390749815036128,0.0036890920655317017,17
2023-07-05T01:30:00Z,0.0019331286986500361,0.003657955115134528,17
2023-07-05T02:00:00Z,0.001899666568695533,0.0035917495399726083,17
2023-07-05T02:30:00Z,0.0019060242711796958,0.0034842542048336127,17
2023-07-05T03:00:00Z,0.0019080321011841575,0.003404568773681859,17
2023-07-05T03:30:00Z,0.0017675800468784151,0.0031928010673098264,17
2023-07-05T04:00:00Z,0.0016994573316552197,0.0031049470336511455,17
2023-07-05T04:30:00Z,0.0016456389180623495,0.003041285271688312,17
2023-07-05T05:00:00Z,0.0017403587083004782,0.0030428862739564104,17
2023-07-05T05:30:00Z,0.002780528717292472,0.0031549597043847273,17
2023-07-05T06:00:00Z,0.0036577119183472534,0.0034319164171055217,17
2023-07-05T06:30:00Z,0.00626114235877855,0.005421265438250632,17
2023-07-05T07:00:00Z,0.0035309454039776185,0.003979382545058025,17
2023-07-05T07:30:00Z,0.0031417454388742707,0.0036974750600692195,17
2023-07-05T08:00:00Z,0.004924228252538451,0.003936863518256231,17
2023-07-05T08:30:00Z,0.011471539385555026,0.008742350498666087,17
2023-07-05T09:00:00Z,0.012597191494670408,0.011254842863380648,17
2023-07-05T09:30:00Z,0.015299824629946742,0.0184613532811665,17
2023-07-05T10:00:00Z,0.015283299274784808,0.01922669803777901,17
2023-07-05T10:30:00Z,0.015630331733185922,0.01958503339105129,17
2023-07-05T11:00:00Z,0.015598827945358372,0.02123092636722254,17
2023-07-05T11:30:00Z,0.015324612662689701,0.02025920501316735,17
2023-07-05T12:00:00Z,0.015010630914612483,0.020535770627355444,17
2023-07-05T12:30:00Z,0.014506607582172761,0.0186474714653887,17
2023-07-05T13:00:00Z,0.014275252609905347,0.017644058392285774,17
2023-07-05T13:30:00Z,0.013806847492525741,0.016161696069627248,17
2023-07-05T14:00:00Z,0.014019109604894999,0.016868718925163284,17
2023-07-05T14:30:00Z,0.013605238159549851,0.016380717635081747,17
2023-07-05T15:00:00Z,0.013370027271077979,0.013107969189312703,17
2023-07-05T15:30:00Z,0.013302824160086022,0.010618780332550475,17
2023-07-05T16:00:00Z,0.012983609382874193,0.010175632765715493,17
2023-07-05T16:30:00Z,0.011431166994964038,0.008748484162692633,17
2023-07-05T17:00:00Z,0.009354243263014147,0.007938404101942924,17
2023-07-05T17:30:00Z,0.008407027000325711,0.0074940929384748976,17
2023-07-05T18:00:00Z,0.007962566938037352,0.007209371727215377,17
2023-07-05T18:30:00Z,0.006399623728022679,0.006148064508157994,17
2023-07-05T19:00:00Z,0.0048701736157917876,0.005259545404433735,17
2023-07-05T19:30:00Z,0.004009857927661922,0.004708017237283593,17
2023-07-05T20:00:00Z,0.0035753550548690543,0.004435159397305753,17
2023-07-05T20:30:00Z,0.0032972732162816223,0.004260115338269269,17
2023-07-05T21:00:00Z,0.002602371297740122,0.0040887323781004575,17
2023-07-05T21:30:00Z,0.002527081505342481,0.004022670894786807,17
2023-07-05T22:00:00Z,0.0022761155306837005,0.0037806956122575694,17
2023-07-05T22:30:00Z,0.0020502461534907994,0.0036673799699391565,17
2023-07-05T23:00:00Z,0.00202514955602492,0.003553763175197094,17
2023-07-05T23:30:00Z,0.0017992801788320187,0.0034014852182557755,17
2023-07-06T00:00:00Z,0.0017156827593155955,0.0033374302298237587,17
2023-07-06T00:30:00Z,0.0016548523571245932,0.0032748261214029925,17
2023-07-06T01:00:00Z,0.0016548523571245932,0.0032382126344131265,17
2023-07-06T01:30:00Z,0.0015418816101984525,0.003191007743788451,17
2023-07-06T02:00:00Z,0.0013333202312578768,0.0031178249278500593,17
2023-07-06T02:30:00Z,0.0013246301738020197,0.0031476217582528877,17
2023-07-06T03:00:00Z,0.001255109714155161,0.002985326903797609,17
2023-07-06T03:30:00Z,0.0013941506334488763,0.0029412194498655265,17
2023-07-06T04:00:00Z,0.002228268696837886,0.0036369339541643736,17
2023-07-06T04:30:00Z,0.0031123751980026383,0.00431527526792323,17
2023-07-06T05:00:00Z,0.004065788215013764,0.004472232437157158,17
2023-07-06T05:30:00Z,0.00556812746861797,0.004520078669689408,17
2023-07-06T06:00:00Z,0.007103518381947112,0.005492176744345454,17
2023-07-06T06:30:00Z,0.008685108838913139,0.006827773068131555,17
2023-07-06T07:00:00Z,0.010122473651367613,0.008156870269742215,17
2023-07-06T07:30:00Z,0.011518067569522618,0.009164725333233092,17
2023-07-06T08:00:00Z,0.012688818514357375,0.010783014011724653,17
2023-07-06T08:30:00Z,0.012730131902262257,0.013016506004904496,17
2023-07-06T09:00:00Z,0.0129752089940002,0.011869280962921107,17
2023-07-06T09:30:00Z,0.014010846927314014,0.016292010693766963,17
2023-07-06T10:00:00Z,0.014870165395735819,0.017196954740258237,17
2023-07-06T10:30:00Z,0.014919741461221719,0.01880757472093491,17
2023-07-06T11:00:00Z,0.01502715626977444,0.018835671428145923,17
2023-07-06T11:30:00Z,0.014919741461221705,0.019855722304566423,17
2023-07-06T12:00:00Z,0.01458923435798255,0.019609064161134858,17
2023-07-06T12:30:00Z,0.01478753861992605,0.020148427942213835,17
2023-07-06T13:00:00Z,0.014564446325239616,0.018797948779893946,17
2023-07-06T13:30:00Z,0.014403324112410527,0.01777577942768841,17
2023-07-06T14:00:00Z,0.014327671602713456,0.016775063329552437,17
2023-07-06T14:30:00Z,0.014217413866838502,0.01727266306318424,17
2023-07-06T15:00:00Z,0.014201665769603522,0.01597741063063504,17
2023-07-06T15:30:00Z,0.013949654103383663,0.013722823605794235,17
2023-07-06T16:00:00Z,0.012595634694048917,0.009548709995860386,17
2023-07-06T16:30:00Z,0.013722843603785785,0.010263053051685615,17
2023-07-06T17:00:00Z,0.012891205105260251,0.00950485629754468,17
2023-07-06T17:30:00Z,0.010664100339141204,0.008569426939619505,17
2023-07-06T18:00:00Z,0.009252835008309982,0.00767974340356077,17
2023-07-06T18:30:00Z,0.007199109013961543,0.00663641181016925,17
2023-07-06T19:00:00Z,0.005634898671907234,0.005763977205281537,17
2023-07-06T19:30:00Z,0.00453995143246922,0.005149451041463354,17
2023-07-06T20:00:00Z,0.0039664076403826305,0.004762619939607376,17
2023-07-06T20:30:00Z,0.003363634754205093,0.004512872326079119,17
2023-07-06T21:00:00Z,0.0030122823896827984,0.004309833333152411,17
2023-07-06T21:30:00Z,0.0027529508825353934,0.004165814518769338,17
2023-07-06T22:00:00Z,0.0025438125703197358,0.004004787637625908,17
2023-07-06T22:30:00Z,0.002251018933217822,0.003932501666405813,17
2023-07-06T23:00:00Z,0.002150632543354313,0.0038774599745691604,17
2023-07-06T23:30:00Z,0.0020335150885135503,0.003817110744736231,17
2023-07-07T00:00:00Z,0.0019498597636272898,0.003748336208120651,17
2023-07-07T00:30:00Z,0.0019247631661614118,0.0037033996126921553,17
2023-07-07T01:00:00Z,0.0018578389062524057,0.0036465313574222595,17
2023-07-07T01:30:00Z,0.001807645711320648,0.0036181030687535663,17
2023-07-07T02:00:00Z,0.0017675800468784151,0.003571957950653324,17
2023-07-07T02:30:00Z,0.0017838388640538908,0.0034897170358287105,17
2023-07-07T03:00:00Z,0.001775709455466153,0.003444290850004438,17
2023-07-07T03:30:00Z,0.0024108873557841825,0.0034233222655749014,17
2023-07-07T04:00:00Z,0.0038360567785447764,0.004416034789377755,17
2023-07-07T04:30:00Z,0.005285459401800136,0.004853262580412536,17
2023-07-07T05:00:00Z,0.006493500599598425,0.004737761521333475,17
2023-07-07T05:30:00Z,0.008580828149442851,0.005476479761853757,17
2023-07-07T06:00:00Z,0.010040757802026873,0.006708165174086827,17
2023-07-07T06:30:00Z,0.010788102743230603,0.007907118501436659,17
2023-07-07T07:00:00Z,0.01172851410049758,0.009096892288974798,17
2023-07-07T07:30:00Z,0.01320110452437807,0.009840452580655483,17
2023-07-07T08:00:00Z,0.01387038140843737,0.013086268100855723,17
2023-07-07T08:30:00Z,0.01416783780135263,0.015908633513401917,17
2023-07-07T09:00:00Z,0.014886690750897793,0.018079669085379876,17
2023-07-07T09:30:00Z,0.015097389029212755,0.019204158326729965,17
2023-07-07T10:00:00Z,0.015200672498975006,0.01997937110770613,17
2023-07-07T10:30:00Z,0.015076732335260313,0.020662892989982397,17
2023-07-07T11:00:00Z,0.015398976760918498,0.021675394112123096,17
2023-07-07T11:30:00Z,0.015349400695432617,0.022217227175354466,17
2023-07-07T12:00:00Z,0.015217197854136959,0.02143619275951687,17
2023-07-07T12:30:00Z,0.015072600996469825,0.021084226108163604,17
2023-07-07T13:00:00Z,0.014804063975088011,0.020146038457519923,17
2023-07-07T13:30:00Z,0.01459749703556353,0.01905388751759646,17
2023-07-07T14:00:00Z,0.014848495712901174,0.018335859669533664,17
2023-07-07T14:30:00Z,0.014588083657807317,0.01713364049947198,17
2023-07-07T15:00:00Z,0.014772892213035212,0.016458141362903824,17
2023-07-07T15:30:00Z,0.014697288713169257,0.0144412830443118,17
2023-07-07T16:00:00Z,0.014361273158209441,0.011145129487183237,17
2023-07-07T16:30:00Z,0.014260468491721492,0.010996180753974086,17
2023-07-07T17:00:00Z,0.01379844710365175,0.010538570979219227,17
2023-07-07T17:30:00Z,0.01226857461407432,0.009739491846866694,17
2023-07-07T18:00:00Z,0.01089931122761308,0.008703841632560012,17
2023-07-07T18:30:00Z,0.00878241323136624,0.007609487030028283,17
2023-07-07T19:00:00Z,0.00683412660081554,0.006633989207445123,17
2023-07-07T19:30:00Z,0.005834769993391947,0.00605691855757232,17
2023-07-07T20:00:00Z,0.005035284707453076,0.005686202128029518,17
2023-07-07T20:30:00Z,0.004705062524130503,0.005458275730049841,17
2023-07-07T21:00:00Z,0.004331390053528639,0.005359673122578536,17
2023-07-07T21:30:00Z,0.004070688329852918,0.005200766055219217,17
2023-07-07T22:00:00Z,0.003827366721088914,0.005025413362806325,17
2023-07-07T22:30:00Z,0.003584045112324916,0.004863604473556344,17
2023-07-07T23:00:00Z,0.0031170808179722276,0.004792812168544589,17
2023-07-07T23:30:00Z,0.00290353046733066,0.004683422490640322,17
2023-07-08T00:00:00Z,0.0029369925972851625,0.004628504283757888,17
2023-07-08T00:30:00Z,0.0027696819475126425,0.004514942374179856,17
2023-07-08T01:00:00Z,0.0025940057652514975,0.004392752144856203,17
2023-07-08T01:30:00Z,0.002443426180456221,0.004269389139158944,17
2023-07-08T02:00:00Z,0.00237650192054721,0.00422384529387238,17
2023-07-08T02:30:00Z,0.0022593844657064466,0.004180119097706893,17
2023-07-08T03:00:00Z,0.002225922335751944,0.004073890323284226,17
2023-07-08T03:30:00Z,0.0029236007456797633,0.0040487458203103885,17
2023-07-08T04:00:00Z,0.004889026324665311,0.004762245796900132,17
2023-07-08T04:30:00Z,0.006451498655228445,0.00506844981940816,17
2023-07-08T05:00:00Z,0.0067732961986245325,0.005088468138445185,17
2023-07-08T05:30:00Z,0.008945825570173859,0.006254398528580718,17
2023-07-08T06:00:00Z,0.010846241413799038,0.007658769120948977,17
2023-07-08T06:30:00Z,0.01217273805451225,0.008691129819529237,17
2023-07-08T07:00:00Z,0.012849203160890268,0.009610160132395086,17
2023-07-08T07:30:00Z,0.01363076375858898,0.010365576637474066,17
2023-07-08T08:00:00Z,0.014031503621266466,0.015534371975945874,17
2023-07-08T08:30:00Z,0.01394965410338367,0.015294726865564967,17
2023-07-08T09:00:00Z,0.014861902718154858,0.017052723454457797,17
2023-07-08T09:30:00Z,0.01487842807331682,0.01823881208895912,17
2023-07-08T10:00:00Z,0.01502715626977444,0.01961277247867284,17
2023-07-08T10:30:00Z,0.015109783045584234,0.021550240873285543,17
2023-07-08T11:00:00Z,0.01517588446623206,0.021912377658727847,17
2023-07-08T11:30:00Z,0.015419633454870935,0.02302119587052583,17
2023-07-08T12:00:00Z,0.015489866214309258,0.022708860948666587,17
2023-07-08T12:30:00Z,0.015465078181566339,0.021844119140298723,17
2023-07-08T13:00:00Z,0.015398976760918502,0.021643400803138747,17
2023-07-08T13:30:00Z,0.01532048132389923,0.02118864365666433,17
2023-07-08T14:00:00Z,0.015436522934080828,0.021150064408810614,17
2023-07-08T14:30:00Z,0.015964970175215615,0.021661392412081138,17
2023-07-08T15:00:00Z,0.016018677579491932,0.0213789849811024,17
2023-07-08T15:30:00Z,0.015646532655930714,0.01837007570860959,17
2023-07-08T16:00:00Z,0.01592778812610115,0.01904000684544493,17
2023-07-08T16:30:00Z,0.015192911656734972,0.016494801914433806,17
2023-07-08T17:00:00Z,0.014756091435287222,0.011342233544358893,17
2023-07-08T17:30:00Z,0.012943236992283206,0.01008345908363914,17
2023-07-08T18:00:00Z,0.011042117838470996,0.00897047926434833,17
2023-07-08T18:30:00Z,0.008963190677500572,0.007850466009180719,17
2023-07-08T19:00:00Z,0.007355530048166977,0.0070188048473768016,17
2023-07-08T19:30:00Z,0.006399623728022674,0.0065351102997460294,17
2023-07-08T20:00:00Z,0.005652278786818946,0.006271501640855576,17
2023-07-08T20:30:00Z,0.005339436718408089,0.006050237316078756,17
2023-07-08T21:00:00Z,0.0050092145350855155,0.005906305658190259,17
2023-07-08T21:30:00Z,0.004687682409218792,0.0057150097916773635,17
2023-07-08T22:00:00Z,0.004566021604836787,0.0056447964551932465,17
2023-07-08T22:30:00Z,0.004270559651337632,0.005518484512944265,17
2023-07-08T23:00:00Z,0.004088068444764636,0.005407319378504811,17
2023-07-08T23:30:00Z,0.003949027525470924,0.005290565359299714,17
2023-07-09T00:00:00Z,0.003914267295647495,0.00527147219267995,17
2023-07-09T00:30:00Z,0.0038273667210889195,0.005266007079711216,17
2023-07-09T01:00:00Z,0.0035136073380897435,0.005162719802457246,17
2023-07-09T01:30:00Z,0.0030624755846145554,0.00500029379349616,17
2023-07-09T02:00:00Z,0.003505834595222192,0.004954607620500914,17
2023-07-09T02:30:00Z,0.0029620891947510436,0.00479390930689308,17
2023-07-09T03:00:00Z,0.0028198751424444047,0.004765081300023661,17
2023-07-09T03:30:00Z,0.003889380048659856,0.004826595010186338,17
2023-07-09T04:00:00Z,0.0059138737672927485,0.0054314387383448525,17
2023-07-09T04:30:00Z,0.007073127431904107,0.005759081365313143,17
2023-07-09T05:00:00Z,0.008954500620044716,0.006587114459262238,17
2023-07-09T05:30:00Z,0.010805482858142321,0.0074993612737029695,17
2023-07-09T06:00:00Z,0.012187201993623633,0.008642652159869018,17
2023-07-09T06:30:00Z,0.013690581933486936,0.009908494449796714,17
2023-07-09T07:00:00Z,0.014268868880595484,0.015431373309394484,17
2023-07-09T07:30:00Z,0.014672087546547264,0.016283722571944017,17
2023-07-09T08:00:00Z,0.014928004138802691,0.018176354781853445,17
2023-07-09T08:30:00Z,0.015225460531717942,0.019578655142965137,17
2023-07-09T09:00:00Z,0.015093257690422274,0.019368618521361416,17
2023-07-09T09:30:00Z,0.01506020698009836,0.020021113620239252,17
2023-07-09T10:00:00Z,0.015109783045584227,0.020596217515058673,17
2023-07-09T10:30:00Z,0.0154485528264044,0.02146497385072131,17
2023-07-09T11:00:00Z,0.015828635995129424,0.023070845199017486,17
2023-07-09T11:30:00Z,0.016225244519016382,0.023873063226374662,17
2023-07-09T12:00:00Z,0.01629134593966416,0.024058324535265598,17
2023-07-09T12:30:00Z,0.016386366731845518,0.023870309982930812,17
2023-07-09T13:00:00Z,0.016497912879188656,0.02375473929869884,17
2023-07-09T13:30:00Z,0.0165557516222556,0.022695240489482283,17
2023-07-09T14:00:00Z,0.01667142910838921,0.02276991869290629,17
2023-07-09T14:30:00Z,0.01646486216886479,0.021647053382349166,17
2023-07-09T15:00:00Z,0.016530963589512622,0.020998464380311048,17
2023-07-09T15:30:00Z,0.016142155599496444,0.019436576859677913,17
2023-07-09T16:00:00Z,0.015444923322954822,0.018864087893281728,17
2023-07-09T16:30:00Z,0.01450407976906736,0.016378548658205414,17
2023-07-09T17:00:00Z,0.012265412510726343,0.010085691012253706,17
2023-07-09T17:30:00Z,0.010570851306834167,0.008997368272983414,17
2023-07-09T18:00:00Z,0.00865034860908971,0.00787455130192419,17
2023-07-09T18:30:00Z,0.007511951082372404,0.007328522586939514,17
2023-07-09T19:00:00Z,0.006599495049507393,0.006890192715198353,17
2023-07-09T19:30:00Z,0.006130231946891104,0.006582135687553261,17
2023-07-09T20:00:00Z,0.0056870390166423755,0.006429572874417407,17
2023-07-09T20:30:00Z,0.005113495224555797,0.006192356075071748,17
2023-07-09T21:00:00Z,0.004819237407226035,0.0060383370692721205,17
2023-07-09T21:30:00Z,0.004551540367590005,0.005782655678545974,17
2023-07-09T22:00:00Z,0.004325670990397102,0.00557149327805052,17
2023-07-09T22:30:00Z,0.003999415223340676,0.005447211551469813,17
2023-07-09T23:00:00Z,0.003832104573568156,0.00526618368410691,17
2023-07-09T23:30:00Z,0.0034015539057519048,0.005211588811643921,17
2023-07-10T00:00:00Z,0.003088711837341053,0.004906776673231543,17
2023-07-10T00:30:00Z,0.0029583609755031927,0.004793519462723624,17
2023-07-10T01:00:00Z,0.002619448734724752,0.004690360837821121,17
2023-07-10T01:30:00Z,0.002506477987798614,0.004552480075214005,17
2023-07-10T02:00:00Z,0.0022631563790346102,0.004322488635228574,17
2023-07-10T02:30:00Z,0.002083671839170754,0.0041402471591448,17
2023-07-10T03:00:00Z,0.0019242441382561698,0.004017326703149677,17
2023-07-10T03:30:00Z,0.0017417529316831684,0.0038303597099207092,17
2023-07-10T04:00:00Z,0.0017490333971411018,0.0037811706746003096,17
2023-07-10T04:30:00Z,0.002200825738286065,0.003749377288303438,17
2023-07-10T05:00:00Z,0.0028954924684947898,0.0035654467515629992,17
2023-07-10T05:30:00Z,0.0049626415701202855,0.00409959746978195,17
2023-07-10T06:00:00Z,0.006968936139433699,0.005360746499939793,17
2023-07-10T06:30:00Z,0.008417014204991202,0.006551912992118069,17
2023-07-10T07:00:00Z,0.00953247567842337,0.007452642045843376,17
2023-07-10T07:30:00Z,0.010375268791683226,0.008289642566770231,17
2023-07-10T08:00:00Z,0.01152675762697847,0.008940944344026149,17
2023-07-10T08:30:00Z,0.010788102743230603,0.008776372596376656,17
2023-07-10T09:00:00Z,0.009304149516749047,0.007901622048187524,17
2023-07-10T09:30:00Z,0.011696326276890389,0.009769820504028859,17
2023-07-10T10:00:00Z,0.008919740390221286,0.007925089752747114,17
2023-07-10T10:30:00Z,0.010310149583158457,0.00884967004223689,17
2023-07-10T11:00:00Z,0.01343398979881337,0.016602021974066156,17
2023-07-10T11:30:00Z,0.013618508685459413,0.017338726945227437,17
2023-07-10T12:00:00Z,0.014044031832214556,0.0175505377464521,17
2023-07-10T12:30:00Z,0.013579837929780842,0.016633695436662047,17
2023-07-10T13:00:00Z,0.013308219405429223,0.01627814220593729,17
2023-07-10T13:30:00Z,0.012213272165991197,0.013602259670732414,17
2023-07-10T14:00:00Z,0.014158662110723287,0.016562166747461887,17
2023-07-10T14:30:00Z,0.01414186133297529,0.016408232021718164,17
2023-07-10T15:00:00Z,0.013889849666755426,0.015979776198426825,17
2023-07-10T15:30:00Z,0.012949006112867955,0.010936460927567948,17
2023-07-10T16:00:00Z,0.012865002224127994,0.010597610242470839,17
2023-07-10T16:30:00Z,0.012578254579137204,0.010306370406966666,17
2023-07-10T17:00:00Z,0.012386180058310254,0.010017208993474169,17
2023-07-10T17:30:00Z,0.010815307338873122,0.008826453042093377,17
2023-07-10T18:00:00Z,0.009000823342090123,0.007909693447555254,17
2023-07-10T18:30:00Z,0.006584364762326146,0.006868766482396977,17
2023-07-10T19:00:00Z,0.005396459148941236,0.006107107342077818,17
2023-07-10T19:30:00Z,0.004399960735999483,0.0055684254979627024,17
2023-07-10T20:00:00Z,0.0038434636178221833,0.005190941581610025,17
2023-07-10T20:30:00Z,0.003036571492605906,0.0049506370197848456,17
2023-07-10T21:00:00Z,0.002688969194371615,0.004833308342951618,17
2023-07-10T21:30:00Z,0.002532548160166182,0.004630830692705861,17
2023-07-10T22:00:00Z,0.002350056953593175,0.004444367109406171,17
2023-07-10T22:30:00Z,0.0022283961492111756,0.0042836804661951985,17
2023-07-10T23:00:00Z,0.0020285248277264623,0.0042396749408756245,17
2023-07-10T23:30:00Z,0.0019329341957120363,0.0042103943876352886,17
2023-07-11T00:00:00Z,0.001985074540447172,0.004202738970826124,17
2023-07-11T00:30:00Z,0.0019155540808003138,0.0041424576396859635,17
2023-07-11T01:00:00Z,0.001837343563697605,0.0040796895740682106,17
2023-07-11T01:30:00Z,0.0018460336211534609,0.004086958122741985,17
2023-07-11T02:00:00Z,0.0017504429891390294,0.003978519810112482,17
2023-07-11T02:30:00Z,0.0017106741867642511,0.003949813773064231,17
2023-07-11T03:00:00Z,0.0017269330039397265,0.0038807537488983906,17
2023-07-11T03:30:00Z,0.0019331286986500255,0.0038658801605856064,17
2023-07-11T04:00:00Z,0.0033416913025597957,0.00444174313287295,17
2023-07-11T04:30:00Z,0.004392816884741782,0.004541624336276929,17
2023-07-11T05:00:00Z,0.005736879104581043,0.004643176930763544,17
2023-07-11T05:30:00Z,0.007593951542091821,0.005319174986979941,17
2023-07-11T06:00:00Z,0.008737249183648283,0.0066081203033291,17
2023-07-11T06:30:00Z,0.010421470543492867,0.00763851210280213,17
2023-07-11T07:00:00Z,0.011788186658030653,0.008538669300168812,17
2023-07-11T07:30:00Z,0.012282792625638047,0.009242572331311979,17
2023-07-11T08:00:00Z,0.01335322649332999,0.009970503700889637,17
2023-07-11T08:30:00Z,0.013823648270273733,0.013554822899169634,17
2023-07-11T09:00:00Z,0.01420088851167654,0.016222755922775223,17
2023-07-11T09:30:00Z,0.014307576012852801,0.018172021397786887,17
2023-07-11T10:00:00Z,0.0142520681028475,0.018620414971675523,17
2023-07-11T10:30:00Z,0.014392551583634684,0.019409735179611868,17
2023-07-11T11:00:00Z,0.014344472380461456,0.020102531649587835,17
2023-07-11T11:30:00Z,0.014275252609905352,0.02038966292792077,17
2023-07-11T12:00:00Z,0.014390930096039053,0.020410201399714244,17
2023-07-11T12:30:00Z,0.01453351750670509,0.019743599202893224,17
2023-07-11T13:00:00Z,0.014785529172924956,0.01997406594943878,17
2023-07-11T13:30:00Z,0.014968020379497956,0.020236058665618385,17
2023-07-11T14:00:00Z,0.0148984999198511,0.019338835710543213,17
2023-07-11T14:30:00Z,0.01518350955335072,0.017667653710900396,17
2023-07-11T15:00:00Z,0.01472148816528097,0.017275071901108024,17
2023-07-11T15:30:00Z,0.014948298664878854,0.016891820064047026,17
2023-07-11T16:00:00Z,0.014561880776675053,0.015957953561015925,17
2023-07-11T16:30:00Z,0.014427474554691136,0.01247315593506607,17
2023-07-11T17:00:00Z,0.014410673776943142,0.011264063613074958,17
2023-07-11T17:30:00Z,0.013083412334851875,0.01027017796875065,17
2023-07-11T18:00:00Z,0.010168477395575476,0.008629677382815362,17
2023-07-11T18:30:00Z,0.008001177066084674,0.0077638577592389225,17
2023-07-11T19:00:00Z,0.006768406477075921,0.007094039289401298,17
2023-07-11T19:30:00Z,0.005973680890656437,0.006648963729023203,17
2023-07-11T20:00:00Z,0.005563769798713761,0.006311444558791926,17
2023-07-11T20:30:00Z,0.005254245096634593,0.0061079828514448535,17
2023-07-11T21:00:00Z,0.004738174532570309,0.005968747688011566,17
2023-07-11T21:30:00Z,0.004516586183092872,0.005856726366918614,17
2023-07-11T22:00:00Z,0.004331390053528645,0.005870648266827533,17
2023-07-11T22:30:00Z,0.004140208789499782,0.005839738667471013,17
2023-07-11T23:00:00Z,0.004236685110068745,0.005767026614348719,17
2023-07-11T23:30:00Z,0.004626830159987634,0.00578677248170825,17
2023-07-12T00:00:00Z,0.003436314135575339,0.005233240927014731,17
2023-07-12T00:30:00Z,0.0030018112627824773,0.0048610125264629805,17
2023-07-12T01:00:00Z,0.002888840515856329,0.004779047565550558,17
2023-07-12T01:30:00Z,0.002628138792180608,0.004657885402719605,17
2023-07-12T02:00:00Z,0.0025325481601661762,0.004640060543260109,17
2023-07-12T02:30:00Z,0.0024369575281517506,0.0045498772027450255,17
2023-07-12T03:00:00Z,0.002343946182971591,0.00450768777889652,17
2023-07-12T03:30:00Z,0.002384817183416607,0.00444143107954978,17
2023-07-12T04:00:00Z,0.003225749327614227,0.004696653098361654,17
2023-07-12T04:30:00Z,0.004065417113242481,0.004625596157603995,17
2023-07-12T05:00:00Z,0.003556042001443492,0.004479661087944247,17
2023-07-12T05:30:00Z,0.0035019447933804025,0.0046436268610447464,17
2023-07-12T06:00:00Z,0.005056232211200904,0.00542196642741572,17
2023-07-12T06:30:00Z,0.0057739395912009515,0.006522622769599714,17
2023-07-12T07:00:00Z,0.004773173391779434,0.005145616924958997,17
2023-07-12T07:30:00Z,0.0067066399457285306,0.004927588695992844,17
2023-07-12T08:00:00Z,0.00844347364097991,0.006036620155338189,17
2023-07-12T08:30:00Z,0.012169821878711917,0.008900599949735771,17
2023-07-12T09:00:00Z,0.012421833544931772,0.009567775084212691,17
2023-07-12T09:30:00Z,0.01307716436066338,0.011912428255337927,17
2023-07-12T10:00:00Z,0.013672077146493882,0.014006558895990446,17
2023-07-12T10:30:00Z,0.013886906763599332,0.017399969589442506,17
2023-07-12T11:00:00Z,0.01330182244557576,0.017368151794194892,17
2023-07-12T11:30:00Z,0.01336902555656772,0.017939759822172184,17
2023-07-12T12:00:00Z,0.013931851611125411,0.017865172252798094,17
2023-07-12T12:30:00Z,0.014284667943833207,0.01776486656250925,17
2023-07-12T13:00:00Z,0.014419074165817137,0.017946157611765816,17
2023-07-12T13:30:00Z,0.014192263666219264,0.017503804774209045,17
2023-07-12T14:00:00Z,0.014041056666487346,0.01684523871063572,17
2023-07-12T14:30:00Z,0.013847847722385452,0.016015315717355035,17
2023-07-12T15:00:00Z,0.013831046944637465,0.014103728193156263,17
2023-07-12T15:30:00Z,0.013570634889543605,0.01099806138590517,17
2023-07-12T16:00:00Z,0.013301822445575753,0.010215097654509375,17
2023-07-12T16:30:00Z,0.012201371503082363,0.009669967101048916,17
2023-07-12T17:00:00Z,0.012377779669436267,0.009534352558771773,17
2023-07-12T17:30:00Z,0.010370086728551373,0.008690884494627656,17
2023-07-12T18:00:00Z,0.008017977843832663,0.007647854426401487,17
2023-07-12T18:30:00Z,0.006843696269473556,0.0067846401670576895,17
2023-07-12T19:00:00Z,0.005764542578440783,0.006040702140174209,17
2023-07-12T19:30:00Z,0.0046565367196049375,0.005585659353407596,17
2023-07-12T20:00:00Z,0.004015096760591308,0.0053818532811377405,17
2023-07-12T20:30:00Z,0.0034363141355753433,0.005122509916624419,17
2023-07-12T21:00:00Z,0.003158232296987906,0.0049642196131497035,17
2023-07-12T21:30:00Z,0.002949670918047326,0.0048710718361299424,17
2023-07-12T22:00:00Z,0.002732419481650905,0.004713126202158514,17
2023-07-12T22:30:00Z,0.0025759984474454725,0.004570537057776097,17
2023-07-12T23:00:00Z,0.0023066066663138952,0.004436452000047425,17
2023-07-12T23:30:00Z,0.002254466321578749,0.004328782922175123,17
2023-07-13T00:00:00Z,0.00221970609175532,0.004294266998598619,17
2023-07-13T00:30:00Z,0.002046489790056336,0.004202027136945264,17
2023-07-13T01:00:00Z,0.002019834770270601,0.004133510052886264,17
2023-07-13T01:30:00Z,0.0019329341957120363,0.004074646426582189,17
2023-07-13T02:00:00Z,0.0017765131615066028,0.003965854808202971,17
2023-07-13T02:30:00Z,0.0016944153695887757,0.003961190667102147,17
2023-07-13T03:00:00Z,0.0016700271438255627,0.0038360072482535724,17
2023-07-13T03:30:00Z,0.0016635424145804555,0.0037282656615040756,17
2023-07-13T04:00:00Z,0.003012117915588179,0.004582011334949203,17
2023-07-13T04:30:00Z,0.0044789747193468635,0.004922268479007,17
2023-07-13T05:00:00Z,0.005555947651910376,0.004966902629277829,17
2023-07-13T05:30:00Z,0.006764478688795386,0.005260211568640112,17
2023-07-13T06:00:00Z,0.00804590907199721,0.006033209616353669,17
2023-07-13T06:30:00Z,0.008937562892592874,0.006835737249842703,17
2023-07-13T07:00:00Z,0.010540522343302812,0.007831310489329979,17
2023-07-13T07:30:00Z,0.011209799227362113,0.00870772054599912,17
2023-07-13T08:00:00Z,0.012100301419065058,0.009349246781995295,17
2023-07-13T08:30:00Z,0.013295184319245432,0.014751572340369537,17
2023-07-13T09:00:00Z,0.01340381003744364,0.015372210237811879,17
2023-07-13T09:30:00Z,0.012184795181917648,0.01344065173522587,17
2023-07-13T10:00:00Z,0.012978012229691638,0.01618960751206047,17
2023-07-13T10:30:00Z,0.01289125411509136,0.016466573570457638,17
2023-07-13T11:00:00Z,0.012436582391554226,0.0161735836379855,17
2023-07-13T11:30:00Z,0.012789398724262038,0.01694398384186904,17
2023-07-13T12:00:00Z,0.01332702361219774,0.01729998426550467,17
2023-07-13T12:30:00Z,0.012646592113404112,0.016535776643277725,17
2023-07-13T13:00:00Z,0.012125768003216407,0.013124877151264341,17
2023-07-13T13:30:00Z,0.011924158670240515,0.01306933082890595,17
2023-07-13T14:00:00Z,0.011957760225736499,0.011534647601439968,17
2023-07-13T14:30:00Z,0.011638545448524667,0.010154030216255851,17
2023-07-13T15:00:00Z,0.011487338448792754,0.010058449411373195,17
2023-07-13T15:30:00Z,0.011235326782572889,0.009908133336049415,17
2023-07-13T16:00:00Z,0.011042117838471,0.009682519237033707,17
2023-07-13T16:30:00Z,0.010218879728819456,0.009205413009136871,17
2023-07-13T17:00:00Z,0.008316029987471746,0.008275853879145204,17
2023-07-13T17:30:00Z,0.007546400998518147,0.007510440681955185,17
2023-07-13T18:00:00Z,0.006575999229837517,0.006761147764164777,17
2023-07-13T18:30:00Z,0.005856563435815674,0.006177366178978754,17
2023-07-13T19:00:00Z,0.00403842185000999,0.005612391895409839,17
2023-07-13T19:30:00Z,0.0031929925268113345,0.0051184390499058215,17
2023-07-13T20:00:00Z,0.0027063493092833275,0.0047988644019258345,17
2023-07-13T20:30:00Z,0.002323986781225607,0.004648780786889503,17
2023-07-13T21:00:00Z,0.0021067353448291815,0.004404770877478985,17
2023-07-13T21:30:00Z,0.0018634137360651784,0.004224718160451878,17
2023-07-13T22:00:00Z,0.0017069927018597444,0.004097295781544934,17
2023-07-13T22:30:00Z,0.0016944153695887757,0.003993177858353874,17
2023-07-13T23:00:00Z,0.0016700271438255627,0.003914591102946729,17
2023-07-13T23:30:00Z,0.0016700271438255627,0.003844015616062623,17
2023-07-14T00:00:00Z,0.0016700271438255627,0.003804311916296037,17
2023-07-14T00:30:00Z,0.0016049918751236635,0.003751799247708465,17
2023-07-14T01:00:00Z,0.0015724742407727094,0.003643453025340758,17
2023-07-14T01:30:00Z,0.001564344832184975,0.0035207901782927545,17
2023-07-14T02:00:00Z,0.0015236977892462893,0.0034727506377334122,17
2023-07-14T02:30:00Z,0.0015724742407727094,0.003485880803444929,17
2023-07-14T03:00:00Z,0.001499309563483077,0.0033943121073350515,17
2023-07-14T03:30:00Z,0.0015724742407727094,0.0033369945312260478,17
2023-07-14T04:00:00Z,0.0018082270898171042,0.0035915595805019063,17
2023-07-14T04:30:00Z,0.0028371797449481006,0.004171457649832886,17
2023-07-14T05:00:00Z,0.004280811699755178,0.004403286639068168,17
2023-07-14T05:30:00Z,0.005697319647913773,0.00469636417241641,17
2023-07-14T06:00:00Z,0.00820889354176595,0.006068067239699152,17
2023-07-14T06:30:00Z,0.009582051743909246,0.007075355651846877,17
2023-07-14T07:00:00Z,0.010709907233712885,0.008129408174408565,17
2023-07-14T07:30:00Z,0.010994969610256668,0.00855655346672283,17
2023-07-14T08:00:00Z,0.011862550756259456,0.010723372626056061,17
2023-07-14T08:30:00Z,0.012647775038784061,0.00962400565320146,17
2023-07-14T09:00:00Z,0.01274336567079849,0.013281257738260851,17
2023-07-14T09:30:00Z,0.013007808834985918,0.016491901136849417,17
2023-07-14T10:00:00Z,0.013159015834717838,0.016749963864990797,17
2023-07-14T10:30:00Z,0.01252898666916818,0.01376802429920075,17
2023-07-14T11:00:00Z,0.012949006112867943,0.01622082313176956,17
2023-07-14T11:30:00Z,0.012923804946245968,0.014400770240113728,17
2023-07-14T12:00:00Z,0.012705394835522084,0.01574120455505505,17
2023-07-14T12:30:00Z,0.01282300027975802,0.013498039674931062,17
2023-07-14T13:00:00Z,0.012865002224127998,0.013964325042634987,17
2023-07-14T13:30:00Z,0.012764197557640054,0.011852322439064646,17
2023-07-14T14:00:00Z,0.013184217001339817,0.013554621645466816,17
2023-07-14T14:30:00Z,0.01339422672318971,0.010798944658553739,17
2023-07-14T15:00:00Z,0.013461429834181665,0.010562847227157725,17
2023-07-14T15:30:00Z,0.01313381466809585,0.010348429320010158,17
2023-07-14T16:00:00Z,0.012722195613270077,0.009999241690940639,17
2023-07-14T16:30:00Z,0.012402980836058248,0.009604300126756263,17
2023-07-14T17:00:00Z,0.011638545448524667,0.009216216673637308,17
2023-07-14T17:30:00Z,0.01018527817332348,0.008697723405712784,17
2023-07-14T18:00:00Z,0.00853880195402038,0.007905487099904285,17
2023-07-14T18:30:00Z,0.006642923489746529,0.0072365499083065846,17
2023-07-14T19:00:00Z,0.0053213017680372445,0.006432711081933416,17
2023-07-14T19:30:00Z,0.004348770168440356,0.005924783002346975,17
2023-07-14T20:00:00Z,0.003896887180735773,0.0056936533954905395,17
2023-07-14T20:30:00Z,0.003549284882501487,0.0055594919539673025,17
2023-07-14T21:00:00Z,0.0033928638482960535,0.005326367193793002,17
2023-07-14T21:30:00Z,0.0032016825842671906,0.005176739535128337,17
2023-07-14T22:00:00Z,0.003106091952252764,0.005092734653379051,17
2023-07-14T22:30:00Z,0.0030800217798851964,0.004982205724609934,17
2023-07-14T23:00:00Z,0.0029844311478707647,0.0049264480023121955,17
2023-07-14T23:30:00Z,0.002680279136915754,0.004798801393305034,17
2023-07-15T00:00:00Z,0.00268896919437161,0.004737508663444744,17
2023-07-15T00:30:00Z,0.0025586183325337496,0.004611909825007004,17
2023-07-15T01:00:00Z,0.00247171775797518,0.004550290987653418,17
2023-07-15T01:30:00Z,0.002219706091755325,0.004472617161734622,17
2023-07-15T02:00:00Z,0.0021328055171967496,0.004339705419289166,17
2023-07-15T02:30:00Z,0.002054595000094036,0.0042731472126099025,17
2023-07-15T03:00:00Z,0.0020198347702706063,0.0042243974898676685,17
2023-07-15T03:30:00Z,0.002167565747020179,0.004160660784539745,17
2023-07-15T04:00:00Z,0.004401803769973575,0.004539319553962148,17
2023-07-15T04:30:00Z,0.005952273691093749,0.004945023408388407,17
2023-07-15T05:00:00Z,0.007348030611696052,0.005257868871354272,17
2023-07-15T05:30:00Z,0.008795207151073155,0.0063308398952359735,17
2023-07-15T06:00:00Z,0.009615102454233157,0.007568318768621965,17
2023-07-15T06:30:00Z,0.010705775894922392,0.008396794590960426,17
2023-07-15T07:00:00Z,0.011209799227362118,0.008941846979458367,17
2023-07-15T07:30:00Z,0.011907357892492523,0.00919656593492863,17
2023-07-15T08:00:00Z,0.012491354004578632,0.011214335458530796,17
2023-07-15T08:30:00Z,0.013151617160354102,0.01595848583006106,17
2023-07-15T09:00:00Z,0.013411027500937697,0.016727517392866327,17
2023-07-15T09:30:00Z,0.013713441500401538,0.017860654272216617,17
2023-07-15T10:00:00Z,0.014116660166353304,0.018643079166953378,17
2023-07-15T10:30:00Z,0.014369673547083439,0.017965799933316262,17
2023-07-15T11:00:00Z,0.014133460944101292,0.019150698234297447,17
2023-07-15T11:30:00Z,0.013927651416688407,0.018324904540281725,17
2023-07-15T12:00:00Z,0.013612636833913585,0.016289156443420542,17
2023-07-15T12:30:00Z,0.014671085832036999,0.018949227898244762,17
2023-07-15T13:00:00Z,0.013940251999999405,0.01651577036559564,17
2023-07-15T13:30:00Z,0.014049457055361342,0.01630995294632755,17
2023-07-15T14:00:00Z,0.013495031389677649,0.01634289801450232,17
2023-07-15T14:30:00Z,0.011756150892760608,0.010056037347056268,17
2023-07-15T15:00:00Z,0.009227633841688001,0.008999865125734842,17
2023-07-15T15:30:00Z,0.009278036174931972,0.008904703763409268,17
2023-07-15T16:00:00Z,0.010613698005897237,0.009417284477415003,17
2023-07-15T16:30:00Z,0.008622805842760333,0.008500009668698813,17
2023-07-15T17:00:00Z,0.0071113933091095875,0.0077428739226564295,17
2023-07-15T17:30:00Z,0.006534171567394384,0.007491933217519185,17
2023-07-15T18:00:00Z,0.006115894942963084,0.007197798588334266,17
2023-07-15T18:30:00Z,0.005463383408850247,0.00644838487156073,17
2023-07-15T19:00:00Z,0.003980109126463284,0.005810831221641567,17
2023-07-15T19:30:00Z,0.003259350883110204,0.005408123777760668,17
2023-07-15T20:00:00Z,0.002889733772654416,0.005161797073633602,17
2023-07-15T20:30:00Z,0.0026455189070923304,0.004967637210552364,17
2023-07-15T21:00:00Z,0.0024890978728868965,0.004854394482718123,17
2023-07-15T21:30:00Z,0.002554644461286552,0.004795123617885889,17
2023-07-15T22:00:00Z,0.002836700171121188,0.004788818834693174,17
2023-07-15T22:30:00Z,0.0024021972983283217,0.004172095943557098,17
2023-07-15T23:00:00Z,0.0021762558044760294,0.003706136701151494,17
2023-07-15T23:30:00Z,0.0019308123039226412,0.0033620689527058202,17
2023-07-16T00:00:00Z,0.0018651329499312682,0.0031203363981911728,17
2023-07-16T00:30:00Z,0.0015755171679405387,0.0029267997636331857,17
2023-07-16T01:00:00Z,0.0015342037800356425,0.0027444692374087097,17
2023-07-16T01:30:00Z,0.001451577004225851,0.0026552120926385653,17
2023-07-16T02:00:00Z,0.0012284847095394165,0.0025232990663240635,17
2023-07-16T02:30:00Z,0.001170645966472563,0.002419844173734972,17
2023-07-16T03:00:00Z,0.0012532727422823538,0.0023885833213047165,17
2023-07-16T03:30:00Z,0.0012284847095394165,0.00234416570308168,17
2023-07-16T04:00:00Z,0.0012997506224193842,0.002323821878400392,17
2023-07-16T04:30:00Z,0.0015920425231024959,0.0023306966707876604,17
2023-07-16T05:00:00Z,0.002277377598899841,0.0023511108414423034,17
2023-07-16T05:30:00Z,0.003955168311262501,0.0029351573365134814,17
2023-07-16T06:00:00Z,0.004789142923925156,0.0038100472544913624,17
2023-07-16T06:30:00Z,0.007029246623657257,0.004977623463614652,17
2023-07-16T07:00:00Z,0.00880122871250672,0.006535386702663297,17
2023-07-16T07:30:00Z,0.010077812398767986,0.008091201417350771,17
2023-07-16T08:00:00Z,0.010325692726197358,0.00877293203345338,17
2023-07-16T08:30:00Z,0.009805144038595679,0.008444971545831372,17
2023-07-16T09:00:00Z,0.010523996988140855,0.008966175584766756,17
2023-07-16T09:30:00Z,0.010521293728283278,0.009105432415919283,17
2023-07-16T10:00:00Z,0.012722195613270077,0.015975494435680266,17
2023-07-16T10:30:00Z,0.012865002224127998,0.016735390793592025,17
2023-07-16T11:00:00Z,0.013175816612465826,0.018073892082117356,17
2023-07-16T11:30:00Z,0.01332702361219774,0.018512163127835015,17
2023-07-16T12:00:00Z,0.013377425945441716,0.017606098369312644,17
2023-07-16T12:30:00Z,0.013461429834181665,0.016832907566865132,17
2023-07-16T13:00:00Z,0.013360625167693723,0.016484374666524894,17
2023-07-16T13:30:00Z,0.013663039167157559,0.01601740343963419,17
2023-07-16T14:00:00Z,0.013310222834449752,0.013754863189448359,17
2023-07-16T14:30:00Z,0.012780998335388045,0.011776516691670194,17
2023-07-16T15:00:00Z,0.012915404557371965,0.011794824104944715,17
2023-07-16T15:30:00Z,0.012033363725602458,0.010007004794750763,17
2023-07-16T16:00:00Z,0.011856955559248551,0.009704237043653934,17
2023-07-16T16:30:00Z,0.01007607311796153,0.008931509688766083,17
2023-07-16T17:00:00Z,0.0095804501743958,0.008440672710580667,17
2023-07-16T17:30:00Z,0.009034424897586107,0.00814026074151535,17
2023-07-16T18:00:00Z,0.006816722234851322,0.007410661387315949,17
2023-07-16T18:30:00Z,0.005739445980974911,0.006606989057249649,17
2023-07-16T19:00:00Z,0.004869430602157792,0.005906425328826582,17
2023-07-16T19:30:00Z,0.004201697475940727,0.005434308725607095,17
2023-07-16T20:00:00Z,0.0034884544803104795,0.005192990311340225,17
2023-07-16T20:30:00Z,0.0032016825842671962,0.0050006543398790505,17
2023-07-16T21:00:00Z,0.002975741090414904,0.004829105508661839,17
2023-07-16T21:30:00Z,0.0027584896540184685,0.004651809852287889,17
2023-07-16T22:00:00Z,0.0026628990220040373,0.004477601423872539,17
2023-07-16T22:30:00Z,0.0024369575281517554,0.0044225276104776995,17
2023-07-16T23:00:00Z,0.0023500569535931854,0.004363048092904634,17
2023-07-16T23:30:00Z,0.002271846436490466,0.0042974616155948536,17
2023-07-17T00:00:00Z,0.0021577916590898114,0.004206710841751959,17
2023-07-17T00:30:00Z,0.0021252740247388606,0.004129606919718206,17
2023-07-17T01:00:00Z,0.0020764975732124337,0.004060816159994524,17
2023-07-17T01:30:00Z,0.002060238756036959,0.003999551890200683,17
2023-07-17T02:00:00Z,0.0019545564443963835,0.003929003415241395,17
2023-07-17T02:30:00Z,0.0019331286986500255,0.0038436800908416657,17
2023-07-17T03:00:00Z,0.0018411078412751407,0.003772209878761231,17
2023-07-17T03:30:00Z,0.0017825491138547594,0.003699727439344716,17
2023-07-17T04:00:00Z,0.0025033158844506194,0.004266360571765904,17
2023-07-17T04:30:00Z,0.004211885432071111,0.004815405212794209,17
2023-07-17T05:00:00Z,0.005357784632318684,0.00496408392751607,17
2023-07-17T05:30:00Z,0.006882778304828616,0.005434609107343529,17
2023-07-17T06:00:00Z,0.007845963208311685,0.0062762896922669,17
2023-07-17T06:30:00Z,0.008826016745249665,0.006955006574090262,17
2023-07-17T07:00:00Z,0.009714254585204909,0.007632918553856634,17
2023-07-17T07:30:00Z,0.010433107534750088,0.008320166084845093,17
2023-07-17T08:00:00Z,0.011118909773971349,0.009134132614556083,17
2023-07-17T08:30:00Z,0.011622933106411073,0.011353071293364643,17
2023-07-17T09:00:00Z,0.010806906949999128,0.009392591210291842,17
2023-07-17T09:30:00Z,0.012444982780428222,0.013230893624662414,17
2023-07-17T10:00:00Z,0.011915758281366522,0.01123307728046797,17
2023-07-17T10:30:00Z,0.011991361781232474,0.011478904961408123,17
2023-07-17T11:00:00Z,0.012738996391018066,0.01387326089780136,17
2023-07-17T11:30:00Z,0.012117367614342412,0.01566125396102103,17
2023-07-17T12:00:00Z,0.012150969169838391,0.01362817692018274,17
2023-07-17T12:30:00Z,0.01312541427922185,0.016780261377486384,17
2023-07-17T13:00:00Z,0.012949006112867948,0.013727385354943236,17
2023-07-17T13:30:00Z,0.012268574614074318,0.011673034737006056,17
2023-07-17T14:00:00Z,0.01269699444664809,0.011822728066936255,17
2023-07-17T14:30:00Z,0.01287340261300199,0.010546592585204692,17
2023-07-17T15:00:00Z,0.011756150892760603,0.010189237504903277,17
2023-07-17T15:30:00Z,0.011361332615682822,0.009718038810564477,17
2023-07-17T16:00:00Z,0.011100920560588971,0.009590755064050419,17
2023-07-17T16:30:00Z,0.008127182899194606,0.008554183943154698,17
2023-07-17T17:00:00Z,0.00863960662050832,0.008297016212852006,17
2023-07-17T17:30:00Z,0.007581157622384901,0.008122167637665698,17
2023-07-17T18:00:00Z,0.006207915800337968,0.007164381932810784,17
2023-07-17T18:30:00Z,0.005279341694100473,0.006398271962016103,17
2023-07-17T19:00:00Z,0.004852699537180542,0.006040134072622179,17
2023-07-17T19:30:00Z,0.004411623280708823,0.005798358117509414,17
2023-07-17T20:00:00Z,0.003262512986458193,0.005172654560183459,17
2023-07-17T20:30:00Z,0.0026628990220040373,0.004933588494957409,17
2023-07-17T21:00:00Z,0.002450450368248355,0.004631015079808891,17
2023-07-17T21:30:00Z,0.0025236150455379947,0.004568417957406838,17
2023-07-17T22:00:00Z,0.0024179327338974136,0.004286315373622682,17
2023-07-17T22:30:00Z,0.00227160337931814,0.004070223524514894,17
2023-07-17T23:00:00Z,0.0021673636083315673,0.003978661287411598,17
2023-07-17T23:30:00Z,0.0020586116859794283,0.003963012984813336,17
2023-07-18T00:00:00Z,0.0019080321011841525,0.003799055932354703,17
2023-07-18T00:30:00Z,0.001740721451411632,0.003705890834480332,17
2023-07-18T01:00:00Z,0.0017072593214571238,0.0035972892032236446,17
2023-07-18T01:30:00Z,0.0015070614247678239,0.0034919393310244625,17
2023-07-18T02:00:00Z,0.0014398583137758608,0.003437806436599784,17
2023-07-18T02:30:00Z,0.0013642548139099022,0.0033668279575803845,17
2023-07-18T03:00:00Z,0.0013474540361619117,0.0033482188880328803,17
2023-07-18T03:30:00Z,0.0012970517029179392,0.0032920198118163418,17
2023-07-18T04:00:00Z,0.0014482587026498554,0.003374090888819197,17
2023-07-18T04:30:00Z,0.002426062142485152,0.003850868136205719,17
2023-07-18T05:00:00Z,0.002954473700688085,0.0039986550437297,17
2023-07-18T05:30:00Z,0.00390559224577663,0.004180207107218934,17
2023-07-18T06:00:00Z,0.005280242581174118,0.0048282275060855225,17
2023-07-18T06:30:00Z,0.006710462635618457,0.005612901654214978,17
2023-07-18T07:00:00Z,0.007694756208579761,0.006218994150557629,17
2023-07-18T07:30:00Z,0.008681419887582524,0.00685900771738034,17
2023-07-18T08:00:00Z,0.00944984890261358,0.007770423630367997,17
2023-07-18T08:30:00Z,0.010276116660711489,0.008482399460515041,17
2023-07-18T09:00:00Z,0.010557047698464769,0.008917150546596054,17
2023-07-18T09:30:00Z,0.010656199829436518,0.009226962783344147,17
2023-07-18T10:00:00Z,0.011310930282438847,0.009481095803201441,17
2023-07-18T10:30:00Z,0.012132575996243677,0.011407248198879985,17
2023-07-18T11:00:00Z,0.012285375391822322,0.016292118674427127,17
2023-07-18T11:30:00Z,0.012134168392090396,0.01599098187819531,17
2023-07-18T12:00:00Z,0.012344178113940278,0.014121038332365353,17
2023-07-18T12:30:00Z,0.012243373447452337,0.011652141132676585,17
2023-07-18T13:00:00Z,0.01277259794651404,0.013805619073431533,17
2023-07-18T13:30:00Z,0.01273059600214407,0.013320200224568778,17
2023-07-18T14:00:00Z,0.012486984724798202,0.010045705577968361,17
2023-07-18T14:30:00Z,0.012554187835790168,0.010016499105238717,17
2023-07-18T15:00:00Z,0.012050164503350447,0.009821309067138836,17
2023-07-18T15:30:00Z,0.012083766058846424,0.009607153135177104,17
2023-07-18T16:00:00Z,0.011697348170642642,0.009321429975764012,17
2023-07-18T16:30:00Z,0.011268928338068872,0.009085658769866443,17
2023-07-18T17:00:00Z,0.0104960925616613,0.008913844537594777,17
2023-07-18T17:30:00Z,0.009278036174931972,0.008457909493542097,17
2023-07-18T18:00:00Z,0.007471952567022963,0.00778182928222562,17
2023-07-18T18:30:00Z,0.005848197903327044,0.006924480966666932,17
2023-07-18T19:00:00Z,0.004192349134234918,0.006182520419200079,17
2023-07-18T19:30:00Z,0.003627495399604201,0.005679585728466368,17
2023-07-18T20:00:00Z,0.003288583158825761,0.005351675409725915,17
2023-07-18T20:30:00Z,0.002967051032959048,0.005165627848541743,17
2023-07-18T21:00:00Z,0.002784559826386042,0.004962860874445941,17
2023-07-18T21:30:00Z,0.00273229202927761,0.004803576288763066,17
2023-07-18T22:00:00Z,0.002443098313943338,0.004743924006206623,17
2023-07-18T22:30:00Z,0.002418310281200397,0.004655858836682435,17
2023-07-18T23:00:00Z,0.0024016739167219436,0.004534424678303223,17
2023-07-18T23:30:00Z,0.002295991605081353,0.0044593020282082665,17
2023-07-19T00:00:00Z,0.002328509239432304,0.004413194850217837,17
2023-07-19T00:30:00Z,0.0022342878682405786,0.004384930506830589,17
2023-07-19T01:00:00Z,0.002133901478377059,0.004306261250776468,17
2023-07-19T01:30:00Z,0.0021840946733088216,0.0042395627250981435,17
2023-07-19T02:00:00Z,0.0021171704133998055,0.0042341718971875,17
2023-07-19T02:30:00Z,0.0020335150885135394,0.004203518278737541,17
2023-07-19T03:00:00Z,0.001988651046989489,0.004153365489629082,17
2023-07-19T03:30:00Z,0.0020748960518768575,0.004150398243844521,17
2023-07-19T04:00:00Z,0.0027837561203455973,0.00456312667108704,17
2023-07-19T04:30:00Z,0.0037818458664045343,0.005171946058023222,17
2023-07-19T05:00:00Z,0.005857500073028157,0.005423460521359834,17
2023-07-19T05:30:00Z,0.007253256993630463,0.006042122089122623,17
2023-07-19T06:00:00Z,0.0079971702080436,0.0068278928131690775,17
2023-07-19T06:30:00Z,0.009086291089050503,0.007337490276424516,17
2023-07-19T07:00:00Z,0.009416798192289666,0.0076237905872036495,17
2023-07-19T07:30:00Z,0.009598577099071203,0.008149149190025842,17
2023-07-19T08:00:00Z,0.009482899612937492,0.008423824781909318,17
2023-07-19T08:30:00Z,0.010425400192818807,0.008869129494071903,17
2023-07-19T09:00:00Z,0.011243727171446888,0.009517560349448268,17
2023-07-19T09:30:00Z,0.011865355948122547,0.011324828196117572,17
2023-07-19T10:00:00Z,0.011949359836862497,0.009770676700857293,17
2023-07-19T10:30:00Z,0.010017270395843571,0.009020754587470913,17
2023-07-19T11:00:00Z,0.009252835008309982,0.00857971264376313,17
2023-07-19T11:30:00Z,0.010798506561125127,0.009459119289017548,17
2023-07-19T12:00:00Z,0.008719603651207202,0.00854073447468019,17
2023-07-19T12:30:00Z,0.007698763066620844,0.008179306748210095,17
2023-07-19T13:00:00Z,0.008597604676138348,0.008958512188988962,17
2023-07-19T13:30:00Z,0.0074595453201079034,0.008054182920767053,17
2023-07-19T14:00:00Z,0.006893889464405312,0.008022680180975484,17
2023-07-19T14:30:00Z,0.007597958400132893,0.008191605957418193,17
2023-07-19T15:00:00Z,0.00740074259798993,0.00797023402800933,17
2023-07-19T15:30:00Z,0.006359094377614499,0.0071316800653419945,17
2023-07-19T16:00:00Z,0.006107529410474459,0.007183614959532008,17
2023-07-19T16:30:00Z,0.005321169356543604,0.006378540298149468,17
2023-07-19T17:00:00Z,0.004769044212294286,0.0062823284831375024,17
2023-07-19T17:30:00Z,0.004601733562521761,0.005997583287493321,17
2023-07-19T18:00:00Z,0.0040237862706437874,0.005472890905800772,17
2023-07-19T18:30:00Z,0.0031837473832442465,0.005165490012344307,17
2023-07-19T19:00:00Z,0.0024983073118992807,0.004690584294591234,17
2023-07-19T19:30:00Z,0.002550513122496061,0.004521711443822011,17
2023-07-19T20:00:00Z,0.006764606141168677,0.0047824087967346255,17
2023-07-19T20:30:00Z,0.004618464627499009,0.003723147875470735,17
2023-07-19T21:00:00Z,0.0037651803136591446,0.003251979257077084,17
2023-07-19T21:30:00Z,0.0030710618100977492,0.002836388689677503,17
2023-07-19T22:00:00Z,0.0025174624121721487,0.002580768011185477,17
2023-07-19T22:30:00Z,0.002295991605081353,0.0024060084494352063,17
2023-07-19T23:00:00Z,0.0020719751150057473,0.0022648746669986976,17
2023-07-19T23:30:00Z,0.001849473373763771,0.002219688303436027,17
2023-07-20T00:00:00Z,0.001662275282540818,0.0021239228287331467,17
2023-07-20T00:30:00Z,0.0014173927063493529,0.0020044812588429833,17
2023-07-20T01:00:00Z,0.0012203494843317318,0.0019576686691225517,17
2023-07-20T01:30:00Z,0.0010756819724919136,0.0018872656582574073,17
2023-07-20T02:00:00Z,9.335775882884417e-4,0.001883999243755191,17
2023-07-20T02:30:00Z,8.46677013729869e-4,0.0018122496578756257,17
2023-07-20T03:00:00Z,7.594268149822349e-4,0.001814841159980633,17
2023-07-20T03:30:00Z,7.006240928642679e-4,0.0017997767914243244,17
2023-07-20T04:00:00Z,6.670225373682863e-4,0.0017635970973268605,17
2023-07-20T04:30:00Z,6.197400979357349e-4,0.0017875262210683281,17
2023-07-20T05:00:00Z,5.277192405608478e-4,0.0017442001957021808,17
2023-07-20T05:30:00Z,6.197400979357349e-4,0.0016514020805349211,17
2023-07-20T06:00:00Z,9.358349813361383e-4,0.0016539861281248494,17
2023-07-20T06:30:00Z,0.001339053647287916,0.0017215184365100367,17
2023-07-20T07:00:00Z,0.002427712384584662,0.0018768724892565284,17
2023-07-20T07:30:00Z,0.005073697558623944,0.003065936968487458,17
2023-07-20T08:00:00Z,0.005685184403817996,0.00345850634228458,17
2023-07-20T08:30:00Z,0.004254964349373652,0.0035597895882389786,17
2023-07-20T09:00:00Z,0.0025921181414955956,0.00250897061213049,17
2023-07-20T09:30:00Z,0.0027918855289333347,0.002217241876478345,17
2023-07-20T10:00:00Z,0.002738586460324231,0.0021091655912423577,17
2023-07-20T10:30:00Z,0.0020493237834835875,0.002077391547535112,17
2023-07-20T11:00:00Z,0.002126865834628155,0.0018803825309908013,17
2023-07-20T11:30:00Z,0.005478405600765804,0.003447783179533432,17
2023-07-20T12:00:00Z,0.006757919512733358,0.004724382926368992,17
2023-07-20T12:30:00Z,0.007127536623189151,0.004819313580125593,17
2023-07-20T13:00:00Z,0.010798506561125135,0.007481772246055575,17
2023-07-20T13:30:00Z,0.010403688284047356,0.007526142148480374,17
2023-07-20T14:00:00Z,0.007959175121714695,0.005808087168511685,17
2023-07-20T14:30:00Z,0.008555602731768367,0.005682617065365039,17
2023-07-20T15:00:00Z,0.010000469618095573,0.007462737582221281,17
2023-07-20T15:30:00Z,0.007992776677210678,0.005485545169707828,17
2023-07-20T16:00:00Z,0.01016847739557548,0.0071438534686175115,17
2023-07-20T16:30:00Z,0.00872361050924828,0.006434350705395347,17
2023-07-20T17:00:00Z,0.009051225675334099,0.005905474504320519,17
2023-07-20T17:30:00Z,0.008575151741942741,0.006560002955811923,17
2023-07-20T18:00:00Z,0.0060443795400162365,0.00538319227191133,17
2023-07-20T18:30:00Z,0.0047941408097601605,0.004555924541245204,17
2023-07-20T19:00:00Z,0.0039241254309430465,0.003838484247361119,17
2023-07-20T19:30:00Z,0.0032103726417230527,0.0034419629890295143,17
2023-07-20T20:00:00Z,0.0026976592518274715,0.003176864871555992,17
2023-07-20T20:30:00Z,0.0023761271259607536,0.0030201475427229173,17
2023-07-20T21:00:00Z,0.0022259223357519488,0.0029124355345396956,17
2023-07-20T21:30:00Z,0.0020167840235362907,0.002850137862691937,17
2023-07-20T22:00:00Z,0.0019331286986500307,0.0028071005470575268,17
2023-07-20T22:30:00Z,0.001872973560855779,0.0027873483425575134,17
2023-07-20T23:00:00Z,0.0017658180488775105,0.0028117255034202015,17
2023-07-20T23:30:00Z,0.001687063315283748,0.0027407597364371176,17
2023-07-21T00:00:00Z,0.0015755171679405332,0.0027588619900713544,17
2023-07-21T00:30:00Z,0.001699457331655221,0.0027579869847336657,17
2023-07-21T01:00:00Z,0.0017072593214571238,0.0028263061312339566,17
2023-07-21T01:30:00Z,0.0015507291351975975,0.00265828063579364,17
2023-07-21T02:00:00Z,0.0013524248732541021,0.0025462578941887024,17
2023-07-21T02:30:00Z,0.0014020009387399762,0.002533151141004593,17
2023-07-21T03:00:00Z,0.0012294518027277613,0.002535586063159583,17
2023-07-21T03:30:00Z,0.0014088499380029162,0.0025688161378020218,17
2023-07-21T04:00:00Z,0.0012532727422823534,0.002484555431032139,17
2023-07-21T04:30:00Z,0.0010585964357990422,0.0024458855782431405,17
2023-07-21T05:00:00Z,0.0010799533566651313,0.0026123060380539424,17
2023-07-21T05:30:00Z,0.001024425362413298,0.002466887971419786,17
2023-07-21T06:00:00Z,7.368575527765e-4,0.0023905789619810356,17
2023-07-21T06:30:00Z,6.754229262422814e-4,0.0021831912211656363,17
2023-07-21T07:00:00Z,5.914190375023278e-4,0.0020045948303837784,17
2023-07-21T07:30:00Z,6.018721621182295e-4,0.0019248616063388855,17
2023-07-21T08:00:00Z,7.762275927302258e-4,0.0018409608127288746,17
2023-07-21T08:30:00Z,0.0010240455516831247,0.0017674179062053782,17
2023-07-21T09:00:00Z,0.0023473528671558736,0.00196763945531424,17
2023-07-21T09:30:00Z,0.005590410785752407,0.003492074035896943,17
2023-07-21T10:00:00Z,0.007270536570442996,0.004852389395305465,17
2023-07-21T10:30:00Z,0.007555956455762916,0.005667902104052034,17
2023-07-21T11:00:00Z,0.011044545675742538,0.008117962520458497,17
2023-07-21T11:30:00Z,0.012344178113940283,0.0094296365187577,17
2023-07-21T12:00:00Z,0.012932205335119953,0.00992754526711222,17
2023-07-21T12:30:00Z,0.013572925015522127,0.01587005519832126,17
2023-07-21T13:00:00Z,0.012135170106600666,0.009608917738643988,17
2023-07-21T13:30:00Z,0.008706809731500282,0.00721172958991092,17
2023-07-21T14:00:00Z,0.006375226450110488,0.005879897087062542,17
2023-07-21T14:30:00Z,0.005789639175906663,0.005298780381570714,17
2023-07-21T15:00:00Z,0.005379728083963981,0.004842770836333981,17
2023-07-21T15:30:00Z,0.005535856267962956,0.00508636763624167,17
2023-07-21T16:00:00Z,0.006409496710858474,0.0053486656428038005,17
2023-07-21T16:30:00Z,0.006459899044102445,0.005786414388410042,17
2023-07-21T17:00:00Z,0.004551540367589999,0.004558076491950035,17
2023-07-21T17:30:00Z,0.003549284882501487,0.004247751850961505,17
2023-07-21T18:00:00Z,0.0028540802860328998,0.003743777999655736,17
2023-07-21T18:30:00Z,0.0026785846250012416,0.0035033074551362353,17
2023-07-21T19:00:00Z,0.0022065681106162383,0.003245630948327782,17
2023-07-21T19:30:00Z,0.002133403433326598,0.003083113113269171,17
2023-07-21T20:00:00Z,0.0017239903864343779,0.0028441388774534263,17
2023-07-21T20:30:00Z,0.0015755171679405332,0.0027176529037023912,17
2023-07-21T21:00:00Z,0.0014350516490638924,0.002619752315279205,17
2023-07-21T21:30:00Z,0.0012532727422823538,0.0025237576300138676,17
2023-07-21T22:00:00Z,0.0012284847095394165,0.002509139161347414,17
2023-07-21T22:30:00Z,0.0010154297682226168,0.0024624008380494584,17
2023-07-21T23:00:00Z,8.364844587917065e-4,0.002433663305318542,17
2023-07-21T23:30:00Z,7.678272038562306e-4,0.002366308353920963,17
2023-07-22T00:00:00Z,6.018721621182284e-4,0.002328834203248188,17
2023-07-22T00:30:00Z,6.363352959602611e-4,0.0022922488467573454,17
2023-07-22T01:00:00Z,6.707984298022937e-4,0.002309889581652786,17
2023-07-22T01:30:00Z,6.535668628812771e-4,0.0022965178668980703,17
2023-07-22T02:00:00Z,5.587932448156879e-4,0.0023090574998326178,17
2023-07-22T02:30:00Z,5.674090282761962e-4,0.0022875919311393348,17
2023-07-22T03:00:00Z,4.898669771316247e-4,0.0023081189646543144,17
2023-07-22T03:30:00Z,5.24215926510365e-4,0.002248793942529566,17
2023-07-22T04:00:00Z,4.209407094475593e-4,0.002283420158393535,17
2023-07-22T04:30:00Z,4.0321866595177815e-4,0.0024556105849591627,17
2023-07-22T05:00:00Z,5.964276100536719e-4,0.0025355646260211548,17
2023-07-22T05:30:00Z,0.0010631133198329183,0.0026869333107156787,17
2023-07-22T06:00:00Z,0.0018745699712296492,0.0030806629957426295,17
2023-07-22T06:30:00Z,0.00392187332262884,0.0037902052627177855,17
2023-07-22T07:00:00Z,0.006896719265550198,0.005086492993023481,17
2023-07-22T07:30:00Z,0.00889231500948083,0.006094581675124768,17
2023-07-22T08:00:00Z,0.010548785020883793,0.007519657710915283,17
2023-07-22T08:30:00Z,0.008564003120642368,0.0073173727595989444,17
2023-07-22T09:00:00Z,0.008887986827107003,0.007522156760994843,17
2023-07-22T09:30:00Z,0.011350264746238762,0.008919935488474817,17
2023-07-22T10:00:00Z,0.011630145059650676,0.00919758042316512,17
2023-07-22T10:30:00Z,0.012920173486624779,0.009934465296316138,17
2023-07-22T11:00:00Z,0.01282300027975802,0.013108326588787115,17
2023-07-22T11:30:00Z,0.012878860098719892,0.013296401364087216,17
2023-07-22T12:00:00Z,0.01313381466809585,0.013005080599455281,17
2023-07-22T12:30:00Z,0.013260822215716046,0.011526444965826029,17
2023-07-22T13:00:00Z,0.01261299055790813,0.010733727468422327,17
2023-07-22T13:30:00Z,0.013168417938102089,0.010120463390864146,17
2023-07-22T14:00:00Z,0.012789398724262034,0.009636154626292968,17
2023-07-22T14:30:00Z,0.0126717932800261,0.00962607281379756,17
2023-07-22T15:00:00Z,0.011008516282975018,0.008740347667994128,17
2023-07-22T15:30:00Z,0.011319330671312845,0.00862654188373419,17
2023-07-22T16:00:00Z,0.010815307338873122,0.008390052803053386,17
2023-07-22T16:30:00Z,0.010966514338605036,0.008175860319816895,17
2023-07-22T17:00:00Z,0.010865709672117098,0.008214702058816208,17
2023-07-22T17:30:00Z,0.009219233452814007,0.007454099943412707,17
2023-07-22T18:00:00Z,0.006090798345497205,0.006394065846426057,17
2023-07-22T18:30:00Z,0.004861483558335932,0.005479975881301797,17
2023-07-22T19:00:00Z,0.004114138617132208,0.004854937751945675,17
2023-07-22T19:30:00Z,0.0034884544803104847,0.004474599195759386,17
2023-07-22T20:00:00Z,0.003114782009708621,0.004308045529668033,17
2023-07-22T20:30:00Z,0.0028367001711211825,0.004129676372326034,17
2023-07-22T21:00:00Z,0.002619448734724757,0.003966749763582181,17
2023-07-22T21:30:00Z,0.0024369575281517554,0.0038428477531741974,17
2023-07-22T22:00:00Z,0.0023326768386814686,0.0038224718653415207,17
2023-07-22T22:30:00Z,0.0022065681106162383,0.0037234354195623412,17
2023-07-22T23:00:00Z,0.0021589980758429327,0.003707903197965331,17
2023-07-22T23:30:00Z,0.0021088048809111757,0.0036576256059959573,17
2023-07-23T00:00:00Z,0.0020960658555422168,0.003604417118944203,17
2023-07-23T00:30:00Z,0.0019886510469894836,0.0035465853620461913,17
2023-07-23T01:00:00Z,0.0019556003366655718,0.003492285165972714,17
2023-07-23T01:30:00Z,0.001864710883274802,0.0034475422869533956,17
2023-07-23T02:00:00Z,0.0018151348177889264,0.0033446459622986863,17
2023-07-23T02:30:00Z,0.0017738214298840267,0.0033661599746810144,17
2023-07-23T03:00:00Z,0.0018802478508258141,0.003422530572051085,17
2023-07-23T03:30:00Z,0.0018723183457279402,0.003366194367421421,17
2023-07-23T04:00:00Z,0.002011068014272137,0.003331151256656883,17
2023-07-23T04:30:00Z,0.0028735982654310805,0.004531911779883553,17
2023-07-23T05:00:00Z,0.0033503317121590004,0.004866452892524082,17
2023-07-23T05:30:00Z,0.006258289711126554,0.004960285487720056,17
2023-07-23T06:00:00Z,0.008144345844818887,0.006106770393860557,17
2023-07-23T06:30:00Z,0.008978876280497773,0.0065672550644397506,17
2023-07-23T07:00:00Z,0.008950421008846155,0.0068414291821532035,17
2023-07-23T07:30:00Z,0.009437643563537884,0.007374537147775493,17
2023-07-23T08:00:00Z,0.01084050850549511,0.008317380975689315,17
2023-07-23T08:30:00Z,0.012341786055956245,0.009324255081410444,17
2023-07-23T09:00:00Z,0.012646592113404116,0.009660820037057398,17
2023-07-23T09:30:00Z,0.012772597946514051,0.009658826637259131,17
2023-07-23T10:00:00Z,0.012722195613270077,0.00976844364439632,17
2023-07-23T10:30:00Z,0.012806199502010026,0.009838238817936017,17
2023-07-23T11:00:00Z,0.013067613271614145,0.013202184656274436,17
2023-07-23T11:30:00Z,0.012738996391018062,0.00987027567402174,17
2023-07-23T12:00:00Z,0.011411734948926798,0.009281857393325491,17
2023-07-23T12:30:00Z,0.009412442396915896,0.008456580326600918,17
2023-07-23T13:00:00Z,0.00866480778713031,0.008171091234146596,17
2023-07-23T13:30:00Z,0.007995617648361266,0.007642260140297303,17
2023-07-23T14:00:00Z,0.009420842785789895,0.00816813791831985,17
2023-07-23T14:30:00Z,0.009731657174127726,0.008098547514121148,17
2023-07-23T15:00:00Z,0.007774366566486801,0.00720925524345818,17
2023-07-23T15:30:00Z,0.007564356844636916,0.006856612252301246,17
2023-07-23T16:00:00Z,0.00837919456541446,0.007355813219721361,17
2023-07-23T16:30:00Z,0.006841923401473309,0.006526887287535669,17
2023-07-23T17:00:00Z,0.0069679292345832455,0.0066789844645987655,17
2023-07-23T17:30:00Z,0.0047586269607224575,0.005932756889547003,17
2023-07-23T18:00:00Z,0.004009857927661922,0.005245808251249343,17
2023-07-23T18:30:00Z,0.003479764422854629,0.00492872521699021,17
2023-07-23T19:00:00Z,0.003149542239532044,0.004643573669853577,17
2023-07-23T19:30:00Z,0.0028540802860328998,0.004471636756757175,17
2023-07-23T20:00:00Z,0.0025933785623571837,0.004250653694395613,17
2023-07-23T20:30:00Z,0.002510350440365238,0.004119655254652617,17
2023-07-23T21:00:00Z,0.0023439461829715858,0.003916193569123693,17
2023-07-23T21:30:00Z,0.001996913724570465,0.0036960881792484452,17
2023-07-23T22:00:00Z,0.0019721256918275296,0.0035897405479705102,17
2023-07-23T22:30:00Z,0.0019060242711796958,0.003532315140239227,17
2023-07-23T23:00:00Z,0.001823397495369903,0.003482618012558739,17
2023-07-23T23:30:00Z,0.001699457331655221,0.003430245977184641,17
2023-07-24T00:00:00Z,0.001666406621331304,0.0033443313785731115,17
2023-07-24T00:30:00Z,0.0015507291351975975,0.003273467698509844,17
2023-07-24T01:00:00Z,0.0014598396818068292,0.003207018874114825,17
2023-07-24T01:30:00Z,0.0015259411024546616,0.003172033215326467,17
2023-07-24T02:00:00Z,0.0014763650369687875,0.003119841842056898,17
2023-07-24T02:30:00Z,0.001426788971482913,0.003140672102687091,17
2023-07-24T03:00:00Z,0.0014598396818068292,0.00313426412530231,17
2023-07-24T03:30:00Z,0.0014928903921307454,0.0031373108259805,17
2023-07-24T04:00:00Z,0.0016968785525470667,0.0031372292526451787,17
2023-07-24T04:30:00Z,0.002356340199343056,0.0034678792973774713,17
2023-07-24T05:00:00Z,0.003571920061636438,0.003536152964129335,17
2023-07-24T05:30:00Z,0.004840837624688207,0.003883549878822887,17
2023-07-24T06:00:00Z,0.007003399273275731,0.004812519718999362,17
2023-07-24T06:30:00Z,0.0072747367648799965,0.0055426570839483295,17
2023-07-24T07:00:00Z,0.009345239285923934,0.006897588495863739,17
2023-07-24T07:30:00Z,0.01058009645040126,0.007658796260876998,17
2023-07-24T08:00:00Z,0.011084119782840981,0.008049629843574395,17
2023-07-24T08:30:00Z,0.011966160614610487,0.008820738758479997,17
2023-07-24T09:00:00Z,0.011579742726406706,0.008782346436607753,17
2023-07-24T09:30:00Z,0.012470183947050215,0.009450144910621051,17
2023-07-24T10:00:00Z,0.012654992502278107,0.009526625669325377,17
2023-07-24T10:30:00Z,0.012856601835254002,0.009750552547155669,17
2023-07-24T11:00:00Z,0.011369733004556822,0.008996015239535728,17
2023-07-24T11:30:00Z,0.01222657266970435,0.009699735171077414,17
2023-07-24T12:00:00Z,0.012797799113136034,0.009912755323047953,17
2023-07-24T12:30:00Z,0.013159015834717831,0.014714830219116272,17
2023-07-24T13:00:00Z,0.01330182244557576,0.011515659592802234,17
2023-07-24T13:30:00Z,0.012797799113136034,0.00998010951037333,17
2023-07-24T14:00:00Z,0.012016562947854468,0.009455837329582608,17
2023-07-24T14:30:00Z,0.012747396779892064,0.009945374267805736,17
2023-07-24T15:00:00Z,0.009219233452814004,0.008655920252276713,17
2023-07-24T15:30:00Z,0.007511951082372404,0.007247885387016134,17
2023-07-24T16:00:00Z,0.006241377930292476,0.006534904742774886,17
2023-07-24T16:30:00Z,0.0038099866061772035,0.005409769506894157,17
2023-07-24T17:00:00Z,0.002707503996534665,0.004434382374562459,17
2023-07-24T17:30:00Z,0.0023723014787893487,0.0040057417837065035,17
2023-07-24T18:00:00Z,0.0022714968123013985,0.003763587399593321,17
2023-07-24T18:30:00Z,0.001885623897733932,0.003312696159825094,17
2023-07-24T19:00:00Z,0.0016874608781422453,0.0031274053493253687,17
2023-07-24T19:30:00Z,0.001532376775853099,0.0029848061799635814,17
2023-07-24T20:00:00Z,0.0013810555916578928,0.0028535250188956333,17
2023-07-24T20:30:00Z,0.0013524248732541023,0.0027519804275822355,17
2023-07-24T21:00:00Z,0.0013193741629301862,0.0027187421969839093,17
2023-07-24T21:30:00Z,0.001203696676796479,0.0026645587313281556,17
2023-07-24T22:00:00Z,0.0011128072234057092,0.0025999704440731936,17
2023-07-24T22:30:00Z,0.0010534404255720731,0.0025774122661352955,17
2023-07-24T23:00:00Z,0.0010366396478240821,0.002526178859287891,17
2023-07-24T23:30:00Z,0.0010786415921940592,0.002478139210944851,17
2023-07-25T00:00:00Z,0.0010797565130817933,0.0025159383298077056,17
2023-07-25T00:30:00Z,0.001011438481202096,0.0024948522217193396,17
2023-07-25T01:00:00Z,0.0010198388700760916,0.002466811630424746,17
2023-07-25T01:30:00Z,9.610361479581243e-4,0.0024768132921303,17
2023-07-25T02:00:00Z,8.279416904452704e-4,0.0024213394215317602,17
2023-07-25T02:30:00Z,7.937706170595266e-4,0.002402703503861478,17
2023-07-25T03:00:00Z,6.912573969022948e-4,0.002376215790268636,17
2023-07-25T03:30:00Z,5.204020299735758e-4,0.002363838395036883,17
2023-07-25T04:00:00Z,4.1788880981634397e-4,0.002356305014745896,17
2023-07-25T04:30:00Z,3.153755896591116e-4,0.0023756279146167074,17
2023-07-25T05:00:00Z,3.5808943139129163e-4,0.0024277105534986675,17
2023-07-25T05:30:00Z,3.1537558965911213e-4,0.0024596082297662723,17
2023-07-25T06:00:00Z,0.0011532823035907463,0.0027483171735407574,17
2023-07-25T06:30:00Z,0.0020076929408848953,0.0030254945574274272,17
2023-07-25T07:00:00Z,0.0031521440664286147,0.0037593119165630967,17
2023-07-25T07:30:00Z,0.004409615578216349,0.004388305355917015,17
2023-07-25T08:00:00Z,0.0034965897055181695,0.004506032696625608,17
2023-07-25T08:30:00Z,0.002897545580897192,0.00415899550056107,17
2023-07-25T09:00:00Z,0.003335467492689077,0.00421327286220196,17
2023-07-25T09:30:00Z,0.0033602555254320125,0.004365712587349266,17
2023-07-25T10:00:00Z,0.002527081505342481,0.003895943303763111,17
2023-07-25T10:30:00Z,0.0016570661265253718,0.003195901237881702,17
2023-07-25T11:00:00Z,0.0015238622025158125,0.002640754219432784,17
2023-07-25T11:30:00Z,0.0017350624125274641,0.002477147245911305,17
2023-07-25T12:00:00Z,0.001494277621467275,0.0022230671878900785,17
2023-07-25T12:30:00Z,0.0014430210113886611,0.0021221217575516636,17
2023-07-25T13:00:00Z,0.001431196749332467,0.0018968770123078725,17
2023-07-25T13:30:00Z,0.0015232176067073542,0.0018919038588340248,17
2023-07-25T14:00:00Z,0.0016736757567424295,0.0018969116425507145,17
2023-07-25T14:30:00Z,0.0016487005940367474,0.0016690374206098982,17
2023-07-25T15:00:00Z,0.0031686602173687257,0.0020149697080010212,17
2023-07-25T15:30:00Z,0.00516978191566642,0.0031710709162994406,17
2023-07-25T16:00:00Z,0.005594658990080926,0.0037975951024880545,17
2023-07-25T16:30:00Z,0.0038188341311763464,0.0025469296611012357,17
2023-07-25T17:00:00Z,0.004248347654778081,0.0025102660137316887,17
2023-07-25T17:30:00Z,0.0037035542079011433,0.002453764312891887,17
2023-07-25T18:00:00Z,0.00372940155828266,0.0023263614755733727,17
2023-07-25T18:30:00Z,0.0030617484081753923,0.0022050277870960607,17
2023-07-25T19:00:00Z,0.0026166145431439,0.00212616355198188,17
2023-07-25T19:30:00Z,0.0020705025210439364,0.0020950394744450405,17
2023-07-25T20:00:00Z,0.0019242441382561748,0.0020921883392058314,17
2023-07-25T20:30:00Z,0.0017765131615065978,0.0020693186124798022,17
2023-07-25T21:00:00Z,0.0016907612934353054,0.002076847986424518,17
2023-07-25T21:30:00Z,0.001489741265463308,0.0020419792089821933,17
2023-07-25T22:00:00Z,0.00142022080581645,0.002054412609858594,17
2023-07-25T22:30:00Z,0.0014115307483605918,0.0020626007457167123,17
2023-07-25T23:00:00Z,0.001368080461081306,0.002068046000899805,17
2023-07-25T23:30:00Z,0.0012811798865227332,0.002087952913521646,17
2023-07-26T00:00:00Z,0.0012116594268758744,0.0020973789561165427,17
2023-07-26T00:30:00Z,0.0011421389672290165,0.0021081851218100636,17
2023-07-26T01:00:00Z,0.0010813085650380149,0.002117236835490308,17
2023-07-26T01:30:00Z,9.161974733767274e-4,0.0020634911664008278,17
2023-07-26T02:00:00Z,8.988173584650134e-4,0.0020676908052107705,17
2023-07-26T02:30:00Z,8.182295371002025e-4,0.002052630534479005,17
2023-07-26T03:00:00Z,8.20606841362297e-4,0.002011779912852497,17
2023-07-26T03:30:00Z,7.250162093478666e-4,0.0020083708621310946,17
2023-07-26T04:00:00Z,7.337062668037247e-4,0.002021240742361491,17
2023-07-26T04:30:00Z,8.206068413622975e-4,0.00230040565449313,17
2023-07-26T05:00:00Z,0.0012294518027277615,0.002746986438844259,17
2023-07-26T05:30:00Z,0.0012977939494992492,0.0028784980555095086,17
2023-07-26T06:00:00Z,0.0018018172819389716,0.002903084509955037,17
2023-07-26T06:30:00Z,0.0025753011552390017,0.0031383204509294496,17
2023-07-26T07:00:00Z,0.002591826510400962,0.003001264623428475,17
2023-07-26T07:30:00Z,0.003813776548793904,0.003476758132286909,17
2023-07-26T08:00:00Z,0.005128468527761531,0.0046516637302123146,17
2023-07-26T08:30:00Z,0.0030820931838442143,0.0036330725721369765,17
2023-07-26T09:00:00Z,0.003402157493968125,0.0030820108324665953,17
2023-07-26T09:30:00Z,0.004578211936327488,0.0035181473214538524,17
2023-07-26T10:00:00Z,0.0052838446017430965,0.0037706967547690338,17
2023-07-26T10:30:00Z,0.007731211965769933,0.005397340206521148,17
2023-07-26T11:00:00Z,0.0098381947489195945,0.007661086907274642,17
2023-07-26T11:30:00Z,0.00935363967479793,0.00765667820088469,17
2023-07-26T12:00:00Z,0.010025670784717557,0.008170325706135817,17
2023-07-26T12:30:00Z,0.011436936115548786,0.009256886175004527,17
2023-07-26T13:00:00Z,0.008606005065012344,0.007267514500453161,17
2023-07-26T13:30:00Z,0.007942374343966706,0.006766215027596486,17
2023-07-26T14:00:00Z,0.011638545448524667,0.009188526796357396,17
2023-07-26T14:30:00Z,0.009756858340749703,0.00801162281061127,17
2023-07-26T15:00:00Z,0.008295190676674514,0.00727889701460996,17
2023-07-26T15:30:00Z,0.007539155678014926,0.006638970862907896,17
2023-07-26T16:00:00Z,0.007665161511124856,0.00637962401997017,17
2023-07-26T16:30:00Z,0.0070771342899451865,0.006236789302458966,17
2023-07-26T17:00:00Z,0.005274651589199886,0.005174558416568234,17
2023-07-26T17:30:00Z,0.004763020491555378,0.0050077652570653195,17
2023-07-26T18:00:00Z,0.004078195461928831,0.004249259428446134,17
2023-07-26T18:30:00Z,0.003662255629427625,0.004232200799626293,17
2023-07-26T19:00:00Z,0.0030875721820804343,0.0038304241895794587,17
2023-07-26T19:30:00Z,0.002666190608629776,0.003424715115903048,17
2023-07-26T20:00:00Z,0.002376127125960748,0.003264538732272309,17
2023-07-26T20:30:00Z,0.002002454655358889,0.002997442105640818,17
2023-07-26T21:00:00Z,0.001791968272641629,0.002887002016227797,17
2023-07-26T21:30:00Z,0.0017513212297029402,0.0027633036641753765,17
2023-07-26T22:00:00Z,0.001699457331655221,0.002707787210794043,17
2023-07-26T22:30:00Z,0.0015631231515690653,0.0026179889164662995,17
2023-07-26T23:00:00Z,0.0015259411024546616,0.002593663576381481,17
2023-07-26T23:30:00Z,0.001426788971482913,0.0025330667247873135,17
2023-07-27T00:00:00Z,0.0013234222545385568,0.0025246356335160546,17
2023-07-27T00:30:00Z,0.0012379945710741973,0.002460151275296896,17
2023-07-27T01:00:00Z,0.0010500536674526053,0.0024264584414900145,17
2023-07-27T01:30:00Z,9.475404472953735e-4,0.0024095194873148904,17
2023-07-27T02:00:00Z,8.621127638310141e-4,0.002374225806124141,17
2023-07-27T02:30:00Z,8.014287593522123e-4,0.0023770340329982496,17
2023-07-27T03:00:00Z,8.023133854059626e-4,0.0023658009285996147,17
2023-07-27T03:30:00Z,7.68142312020219e-4,0.002373527459822583,17
2023-07-27T04:00:00Z,8.193989220988342e-4,0.002414998011981981,17
2023-07-27T04:30:00Z,0.0016884781636730712,0.0034021086792694988,17
2023-07-27T05:00:00Z,0.0019473376590845948,0.003969232523622707,17
2023-07-27T05:30:00Z,0.002657927931048794,0.004158964270381147,17
2023-07-27T06:00:00Z,0.0026292973571785854,0.003984049814448,17
2023-07-27T06:30:00Z,0.0024341915510728844,0.003787394382547003,17
2023-07-27T07:00:00Z,0.0018977615935987188,0.003293714457261883,17
2023-07-27T07:30:00Z,0.0015323767758530999,0.002891225041908151,17
2023-07-27T08:00:00Z,0.001161898087051254,0.002624739138919632,17
2023-07-27T08:30:00Z,9.358349813361383e-4,0.0023849054612576355,17
2023-07-27T09:00:00Z,9.292719336175365e-4,0.0022869464879098755,17
2023-07-27T09:30:00Z,9.946377034541056e-4,0.0022764100015198268,17
2023-07-27T10:00:00Z,9.274345924621426e-4,0.002235985390516904,17
2023-07-27T10:30:00Z,7.168857019416023e-4,0.0022005092835471305,17
2023-07-27T11:00:00Z,5.545731033593191e-4,0.0021409018314386156,17
2023-07-27T11:30:00Z,3.600337962018605e-4,0.0020393449877703926,17
2023-07-27T12:00:00Z,3.7741391111357554e-4,0.0019702933252824305,17
2023-07-27T12:30:00Z,3.5134373874600344e-4,0.001901795282695388,17
2023-07-27T13:00:00Z,4.116190548257734e-4,0.001857439762132457,17
2023-07-27T13:30:00Z,3.780174993297917e-4,0.001788999792961558,17
2023-07-27T14:00:00Z,2.940136105898381e-4,0.0017605172708742998,17
2023-07-27T14:30:00Z,2.992033940108598e-4,0.0017397560156528445,17
2023-07-27T15:00:00Z,1.1780814861816885e-4,0.0017679502450731253,17
2023-07-27T15:30:00Z,2.5787291243281837e-5,0.001737837067683121,17
2023-07-27T16:00:00Z,-4.950250115435306e-5,0.0016845474885870486,17
2023-07-27T16:30:00Z,-4.950250115435306e-5,0.0017103019479960005,17
2023-07-27T17:00:00Z,-1.4152335852924037e-4,0.0017443759198240358,17
2023-07-27T17:30:00Z,-2.0008208594962318e-4,0.0017246142964443554,17
2023-07-27T18:00:00Z,-2.0008208594962318e-4,0.0017298137434798727,17
2023-07-27T18:30:00Z,-2.753718783472573e-4,0.0017613498889493607,17
2023-07-27T19:00:00Z,-2.8087520512773206e-4,0.0017674635777326024,17
2023-07-27T19:30:00Z,-3.218619800968514e-4,0.0017576071625522952,17
2023-07-27T20:00:00Z,-3.8334214255053003e-4,0.0017853918864775052,17
2023-07-27T20:30:00Z,-4.4482230500420873e-4,0.0017986558865478177,17
2023-07-27T21:00:00Z,-4.755623862310484e-4,0.0017720137856458793,17
2023-07-27T21:30:00Z,-5.44552688004142e-4,0.0017850092720530194,17
2023-07-27T22:00:00Z,-5.526428215898532e-4,0.0018100135768120001,17
2023-07-27T22:30:00Z,-4.426825281197802e-4,0.0018643905049779788,17
2023-07-27T23:00:00Z,-4.510480606084062e-4,0.0018349885986147399,17
2023-07-27T23:30:00Z,-4.5506899874648844e-4,0.001862906325240403,17
2023-07-28T00:00:00Z,-3.75758268210771e-4,0.0018183481883467859,17
2023-07-28T00:30:00Z,-3.3210867383913056e-4,0.0017860341508498163,17
2023-07-28T01:00:00Z,-2.5013512390089184e-4,0.0017810616989831602,17
2023-07-28T01:30:00Z,-2.2964173641633247e-4,0.001785020344942706,17
2023-07-28T02:00:00Z,-1.989016551894926e-4,0.0018342297369500836,17
2023-07-28T02:30:00Z,-2.398884301586118e-4,0.0018336293093572991,17
2023-07-28T03:00:00Z,-2.3385883355105393e-4,0.0018601967194908137,17
2023-07-28T03:30:00Z,-1.5120699973191672e-4,0.0018327036290004762,17
2023-07-28T04:00:00Z,-2.0008208594962318e-4,0.0017873329037083826,17
2023-07-28T04:30:00Z,-2.569602831640069e-4,0.0018215428919151184,17
2023-07-28T05:00:00Z,-3.3517080026672163e-4,0.001804386402980714,17
2023-07-28T05:30:00Z,-4.4814154719286653e-4,0.0018343132286194608,17
2023-07-28T06:00:00Z,-4.5683160464872404e-4,0.0017985729855960657,17
2023-07-28T06:30:00Z,-4.220713748252949e-4,0.001721135883341805,17
2023-07-28T07:00:00Z,-3.5260206132369047e-4,0.001621881356362115,17
2023-07-28T07:30:00Z,1.4962307745958477e-4,0.0013581445556168838,17
2023-07-28T08:00:00Z,4.984827605921319e-4,0.0012867722865900144,17
2023-07-28T08:30:00Z,0.0025404234407325464,0.0016197013577490536,17
2023-07-28T09:00:00Z,0.006552303321716394,0.003540776799022786,17
2023-07-28T09:30:00Z,0.007055619814997099,0.004200981513309475,17
2023-07-28T10:00:00Z,0.009570902744507143,0.005901106594842099,17
2023-07-28T10:30:00Z,0.009346892374533929,0.0065027891914087145,17
2023-07-28T11:00:00Z,0.006790676313536254,0.004604187752315711,17
2023-07-28T11:30:00Z,0.007503114713985202,0.004642925541776601,17
2023-07-28T12:00:00Z,0.006662652471061043,0.004438828444322202,17
2023-07-28T12:30:00Z,0.0098381947489195945,0.006384176632158938,17
2023-07-28T13:00:00Z,0.01189055711474453,0.008571771206064017,17
2023-07-28T13:30:00Z,0.012722195613270074,0.008693472327207137,17
2023-07-28T14:00:00Z,0.013025611327244174,0.009672730137413358,17
2023-07-28T14:30:00Z,0.0129836093828742,0.009302382991115889,17
2023-07-28T15:00:00Z,0.012039471016874057,0.008858006516281387,17
2023-07-28T15:30:00Z,0.011277328726942867,0.006843408116348986,17
2023-07-28T16:00:00Z,0.012682535268607483,0.008564805817776255,17
2023-07-28T16:30:00Z,0.011160724997217202,0.0073069579877421496,17
2023-07-28T17:00:00Z,0.008916819453350173,0.005807419320880469,17
2023-07-28T17:30:00Z,0.006408313785478529,0.004308919166553347,17
2023-07-28T18:00:00Z,0.004434422912749237,0.003400098570190449,17
2023-07-28T18:30:00Z,0.003556042001443497,0.002754985235379888,17
2023-07-28T19:00:00Z,0.0027497995965626125,0.002418296795734864,17
2023-07-28T19:30:00Z,0.00221970609175532,0.0022094956814123065,17
2023-07-28T20:00:00Z,0.001881391767106744,0.002085556757382009,17
2023-07-28T20:30:00Z,0.0016911946540742492,0.002000949063501626,17
2023-07-28T21:00:00Z,0.0014887590533402563,0.001952664331045233,17
2023-07-28T21:30:00Z,0.0012053273721395622,0.0019084856362137376,17
2023-07-28T22:00:00Z,0.0011133065147646748,0.0018943393508840257,17
2023-07-28T22:30:00Z,8.623405401058919e-4,0.001852174148222807,17
2023-07-28T23:00:00Z,7.786852152196312e-4,0.0018313101268897204,17
2023-07-28T23:30:00Z,6.281056304243608e-4,0.001799397583426849,17
2023-07-29T00:00:00Z,5.326163153843595e-4,0.0017879723561707668,17
2023-07-29T00:30:00Z,5.568728598649725e-4,0.0017566257963774483,17
2023-07-29T01:00:00Z,5.33733667682848e-4,0.0017741331775183178,17
2023-07-29T01:30:00Z,5.105944755007236e-4,0.001757720088411141,17
2023-07-29T02:00:00Z,5.501774613551802e-4,0.001781668688704713,17
2023-07-29T02:30:00Z,5.587932448156885e-4,0.0017579083818661495,17
2023-07-29T03:00:00Z,4.467880598290837e-4,0.0017907951597669043,17
2023-07-29T03:30:00Z,3.8140931565244324e-4,0.0017607576012008254,17
2023-07-29T04:00:00Z,3.4339865830298723e-4,0.001779397674324855,17
2023-07-29T04:30:00Z,6.309182748477692e-4,0.0018593858609798355,17
2023-07-29T05:00:00Z,9.156423872654959e-4,0.0019908073891558064,17
2023-07-29T05:30:00Z,0.0017779266044775832,0.002065570104954279,17
2023-07-29T06:00:00Z,0.0019225496263416543,0.0020520792348378016,17
2023-07-29T06:30:00Z,0.002109015207563385,0.002167655624614242,17
2023-07-29T07:00:00Z,0.0032199168274473426,0.0025854197103220952,17
2023-07-29T07:30:00Z,0.004749072361459381,0.0030661523391083533,17
2023-07-29T08:00:00Z,0.005460252768096994,0.00343631763837865,17
2023-07-29T08:30:00Z,0.005611459767828914,0.0036276395310588373,17
2023-07-29T09:00:00Z,0.005493854323592975,0.0037580120786950967,17
2023-07-29T09:30:00Z,0.004502608436461524,0.003075799555063535,17
2023-07-29T10:00:00Z,0.005690330603268109,0.003595979067868376,17
2023-07-29T10:30:00Z,0.012109968939978686,0.008007619358255872,17
2023-07-29T11:00:00Z,0.01445530698960238,0.013799948853646687,17
2023-07-29T11:30:00Z,0.016062967618935917,0.015933041675143093,17
2023-07-29T12:00:00Z,0.016580539654998474,0.014040836721476928,17
2023-07-29T12:30:00Z,0.013108613501473862,0.00983126210567749,17
2023-07-29T13:00:00Z,NA,NA,17
2023-07-29T13:30:00Z,NA,NA,17
2023-07-29T14:00:00Z,NA,NA,17
2023-07-29T14:30:00Z,NA,NA,17
2023-07-29T15:00:00Z,NA,NA,17
2023-07-29T15:30:00Z,NA,NA,17
2023-07-29T16:00:00Z,NA,NA,17
2023-07-29T16:30:00Z,NA,NA,17
2023-07-29T17:00:00Z,NA,NA,17
2023-07-29T17:30:00Z,NA,NA,17
2023-07-29T18:00:00Z,NA,NA,17
2023-07-29T18:30:00Z,NA,NA,17
2023-07-29T19:00:00Z,NA,NA,17
2023-07-29T19:30:00Z,NA,NA,17
2023-07-29T20:00:00Z,NA,NA,17
2023-07-29T20:30:00Z,NA,NA,17
2023-07-29T21:00:00Z,NA,NA,17
2023-07-29T21:30:00Z,NA,NA,17
2023-07-29T22:00:00Z,NA,NA,17
2023-07-29T22:30:00Z,NA,NA,17
2023-07-29T23:00:00Z,NA,NA,17
2023-07-29T23:30:00Z,NA,NA,17
2023-07-30T00:00:00Z,NA,NA,17
2023-07-30T00:30:00Z,NA,NA,17
2023-07-30T01:00:00Z,NA,NA,17
2023-07-30T01:30:00Z,NA,NA,17
2023-07-30T02:00:00Z,NA,NA,17
2023-07-30T02:30:00Z,NA,NA,17
2023-07-30T03:00:00Z,NA,NA,17
2023-07-30T03:30:00Z,NA,NA,17
2023-07-30T04:00:00Z,NA,NA,17
2023-07-30T04:30:00Z,NA,NA,17
2023-07-30T05:00:00Z,NA,NA,17
2023-07-30T05:30:00Z,NA,NA,17
2023-07-30T06:00:00Z,NA,NA,17
2023-07-30T06:30:00Z,NA,NA,17
2023-07-30T07:00:00Z,NA,NA,17
2023-07-30T07:30:00Z,NA,NA,17
2023-07-30T08:00:00Z,NA,NA,17
2023-07-30T08:30:00Z,NA,NA,17
2023-07-30T09:00:00Z,NA,NA,17
2023-07-30T09:30:00Z,NA,NA,17
2023-07-30T10:00:00Z,NA,NA,17
2023-07-30T10:30:00Z,NA,NA,17
2023-07-30T11:00:00Z,NA,NA,17
2023-07-30T11:30:00Z,NA,NA,17
2023-07-30T12:00:00Z,NA,NA,17
2023-07-30T12:30:00Z,NA,NA,17
2023-07-30T13:00:00Z,NA,NA,17
2023-07-30T13:30:00Z,NA,NA,17
2023-07-30T14:00:00Z,NA,NA,17
2023-07-30T14:30:00Z,NA,NA,17
2023-07-30T15:00:00Z,NA,NA,17
2023-07-30T15:30:00Z,NA,NA,17
2023-07-30T16:00:00Z,NA,NA,17
2023-07-30T16:30:00Z,NA,NA,17
2023-07-30T17:00:00Z,NA,NA,17
2023-07-30T17:30:00Z,NA,NA,17
2023-07-30T18:00:00Z,NA,NA,17
2023-07-30T18:30:00Z,NA,NA,17
2023-07-30T19:00:00Z,NA,NA,17
2023-07-30T19:30:00Z,NA,NA,17
2023-07-30T20:00:00Z,NA,NA,17
2023-07-30T20:30:00Z,NA,NA,17
2023-07-30T21:00:00Z,NA,NA,17
2023-07-30T21:30:00Z,NA,NA,17
2023-07-30T22:00:00Z,NA,NA,17
2023-07-30T22:30:00Z,NA,NA,17
2023-07-30T23:00:00Z,NA,NA,17
2023-07-30T23:30:00Z,NA,NA,17
2023-07-31T00:00:00Z,NA,NA,17
2023-07-31T00:30:00Z,NA,NA,17
2023-07-31T01:00:00Z,NA,NA,17
2023-07-31T01:30:00Z,NA,NA,17
2023-07-31T02:00:00Z,NA,NA,17
2023-07-31T02:30:00Z,NA,NA,17
2023-07-31T03:00:00Z,NA,NA,17
2023-07-31T03:30:00Z,NA,NA,17
2023-07-31T04:00:00Z,NA,NA,17
2023-07-31T04:30:00Z,NA,NA,17
2023-07-31T05:00:00Z,NA,NA,17
2023-07-31T05:30:00Z,NA,NA,17
2023-07-31T06:00:00Z,NA,NA,17
2023-07-31T06:30:00Z,NA,NA,17
2023-07-31T07:00:00Z,NA,NA,17
2023-07-31T07:30:00Z,NA,NA,17
2023-07-31T08:00:00Z,NA,NA,17
2023-07-31T08:30:00Z,NA,NA,17
2023-07-31T09:00:00Z,NA,NA,17
2023-07-31T09:30:00Z,NA,NA,17
2023-07-31T10:00:00Z,NA,NA,17
2023-07-31T10:30:00Z,NA,NA,17
2023-07-31T11:00:00Z,NA,NA,17
2023-07-31T11:30:00Z,NA,NA,17
2023-07-31T12:00:00Z,NA,NA,17
2023-07-31T12:30:00Z,NA,NA,17
2023-07-31T13:00:00Z,NA,NA,17
2023-07-31T13:30:00Z,NA,NA,17
2023-07-31T14:00:00Z,NA,NA,17
2023-07-31T14:30:00Z,NA,NA,17
2023-07-31T15:00:00Z,NA,NA,17
2023-07-31T15:30:00Z,NA,NA,17
2023-07-31T16:00:00Z,NA,NA,17
2023-07-31T16:30:00Z,NA,NA,17
2023-07-31T17:00:00Z,NA,NA,17
2023-07-31T17:30:00Z,NA,NA,17
2023-07-31T18:00:00Z,NA,NA,17
2023-07-31T18:30:00Z,NA,NA,17
2023-07-31T19:00:00Z,NA,NA,17
2023-07-31T19:30:00Z,NA,NA,17
2023-07-31T20:00:00Z,NA,NA,17
2023-07-31T20:30:00Z,NA,NA,17
2023-07-31T21:00:00Z,NA,NA,17
2023-07-31T21:30:00Z,NA,NA,17
2023-07-31T22:00:00Z,NA,NA,17
2023-07-31T22:30:00Z,NA,NA,17
2023-07-31T23:00:00Z,NA,NA,17
2023-07-31T23:30:00Z,NA,NA,17
2023-08-01T00:00:00Z,NA,NA,17
2023-08-01T00:30:00Z,NA,NA,17
2023-08-01T01:00:00Z,NA,NA,17
2023-08-01T01:30:00Z,NA,NA,17
2023-08-01T02:00:00Z,NA,NA,17
2023-08-01T02:30:00Z,NA,NA,17
2023-08-01T03:00:00Z,NA,NA,17
2023-08-01T03:30:00Z,NA,NA,17
2023-08-01T04:00:00Z,NA,NA,17
2023-08-01T04:30:00Z,NA,NA,17
2023-08-01T05:00:00Z,NA,NA,17
2023-08-01T05:30:00Z,NA,NA,17
2023-08-01T06:00:00Z,NA,NA,17
2023-08-01T06:30:00Z,NA,NA,17
2023-08-01T07:00:00Z,NA,NA,17
2023-08-01T07:30:00Z,NA,NA,17
2023-08-01T08:00:00Z,NA,NA,17
2023-08-01T08:30:00Z,NA,NA,17
2023-08-01T09:00:00Z,NA,NA,17
2023-08-01T09:30:00Z,NA,NA,17
2023-08-01T10:00:00Z,NA,NA,17
2023-08-01T10:30:00Z,NA,NA,17
2023-08-01T11:00:00Z,NA,NA,17
2023-08-01T11:30:00Z,NA,NA,17
2023-08-01T12:00:00Z,NA,NA,17
2023-08-01T12:30:00Z,NA,NA,17
2023-08-01T13:00:00Z,NA,NA,17
2023-08-01T13:30:00Z,NA,NA,17
2023-08-01T14:00:00Z,NA,NA,17
2023-08-01T14:30:00Z,NA,NA,17
2023-08-01T15:00:00Z,NA,NA,17
2023-08-01T15:30:00Z,NA,NA,17
2023-08-01T16:00:00Z,NA,NA,17
2023-08-01T16:30:00Z,NA,NA,17
2023-08-01T17:00:00Z,NA,NA,17
2023-08-01T17:30:00Z,NA,NA,17
2023-08-01T18:00:00Z,NA,NA,17
2023-08-01T18:30:00Z,NA,NA,17
2023-08-01T19:00:00Z,NA,NA,17
2023-08-01T19:30:00Z,NA,NA,17
2023-08-01T20:00:00Z,NA,NA,17
2023-08-01T20:30:00Z,NA,NA,17
2023-08-01T21:00:00Z,NA,NA,17
2023-08-01T21:30:00Z,NA,NA,17
2023-08-01T22:00:00Z,NA,NA,17
2023-08-01T22:30:00Z,NA,NA,17
2023-08-01T23:00:00Z,NA,NA,17
2023-08-01T23:30:00Z,NA,NA,17
2023-08-02T00:00:00Z,NA,NA,17
2023-08-02T00:30:00Z,NA,NA,17
2023-08-02T01:00:00Z,NA,NA,17
2023-08-02T01:30:00Z,NA,NA,17
2023-08-02T02:00:00Z,NA,NA,17
2023-08-02T02:30:00Z,NA,NA,17
2023-08-02T03:00:00Z,NA,NA,17
2023-08-02T03:30:00Z,NA,NA,17
2023-08-02T04:00:00Z,NA,NA,17
2023-08-02T04:30:00Z,NA,NA,17
2023-08-02T05:00:00Z,NA,NA,17
2023-08-02T05:30:00Z,NA,NA,17
2023-08-02T06:00:00Z,NA,NA,17
2023-08-02T06:30:00Z,NA,NA,17
2023-08-02T07:00:00Z,NA,NA,17
2023-08-02T07:30:00Z,NA,NA,17
2023-08-02T08:00:00Z,NA,NA,17
2023-08-02T08:30:00Z,NA,NA,17
2023-08-02T09:00:00Z,NA,NA,17
2023-08-02T09:30:00Z,NA,NA,17
2023-08-02T10:00:00Z,NA,NA,17
2023-08-02T10:30:00Z,NA,NA,17
2023-08-02T11:00:00Z,NA,NA,17
2023-08-02T11:30:00Z,NA,NA,17
2023-08-02T12:00:00Z,NA,NA,17
2023-08-02T12:30:00Z,NA,NA,17
2023-08-02T13:00:00Z,NA,NA,17
2023-08-02T13:30:00Z,NA,NA,17
2023-08-02T14:00:00Z,NA,NA,17
2023-08-02T14:30:00Z,NA,NA,17
2023-08-02T15:00:00Z,NA,NA,17
2023-08-02T15:30:00Z,NA,NA,17
2023-08-02T16:00:00Z,NA,NA,17
2023-08-02T16:30:00Z,NA,NA,17
2023-08-02T17:00:00Z,NA,NA,17
2023-08-02T17:30:00Z,NA,NA,17
2023-08-02T18:00:00Z,NA,NA,17
2023-08-02T18:30:00Z,NA,NA,17
2023-08-02T19:00:00Z,NA,NA,17
2023-08-02T19:30:00Z,NA,NA,17
2023-08-02T20:00:00Z,NA,NA,17
2023-08-02T20:30:00Z,NA,NA,17
2023-08-02T21:00:00Z,NA,NA,17
2023-08-02T21:30:00Z,NA,NA,17
2023-08-02T22:00:00Z,NA,NA,17
2023-08-02T22:30:00Z,NA,NA,17
2023-08-02T23:00:00Z,NA,NA,17
2023-08-02T23:30:00Z,NA,NA,17
2023-08-03T00:00:00Z,NA,NA,17
2023-08-03T00:30:00Z,NA,NA,17
2023-08-03T01:00:00Z,NA,NA,17
2023-08-03T01:30:00Z,NA,NA,17
2023-08-03T02:00:00Z,NA,NA,17
2023-08-03T02:30:00Z,NA,NA,17
2023-08-03T03:00:00Z,NA,NA,17
2023-08-03T03:30:00Z,NA,NA,17
2023-08-03T04:00:00Z,NA,NA,17
2023-08-03T04:30:00Z,NA,NA,17
2023-08-03T05:00:00Z,NA,NA,17
2023-08-03T05:30:00Z,NA,NA,17
2023-08-03T06:00:00Z,NA,NA,17
2023-08-03T06:30:00Z,NA,NA,17
2023-08-03T07:00:00Z,NA,NA,17
2023-08-03T07:30:00Z,NA,NA,17
2023-08-03T08:00:00Z,NA,NA,17
2023-08-03T08:30:00Z,NA,NA,17
2023-08-03T09:00:00Z,NA,NA,17
2023-08-03T09:30:00Z,NA,NA,17
2023-08-03T10:00:00Z,NA,NA,17
2023-08-03T10:30:00Z,NA,NA,17
2023-08-03T11:00:00Z,NA,NA,17
2023-08-03T11:30:00Z,NA,NA,17
2023-08-03T12:00:00Z,NA,NA,17
2023-08-03T12:30:00Z,NA,NA,17
2023-08-03T13:00:00Z,NA,NA,17
2023-08-03T13:30:00Z,NA,NA,17
2023-08-03T14:00:00Z,NA,NA,17
2023-08-03T14:30:00Z,NA,NA,17
2023-08-03T15:00:00Z,NA,NA,17
2023-08-03T15:30:00Z,NA,NA,17
2023-08-03T16:00:00Z,NA,NA,17
2023-08-03T16:30:00Z,NA,NA,17
2023-08-03T17:00:00Z,NA,NA,17
2023-08-03T17:30:00Z,NA,NA,17
2023-08-03T18:00:00Z,NA,NA,17
2023-08-03T18:30:00Z,NA,NA,17
2023-08-03T19:00:00Z,NA,NA,17
2023-08-03T19:30:00Z,NA,NA,17
2023-08-03T20:00:00Z,NA,NA,17
2023-08-03T20:30:00Z,NA,NA,17
2023-08-03T21:00:00Z,NA,NA,17
2023-08-03T21:30:00Z,NA,NA,17
2023-08-03T22:00:00Z,NA,NA,17
2023-08-03T22:30:00Z,NA,NA,17
2023-08-03T23:00:00Z,NA,NA,17
2023-08-03T23:30:00Z,NA,NA,17
2023-08-04T00:00:00Z,NA,NA,17
2023-08-04T00:30:00Z,NA,NA,17
2023-08-04T01:00:00Z,NA,NA,17
2023-08-04T01:30:00Z,NA,NA,17
2023-08-04T02:00:00Z,NA,NA,17
2023-08-04T02:30:00Z,NA,NA,17
2023-08-04T03:00:00Z,NA,NA,17
2023-08-04T03:30:00Z,NA,NA,17
2023-08-04T04:00:00Z,NA,NA,17
2023-08-04T04:30:00Z,NA,NA,17
2023-08-04T05:00:00Z,NA,NA,17
2023-08-04T05:30:00Z,NA,NA,17
2023-08-04T06:00:00Z,NA,NA,17
2023-08-04T06:30:00Z,NA,NA,17
2023-08-04T07:00:00Z,NA,NA,17
2023-08-04T07:30:00Z,NA,NA,17
2023-08-04T08:00:00Z,NA,NA,17
2023-08-04T08:30:00Z,NA,NA,17
2023-08-04T09:00:00Z,NA,NA,17
2023-08-04T09:30:00Z,NA,NA,17
2023-08-04T10:00:00Z,NA,NA,17
2023-08-04T10:30:00Z,NA,NA,17
2023-08-04T11:00:00Z,NA,NA,17
2023-08-04T11:30:00Z,NA,NA,17
2023-08-04T12:00:00Z,NA,NA,17
2023-08-04T12:30:00Z,NA,NA,17
2023-08-04T13:00:00Z,NA,NA,17
2023-08-04T13:30:00Z,NA,NA,17
2023-08-04T14:00:00Z,NA,NA,17
2023-08-04T14:30:00Z,NA,NA,17
2023-08-04T15:00:00Z,NA,NA,17
2023-08-04T15:30:00Z,NA,NA,17
2023-08-04T16:00:00Z,NA,NA,17
2023-08-04T16:30:00Z,NA,NA,17
2023-08-04T17:00:00Z,NA,NA,17
2023-08-04T17:30:00Z,NA,NA,17
2023-08-04T18:00:00Z,NA,NA,17
2023-08-04T18:30:00Z,NA,NA,17
2023-08-04T19:00:00Z,NA,NA,17
2023-08-04T19:30:00Z,NA,NA,17
2023-08-04T20:00:00Z,NA,NA,17
2023-08-04T20:30:00Z,NA,NA,17
2023-08-04T21:00:00Z,NA,NA,17
2023-08-04T21:30:00Z,NA,NA,17
2023-08-04T22:00:00Z,NA,NA,17
2023-08-04T22:30:00Z,NA,NA,17
2023-08-04T23:00:00Z,NA,NA,17
2023-08-04T23:30:00Z,NA,NA,17
2023-08-05T00:00:00Z,NA,NA,17
2023-08-05T00:30:00Z,NA,NA,17
2023-08-05T01:00:00Z,NA,NA,17
2023-08-05T01:30:00Z,NA,NA,17
2023-08-05T02:00:00Z,NA,NA,17
2023-08-05T02:30:00Z,NA,NA,17
2023-08-05T03:00:00Z,NA,NA,17
2023-08-05T03:30:00Z,NA,NA,17
2023-08-05T04:00:00Z,NA,NA,17
2023-08-05T04:30:00Z,NA,NA,17
2023-08-05T05:00:00Z,NA,NA,17
2023-08-05T05:30:00Z,NA,NA,17
2023-08-05T06:00:00Z,NA,NA,17
2023-08-05T06:30:00Z,NA,NA,17
2023-08-05T07:00:00Z,NA,NA,17
2023-08-05T07:30:00Z,NA,NA,17
2023-08-05T08:00:00Z,NA,NA,17
2023-08-05T08:30:00Z,NA,NA,17
2023-08-05T09:00:00Z,NA,NA,17
2023-08-05T09:30:00Z,NA,NA,17
2023-08-05T10:00:00Z,NA,NA,17
2023-08-05T10:30:00Z,NA,NA,17
2023-08-05T11:00:00Z,NA,NA,17
2023-08-05T11:30:00Z,NA,NA,17
2023-08-05T12:00:00Z,NA,NA,17
2023-08-05T12:30:00Z,NA,NA,17
2023-08-05T13:00:00Z,NA,NA,17
2023-08-05T13:30:00Z,NA,NA,17
2023-08-05T14:00:00Z,NA,NA,17
2023-08-05T14:30:00Z,NA,NA,17
2023-08-05T15:00:00Z,NA,NA,17
2023-08-05T15:30:00Z,NA,NA,17
2023-08-05T16:00:00Z,NA,NA,17
2023-08-05T16:30:00Z,NA,NA,17
2023-08-05T17:00:00Z,NA,NA,17
2023-08-05T17:30:00Z,NA,NA,17
2023-08-05T18:00:00Z,NA,NA,17
2023-08-05T18:30:00Z,NA,NA,17
2023-08-05T19:00:00Z,NA,NA,17
2023-08-05T19:30:00Z,NA,NA,17
2023-08-05T20:00:00Z,NA,NA,17
2023-08-05T20:30:00Z,NA,NA,17
2023-08-05T21:00:00Z,NA,NA,17
2023-08-05T21:30:00Z,NA,NA,17
2023-08-05T22:00:00Z,NA,NA,17
2023-08-05T22:30:00Z,NA,NA,17
2023-08-05T23:00:00Z,NA,NA,17
2023-08-05T23:30:00Z,NA,NA,17
2023-08-06T00:00:00Z,NA,NA,17
2023-08-06T00:30:00Z,NA,NA,17
2023-08-06T01:00:00Z,NA,NA,17
2023-08-06T01:30:00Z,NA,NA,17
2023-08-06T02:00:00Z,NA,NA,17
2023-08-06T02:30:00Z,NA,NA,17
2023-08-06T03:00:00Z,NA,NA,17
2023-08-06T03:30:00Z,NA,NA,17
2023-08-06T04:00:00Z,NA,NA,17
2023-08-06T04:30:00Z,NA,NA,17
2023-08-06T05:00:00Z,NA,NA,17
2023-08-06T05:30:00Z,NA,NA,17
2023-08-06T06:00:00Z,NA,NA,17
2023-08-06T06:30:00Z,NA,NA,17
2023-08-06T07:00:00Z,NA,NA,17
2023-08-06T07:30:00Z,NA,NA,17
2023-08-06T08:00:00Z,NA,NA,17
2023-08-06T08:30:00Z,NA,NA,17
2023-08-06T09:00:00Z,NA,NA,17
2023-08-06T09:30:00Z,NA,NA,17
2023-08-06T10:00:00Z,NA,NA,17
2023-08-06T10:30:00Z,NA,NA,17
2023-08-06T11:00:00Z,NA,NA,17
2023-08-06T11:30:00Z,NA,NA,17
2023-08-06T12:00:00Z,NA,NA,17
2023-08-06T12:30:00Z,NA,NA,17
2023-08-06T13:00:00Z,NA,NA,17
2023-08-06T13:30:00Z,NA,NA,17
2023-08-06T14:00:00Z,NA,NA,17
2023-08-06T14:30:00Z,NA,NA,17
2023-08-06T15:00:00Z,NA,NA,17
2023-08-06T15:30:00Z,NA,NA,17
2023-08-06T16:00:00Z,NA,NA,17
2023-08-06T16:30:00Z,NA,NA,17
2023-08-06T17:00:00Z,NA,NA,17
2023-08-06T17:30:00Z,NA,NA,17
2023-08-06T18:00:00Z,NA,NA,17
2023-08-06T18:30:00Z,NA,NA,17
2023-08-06T19:00:00Z,NA,NA,17
2023-08-06T19:30:00Z,NA,NA,17
2023-08-06T20:00:00Z,NA,NA,17
2023-08-06T20:30:00Z,NA,NA,17
2023-08-06T21:00:00Z,NA,NA,17
2023-08-06T21:30:00Z,NA,NA,17
2023-08-06T22:00:00Z,NA,NA,17
2023-08-06T22:30:00Z,NA,NA,17
2023-08-06T23:00:00Z,NA,NA,17
2023-08-06T23:30:00Z,NA,NA,17
2023-08-07T00:00:00Z,NA,NA,17
2023-08-07T00:30:00Z,NA,NA,17
2023-08-07T01:00:00Z,NA,NA,17
2023-08-07T01:30:00Z,NA,NA,17
2023-08-07T02:00:00Z,NA,NA,17
2023-08-07T02:30:00Z,NA,NA,17
2023-08-07T03:00:00Z,NA,NA,17
2023-08-07T03:30:00Z,NA,NA,17
2023-08-07T04:00:00Z,NA,NA,17
2023-08-07T04:30:00Z,NA,NA,17
2023-08-07T05:00:00Z,NA,NA,17
2023-08-07T05:30:00Z,NA,NA,17
2023-08-07T06:00:00Z,NA,NA,17
2023-08-07T06:30:00Z,NA,NA,17
2023-08-07T07:00:00Z,NA,NA,17
2023-08-07T07:30:00Z,NA,NA,17
2023-08-07T08:00:00Z,NA,NA,17
2023-08-07T08:30:00Z,NA,NA,17
2023-08-07T09:00:00Z,NA,NA,17
2023-08-07T09:30:00Z,NA,NA,17
2023-08-07T10:00:00Z,NA,NA,17
2023-08-07T10:30:00Z,NA,NA,17
2023-08-07T11:00:00Z,NA,NA,17
2023-08-07T11:30:00Z,NA,NA,17
2023-08-07T12:00:00Z,NA,NA,17
2023-08-07T12:30:00Z,NA,NA,17
2023-08-07T13:00:00Z,NA,NA,17
2023-08-07T13:30:00Z,NA,NA,17
2023-08-07T14:00:00Z,NA,NA,17
2023-08-07T14:30:00Z,NA,NA,17
2023-08-07T15:00:00Z,NA,NA,17
2023-08-07T15:30:00Z,NA,NA,17
2023-08-07T16:00:00Z,NA,NA,17
2023-08-07T16:30:00Z,NA,NA,17
2023-08-07T17:00:00Z,NA,NA,17
2023-08-07T17:30:00Z,NA,NA,17
2023-08-07T18:00:00Z,NA,NA,17
2023-08-07T18:30:00Z,NA,NA,17
2023-08-07T19:00:00Z,NA,NA,17
2023-08-07T19:30:00Z,NA,NA,17
2023-08-07T20:00:00Z,NA,NA,17
2023-08-07T20:30:00Z,NA,NA,17
2023-08-07T21:00:00Z,NA,NA,17
2023-08-07T21:30:00Z,NA,NA,17
2023-08-07T22:00:00Z,NA,NA,17
2023-08-07T22:30:00Z,NA,NA,17
2023-08-07T23:00:00Z,NA,NA,17
2023-08-07T23:30:00Z,NA,NA,17
2023-08-08T00:00:00Z,NA,NA,17
2023-08-08T00:30:00Z,NA,NA,17
2023-08-08T01:00:00Z,NA,NA,17
2023-08-08T01:30:00Z,NA,NA,17
2023-08-08T02:00:00Z,NA,NA,17
2023-08-08T02:30:00Z,NA,NA,17
2023-08-08T03:00:00Z,NA,NA,17
2023-08-08T03:30:00Z,NA,NA,17
2023-08-08T04:00:00Z,NA,NA,17
2023-08-08T04:30:00Z,NA,NA,17
2023-08-08T05:00:00Z,NA,NA,17
2023-08-08T05:30:00Z,NA,NA,17
2023-08-08T06:00:00Z,NA,NA,17
2023-08-08T06:30:00Z,NA,NA,17
2023-08-08T07:00:00Z,NA,NA,17
2023-08-08T07:30:00Z,NA,NA,17
2023-08-08T08:00:00Z,NA,NA,17
2023-08-08T08:30:00Z,NA,NA,17
2023-08-08T09:00:00Z,NA,NA,17
2023-08-08T09:30:00Z,NA,NA,17
2023-08-08T10:00:00Z,NA,NA,17
2023-08-08T10:30:00Z,NA,NA,17
2023-08-08T11:00:00Z,NA,NA,17
2023-08-08T11:30:00Z,NA,NA,17
2023-08-08T12:00:00Z,NA,NA,17
2023-08-08T12:30:00Z,NA,NA,17
2023-08-08T13:00:00Z,NA,NA,17
2023-08-08T13:30:00Z,NA,NA,17
2023-08-08T14:00:00Z,NA,NA,17
2023-08-08T14:30:00Z,NA,NA,17
2023-08-08T15:00:00Z,NA,NA,17
2023-08-08T15:30:00Z,NA,NA,17
2023-08-08T16:00:00Z,NA,NA,17
2023-08-08T16:30:00Z,NA,NA,17
2023-08-08T17:00:00Z,NA,NA,17
2023-08-08T17:30:00Z,NA,NA,17
2023-08-08T18:00:00Z,NA,NA,17
2023-08-08T18:30:00Z,NA,NA,17
2023-08-08T19:00:00Z,NA,NA,17
2023-08-08T19:30:00Z,NA,NA,17
2023-08-08T20:00:00Z,NA,NA,17
2023-08-08T20:30:00Z,NA,NA,17
2023-08-08T21:00:00Z,NA,NA,17
2023-08-08T21:30:00Z,NA,NA,17
2023-08-08T22:00:00Z,NA,NA,17
2023-08-08T22:30:00Z,NA,NA,17
2023-08-08T23:00:00Z,NA,NA,17
2023-08-08T23:30:00Z,NA,NA,17
2023-08-09T00:00:00Z,NA,NA,17
2023-08-09T00:30:00Z,NA,NA,17
2023-08-09T01:00:00Z,NA,NA,17
2023-08-09T01:30:00Z,NA,NA,17
2023-08-09T02:00:00Z,NA,NA,17
2023-08-09T02:30:00Z,NA,NA,17
2023-08-09T03:00:00Z,NA,NA,17
2023-08-09T03:30:00Z,NA,NA,17
2023-08-09T04:00:00Z,NA,NA,17
2023-08-09T04:30:00Z,NA,NA,17
2023-08-09T05:00:00Z,NA,NA,17
2023-08-09T05:30:00Z,NA,NA,17
2023-08-09T06:00:00Z,NA,NA,17
2023-08-09T06:30:00Z,NA,NA,17
2023-08-09T07:00:00Z,NA,NA,17
2023-08-09T07:30:00Z,NA,NA,17
2023-08-09T08:00:00Z,NA,NA,17
2023-08-09T08:30:00Z,NA,NA,17
2023-08-09T09:00:00Z,NA,NA,17
2023-08-09T09:30:00Z,NA,NA,17
2023-08-09T10:00:00Z,NA,NA,17
2023-08-09T10:30:00Z,NA,NA,17
2023-08-09T11:00:00Z,NA,NA,17
2023-08-09T11:30:00Z,NA,NA,17
2023-08-09T12:00:00Z,NA,NA,17
2023-08-09T12:30:00Z,NA,NA,17
2023-08-09T13:00:00Z,NA,NA,17
2023-08-09T13:30:00Z,NA,NA,17
2023-08-09T14:00:00Z,NA,NA,17
2023-08-09T14:30:00Z,NA,NA,17
2023-08-09T15:00:00Z,NA,NA,17
2023-08-09T15:30:00Z,NA,NA,17
2023-08-09T16:00:00Z,NA,NA,17
2023-08-09T16:30:00Z,NA,NA,17
2023-08-09T17:00:00Z,NA,NA,17
2023-08-09T17:30:00Z,NA,NA,17
2023-08-09T18:00:00Z,NA,NA,17
2023-08-09T18:30:00Z,NA,NA,17
2023-08-09T19:00:00Z,NA,NA,17
2023-08-09T19:30:00Z,NA,NA,17
2023-08-09T20:00:00Z,NA,NA,17
2023-08-09T20:30:00Z,NA,NA,17
2023-08-09T21:00:00Z,NA,NA,17
2023-08-09T21:30:00Z,NA,NA,17
2023-08-09T22:00:00Z,NA,NA,17
2023-08-09T22:30:00Z,NA,NA,17
2023-08-09T23:00:00Z,NA,NA,17
2023-08-09T23:30:00Z,NA,NA,17
2023-08-10T00:00:00Z,NA,NA,17
2023-08-10T00:30:00Z,NA,NA,17
2023-08-10T01:00:00Z,NA,NA,17
2023-08-10T01:30:00Z,NA,NA,17
2023-08-10T02:00:00Z,NA,NA,17
2023-08-10T02:30:00Z,NA,NA,17
2023-08-10T03:00:00Z,NA,NA,17
2023-08-10T03:30:00Z,NA,NA,17
2023-08-10T04:00:00Z,NA,NA,17
2023-08-10T04:30:00Z,NA,NA,17
2023-08-10T05:00:00Z,NA,NA,17
2023-08-10T05:30:00Z,NA,NA,17
2023-08-10T06:00:00Z,NA,NA,17
2023-08-10T06:30:00Z,NA,NA,17
2023-08-10T07:00:00Z,NA,NA,17
2023-08-10T07:30:00Z,NA,NA,17
2023-08-10T08:00:00Z,NA,NA,17
2023-08-10T08:30:00Z,NA,NA,17
2023-08-10T09:00:00Z,NA,NA,17
2023-08-10T09:30:00Z,NA,NA,17
2023-08-10T10:00:00Z,NA,NA,17
2023-08-10T10:30:00Z,NA,NA,17
2023-08-10T11:00:00Z,NA,NA,17
2023-08-10T11:30:00Z,NA,NA,17
2023-08-10T12:00:00Z,NA,NA,17
2023-08-10T12:30:00Z,NA,NA,17
2023-08-10T13:00:00Z,NA,NA,17
2023-08-10T13:30:00Z,NA,NA,17
2023-08-10T14:00:00Z,NA,NA,17
2023-08-10T14:30:00Z,NA,NA,17
2023-08-10T15:00:00Z,NA,NA,17
2023-08-10T15:30:00Z,NA,NA,17
2023-08-10T16:00:00Z,NA,NA,17
2023-08-10T16:30:00Z,NA,NA,17
2023-08-10T17:00:00Z,NA,NA,17
2023-08-10T17:30:00Z,NA,NA,17
2023-08-10T18:00:00Z,NA,NA,17
2023-08-10T18:30:00Z,NA,NA,17
2023-08-10T19:00:00Z,NA,NA,17
2023-08-10T19:30:00Z,NA,NA,17
2023-08-10T20:00:00Z,NA,NA,17
2023-08-10T20:30:00Z,NA,NA,17
2023-08-10T21:00:00Z,NA,NA,17
2023-08-10T21:30:00Z,NA,NA,17
2023-08-10T22:00:00Z,NA,NA,17
2023-08-10T22:30:00Z,NA,NA,17
2023-08-10T23:00:00Z,NA,NA,17
2023-08-10T23:30:00Z,NA,NA,17
2023-08-11T00:00:00Z,NA,NA,17
2023-08-11T00:30:00Z,NA,NA,17
2023-08-11T01:00:00Z,NA,NA,17
2023-08-11T01:30:00Z,NA,NA,17
2023-08-11T02:00:00Z,NA,NA,17
2023-08-11T02:30:00Z,NA,NA,17
2023-08-11T03:00:00Z,NA,NA,17
2023-08-11T03:30:00Z,NA,NA,17
2023-08-11T04:00:00Z,NA,NA,17
2023-08-11T04:30:00Z,NA,NA,17
2023-08-11T05:00:00Z,NA,NA,17
2023-08-11T05:30:00Z,NA,NA,17
2023-08-11T06:00:00Z,NA,NA,17
2023-08-11T06:30:00Z,NA,NA,17
2023-08-11T07:00:00Z,NA,NA,17
2023-08-11T07:30:00Z,NA,NA,17
2023-08-11T08:00:00Z,NA,NA,17
2023-08-11T08:30:00Z,NA,NA,17
2023-08-11T09:00:00Z,NA,NA,17
2023-08-11T09:30:00Z,NA,NA,17
2023-08-11T10:00:00Z,NA,NA,17
2023-08-11T10:30:00Z,NA,NA,17
2023-08-11T11:00:00Z,NA,NA,17
2023-08-11T11:30:00Z,NA,NA,17
2023-08-11T12:00:00Z,NA,NA,17
2023-08-11T12:30:00Z,NA,NA,17
2023-08-11T13:00:00Z,NA,NA,17
2023-08-11T13:30:00Z,NA,NA,17
2023-08-11T14:00:00Z,NA,NA,17
2023-08-11T14:30:00Z,NA,NA,17
2023-08-11T15:00:00Z,NA,NA,17
2023-08-11T15:30:00Z,NA,NA,17
2023-08-11T16:00:00Z,NA,NA,17
2023-08-11T16:30:00Z,NA,NA,17
2023-08-11T17:00:00Z,NA,NA,17
2023-08-11T17:30:00Z,NA,NA,17
2023-08-11T18:00:00Z,NA,NA,17
2023-08-11T18:30:00Z,NA,NA,17
2023-08-11T19:00:00Z,NA,NA,17
2023-08-11T19:30:00Z,NA,NA,17
2023-08-11T20:00:00Z,NA,NA,17
2023-08-11T20:30:00Z,NA,NA,17
2023-08-11T21:00:00Z,NA,NA,17
2023-08-11T21:30:00Z,NA,NA,17
2023-08-11T22:00:00Z,NA,NA,17
2023-08-11T22:30:00Z,NA,NA,17
2023-08-11T23:00:00Z,NA,NA,17
2023-08-11T23:30:00Z,NA,NA,17
2023-08-12T00:00:00Z,NA,NA,17
2023-08-12T00:30:00Z,NA,NA,17
2023-08-12T01:00:00Z,NA,NA,17
2023-08-12T01:30:00Z,NA,NA,17
2023-08-12T02:00:00Z,NA,NA,17
2023-08-12T02:30:00Z,NA,NA,17
2023-08-12T03:00:00Z,NA,NA,17
2023-08-12T03:30:00Z,NA,NA,17
2023-08-12T04:00:00Z,NA,NA,17
2023-08-12T04:30:00Z,NA,NA,17
2023-08-12T05:00:00Z,NA,NA,17
2023-08-12T05:30:00Z,NA,NA,17
2023-08-12T06:00:00Z,NA,NA,17
2023-08-12T06:30:00Z,NA,NA,17
2023-08-12T07:00:00Z,NA,NA,17
2023-08-12T07:30:00Z,NA,NA,17
2023-08-12T08:00:00Z,NA,NA,17
2023-08-12T08:30:00Z,NA,NA,17
2023-08-12T09:00:00Z,NA,NA,17
2023-08-12T09:30:00Z,NA,NA,17
2023-08-12T10:00:00Z,NA,NA,17
2023-08-12T10:30:00Z,NA,NA,17
2023-08-12T11:00:00Z,NA,NA,17
2023-08-12T11:30:00Z,NA,NA,17
2023-08-12T12:00:00Z,NA,NA,17
2023-08-12T12:30:00Z,NA,NA,17
2023-08-12T13:00:00Z,NA,NA,17
2023-08-12T13:30:00Z,NA,NA,17
2023-08-12T14:00:00Z,NA,NA,17
2023-08-12T14:30:00Z,NA,NA,17
2023-08-12T15:00:00Z,NA,NA,17
2023-08-12T15:30:00Z,NA,NA,17
2023-08-12T16:00:00Z,NA,NA,17
2023-08-12T16:30:00Z,NA,NA,17
2023-08-12T17:00:00Z,NA,NA,17
2023-08-12T17:30:00Z,NA,NA,17
2023-08-12T18:00:00Z,NA,NA,17
2023-08-12T18:30:00Z,NA,NA,17
2023-08-12T19:00:00Z,NA,NA,17
2023-08-12T19:30:00Z,NA,NA,17
2023-08-12T20:00:00Z,NA,NA,17
2023-08-12T20:30:00Z,NA,NA,17
2023-08-12T21:00:00Z,NA,NA,17
2023-08-12T21:30:00Z,NA,NA,17
2023-08-12T22:00:00Z,NA,NA,17
2023-08-12T22:30:00Z,NA,NA,17
2023-08-12T23:00:00Z,NA,NA,17
2023-08-12T23:30:00Z,NA,NA,17
2023-08-13T00:00:00Z,NA,NA,17
2023-08-13T00:30:00Z,NA,NA,17
2023-08-13T01:00:00Z,NA,NA,17
2023-08-13T01:30:00Z,NA,NA,17
2023-08-13T02:00:00Z,NA,NA,17
2023-08-13T02:30:00Z,NA,NA,17
2023-08-13T03:00:00Z,NA,NA,17
2023-08-13T03:30:00Z,NA,NA,17
2023-08-13T04:00:00Z,NA,NA,17
2023-08-13T04:30:00Z,NA,NA,17
2023-08-13T05:00:00Z,NA,NA,17
2023-08-13T05:30:00Z,NA,NA,17
2023-08-13T06:00:00Z,NA,NA,17
2023-08-13T06:30:00Z,NA,NA,17
2023-08-13T07:00:00Z,NA,NA,17
2023-08-13T07:30:00Z,NA,NA,17
2023-08-13T08:00:00Z,NA,NA,17
2023-08-13T08:30:00Z,NA,NA,17
2023-08-13T09:00:00Z,NA,NA,17
2023-08-13T09:30:00Z,NA,NA,17
2023-08-13T10:00:00Z,NA,NA,17
2023-08-13T10:30:00Z,NA,NA,17
2023-08-13T11:00:00Z,NA,NA,17
2023-08-13T11:30:00Z,NA,NA,17
2023-08-13T12:00:00Z,NA,NA,17
2023-08-13T12:30:00Z,NA,NA,17
2023-08-13T13:00:00Z,NA,NA,17
2023-08-13T13:30:00Z,NA,NA,17
2023-08-13T14:00:00Z,NA,NA,17
2023-08-13T14:30:00Z,NA,NA,17
2023-08-13T15:00:00Z,NA,NA,17
2023-08-13T15:30:00Z,NA,NA,17
2023-08-13T16:00:00Z,NA,NA,17
2023-08-13T16:30:00Z,NA,NA,17
2023-08-13T17:00:00Z,NA,NA,17
2023-08-13T17:30:00Z,NA,NA,17
2023-08-13T18:00:00Z,NA,NA,17
2023-08-13T18:30:00Z,NA,NA,17
2023-08-13T19:00:00Z,NA,NA,17
2023-08-13T19:30:00Z,NA,NA,17
2023-08-13T20:00:00Z,NA,NA,17
2023-08-13T20:30:00Z,NA,NA,17
2023-08-13T21:00:00Z,NA,NA,17
2023-08-13T21:30:00Z,NA,NA,17
2023-08-13T22:00:00Z,NA,NA,17
2023-08-13T22:30:00Z,NA,NA,17
2023-08-13T23:00:00Z,NA,NA,17
2023-08-13T23:30:00Z,NA,NA,17
2023-08-14T00:00:00Z,NA,NA,17
2023-08-14T00:30:00Z,NA,NA,17
2023-08-14T01:00:00Z,NA,NA,17
2023-08-14T01:30:00Z,NA,NA,17
2023-08-14T02:00:00Z,NA,NA,17
2023-08-14T02:30:00Z,NA,NA,17
2023-08-14T03:00:00Z,NA,NA,17
2023-08-14T03:30:00Z,NA,NA,17
2023-08-14T04:00:00Z,NA,NA,17
2023-08-14T04:30:00Z,NA,NA,17
2023-08-14T05:00:00Z,NA,NA,17
2023-08-14T05:30:00Z,NA,NA,17
2023-08-14T06:00:00Z,NA,NA,17
2023-08-14T06:30:00Z,NA,NA,17
2023-08-14T07:00:00Z,NA,NA,17
2023-08-14T07:30:00Z,NA,NA,17
2023-08-14T08:00:00Z,NA,NA,17
2023-08-14T08:30:00Z,NA,NA,17
2023-08-14T09:00:00Z,NA,NA,17
2023-08-14T09:30:00Z,NA,NA,17
2023-08-14T10:00:00Z,NA,NA,17
2023-08-14T10:30:00Z,NA,NA,17
2023-08-14T11:00:00Z,NA,NA,17
2023-08-14T11:30:00Z,NA,NA,17
2023-08-14T12:00:00Z,NA,NA,17
2023-08-14T12:30:00Z,NA,NA,17
2023-08-14T13:00:00Z,NA,NA,17
2023-08-14T13:30:00Z,NA,NA,17
2023-08-14T14:00:00Z,NA,NA,17
2023-08-14T14:30:00Z,NA,NA,17
2023-08-14T15:00:00Z,NA,NA,17
2023-08-14T15:30:00Z,NA,NA,17
2023-08-14T16:00:00Z,NA,NA,17
2023-08-14T16:30:00Z,NA,NA,17
2023-08-14T17:00:00Z,NA,NA,17
2023-08-14T17:30:00Z,NA,NA,17
2023-08-14T18:00:00Z,NA,NA,17
2023-08-14T18:30:00Z,NA,NA,17
2023-08-14T19:00:00Z,NA,NA,17
2023-08-14T19:30:00Z,NA,NA,17
2023-08-14T20:00:00Z,NA,NA,17
2023-08-14T20:30:00Z,NA,NA,17
2023-08-14T21:00:00Z,NA,NA,17
2023-08-14T21:30:00Z,NA,NA,17
2023-08-14T22:00:00Z,NA,NA,17
2023-08-14T22:30:00Z,NA,NA,17
2023-08-14T23:00:00Z,NA,NA,17
2023-08-14T23:30:00Z,NA,NA,17
2023-08-15T00:00:00Z,NA,NA,17
2023-08-15T00:30:00Z,NA,NA,17
2023-08-15T01:00:00Z,NA,NA,17
2023-08-15T01:30:00Z,NA,NA,17
2023-08-15T02:00:00Z,NA,NA,17
2023-08-15T02:30:00Z,NA,NA,17
2023-08-15T03:00:00Z,NA,NA,17
2023-08-15T03:30:00Z,NA,NA,17
2023-08-15T04:00:00Z,NA,NA,17
2023-08-15T04:30:00Z,NA,NA,17
2023-08-15T05:00:00Z,NA,NA,17
2023-08-15T05:30:00Z,NA,NA,17
2023-08-15T06:00:00Z,NA,NA,17
2023-08-15T06:30:00Z,NA,NA,17
2023-08-15T07:00:00Z,NA,NA,17
2023-08-15T07:30:00Z,NA,NA,17
2023-08-15T08:00:00Z,NA,NA,17
2023-08-15T08:30:00Z,NA,NA,17
2023-08-15T09:00:00Z,NA,NA,17
2023-08-15T09:30:00Z,NA,NA,17
2023-08-15T10:00:00Z,NA,NA,17
2023-08-15T10:30:00Z,NA,NA,17
2023-08-15T11:00:00Z,NA,NA,17
2023-08-15T11:30:00Z,NA,NA,17
2023-08-15T12:00:00Z,NA,NA,17
2023-08-15T12:30:00Z,NA,NA,17
2023-08-15T13:00:00Z,NA,NA,17
2023-08-15T13:30:00Z,NA,NA,17
2023-08-15T14:00:00Z,NA,NA,17
2023-08-15T14:30:00Z,NA,NA,17
2023-08-15T15:00:00Z,NA,NA,17
2023-08-15T15:30:00Z,NA,NA,17
2023-08-15T16:00:00Z,NA,NA,17
2023-08-15T16:30:00Z,NA,NA,17
2023-08-15T17:00:00Z,NA,NA,17
2023-08-15T17:30:00Z,NA,NA,17
2023-08-15T18:00:00Z,NA,NA,17
2023-08-15T18:30:00Z,NA,NA,17
2023-08-15T19:00:00Z,NA,NA,17
2023-08-15T19:30:00Z,NA,NA,17
2023-08-15T20:00:00Z,NA,NA,17
2023-08-15T20:30:00Z,NA,NA,17
2023-08-15T21:00:00Z,NA,NA,17
2023-08-15T21:30:00Z,NA,NA,17
2023-08-15T22:00:00Z,NA,NA,17
2023-08-15T22:30:00Z,NA,NA,17
2023-08-15T23:00:00Z,NA,NA,17
2023-08-15T23:30:00Z,NA,NA,17
2023-08-16T00:00:00Z,NA,NA,17
2023-08-16T00:30:00Z,NA,NA,17
2023-08-16T01:00:00Z,NA,NA,17
2023-08-16T01:30:00Z,NA,NA,17
2023-08-16T02:00:00Z,NA,NA,17
2023-08-16T02:30:00Z,NA,NA,17
2023-08-16T03:00:00Z,NA,NA,17
2023-08-16T03:30:00Z,NA,NA,17
2023-08-16T04:00:00Z,NA,NA,17
2023-08-16T04:30:00Z,NA,NA,17
2023-08-16T05:00:00Z,NA,NA,17
2023-08-16T05:30:00Z,NA,NA,17
2023-08-16T06:00:00Z,NA,NA,17
2023-08-16T06:30:00Z,NA,NA,17
2023-08-16T07:00:00Z,NA,NA,17
2023-08-16T07:30:00Z,NA,NA,17
2023-08-16T08:00:00Z,NA,NA,17
2023-08-16T08:30:00Z,NA,NA,17
2023-08-16T09:00:00Z,NA,NA,17
2023-08-16T09:30:00Z,NA,NA,17
2023-08-16T10:00:00Z,NA,NA,17
2023-08-16T10:30:00Z,NA,NA,17
2023-08-16T11:00:00Z,NA,NA,17
2023-08-16T11:30:00Z,NA,NA,17
2023-08-16T12:00:00Z,NA,NA,17
2023-08-16T12:30:00Z,NA,NA,17
2023-08-16T13:00:00Z,NA,NA,17
2023-08-16T13:30:00Z,NA,NA,17
2023-08-16T14:00:00Z,NA,NA,17
2023-08-16T14:30:00Z,NA,NA,17
2023-08-16T15:00:00Z,NA,NA,17
2023-08-16T15:30:00Z,NA,NA,17
2023-08-16T16:00:00Z,NA,NA,17
2023-08-16T16:30:00Z,NA,NA,17
2023-08-16T17:00:00Z,NA,NA,17
2023-08-16T17:30:00Z,NA,NA,17
2023-08-16T18:00:00Z,NA,NA,17
2023-08-16T18:30:00Z,NA,NA,17
2023-08-16T19:00:00Z,NA,NA,17
2023-08-16T19:30:00Z,NA,NA,17
2023-08-16T20:00:00Z,NA,NA,17
2023-08-16T20:30:00Z,NA,NA,17
2023-08-16T21:00:00Z,NA,NA,17
2023-08-16T21:30:00Z,NA,NA,17
2023-08-16T22:00:00Z,NA,NA,17
2023-08-16T22:30:00Z,NA,NA,17
2023-08-16T23:00:00Z,NA,NA,17
2023-08-16T23:30:00Z,NA,NA,17
2023-08-17T00:00:00Z,NA,NA,17
2023-08-17T00:30:00Z,NA,NA,17
2023-08-17T01:00:00Z,NA,NA,17
2023-08-17T01:30:00Z,NA,NA,17
2023-08-17T02:00:00Z,NA,NA,17
2023-08-17T02:30:00Z,NA,NA,17
2023-08-17T03:00:00Z,NA,NA,17
2023-08-17T03:30:00Z,NA,NA,17
2023-08-17T04:00:00Z,NA,NA,17
2023-08-17T04:30:00Z,NA,NA,17
2023-08-17T05:00:00Z,NA,NA,17
2023-08-17T05:30:00Z,NA,NA,17
2023-08-17T06:00:00Z,NA,NA,17
2023-08-17T06:30:00Z,NA,NA,17
2023-08-17T07:00:00Z,NA,NA,17
2023-08-17T07:30:00Z,NA,NA,17
2023-08-17T08:00:00Z,NA,NA,17
2023-08-17T08:30:00Z,NA,NA,17
2023-08-17T09:00:00Z,NA,NA,17
2023-08-17T09:30:00Z,NA,NA,17
2023-08-17T10:00:00Z,NA,NA,17
2023-08-17T10:30:00Z,NA,NA,17
2023-08-17T11:00:00Z,NA,NA,17
2023-08-17T11:30:00Z,NA,NA,17
2023-08-17T12:00:00Z,NA,NA,17
2023-08-17T12:30:00Z,NA,NA,17
2023-08-17T13:00:00Z,NA,NA,17
2023-08-17T13:30:00Z,NA,NA,17
2023-08-17T14:00:00Z,NA,NA,17
2023-08-17T14:30:00Z,NA,NA,17
2023-08-17T15:00:00Z,NA,NA,17
2023-08-17T15:30:00Z,NA,NA,17
2023-08-17T16:00:00Z,NA,NA,17
2023-08-17T16:30:00Z,NA,NA,17
2023-08-17T17:00:00Z,NA,NA,17
2023-08-17T17:30:00Z,NA,NA,17
2023-08-17T18:00:00Z,NA,NA,17
2023-08-17T18:30:00Z,NA,NA,17
2023-08-17T19:00:00Z,NA,NA,17
2023-08-17T19:30:00Z,NA,NA,17
2023-08-17T20:00:00Z,NA,NA,17
2023-08-17T20:30:00Z,NA,NA,17
2023-08-17T21:00:00Z,NA,NA,17
2023-08-17T21:30:00Z,NA,NA,17
2023-08-17T22:00:00Z,NA,NA,17
2023-08-17T22:30:00Z,NA,NA,17
2023-08-17T23:00:00Z,NA,NA,17
2023-08-17T23:30:00Z,NA,NA,17
2023-08-18T00:00:00Z,NA,NA,17
2023-08-18T00:30:00Z,NA,NA,17
2023-08-18T01:00:00Z,NA,NA,17
2023-08-18T01:30:00Z,NA,NA,17
2023-08-18T02:00:00Z,NA,NA,17
2023-08-18T02:30:00Z,NA,NA,17
2023-08-18T03:00:00Z,NA,NA,17
2023-08-18T03:30:00Z,NA,NA,17
2023-08-18T04:00:00Z,NA,NA,17
2023-08-18T04:30:00Z,NA,NA,17
2023-08-18T05:00:00Z,NA,NA,17
2023-08-18T05:30:00Z,NA,NA,17
2023-08-18T06:00:00Z,NA,NA,17
2023-08-18T06:30:00Z,NA,NA,17
2023-08-18T07:00:00Z,NA,NA,17
2023-08-18T07:30:00Z,NA,NA,17
2023-08-18T08:00:00Z,NA,NA,17
2023-08-18T08:30:00Z,NA,NA,17
2023-08-18T09:00:00Z,NA,NA,17
2023-08-18T09:30:00Z,NA,NA,17
2023-08-18T10:00:00Z,NA,NA,17
2023-08-18T10:30:00Z,NA,NA,17
2023-08-18T11:00:00Z,NA,NA,17
2023-08-18T11:30:00Z,NA,NA,17
2023-08-18T12:00:00Z,NA,NA,17
2023-08-18T12:30:00Z,NA,NA,17
2023-08-18T13:00:00Z,NA,NA,17
2023-08-18T13:30:00Z,NA,NA,17
2023-08-18T14:00:00Z,NA,NA,17
2023-08-18T14:30:00Z,NA,NA,17
2023-08-18T15:00:00Z,NA,NA,17
2023-08-18T15:30:00Z,NA,NA,17
2023-08-18T16:00:00Z,NA,NA,17
2023-08-18T16:30:00Z,NA,NA,17
2023-08-18T17:00:00Z,NA,NA,17
2023-08-18T17:30:00Z,NA,NA,17
2023-08-18T18:00:00Z,NA,NA,17
2023-08-18T18:30:00Z,NA,NA,17
2023-08-18T19:00:00Z,NA,NA,17
2023-08-18T19:30:00Z,NA,NA,17
2023-08-18T20:00:00Z,NA,NA,17
2023-08-18T20:30:00Z,NA,NA,17
2023-08-18T21:00:00Z,NA,NA,17
2023-08-18T21:30:00Z,NA,NA,17
2023-08-18T22:00:00Z,NA,NA,17
2023-08-18T22:30:00Z,NA,NA,17
2023-08-18T23:00:00Z,NA,NA,17
2023-08-18T23:30:00Z,NA,NA,17
2023-08-19T00:00:00Z,NA,NA,17
2023-08-19T00:30:00Z,NA,NA,17
2023-08-19T01:00:00Z,NA,NA,17
2023-08-19T01:30:00Z,NA,NA,17
2023-08-19T02:00:00Z,NA,NA,17
2023-08-19T02:30:00Z,NA,NA,17
2023-08-19T03:00:00Z,NA,NA,17
2023-08-19T03:30:00Z,NA,NA,17
2023-08-19T04:00:00Z,NA,NA,17
2023-08-19T04:30:00Z,NA,NA,17
2023-08-19T05:00:00Z,NA,NA,17
2023-08-19T05:30:00Z,NA,NA,17
2023-08-19T06:00:00Z,NA,NA,17
2023-08-19T06:30:00Z,NA,NA,17
2023-08-19T07:00:00Z,NA,NA,17
2023-08-19T07:30:00Z,NA,NA,17
2023-08-19T08:00:00Z,NA,NA,17
2023-08-19T08:30:00Z,NA,NA,17
2023-08-19T09:00:00Z,NA,NA,17
2023-08-19T09:30:00Z,NA,NA,17
2023-08-19T10:00:00Z,NA,NA,17
2023-08-19T10:30:00Z,NA,NA,17
2023-08-19T11:00:00Z,NA,NA,17
2023-08-19T11:30:00Z,NA,NA,17
2023-08-19T12:00:00Z,NA,NA,17
2023-08-19T12:30:00Z,NA,NA,17
2023-08-19T13:00:00Z,NA,NA,17
2023-08-19T13:30:00Z,NA,NA,17
2023-08-19T14:00:00Z,NA,NA,17
2023-08-19T14:30:00Z,NA,NA,17
2023-08-19T15:00:00Z,NA,NA,17
2023-08-19T15:30:00Z,NA,NA,17
2023-08-19T16:00:00Z,NA,NA,17
2023-08-19T16:30:00Z,NA,NA,17
2023-08-19T17:00:00Z,NA,NA,17
2023-08-19T17:30:00Z,NA,NA,17
2023-08-19T18:00:00Z,NA,NA,17
2023-08-19T18:30:00Z,NA,NA,17
2023-08-19T19:00:00Z,NA,NA,17
2023-08-19T19:30:00Z,NA,NA,17
2023-08-19T20:00:00Z,NA,NA,17
2023-08-19T20:30:00Z,NA,NA,17
2023-08-19T21:00:00Z,NA,NA,17
2023-08-19T21:30:00Z,NA,NA,17
2023-08-19T22:00:00Z,NA,NA,17
2023-08-19T22:30:00Z,NA,NA,17
2023-08-19T23:00:00Z,NA,NA,17
2023-08-19T23:30:00Z,NA,NA,17
2023-08-20T00:00:00Z,NA,NA,17
2023-08-20T00:30:00Z,NA,NA,17
2023-08-20T01:00:00Z,NA,NA,17
2023-08-20T01:30:00Z,NA,NA,17
2023-08-20T02:00:00Z,NA,NA,17
2023-08-20T02:30:00Z,NA,NA,17
2023-08-20T03:00:00Z,NA,NA,17
2023-08-20T03:30:00Z,NA,NA,17
2023-08-20T04:00:00Z,NA,NA,17
2023-08-20T04:30:00Z,NA,NA,17
2023-08-20T05:00:00Z,NA,NA,17
2023-08-20T05:30:00Z,NA,NA,17
2023-08-20T06:00:00Z,NA,NA,17
2023-08-20T06:30:00Z,NA,NA,17
2023-08-20T07:00:00Z,NA,NA,17
2023-08-20T07:30:00Z,NA,NA,17
2023-08-20T08:00:00Z,NA,NA,17
2023-08-20T08:30:00Z,NA,NA,17
2023-08-20T09:00:00Z,NA,NA,17
2023-08-20T09:30:00Z,NA,NA,17
2023-08-20T10:00:00Z,NA,NA,17
2023-08-20T10:30:00Z,NA,NA,17
2023-08-20T11:00:00Z,NA,NA,17
2023-08-20T11:30:00Z,NA,NA,17
2023-08-20T12:00:00Z,NA,NA,17
2023-08-20T12:30:00Z,NA,NA,17
2023-08-20T13:00:00Z,NA,NA,17
2023-08-20T13:30:00Z,NA,NA,17
2023-08-20T14:00:00Z,NA,NA,17
2023-08-20T14:30:00Z,NA,NA,17
2023-08-20T15:00:00Z,NA,NA,17
2023-08-20T15:30:00Z,NA,NA,17
2023-08-20T16:00:00Z,NA,NA,17
2023-08-20T16:30:00Z,NA,NA,17
2023-08-20T17:00:00Z,NA,NA,17
2023-08-20T17:30:00Z,NA,NA,17
2023-08-20T18:00:00Z,NA,NA,17
2023-08-20T18:30:00Z,NA,NA,17
2023-08-20T19:00:00Z,NA,NA,17
2023-08-20T19:30:00Z,NA,NA,17
2023-08-20T20:00:00Z,NA,NA,17
2023-08-20T20:30:00Z,NA,NA,17
2023-08-20T21:00:00Z,NA,NA,17
2023-08-20T21:30:00Z,NA,NA,17
2023-08-20T22:00:00Z,NA,NA,17
2023-08-20T22:30:00Z,NA,NA,17
2023-08-20T23:00:00Z,NA,NA,17
2023-08-20T23:30:00Z,NA,NA,17
2023-08-21T00:00:00Z,NA,NA,17
2023-08-21T00:30:00Z,NA,NA,17
2023-08-21T01:00:00Z,NA,NA,17
2023-08-21T01:30:00Z,NA,NA,17
2023-08-21T02:00:00Z,NA,NA,17
2023-08-21T02:30:00Z,NA,NA,17
2023-08-21T03:00:00Z,NA,NA,17
2023-08-21T03:30:00Z,NA,NA,17
2023-08-21T04:00:00Z,NA,NA,17
2023-08-21T04:30:00Z,NA,NA,17
2023-08-21T05:00:00Z,NA,NA,17
2023-08-21T05:30:00Z,NA,NA,17
2023-08-21T06:00:00Z,NA,NA,17
2023-08-21T06:30:00Z,NA,NA,17
2023-08-21T07:00:00Z,NA,NA,17
2023-08-21T07:30:00Z,NA,NA,17
2023-08-21T08:00:00Z,NA,NA,17
2023-08-21T08:30:00Z,NA,NA,17
2023-08-21T09:00:00Z,NA,NA,17
2023-08-21T09:30:00Z,NA,NA,17
2023-08-21T10:00:00Z,NA,NA,17
2023-08-21T10:30:00Z,NA,NA,17
2023-08-21T11:00:00Z,NA,NA,17
2023-08-21T11:30:00Z,NA,NA,17
2023-08-21T12:00:00Z,NA,NA,17
2023-08-21T12:30:00Z,NA,NA,17
2023-08-21T13:00:00Z,NA,NA,17
2023-08-21T13:30:00Z,NA,NA,17
2023-08-21T14:00:00Z,NA,NA,17
2023-08-21T14:30:00Z,NA,NA,17
2023-08-21T15:00:00Z,NA,NA,17
2023-08-21T15:30:00Z,NA,NA,17
2023-08-21T16:00:00Z,NA,NA,17
2023-08-21T16:30:00Z,NA,NA,17
2023-08-21T17:00:00Z,NA,NA,17
2023-08-21T17:30:00Z,NA,NA,17
2023-08-21T18:00:00Z,NA,NA,17
2023-08-21T18:30:00Z,NA,NA,17
2023-08-21T19:00:00Z,NA,NA,17
2023-08-21T19:30:00Z,NA,NA,17
2023-08-21T20:00:00Z,NA,NA,17
2023-08-21T20:30:00Z,NA,NA,17
2023-08-21T21:00:00Z,NA,NA,17
2023-08-21T21:30:00Z,NA,NA,17
2023-08-21T22:00:00Z,NA,NA,17
2023-08-21T22:30:00Z,NA,NA,17
2023-08-21T23:00:00Z,NA,NA,17
2023-08-21T23:30:00Z,NA,NA,17
2023-08-22T00:00:00Z,NA,NA,17
2023-08-22T00:30:00Z,NA,NA,17
2023-08-22T01:00:00Z,NA,NA,17
2023-08-22T01:30:00Z,NA,NA,17
2023-08-22T02:00:00Z,NA,NA,17
2023-08-22T02:30:00Z,NA,NA,17
2023-08-22T03:00:00Z,NA,NA,17
2023-08-22T03:30:00Z,NA,NA,17
2023-08-22T04:00:00Z,NA,NA,17
2023-08-22T04:30:00Z,NA,NA,17
2023-08-22T05:00:00Z,NA,NA,17
2023-08-22T05:30:00Z,NA,NA,17
2023-08-22T06:00:00Z,NA,NA,17
2023-08-22T06:30:00Z,NA,NA,17
2023-08-22T07:00:00Z,NA,NA,17
2023-08-22T07:30:00Z,NA,NA,17
2023-08-22T08:00:00Z,NA,NA,17
2023-08-22T08:30:00Z,NA,NA,17
2023-08-22T09:00:00Z,NA,NA,17
2023-08-22T09:30:00Z,NA,NA,17
2023-08-22T10:00:00Z,NA,NA,17
2023-08-22T10:30:00Z,NA,NA,17
2023-08-22T11:00:00Z,NA,NA,17
2023-08-22T11:30:00Z,NA,NA,17
2023-08-22T12:00:00Z,NA,NA,17
2023-08-22T12:30:00Z,NA,NA,17
2023-08-22T13:00:00Z,NA,NA,17
2023-08-22T13:30:00Z,NA,NA,17
2023-08-22T14:00:00Z,NA,NA,17
2023-08-22T14:30:00Z,NA,NA,17
2023-08-22T15:00:00Z,NA,NA,17
2023-08-22T15:30:00Z,NA,NA,17
2023-08-22T16:00:00Z,NA,NA,17
2023-08-22T16:30:00Z,NA,NA,17
2023-08-22T17:00:00Z,NA,NA,17
2023-08-22T17:30:00Z,NA,NA,17
2023-08-22T18:00:00Z,NA,NA,17
2023-08-22T18:30:00Z,NA,NA,17
2023-08-22T19:00:00Z,NA,NA,17
2023-08-22T19:30:00Z,NA,NA,17
2023-08-22T20:00:00Z,NA,NA,17
2023-08-22T20:30:00Z,NA,NA,17
2023-08-22T21:00:00Z,NA,NA,17
2023-08-22T21:30:00Z,NA,NA,17
2023-08-22T22:00:00Z,NA,NA,17
2023-08-22T22:30:00Z,NA,NA,17
2023-08-22T23:00:00Z,NA,NA,17
2023-08-22T23:30:00Z,NA,NA,17
2023-08-23T00:00:00Z,NA,NA,17
2023-08-23T00:30:00Z,NA,NA,17
2023-08-23T01:00:00Z,NA,NA,17
2023-08-23T01:30:00Z,NA,NA,17
2023-08-23T02:00:00Z,NA,NA,17
2023-08-23T02:30:00Z,NA,NA,17
2023-08-23T03:00:00Z,NA,NA,17
2023-08-23T03:30:00Z,NA,NA,17
2023-08-23T04:00:00Z,NA,NA,17
2023-08-23T04:30:00Z,NA,NA,17
2023-08-23T05:00:00Z,NA,NA,17
2023-08-23T05:30:00Z,NA,NA,17
2023-08-23T06:00:00Z,NA,NA,17
2023-08-23T06:30:00Z,NA,NA,17
2023-08-23T07:00:00Z,NA,NA,17
2023-08-23T07:30:00Z,NA,NA,17
2023-08-23T08:00:00Z,NA,NA,17
2023-08-23T08:30:00Z,NA,NA,17
2023-08-23T09:00:00Z,NA,NA,17
2023-08-23T09:30:00Z,NA,NA,17
2023-08-23T10:00:00Z,NA,NA,17
2023-08-23T10:30:00Z,NA,NA,17
2023-08-23T11:00:00Z,NA,NA,17
2023-08-23T11:30:00Z,NA,NA,17
2023-08-23T12:00:00Z,NA,NA,17
2023-08-23T12:30:00Z,NA,NA,17
2023-08-23T13:00:00Z,NA,NA,17
2023-08-23T13:30:00Z,NA,NA,17
2023-08-23T14:00:00Z,NA,NA,17
2023-08-23T14:30:00Z,NA,NA,17
2023-08-23T15:00:00Z,NA,NA,17
2023-08-23T15:30:00Z,NA,NA,17
2023-08-23T16:00:00Z,NA,NA,17
2023-08-23T16:30:00Z,NA,NA,17
2023-08-23T17:00:00Z,NA,NA,17
2023-08-23T17:30:00Z,NA,NA,17
2023-08-23T18:00:00Z,NA,NA,17
2023-08-23T18:30:00Z,NA,NA,17
2023-08-23T19:00:00Z,NA,NA,17
2023-08-23T19:30:00Z,NA,NA,17
2023-08-23T20:00:00Z,NA,NA,17
2023-08-23T20:30:00Z,NA,NA,17
2023-08-23T21:00:00Z,NA,NA,17
2023-08-23T21:30:00Z,NA,NA,17
2023-08-23T22:00:00Z,NA,NA,17
2023-08-23T22:30:00Z,NA,NA,17
2023-08-23T23:00:00Z,NA,NA,17
2023-08-23T23:30:00Z,NA,NA,17
2023-08-24T00:00:00Z,NA,NA,17
2023-08-24T00:30:00Z,NA,NA,17
2023-08-24T01:00:00Z,NA,NA,17
2023-08-24T01:30:00Z,NA,NA,17
2023-08-24T02:00:00Z,NA,NA,17
2023-08-24T02:30:00Z,NA,NA,17
2023-08-24T03:00:00Z,NA,NA,17
2023-08-24T03:30:00Z,NA,NA,17
2023-08-24T04:00:00Z,NA,NA,17
2023-08-24T04:30:00Z,NA,NA,17
2023-08-24T05:00:00Z,NA,NA,17
2023-08-24T05:30:00Z,NA,NA,17
2023-08-24T06:00:00Z,NA,NA,17
2023-08-24T06:30:00Z,NA,NA,17
2023-08-24T07:00:00Z,NA,NA,17
2023-08-24T07:30:00Z,NA,NA,17
2023-08-24T08:00:00Z,NA,NA,17
2023-08-24T08:30:00Z,NA,NA,17
2023-08-24T09:00:00Z,NA,NA,17
2023-08-24T09:30:00Z,NA,NA,17
2023-08-24T10:00:00Z,NA,NA,17
2023-08-24T10:30:00Z,NA,NA,17
2023-08-24T11:00:00Z,NA,NA,17
2023-08-24T11:30:00Z,NA,NA,17
2023-08-24T12:00:00Z,NA,NA,17
2023-08-24T12:30:00Z,NA,NA,17
2023-08-24T13:00:00Z,NA,NA,17
2023-08-24T13:30:00Z,NA,NA,17
2023-08-24T14:00:00Z,NA,NA,17
2023-08-24T14:30:00Z,NA,NA,17
2023-08-24T15:00:00Z,NA,NA,17
2023-08-24T15:30:00Z,NA,NA,17
2023-08-24T16:00:00Z,NA,NA,17
2023-08-24T16:30:00Z,NA,NA,17
2023-08-24T17:00:00Z,NA,NA,17
2023-08-24T17:30:00Z,NA,NA,17
2023-08-24T18:00:00Z,NA,NA,17
2023-08-24T18:30:00Z,NA,NA,17
2023-08-24T19:00:00Z,NA,NA,17
2023-08-24T19:30:00Z,NA,NA,17
2023-08-24T20:00:00Z,NA,NA,17
2023-08-24T20:30:00Z,NA,NA,17
2023-08-24T21:00:00Z,NA,NA,17
2023-08-24T21:30:00Z,NA,NA,17
2023-08-24T22:00:00Z,NA,NA,17
2023-08-24T22:30:00Z,NA,NA,17
2023-08-24T23:00:00Z,NA,NA,17
2023-08-24T23:30:00Z,NA,NA,17
2023-08-25T00:00:00Z,NA,NA,17
2023-08-25T00:30:00Z,NA,NA,17
2023-08-25T01:00:00Z,NA,NA,17
2023-08-25T01:30:00Z,NA,NA,17
2023-08-25T02:00:00Z,NA,NA,17
2023-08-25T02:30:00Z,NA,NA,17
2023-08-25T03:00:00Z,NA,NA,17
2023-08-25T03:30:00Z,NA,NA,17
2023-08-25T04:00:00Z,NA,NA,17
2023-08-25T04:30:00Z,NA,NA,17
2023-08-25T05:00:00Z,NA,NA,17
2023-08-25T05:30:00Z,NA,NA,17
2023-08-25T06:00:00Z,NA,NA,17
2023-08-25T06:30:00Z,NA,NA,17
2023-08-25T07:00:00Z,NA,NA,17
2023-08-25T07:30:00Z,NA,NA,17
2023-08-25T08:00:00Z,NA,NA,17
2023-08-25T08:30:00Z,NA,NA,17
2023-08-25T09:00:00Z,NA,NA,17
2023-08-25T09:30:00Z,NA,NA,17
2023-08-25T10:00:00Z,NA,NA,17
2023-08-25T10:30:00Z,NA,NA,17
2023-08-25T11:00:00Z,NA,NA,17
2023-08-25T11:30:00Z,NA,NA,17
2023-08-25T12:00:00Z,NA,NA,17
2023-08-25T12:30:00Z,NA,NA,17
2023-08-25T13:00:00Z,NA,NA,17
2023-08-25T13:30:00Z,NA,NA,17
2023-08-25T14:00:00Z,NA,NA,17
2023-08-25T14:30:00Z,NA,NA,17
2023-08-25T15:00:00Z,NA,NA,17
2023-08-25T15:30:00Z,NA,NA,17
2023-08-25T16:00:00Z,NA,NA,17
2023-08-25T16:30:00Z,NA,NA,17
2023-08-25T17:00:00Z,NA,NA,17
2023-08-25T17:30:00Z,NA,NA,17
2023-08-25T18:00:00Z,NA,NA,17
2023-08-25T18:30:00Z,NA,NA,17
2023-08-25T19:00:00Z,NA,NA,17
2023-08-25T19:30:00Z,NA,NA,17
2023-08-25T20:00:00Z,NA,NA,17
2023-08-25T20:30:00Z,NA,NA,17
2023-08-25T21:00:00Z,NA,NA,17
2023-08-25T21:30:00Z,NA,NA,17
2023-08-25T22:00:00Z,NA,NA,17
2023-08-25T22:30:00Z,NA,NA,17
2023-08-25T23:00:00Z,NA,NA,17
2023-08-25T23:30:00Z,NA,NA,17
2023-08-26T00:00:00Z,NA,NA,17
2023-08-26T00:30:00Z,NA,NA,17
2023-08-26T01:00:00Z,NA,NA,17
2023-08-26T01:30:00Z,NA,NA,17
2023-08-26T02:00:00Z,NA,NA,17
2023-08-26T02:30:00Z,NA,NA,17
2023-08-26T03:00:00Z,NA,NA,17
2023-08-26T03:30:00Z,NA,NA,17
2023-08-26T04:00:00Z,NA,NA,17
2023-08-26T04:30:00Z,NA,NA,17
2023-08-26T05:00:00Z,NA,NA,17
2023-08-26T05:30:00Z,NA,NA,17
2023-08-26T06:00:00Z,NA,NA,17
2023-08-26T06:30:00Z,NA,NA,17
2023-08-26T07:00:00Z,NA,NA,17
2023-08-26T07:30:00Z,NA,NA,17
2023-08-26T08:00:00Z,NA,NA,17
2023-08-26T08:30:00Z,NA,NA,17
2023-08-26T09:00:00Z,NA,NA,17
2023-08-26T09:30:00Z,NA,NA,17
2023-08-26T10:00:00Z,NA,NA,17
2023-08-26T10:30:00Z,NA,NA,17
2023-08-26T11:00:00Z,NA,NA,17
2023-08-26T11:30:00Z,NA,NA,17
2023-08-26T12:00:00Z,NA,NA,17
2023-08-26T12:30:00Z,NA,NA,17
2023-08-26T13:00:00Z,NA,NA,17
2023-08-26T13:30:00Z,NA,NA,17
2023-08-26T14:00:00Z,NA,NA,17
2023-08-26T14:30:00Z,NA,NA,17
2023-08-26T15:00:00Z,NA,NA,17
2023-08-26T15:30:00Z,NA,NA,17
2023-08-26T16:00:00Z,NA,NA,17
2023-08-26T16:30:00Z,NA,NA,17
2023-08-26T17:00:00Z,NA,NA,17
2023-08-26T17:30:00Z,NA,NA,17
2023-08-26T18:00:00Z,NA,NA,17
2023-08-26T18:30:00Z,NA,NA,17
2023-08-26T19:00:00Z,NA,NA,17
2023-08-26T19:30:00Z,NA,NA,17
2023-08-26T20:00:00Z,NA,NA,17
2023-08-26T20:30:00Z,NA,NA,17
2023-08-26T21:00:00Z,NA,NA,17
2023-08-26T21:30:00Z,NA,NA,17
2023-08-26T22:00:00Z,NA,NA,17
2023-08-26T22:30:00Z,NA,NA,17
2023-08-26T23:00:00Z,NA,NA,17
2023-08-26T23:30:00Z,NA,NA,17
2023-08-27T00:00:00Z,NA,NA,17
2023-08-27T00:30:00Z,NA,NA,17
2023-08-27T01:00:00Z,NA,NA,17
2023-08-27T01:30:00Z,NA,NA,17
2023-08-27T02:00:00Z,NA,NA,17
2023-08-27T02:30:00Z,NA,NA,17
2023-08-27T03:00:00Z,NA,NA,17
2023-08-27T03:30:00Z,NA,NA,17
2023-08-27T04:00:00Z,NA,NA,17
2023-08-27T04:30:00Z,NA,NA,17
2023-08-27T05:00:00Z,NA,NA,17
2023-08-27T05:30:00Z,NA,NA,17
2023-08-27T06:00:00Z,NA,NA,17
2023-08-27T06:30:00Z,NA,NA,17
2023-08-27T07:00:00Z,NA,NA,17
2023-08-27T07:30:00Z,NA,NA,17
2023-08-27T08:00:00Z,NA,NA,17
2023-08-27T08:30:00Z,NA,NA,17
2023-08-27T09:00:00Z,NA,NA,17
2023-08-27T09:30:00Z,NA,NA,17
2023-08-27T10:00:00Z,NA,NA,17
2023-08-27T10:30:00Z,NA,NA,17
2023-08-27T11:00:00Z,NA,NA,17
2023-08-27T11:30:00Z,NA,NA,17
2023-08-27T12:00:00Z,NA,NA,17
2023-08-27T12:30:00Z,NA,NA,17
2023-08-27T13:00:00Z,NA,NA,17
2023-08-27T13:30:00Z,NA,NA,17
2023-08-27T14:00:00Z,NA,NA,17
2023-08-27T14:30:00Z,NA,NA,17
2023-08-27T15:00:00Z,NA,NA,17
2023-08-27T15:30:00Z,NA,NA,17
2023-08-27T16:00:00Z,NA,NA,17
2023-08-27T16:30:00Z,NA,NA,17
2023-08-27T17:00:00Z,NA,NA,17
2023-08-27T17:30:00Z,NA,NA,17
2023-08-27T18:00:00Z,NA,NA,17
2023-08-27T18:30:00Z,NA,NA,17
2023-08-27T19:00:00Z,NA,NA,17
2023-08-27T19:30:00Z,NA,NA,17
2023-08-27T20:00:00Z,NA,NA,17
2023-08-27T20:30:00Z,NA,NA,17
2023-08-27T21:00:00Z,NA,NA,17
2023-08-27T21:30:00Z,NA,NA,17
2023-08-27T22:00:00Z,NA,NA,17
2023-08-27T22:30:00Z,NA,NA,17
2023-08-27T23:00:00Z,NA,NA,17
2023-08-27T23:30:00Z,NA,NA,17
2023-08-28T00:00:00Z,NA,NA,17
2023-08-28T00:30:00Z,NA,NA,17
2023-08-28T01:00:00Z,NA,NA,17
2023-08-28T01:30:00Z,NA,NA,17
2023-08-28T02:00:00Z,NA,NA,17
2023-08-28T02:30:00Z,NA,NA,17
2023-08-28T03:00:00Z,NA,NA,17
2023-08-28T03:30:00Z,NA,NA,17
2023-08-28T04:00:00Z,NA,NA,17
2023-08-28T04:30:00Z,NA,NA,17
2023-08-28T05:00:00Z,NA,NA,17
2023-08-28T05:30:00Z,NA,NA,17
2023-08-28T06:00:00Z,NA,NA,17
2023-08-28T06:30:00Z,NA,NA,17
2023-08-28T07:00:00Z,NA,NA,17
2023-08-28T07:30:00Z,NA,NA,17
2023-08-28T08:00:00Z,NA,NA,17
2023-08-28T08:30:00Z,NA,NA,17
2023-08-28T09:00:00Z,NA,NA,17
2023-08-28T09:30:00Z,NA,NA,17
2023-08-28T10:00:00Z,NA,NA,17
2023-08-28T10:30:00Z,NA,NA,17
2023-08-28T11:00:00Z,NA,NA,17
2023-08-28T11:30:00Z,NA,NA,17
2023-08-28T12:00:00Z,NA,NA,17
2023-08-28T12:30:00Z,NA,NA,17
2023-08-28T13:00:00Z,NA,NA,17
2023-08-28T13:30:00Z,NA,NA,17
2023-08-28T14:00:00Z,NA,NA,17
2023-08-28T14:30:00Z,NA,NA,17
2023-08-28T15:00:00Z,NA,NA,17
2023-08-28T15:30:00Z,NA,NA,17
2023-08-28T16:00:00Z,NA,NA,17
2023-08-28T16:30:00Z,NA,NA,17
2023-08-28T17:00:00Z,NA,NA,17
2023-08-28T17:30:00Z,NA,NA,17
2023-08-28T18:00:00Z,NA,NA,17
2023-08-28T18:30:00Z,NA,NA,17
2023-08-28T19:00:00Z,NA,NA,17
2023-08-28T19:30:00Z,NA,NA,17
2023-08-28T20:00:00Z,NA,NA,17
2023-08-28T20:30:00Z,NA,NA,17
2023-08-28T21:00:00Z,NA,NA,17
2023-08-28T21:30:00Z,NA,NA,17
2023-08-28T22:00:00Z,NA,NA,17
2023-08-28T22:30:00Z,NA,NA,17
2023-08-28T23:00:00Z,NA,NA,17
2023-08-28T23:30:00Z,NA,NA,17
2023-08-29T00:00:00Z,NA,NA,17
2023-08-29T00:30:00Z,NA,NA,17
2023-08-29T01:00:00Z,NA,NA,17
2023-08-29T01:30:00Z,NA,NA,17
2023-08-29T02:00:00Z,NA,NA,17
2023-08-29T02:30:00Z,NA,NA,17
2023-08-29T03:00:00Z,NA,NA,17
2023-08-29T03:30:00Z,NA,NA,17
2023-08-29T04:00:00Z,NA,NA,17
2023-08-29T04:30:00Z,NA,NA,17
2023-08-29T05:00:00Z,NA,NA,17
2023-08-29T05:30:00Z,NA,NA,17
2023-08-29T06:00:00Z,NA,NA,17
2023-08-29T06:30:00Z,NA,NA,17
2023-08-29T07:00:00Z,NA,NA,17
2023-08-29T07:30:00Z,NA,NA,17
2023-08-29T08:00:00Z,NA,NA,17
2023-08-29T08:30:00Z,NA,NA,17
2023-08-29T09:00:00Z,NA,NA,17
2023-08-29T09:30:00Z,NA,NA,17
2023-08-29T10:00:00Z,NA,NA,17
2023-08-29T10:30:00Z,NA,NA,17
2023-08-29T11:00:00Z,NA,NA,17
2023-08-29T11:30:00Z,NA,NA,17
2023-08-29T12:00:00Z,NA,NA,17
2023-08-29T12:30:00Z,NA,NA,17
2023-08-29T13:00:00Z,NA,NA,17
2023-08-29T13:30:00Z,NA,NA,17
2023-08-29T14:00:00Z,NA,NA,17
2023-08-29T14:30:00Z,NA,NA,17
2023-08-29T15:00:00Z,NA,NA,17
2023-08-29T15:30:00Z,NA,NA,17
2023-08-29T16:00:00Z,NA,NA,17
2023-08-29T16:30:00Z,NA,NA,17
2023-08-29T17:00:00Z,NA,NA,17
2023-08-29T17:30:00Z,NA,NA,17
2023-08-29T18:00:00Z,NA,NA,17
2023-08-29T18:30:00Z,NA,NA,17
2023-08-29T19:00:00Z,NA,NA,17
2023-08-29T19:30:00Z,NA,NA,17
2023-08-29T20:00:00Z,NA,NA,17
2023-08-29T20:30:00Z,NA,NA,17
2023-08-29T21:00:00Z,NA,NA,17
2023-08-29T21:30:00Z,NA,NA,17
2023-08-29T22:00:00Z,NA,NA,17
2023-08-29T22:30:00Z,NA,NA,17
2023-08-29T23:00:00Z,NA,NA,17
2023-08-29T23:30:00Z,NA,NA,17
2023-08-30T00:00:00Z,NA,NA,17
2023-08-30T00:30:00Z,NA,NA,17
2023-08-30T01:00:00Z,NA,NA,17
2023-08-30T01:30:00Z,NA,NA,17
2023-08-30T02:00:00Z,NA,NA,17
2023-08-30T02:30:00Z,NA,NA,17
2023-08-30T03:00:00Z,NA,NA,17
2023-08-30T03:30:00Z,NA,NA,17
2023-08-30T04:00:00Z,NA,NA,17
2023-08-30T04:30:00Z,NA,NA,17
2023-08-30T05:00:00Z,NA,NA,17
2023-08-30T05:30:00Z,NA,NA,17
2023-08-30T06:00:00Z,NA,NA,17
2023-08-30T06:30:00Z,NA,NA,17
2023-08-30T07:00:00Z,NA,NA,17
2023-08-30T07:30:00Z,NA,NA,17
2023-08-30T08:00:00Z,NA,NA,17
2023-08-30T08:30:00Z,NA,NA,17
2023-08-30T09:00:00Z,NA,NA,17
2023-08-30T09:30:00Z,NA,NA,17
2023-08-30T10:00:00Z,NA,NA,17
2023-08-30T10:30:00Z,NA,NA,17
2023-08-30T11:00:00Z,NA,NA,17
2023-08-30T11:30:00Z,NA,NA,17
2023-08-30T12:00:00Z,NA,NA,17
2023-08-30T12:30:00Z,NA,NA,17
2023-08-30T13:00:00Z,NA,NA,17
2023-08-30T13:30:00Z,NA,NA,17
2023-08-30T14:00:00Z,NA,NA,17
2023-08-30T14:30:00Z,NA,NA,17
2023-08-30T15:00:00Z,NA,NA,17
2023-08-30T15:30:00Z,NA,NA,17
2023-08-30T16:00:00Z,NA,NA,17
2023-08-30T16:30:00Z,NA,NA,17
2023-08-30T17:00:00Z,NA,NA,17
2023-08-30T17:30:00Z,NA,NA,17
2023-08-30T18:00:00Z,NA,NA,17
2023-08-30T18:30:00Z,NA,NA,17
2023-08-30T19:00:00Z,NA,NA,17
2023-08-30T19:30:00Z,NA,NA,17
2023-08-30T20:00:00Z,NA,NA,17
2023-08-30T20:30:00Z,NA,NA,17
2023-08-30T21:00:00Z,NA,NA,17
2023-08-30T21:30:00Z,NA,NA,17
2023-08-30T22:00:00Z,NA,NA,17
2023-08-30T22:30:00Z,NA,NA,17
2023-08-30T23:00:00Z,NA,NA,17
2023-08-30T23:30:00Z,NA,NA,17
2023-08-31T00:00:00Z,NA,NA,17
2023-08-31T00:30:00Z,NA,NA,17
2023-08-31T01:00:00Z,NA,NA,17
2023-08-31T01:30:00Z,NA,NA,17
2023-08-31T02:00:00Z,NA,NA,17
2023-08-31T02:30:00Z,NA,NA,17
2023-08-31T03:00:00Z,NA,NA,17
2023-08-31T03:30:00Z,NA,NA,17
2023-08-31T04:00:00Z,NA,NA,17
2023-08-31T04:30:00Z,NA,NA,17
2023-08-31T05:00:00Z,NA,NA,17
2023-08-31T05:30:00Z,NA,NA,17
2023-08-31T06:00:00Z,NA,NA,17
2023-08-31T06:30:00Z,NA,NA,17
2023-08-31T07:00:00Z,NA,NA,17
2023-08-31T07:30:00Z,NA,NA,17
2023-08-31T08:00:00Z,NA,NA,17
2023-08-31T08:30:00Z,0.004931836647149631,0.0023668207670519063,17
2023-08-31T09:00:00Z,0.006425693900390241,0.0034071639459200506,17
2023-08-31T09:30:00Z,0.009519987920695253,0.009712575123621671,17
2023-08-31T10:00:00Z,0.010263609139561891,0.009598627215480444,17
2023-08-31T10:30:00Z,0.011726972845901141,0.014771160868200137,17
2023-08-31T11:00:00Z,0.012886081676221574,0.017953392826238573,17
2023-08-31T11:30:00Z,0.01358281309550806,0.018275589162191207,17
2023-08-31T12:00:00Z,0.014418497837643691,0.019075745370242866,17
2023-08-31T12:30:00Z,0.01349474935181981,0.01678451922612196,17
2023-08-31T13:00:00Z,0.012287847579824804,0.015255279864652286,17
2023-08-31T13:30:00Z,0.013268420841747496,0.01645410899162713,17
2023-08-31T14:00:00Z,0.012661164027462467,0.01503126167945624,17
2023-08-31T14:30:00Z,0.012914828229198524,0.014888449377363897,17
2023-08-31T15:00:00Z,0.011475745217178004,0.011139995293266558,17
2023-08-31T15:30:00Z,0.01013025589649165,0.007968475724502704,17
2023-08-31T16:00:00Z,0.009472064771520163,0.007931768103456076,17
2023-08-31T16:30:00Z,0.007546053495123521,0.005839116363917744,17
2023-08-31T17:00:00Z,0.005877984840945467,0.00480966802309568,17
2023-08-31T17:30:00Z,0.004380531501060031,0.004096524816065433,17
2023-08-31T18:00:00Z,0.0034902540061367017,0.003659500668369598,17
2023-08-31T18:30:00Z,0.002628429662768648,0.003204446293625477,17
2023-08-31T19:00:00Z,0.0021213402810197762,0.0029024024014599613,17
2023-08-31T19:30:00Z,0.0016368536573808565,0.0025113665861022125,17
2023-08-31T20:00:00Z,0.0011255537403643072,0.002306646997995337,17
2023-08-31T20:30:00Z,8.195154405765512e-4,0.0022399309164671294,17
2023-08-31T21:00:00Z,8.207970954648165e-4,0.0021400005539653237,17
2023-08-31T21:30:00Z,6.24105181675567e-4,0.002088095738526394,17
2023-08-31T22:00:00Z,4.964950610851784e-4,0.002052110443040153,17
2023-08-31T22:30:00Z,4.499841304539707e-4,0.0019363873336921118,17
2023-08-31T23:00:00Z,2.548241225248691e-4,0.0019570404108233265,17
2023-08-31T23:30:00Z,2.010734416797016e-4,0.0019051588511171376,17
2023-09-01T00:00:00Z,1.752260912981772e-4,0.001888328371831009,17
2023-09-01T00:30:00Z,8.594057463387348e-5,0.001882258626875932,17
2023-09-01T01:00:00Z,1.205158663239509e-4,0.0018856509312757345,17
2023-09-01T01:30:00Z,1.1551588326510503e-4,0.0018856588844642032,17
2023-09-01T02:00:00Z,1.629485998669531e-4,0.0018864738722780925,17
2023-09-01T02:30:00Z,1.5034801655596013e-4,0.0019185790786318607,17
2023-09-01T03:00:00Z,9.068371609194172e-5,0.0018687779534604587,17
2023-09-01T03:30:00Z,1.1884655827847753e-4,0.0018920315783713668,17
2023-09-01T04:00:00Z,2.0161192814598306e-4,0.0018666236412765872,17
2023-09-01T04:30:00Z,1.1653106647346599e-4,0.0019317426355766332,17
2023-09-01T05:00:00Z,8.105903977026945e-5,0.0019280044017170412,17
2023-09-01T05:30:00Z,3.1641724275725325e-4,0.002187680787071669,17
2023-09-01T06:00:00Z,6.015874156710939e-4,0.0022119366340022434,17
2023-09-01T06:30:00Z,0.0014781264350806898,0.0022099264182301507,17
2023-09-01T07:00:00Z,0.0029686563356855367,0.0028975339172352646,17
2023-09-01T07:30:00Z,0.004534604689231015,0.004318310950077299,17
2023-09-01T08:00:00Z,0.005807172998206476,0.005683730432032599,17
2023-09-01T08:30:00Z,0.0071147886022025365,0.006434564530820364,17
2023-09-01T09:00:00Z,0.008482984142620477,0.007216707819400343,17
2023-09-01T09:30:00Z,0.009298676140232671,0.007333680786263289,17
2023-09-01T10:00:00Z,0.009308001995677533,0.007287382356266437,17
2023-09-01T10:30:00Z,0.008160020427307194,0.006229722213046988,17
2023-09-01T11:00:00Z,0.007061144048147518,0.0057354353403878825,17
2023-09-01T11:30:00Z,0.006163361390986661,0.005178351373341168,17
2023-09-01T12:00:00Z,0.004830688083223735,0.004405317388195575,17
2023-09-01T12:30:00Z,0.002979199202987437,0.0032723242797398243,17
2023-09-01T13:00:00Z,0.0018820469822345793,0.002475269718937284,17
2023-09-01T13:30:00Z,0.0012473501767799378,0.002048626640287349,17
2023-09-01T14:00:00Z,6.84825559856079e-4,0.0019301490047156403,17
2023-09-01T14:30:00Z,4.2945025244808235e-4,0.0018207300431084701,17
2023-09-01T15:00:00Z,2.2843347802347112e-4,0.0017562677431644334,17
2023-09-01T15:30:00Z,1.5307397285509763e-4,0.0017262235207724968,17
2023-09-01T16:00:00Z,1.0633354043553892e-5,0.0017255634354607894,17
2023-09-01T16:30:00Z,-8.397843419303579e-5,0.0016940086720409573,17
2023-09-01T17:00:00Z,-1.5613503895407234e-4,0.0017405120454300242,17
2023-09-01T17:30:00Z,-1.8133620557605882e-4,0.0017325070748303846,17
2023-09-01T18:00:00Z,-2.948676893924663e-4,0.0017255023319824728,17
2023-09-01T18:30:00Z,-2.906175064952725e-4,0.0017173584965311571,17
2023-09-01T19:00:00Z,-2.5024989256573055e-4,0.001731728896526368,17
2023-09-01T19:30:00Z,-2.6747831431314824e-4,0.0017123540594752398,17
2023-09-01T20:00:00Z,-2.6078850143686184e-4,0.0017057149279068931,17
2023-09-01T20:30:00Z,-3.217294435519649e-4,0.0017154122547560298,17
2023-09-01T21:00:00Z,-2.2711070038360635e-4,0.001700547391486354,17
2023-09-01T21:30:00Z,-2.582226374402988e-4,0.001705110460460034,17
2023-09-01T22:00:00Z,-2.456220541293058e-4,0.0017238294824968993,17
2023-09-01T22:30:00Z,-2.3971128369459926e-4,0.0017207523728900186,17
2023-09-01T23:00:00Z,-2.6156754387844205e-4,0.0017003082276553863,17
2023-09-01T23:30:00Z,-2.74168127189435e-4,0.0017173327335957946,17
2023-09-02T00:00:00Z,-1.641077838286408e-4,0.0016917956423542447,17
2023-09-02T00:30:00Z,-1.5819701339393432e-4,0.0017730467025966197,17
2023-09-02T01:00:00Z,-1.1996761946152834e-4,0.0017298047233927994,17
2023-09-02T01:30:00Z,-6.279922778399537e-5,0.0017296335043587609,17
2023-09-02T02:00:00Z,-8.173822552912204e-5,0.0017250456686317217,17
2023-09-02T02:30:00Z,-1.6410778382864097e-4,0.001684229256213746,17
2023-09-02T03:00:00Z,-1.893089504506271e-4,0.0017164167377065598,17
2023-09-02T03:30:00Z,-1.052288161533994e-4,0.0017178820263087382,17
2023-09-02T04:00:00Z,-1.4816229407950467e-4,0.0017055087991461955,17
2023-09-02T04:30:00Z,-2.3380051325989305e-4,0.0017338160735946185,17
2023-09-02T05:00:00Z,-3.942753164928001e-4,0.0017361109479602903,17
2023-09-02T05:30:00Z,-5.292495469625602e-4,0.0016980348083437923,17
2023-09-02T06:00:00Z,-5.861657276104268e-4,0.0016719114004408496,17
2023-09-02T06:30:00Z,-4.5422829926610397e-4,0.00162400932302492,17
2023-09-02T07:00:00Z,-1.38848071787331e-4,0.0014690661428067302,17
2023-09-02T07:30:00Z,1.9177470633726225e-4,0.0013562291039757794,17
2023-09-02T08:00:00Z,0.0013252869361971293,0.002046882418891368,17
2023-09-02T08:30:00Z,0.0029830123506923087,0.002827312874806687,17
2023-09-02T09:00:00Z,0.005185544221530818,0.003741392556287537,17
2023-09-02T09:30:00Z,0.007657261979505992,0.006746826262182419,17
2023-09-02T10:00:00Z,0.009717620373433666,0.011125084609795607,17
2023-09-02T10:30:00Z,0.01187985150274189,0.015952064671273285,17
2023-09-02T11:00:00Z,0.013720695340474334,0.017237022345955075,17
2023-09-02T11:30:00Z,0.013581590521616753,0.013399284821096856,17
2023-09-02T12:00:00Z,0.013211733776941707,0.012786920565800126,17
2023-09-02T12:30:00Z,0.013258349049627732,0.013286878170329981,17
2023-09-02T13:00:00Z,0.013327617830014939,0.01324133712307923,17
2023-09-02T13:30:00Z,0.013801620100577104,0.011920445267327546,17
2023-09-02T14:00:00Z,0.014663623939212724,0.013628188644667335,17
2023-09-02T14:30:00Z,0.014331946289982939,0.012160413997779698,17
2023-09-02T15:00:00Z,0.013953515656774104,0.010859312897915595,17
2023-09-02T15:30:00Z,0.012414247679084212,0.009540600297918207,17
2023-09-02T16:00:00Z,0.010093192690940684,0.007872327926165563,17
2023-09-02T16:30:00Z,0.008194103972328733,0.00640679609854982,17
2023-09-02T17:00:00Z,0.006650472817387633,0.00537831086921894,17
2023-09-02T17:30:00Z,0.005349246210237093,0.004382098482593911,17
2023-09-02T18:00:00Z,0.004020107750746887,0.003751050491030073,17
2023-09-02T18:30:00Z,0.0033617729270348563,0.0034797506443122374,17
2023-09-02T19:00:00Z,0.002808620091189689,0.0033164664295203755,17
2023-09-02T19:30:00Z,0.002393289589069598,0.003142114687882844,17
2023-09-02T20:00:00Z,0.002143687559925264,0.0030533104221225583,17
2023-09-02T20:30:00Z,0.0018771160294846442,0.002929802202528652,17
2023-09-02T21:00:00Z,0.0018072830770260464,0.002721304287094211,17
2023-09-02T21:30:00Z,0.001755419014834213,0.002786016451214017,17
2023-09-02T22:00:00Z,0.0014548614584745931,0.0026613692049387515,17
2023-09-02T22:30:00Z,0.0011932566835378318,0.0025072015031428942,17
2023-09-02T23:00:00Z,0.0010884327145655804,0.0024293135380856635,17
2023-09-02T23:30:00Z,0.0011629718695228026,0.0024669393606147386,17
2023-09-03T00:00:00Z,0.0010845814665405478,0.0024951155063980984,17
2023-09-03T00:30:00Z,8.813504758833179e-4,0.002386647549465279,17
2023-09-03T01:00:00Z,7.117672763766493e-4,0.002274269061134021,17
2023-09-03T01:30:00Z,6.305402066668181e-4,0.0021642425245666673,17
2023-09-03T02:00:00Z,5.858602994640867e-4,0.002122434683928919,17
2023-09-03T02:30:00Z,3.545420845700016e-4,0.0020594772580110107,17
2023-09-03T03:00:00Z,2.5012955875796945e-4,0.0020436006264531984,17
2023-09-03T03:30:00Z,2.3891022565373414e-4,0.0020632434106996017,17
2023-09-03T04:00:00Z,2.609375657096758e-4,0.0020339204923594946,17
2023-09-03T04:30:00Z,2.9120050511471067e-4,0.0019805169294803836,17
2023-09-03T05:00:00Z,2.0473514965041754e-4,0.00201356158820206,17
2023-09-03T05:30:00Z,3.5129559475175403e-4,0.0021171831774219937,17
2023-09-03T06:00:00Z,5.938298991650561e-4,0.002420636228571256,17
2023-09-03T06:30:00Z,0.001067825480149257,0.0026189446460077002,17
2023-09-03T07:00:00Z,0.0027120099721558823,0.0033813390556539226,17
2023-09-03T07:30:00Z,0.004868833210612952,0.005169044897659964,17
2023-09-03T08:00:00Z,0.00834074712393542,0.007740169427450245,17
2023-09-03T08:30:00Z,0.011183353216928888,0.012897628223415402,17
2023-09-03T09:00:00Z,0.012239524143493257,0.014167140144914105,17
2023-09-03T09:30:00Z,0.013697418751548774,0.016716388322936145,17
2023-09-03T10:00:00Z,0.014678624356771579,0.018584846306770795,17
2023-09-03T10:30:00Z,0.015226587705063466,0.018523097727662956,17
2023-09-03T11:00:00Z,0.015382614600050946,0.019933229924069516,17
2023-09-03T11:30:00Z,0.015320024817375046,0.018962939900585885,17
2023-09-03T12:00:00Z,0.01519560266413478,0.018793957055896603,17
2023-09-03T12:30:00Z,0.015226449993770423,0.01817046765234861,17
2023-09-03T13:00:00Z,0.015208065536152778,0.01782775305363547,17
2023-09-03T13:30:00Z,0.014995645866675095,0.016647104456906685,17
2023-09-03T14:00:00Z,0.014484254980058998,0.016679550335240947,17
2023-09-03T14:30:00Z,0.01413143864735118,0.015308061858159092,17
2023-09-03T15:00:00Z,0.013158164083958358,0.014529064905773315,17
2023-09-03T15:30:00Z,0.011261829591206737,0.009942385677302528,17
2023-09-03T16:00:00Z,0.009591116184332768,0.007844659589791931,17
2023-09-03T16:30:00Z,0.00783166671683936,0.006630003393845976,17
2023-09-03T17:00:00Z,0.006379214218527653,0.0051969106127227604,17
2023-09-03T17:30:00Z,0.004818342721190212,0.004301824155633991,17
2023-09-03T18:00:00Z,0.003667960323113709,0.003725775577484033,17
2023-09-03T18:30:00Z,0.0029476516039626194,0.0032889900581947835,17
2023-09-03T19:00:00Z,0.0024269517643662167,0.0031526523776626548,17
2023-09-03T19:30:00Z,0.002104242255647374,0.00298512657126808,17
2023-09-03T20:00:00Z,0.0019187459740573286,0.0029639281366684585,17
2023-09-03T20:30:00Z,0.0018603907708328246,0.002833814581853497,17
2023-09-03T21:00:00Z,0.00186458874411993,0.0027882442058251833,17
2023-09-03T21:30:00Z,0.0018314713992993983,0.0028552797881331335,17
2023-09-03T22:00:00Z,0.0017680029342554268,0.002797420957765348,17
2023-09-03T22:30:00Z,0.0017381032450429013,0.002877422912847437,17
2023-09-03T23:00:00Z,0.0016787240027660367,0.0028541535211496828,17
2023-09-03T23:30:00Z,0.0017204575268191164,0.0028937770687279605,17
2023-09-04T00:00:00Z,0.001623756190045116,0.0028293189633506782,17
2023-09-04T00:30:00Z,0.001512700201541448,0.0028365031763050224,17
2023-09-04T01:00:00Z,0.001556534406335454,0.0028284778793133724,17
2023-09-04T01:30:00Z,0.0014534610046473093,0.0027916784981372334,17
2023-09-04T02:00:00Z,0.0013520681475519035,0.0027454533452164445,17
2023-09-04T02:30:00Z,0.0012845662730767867,0.0027205290768388376,17
2023-09-04T03:00:00Z,0.0011656328693774387,0.002605982865558662,17
2023-09-04T03:30:00Z,0.0011036627875200956,0.0025356881685007784,17
2023-09-04T04:00:00Z,9.013653834513784e-4,0.0024594353973778787,17
2023-09-04T04:30:00Z,8.720860197411872e-4,0.0023912233350975504,17
2023-09-04T05:00:00Z,0.0013974939476665371,0.002590178724555711,17
2023-09-04T05:30:00Z,0.0019937832315338987,0.0030819484401983007,17
2023-09-04T06:00:00Z,0.003254639281454646,0.0031289262366827582,17
2023-09-04T06:30:00Z,0.005286740299225844,0.003646235495923826,17
2023-09-04T07:00:00Z,0.006931025112735718,0.005541339669890083,17
2023-09-04T07:30:00Z,0.00848814919214884,0.007742444532100594,17
2023-09-04T08:00:00Z,0.010030862577258454,0.01103716842895294,17
2023-09-04T08:30:00Z,0.011930560688297159,0.017017993045608082,17
2023-09-04T09:00:00Z,0.013529944897090522,0.01904793084190136,17
2023-09-04T09:30:00Z,0.014387315956158112,0.01966441519606365,17
2023-09-04T10:00:00Z,0.01507127510340546,0.020094091671033428,17
2023-09-04T10:30:00Z,0.015485760358520163,0.021614854569920527,17
2023-09-04T11:00:00Z,0.015695907791663077,0.02242187732726058,17
2023-09-04T11:30:00Z,0.015601782122886395,0.02255413843323411,17
2023-09-04T12:00:00Z,0.01571539393962486,0.021493205264250213,17
2023-09-04T12:30:00Z,0.015411533971584372,0.019667794486413107,17
2023-09-04T13:00:00Z,0.015265353434047543,0.018190087531999584,17
2023-09-04T13:30:00Z,0.014955571880407335,0.01751592575358297,17
2023-09-04T14:00:00Z,0.014636494814488522,0.015367463254463105,17
2023-09-04T14:30:00Z,0.014259234727270328,0.015165423839774069,17
2023-09-04T15:00:00Z,0.013482061045132738,0.012605596381986986,17
2023-09-04T15:30:00Z,0.012562562741662783,0.009523618405940818,17
2023-09-04T16:00:00Z,0.011508840278232877,0.008764727335493383,17
2023-09-04T16:30:00Z,0.009908566197736758,0.007633426290709849,17
2023-09-04T17:00:00Z,0.00821168764518969,0.006264730875575449,17
2023-09-04T17:30:00Z,0.00644140235819313,0.005003142264080534,17
2023-09-04T18:00:00Z,0.004857772615203777,0.004261053125254742,17
2023-09-04T18:30:00Z,0.003953094304149905,0.0038319010976230142,17
2023-09-04T19:00:00Z,0.0033619997210577322,0.00356527388999488,17
2023-09-04T19:30:00Z,0.00297882025972829,0.0035097833332404793,17
2023-09-04T20:00:00Z,0.0025878973350713127,0.0033424171052566505,17
2023-09-04T20:30:00Z,0.0023392955326375746,0.0031851291123504285,17
2023-09-04T21:00:00Z,0.0021898106122728617,0.0032045478937331924,17
2023-09-04T21:30:00Z,0.002088580604510743,0.0032534677304886087,17
2023-09-04T22:00:00Z,0.0020126505956113445,0.0032140561098466225,17
2023-09-04T22:30:00Z,0.001961008860730225,0.0031477602778144527,17
2023-09-04T23:00:00Z,0.0018729846906941532,0.0029072572472095687,17
2023-09-04T23:30:00Z,0.0018481966579512181,0.002825668016051199,17
2023-09-05T00:00:00Z,0.0016290078918974318,0.002719098734007483,17
2023-09-05T00:30:00Z,0.001563956811620064,0.002700193153778221,17
2023-09-05T01:00:00Z,0.001565497310830074,0.0027913662955031822,17
2023-09-05T01:30:00Z,0.001654216060788554,0.0027963591665118677,17
2023-09-05T02:00:00Z,0.0015778913272015433,0.002770277508926107,17
2023-09-05T02:30:00Z,0.0017125954573278908,0.0028117969749412823,17
2023-09-05T03:00:00Z,0.0017602415453523655,0.002835907538319213,17
2023-09-05T03:30:00Z,0.0018997504639131132,0.002942564321398444,17
2023-09-05T04:00:00Z,0.0018034849107186604,0.0027567959110542262,17
2023-09-05T04:30:00Z,0.0016055138212582643,0.0026145500968841884,17
2023-09-05T05:00:00Z,0.0019708152615718487,0.0029778998957027823,17
2023-09-05T05:30:00Z,0.003614600728863878,0.004074468269480838,17
2023-09-05T06:00:00Z,0.006474792873582037,0.0054003469534625835,17
2023-09-05T06:30:00Z,0.007322321310157826,0.005314846935727063,17
2023-09-05T07:00:00Z,0.008001344225572391,0.006055525121472856,17
2023-09-05T07:30:00Z,0.009258610945613763,0.008155860459270437,17
2023-09-05T08:00:00Z,0.010513956127249414,0.009801534604092593,17
2023-09-05T08:30:00Z,0.011879019319273655,0.015184251003355194,17
2023-09-05T09:00:00Z,0.013399202417420349,0.01825053363422979,17
2023-09-05T09:30:00Z,0.014514887963464873,0.019627999192053634,17
2023-09-05T10:00:00Z,0.015395291431301344,0.02014154830904088,17
2023-09-05T10:30:00Z,0.015607084007667534,0.02175516285770525,17
2023-09-05T11:00:00Z,0.01587527675081682,0.022922099727083797,17
2023-09-05T11:30:00Z,0.01586653208371026,0.02293380809485088,17
2023-09-05T12:00:00Z,0.016127839262208746,0.023088964400256783,17
2023-09-05T12:30:00Z,0.016067246293281573,0.02127487250986558,17
2023-09-05T13:00:00Z,0.015740181972367824,0.019430399273403256,17
2023-09-05T13:30:00Z,0.01548796373920842,0.018189275554690264,17
2023-09-05T14:00:00Z,0.015221561242868347,0.01757465323148867,17
2023-09-05T14:30:00Z,0.014856695172021617,0.01609499489285228,17
2023-09-05T15:00:00Z,0.014405828398686194,0.014789972773970442,17
2023-09-05T15:30:00Z,0.013732557887129416,0.010247792424853679,17
2023-09-05T16:00:00Z,0.012729950818324117,0.009325367006938224,17
2023-09-05T16:30:00Z,0.011482906204414854,0.008153705520930626,17
2023-09-05T17:00:00Z,0.009457723929316892,0.00685145057637064,17
2023-09-05T17:30:00Z,0.007252621849893103,0.005498539722823764,17
2023-09-05T18:00:00Z,0.005557600486595779,0.004682920940505101,17
2023-09-05T18:30:00Z,0.004470076406953942,0.004280206906921819,17
2023-09-05T19:00:00Z,0.0038609858923186573,0.004013271098002054,17
2023-09-05T19:30:00Z,0.0034201587020484528,0.003795677871494289,17
2023-09-05T20:00:00Z,0.0031032323223108716,0.0037151301703537507,17
2023-09-05T20:30:00Z,0.0028749442150723375,0.0035992005292158117,17
2023-09-05T21:00:00Z,0.002576442210118094,0.003461144157477333,17
2023-09-05T21:30:00Z,0.0023561955678765654,0.0033427788003764433,17
2023-09-05T22:00:00Z,0.0021398231271564,0.0032223135821387813,17
2023-09-05T22:30:00Z,0.0022122758383514374,0.00335072445792969,17
2023-09-05T23:00:00Z,0.0020898356420399355,0.0033999753280123442,17
2023-09-05T23:30:00Z,0.002008852429303961,0.003208526604250285,17
2023-09-06T00:00:00Z,0.0019837312240779206,0.003237792881541012,17
2023-09-06T00:30:00Z,0.0020851489279347765,0.003249684056325168,17
2023-09-06T01:00:00Z,0.0020455014024454007,0.0032218300698164943,17
2023-09-06T01:30:00Z,0.0022353796961578,0.0032477537271543943,17
2023-09-06T02:00:00Z,0.0022154804143169433,0.003087591107851195,17
2023-09-06T02:30:00Z,0.002094394452296444,0.0030451295455495137,17
2023-09-06T03:00:00Z,0.001903503290146481,0.003048927762859082,17
2023-09-06T03:30:00Z,0.0018580996426795417,0.0028640975865727647,17
2023-09-06T04:00:00Z,0.0017045757645142965,0.0027062168237107632,17
2023-09-06T04:30:00Z,0.0016043934206918936,0.002610836843955393,17
2023-09-06T05:00:00Z,0.0017871594590465625,0.0026971815215568367,17
2023-09-06T05:30:00Z,0.002699204115590344,0.0031836373643101532,17
2023-09-06T06:00:00Z,0.005079012699253186,0.0043468256192769235,17
2023-09-06T06:30:00Z,0.007369488888528392,0.005758345976737135,17
2023-09-06T07:00:00Z,0.009616881764195657,0.008292198483939287,17
2023-09-06T07:30:00Z,0.01138753549681508,0.014028283814774119,17
2023-09-06T08:00:00Z,0.013057067074247183,0.017197258541523396,17
2023-09-06T08:30:00Z,0.014181577618481447,0.0189800328202515,17
2023-09-06T09:00:00Z,0.01491490309128676,0.020577579165184722,17
2023-09-06T09:30:00Z,0.015751818576627684,0.02062379439611335,17
2023-09-06T10:00:00Z,0.016016568537451543,0.021718260884358506,17
2023-09-06T10:30:00Z,0.016329930584710182,0.023712734439345386,17
2023-09-06T11:00:00Z,0.016314782342478382,0.023546726820777485,17
2023-09-06T11:30:00Z,0.015116306442358752,0.02470619944747803,17
2023-09-06T12:00:00Z,0.016419167502584767,0.02332015621725118,17
2023-09-06T12:30:00Z,0.01623649347239861,0.022322316448746295,17
2023-09-06T13:00:00Z,0.016068485694918703,0.02011657070561286,17
2023-09-06T13:30:00Z,0.0159664416267936,0.018827610966664104,17
2023-09-06T14:00:00Z,0.015614313850550888,0.018021142441017993,17
2023-09-06T14:30:00Z,0.015237398041565244,0.016988156638777178,17
2023-09-06T15:00:00Z,0.014888713047647911,0.015854875301508642,17
2023-09-06T15:30:00Z,0.014194716986492183,0.012783927519644238,17
2023-09-06T16:00:00Z,0.01299766157194784,0.009703580843379371,17
2023-09-06T16:30:00Z,0.011202226084332046,0.008443413033511813,17
2023-09-06T17:00:00Z,0.00916963190432675,0.0069587266623959,17
2023-09-06T17:30:00Z,0.0070356332028303405,0.005580507398113249,17
2023-09-06T18:00:00Z,0.005557989859409084,0.0048173360931552615,17
2023-09-06T18:30:00Z,0.004498199447966884,0.004399235643139146,17
2023-09-06T19:00:00Z,0.004001480801504549,0.004205327619473427,17
2023-09-06T19:30:00Z,0.0035729387856070294,0.0040791233443026546,17
2023-09-06T20:00:00Z,0.0032484470547493056,0.003924625414111636,17
2023-09-06T20:30:00Z,0.0030197588568265338,0.003818089116421439,17
2023-09-06T21:00:00Z,0.002844199248450253,0.0036680335597522513,17
2023-09-06T21:30:00Z,0.0026197184125105856,0.0034782744411944594,17
2023-09-06T22:00:00Z,0.0023892977056543035,0.0034028730198473445,17
2023-09-06T22:30:00Z,0.0023516528094554854,0.0033756484589862142,17
2023-09-06T23:00:00Z,0.0022308668629086414,0.0032564969290405604,17
2023-09-06T23:30:00Z,0.0021767994664555076,0.003234616793330797,17
2023-09-07T00:00:00Z,0.0020373053593610406,0.0033022513070531862,17
2023-09-07T00:30:00Z,0.0020356139632253384,0.0032147421369235285,17
2023-09-07T01:00:00Z,0.0019302237232914198,0.0030833141077293695,17
2023-09-07T01:30:00Z,0.001918029610409816,0.0030031119480024393,17
2023-09-07T02:00:00Z,0.0019015042552478576,0.002953058319568225,17
2023-09-07T02:30:00Z,0.0018154791201104058,0.0029021822596032977,17
2023-09-07T03:00:00Z,0.0018725468124622235,0.002870611350289775,17
2023-09-07T03:30:00Z,0.0017994202064247912,0.002750188922082895,17
2023-09-07T04:00:00Z,0.0017359911061753859,0.0027015843206767585,17
2023-09-07T04:30:00Z,0.0016141763058189654,0.0025944042784305293,17
2023-09-07T05:00:00Z,0.0017025336483381458,0.0027494261073798417,17
2023-09-07T05:30:00Z,0.0024317152648143455,0.003225606605855983,17
2023-09-07T06:00:00Z,0.004140191981482522,0.0036280378650838246,17
2023-09-07T06:30:00Z,0.006089644099170787,0.004299498686898522,17
2023-09-07T07:00:00Z,0.007523930643133715,0.005965869011664668,17
2023-09-07T07:30:00Z,0.008558300354439965,0.007826226350867117,17
2023-09-07T08:00:00Z,0.009980673813223142,0.009127459327700356,17
2023-09-07T08:30:00Z,0.011800138562439976,0.014009577573819584,17
2023-09-07T09:00:00Z,0.013711369410746365,0.017812043320457386,17
2023-09-07T09:30:00Z,0.014769462460188669,0.01901935441566869,17
2023-09-07T10:00:00Z,0.015257021900820053,0.01938235020765751,17
2023-09-07T10:30:00Z,0.015595309692114642,0.021471214243261448,17
2023-09-07T11:00:00Z,0.015696940626360685,0.021531734508474155,17
2023-09-07T11:30:00Z,0.015694806101318938,0.021713035415104113,17
2023-09-07T12:00:00Z,0.015944476675557512,0.021614819461334995,17
2023-09-07T12:30:00Z,0.015873417648361088,0.020805583301482383,17
2023-09-07T13:00:00Z,0.01568392690917063,0.019482916843962184,17
2023-09-07T13:30:00Z,0.01554346139029399,0.01866428100892487,17
2023-09-07T14:00:00Z,0.015302810905747975,0.0175857656415026,17
2023-09-07T14:30:00Z,0.01476353348229608,0.016986746328429152,17
2023-09-07T15:00:00Z,0.014294419962635994,0.015200630609226912,17
2023-09-07T15:30:00Z,0.01365433787269615,0.012303825552607256,17
2023-09-07T16:00:00Z,0.01266873814857837,0.009496728786886361,17
2023-09-07T16:30:00Z,0.011284877365057393,0.008329675104421024,17
2023-09-07T17:00:00Z,0.009362427714549594,0.0070303160041946386,17
2023-09-07T17:30:00Z,0.007069234758326318,0.005797533684628897,17
2023-09-07T18:00:00Z,0.005518656842976356,0.004965969009574067,17
2023-09-07T18:30:00Z,0.004399617068945025,0.004429456382929228,17
2023-09-07T19:00:00Z,0.003820540361330169,0.004226309741116971,17
2023-09-07T19:30:00Z,0.0034187583846536133,0.004106671245340696,17
2023-09-07T20:00:00Z,0.0031332815376345705,0.003908706868318745,17
2023-09-07T20:30:00Z,0.0028734786121604444,0.0038529881156780933,17
2023-09-07T21:00:00Z,0.0026740943736866547,0.0037467227584885264,17
2023-09-07T21:30:00Z,0.0026687571352801524,0.0038274457919254454,17
2023-09-07T22:00:00Z,0.0027004338012866025,0.0039022055467462396,17
2023-09-07T22:30:00Z,0.002625761138334848,0.003780315782641937,17
2023-09-07T23:00:00Z,0.0024036031090595446,0.0036832679501031173,17
2023-09-07T23:30:00Z,0.002388732003662246,0.0036328140357518384,17
2023-09-08T00:00:00Z,0.0023595952824585187,0.0035228833839583847,17
2023-09-08T00:30:00Z,0.0022767230092346144,0.0032853296749198774,17
2023-09-08T01:00:00Z,0.002064687617120236,0.0032234454438827905,17
2023-09-08T01:30:00Z,0.0019554115630140857,0.0031274328100533524,17
2023-09-08T02:00:00Z,0.0018405336908398245,0.0029960600171896855,17
2023-09-08T02:30:00Z,0.001811481050313154,0.002863268894532555,17
2023-09-08T03:00:00Z,0.0016884737695511604,0.0027250334727814823,17
2023-09-08T03:30:00Z,0.001634966268764655,0.002673609039069814,17
2023-09-08T04:00:00Z,0.0015444204807294416,0.0026455922356871764,17
2023-09-08T04:30:00Z,0.001497435254824044,0.002692922800002158,17
2023-09-08T05:00:00Z,0.0016228398648212151,0.0026626977865499505,17
2023-09-08T05:30:00Z,0.0021177582701949584,0.0031418377438936795,17
2023-09-08T06:00:00Z,0.0037397476566756057,0.0035713320846799475,17
2023-09-08T06:30:00Z,0.005660140016003354,0.004348939094557348,17
2023-09-08T07:00:00Z,0.00710505925614697,0.005798797910031535,17
2023-09-08T07:30:00Z,0.008839004013458196,0.008251839649616993,17
2023-09-08T08:00:00Z,0.010313628209525489,0.009836066983687582,17
2023-09-08T08:30:00Z,0.011596752015160167,0.014849831497954316,17
2023-09-08T09:00:00Z,0.013505346314124816,0.017568539530639304,17
2023-09-08T09:30:00Z,0.015121871667567014,0.01982481621442854,17
2023-09-08T10:00:00Z,0.015570659370664722,0.02065017876113034,17
2023-09-08T10:30:00Z,0.015703619624071984,0.021771612804268134,17
2023-09-08T11:00:00Z,0.015747549526544155,0.022547594440138846,17
2023-09-08T11:30:00Z,0.015906261791745473,0.02281920870378339,17
2023-09-08T12:00:00Z,0.015907707760322132,0.022168359257920864,17
2023-09-08T12:30:00Z,0.01616309335322092,0.02176683459414507,17
2023-09-08T13:00:00Z,0.015886362509904647,0.019743318515790538,17
2023-09-08T13:30:00Z,0.015567010021399822,0.018239680057726304,17
2023-09-08T14:00:00Z,0.01530652911065941,0.016961564997866302,17
2023-09-08T14:30:00Z,0.014909163174660837,0.016690517483250726,17
2023-09-08T15:00:00Z,0.014584990790900424,0.0151656894171947,17
2023-09-08T15:30:00Z,0.01366590562130952,0.011245448559758323,17
2023-09-08T16:00:00Z,0.012589072165568427,0.009183795370766287,17
2023-09-08T16:30:00Z,0.0112579548072727,0.00800975036638246,17
2023-09-08T17:00:00Z,0.009062630229653073,0.006743502901730709,17
2023-09-08T17:30:00Z,0.0069852308695863684,0.005671588262422654,17
2023-09-08T18:00:00Z,0.005266464436015347,0.005045595031104277,17
2023-09-08T18:30:00Z,0.004548614476943531,0.004611095326701297,17
2023-09-08T19:00:00Z,0.003958189742648458,0.004383384277109785,17
2023-09-08T19:30:00Z,0.0036153665840765216,0.004324842642039572,17
2023-09-08T20:00:00Z,0.0033525782959771258,0.004300445935136723,17
2023-09-08T20:30:00Z,0.00321685483553826,0.004225379959426665,17
2023-09-08T21:00:00Z,0.0031092963282449934,0.004192647969612265,17
2023-09-08T21:30:00Z,0.0029490901948868364,0.004108318232636641,17
2023-09-08T22:00:00Z,0.0027010509307324833,0.003963014024436267,17
2023-09-08T22:30:00Z,0.0025823820810347113,0.0038632938607465798,17
2023-09-08T23:00:00Z,0.0025469057091387815,0.0037648308402559267,17
2023-09-08T23:30:00Z,0.0025591454431487803,0.0037197733486596047,17
2023-09-09T00:00:00Z,0.002505335183964773,0.0036701034623172167,17
2023-09-09T00:30:00Z,0.002424595012762219,0.0036869305019144615,17
2023-09-09T01:00:00Z,0.0024604688045929725,0.003724863731375389,17
2023-09-09T01:30:00Z,0.0025276030599384247,0.0037177474759519068,17
2023-09-09T02:00:00Z,0.002538000262561158,0.0037148528278204943,17
2023-09-09T02:30:00Z,0.002638804929049103,0.003594036150179387,17
2023-09-09T03:00:00Z,0.0026136037624271153,0.003443972409336221,17
2023-09-09T03:30:00Z,0.002590674832139897,0.0034654186398581895,17
2023-09-09T04:00:00Z,0.0024279900545718077,0.003382314470734294,17
2023-09-09T04:30:00Z,0.002450498727982063,0.0034139609875011123,17
2023-09-09T05:00:00Z,0.003155176911677111,0.0038227659521060543,17
2023-09-09T05:30:00Z,0.004989256805084065,0.004963870218124931,17
2023-09-09T06:00:00Z,0.00717841958087552,0.00635406275520999,17
2023-09-09T06:30:00Z,0.008852046241248152,0.007149256625438459,17
2023-09-09T07:00:00Z,0.010692286416481265,0.00916664580499367,17
2023-09-09T07:30:00Z,0.012719556534826742,0.01543031939952652,17
2023-09-09T08:00:00Z,0.014894044498574184,0.019562666571518044,17
2023-09-09T08:30:00Z,0.01633702271630054,0.022393647867115504,17
2023-09-09T09:00:00Z,0.016667185541307163,0.024080507789700806,17
2023-09-09T09:30:00Z,0.016753599377674906,0.024106682827582708,17
2023-09-09T10:00:00Z,0.016805378823849023,0.024858606699207406,17
2023-09-09T10:30:00Z,0.016943572106390914,0.025047196112619217,17
2023-09-09T11:00:00Z,0.016825828950861967,0.024969283578449585,17
2023-09-09T11:30:00Z,0.01674526784444738,0.02460036755673412,17
2023-09-09T12:00:00Z,0.01666043768794933,0.02406248650815278,17
2023-09-09T12:30:00Z,0.016574230418521112,0.023077563574384924,17
2023-09-09T13:00:00Z,0.01654407164535058,0.021297239971694994,17
2023-09-09T13:30:00Z,0.01642966798867726,0.020227543911747203,17
2023-09-09T14:00:00Z,0.016241313367654175,0.018979753222784824,17
2023-09-09T14:30:00Z,0.01590116647390391,0.01738740109661853,17
2023-09-09T15:00:00Z,0.014791695441717916,0.01527271249655411,17
2023-09-09T15:30:00Z,0.014185937891562396,0.011202932034078253,17
2023-09-09T16:00:00Z,0.0123120658996661,0.009274398553446953,17
2023-09-09T16:30:00Z,0.010776929260766701,0.007787845605546156,17
2023-09-09T17:00:00Z,0.008564503977897497,0.006544286834657041,17
2023-09-09T17:30:00Z,0.0065916634783346854,0.005495686604269364,17
2023-09-09T18:00:00Z,0.0049693314064529325,0.004923159343527056,17
2023-09-09T18:30:00Z,0.0042442488780012645,0.004615577609345051,17
2023-09-09T19:00:00Z,0.0038374574325491357,0.004524599603678216,17
2023-09-09T19:30:00Z,0.00349377347280808,0.0044070096964925155,17
2023-09-09T20:00:00Z,0.0031816353549644133,0.004218688455561747,17
2023-09-09T20:30:00Z,0.00296669551772095,0.004128601322754635,17
2023-09-09T21:00:00Z,0.002872087859418744,0.004036355220354491,17
2023-09-09T21:30:00Z,0.002707667190829067,0.0039605394523927456,17
2023-09-09T22:00:00Z,0.0026015606395599885,0.003982669140139914,17
2023-09-09T22:30:00Z,0.002561899787171285,0.003980579349991181,17
2023-09-09T23:00:00Z,0.002596687484439953,0.00404282513457839,17
2023-09-09T23:30:00Z,0.0025115836196043257,0.004048129388392787,17
2023-09-10T00:00:00Z,0.002472027336371739,0.003854161087016935,17
2023-09-10T00:30:00Z,0.0024505478031581177,0.003765744295013995,17
2023-09-10T01:00:00Z,0.002380183120764457,0.003754136947837726,17
2023-09-10T01:30:00Z,0.0022724240339791904,0.0036637479494038166,17
2023-09-10T02:00:00Z,0.0023225509446371307,0.003591834199892018,17
2023-09-10T02:30:00Z,0.002223467669311888,0.0035541872469215963,17
2023-09-10T03:00:00Z,0.0022897068012527368,0.003507547508712947,17
2023-09-10T03:30:00Z,0.0022531444529569045,0.0033582425889329554,17
2023-09-10T04:00:00Z,0.0022998974369359444,0.0032537511137567983,17
2023-09-10T04:30:00Z,0.0022312528521695324,0.0032360481180592386,17
2023-09-10T05:00:00Z,0.0026290722857020155,0.0034703496284509174,17
2023-09-10T05:30:00Z,0.0044654108803774415,0.0045701478906859635,17
2023-09-10T06:00:00Z,0.0066494761239344925,0.005692438752453532,17
2023-09-10T06:30:00Z,0.0087500488301063,0.006899058928964241,17
2023-09-10T07:00:00Z,0.010449529415970042,0.00871887531607237,17
2023-09-10T07:30:00Z,0.011932198052230227,0.01442784441373926,17
2023-09-10T08:00:00Z,0.013301174150644999,0.016944513357857245,17
2023-09-10T08:30:00Z,0.014365531896874699,0.019660730410399157,17
2023-09-10T09:00:00Z,0.015413373624301317,0.020884684702273067,17
2023-09-10T09:30:00Z,0.016049137258249888,0.021312376775763604,17
2023-09-10T10:00:00Z,0.01630707051006948,0.02246227890020652,17
2023-09-10T10:30:00Z,0.016596264225403744,0.02308048465039674,17
2023-09-10T11:00:00Z,0.016590893484976124,0.02410166291476937,17
2023-09-10T11:30:00Z,0.016608933664361246,0.024827255734075928,17
2023-09-10T12:00:00Z,0.016702095354086774,0.024189235014545757,17
2023-09-10T12:30:00Z,0.016684399452934175,0.022623191665089,17
2023-09-10T13:00:00Z,0.016522175549760966,0.02158351929138244,17
2023-09-10T13:30:00Z,0.016239178842612435,0.019119708881458773,17
2023-09-10T14:00:00Z,0.015747893804776727,0.017852942384781634,17
2023-09-10T14:30:00Z,0.015370358294972498,0.016729241586079437,17
2023-09-10T15:00:00Z,0.014628989549019136,0.015455201312705474,17
2023-09-10T15:30:00Z,0.013816424064576352,0.011364675595483629,17
2023-09-10T16:00:00Z,0.012601121903707357,0.00914143746691148,17
2023-09-10T16:30:00Z,0.010709932716714263,0.007753505320637484,17
2023-09-10T17:00:00Z,0.008337693478299622,0.006370642347437133,17
2023-09-10T17:30:00Z,0.006158023637352902,0.00540230408975472,17
2023-09-10T18:00:00Z,0.004860318061210523,0.0049157658546110285,17
2023-09-10T18:30:00Z,0.004185481012268665,0.004691209236403143,17
2023-09-10T19:00:00Z,0.0037453320060181422,0.0045185998517005945,17
2023-09-10T19:30:00Z,0.003430962266372647,0.0044870546615400145,17
2023-09-10T20:00:00Z,0.0033078130057941713,0.004404271704647387,17
2023-09-10T20:30:00Z,0.003041826382251738,0.0041713294184670974,17
2023-09-10T21:00:00Z,0.0027656523839771274,0.004054382174590472,17
2023-09-10T21:30:00Z,0.0025868734120019646,0.003997835351443122,17
2023-09-10T22:00:00Z,0.002579956419462699,0.003941865588779665,17
2023-09-10T22:30:00Z,0.0025921447260188733,0.003938454732286919,17
2023-09-10T23:00:00Z,0.0025185829702458547,0.004038394260362048,17
2023-09-10T23:30:00Z,0.0026352244354306744,0.004073461649040637,17
2023-09-11T00:00:00Z,0.0025718994516970173,0.003978799202607363,17
2023-09-11T00:30:00Z,0.0024730005322574572,0.0039842464588697845,17
2023-09-11T01:00:00Z,0.0025995572105394493,0.003922989149908298,17
2023-09-11T01:30:00Z,0.0024727939653179315,0.003933305159199432,17
2023-09-11T02:00:00Z,0.0024648755659694927,0.003960161287521515,17
2023-09-11T02:30:00Z,0.002440707234045128,0.0039018727337188632,17
2023-09-11T03:00:00Z,0.002558037255695032,0.003782924289768012,17
2023-09-11T03:30:00Z,0.002362142941379323,0.003641020223858248,17
2023-09-11T04:00:00Z,0.0024118208493055797,0.0035787339590206907,17
2023-09-11T04:30:00Z,0.0023477138680738476,0.003556035428011861,17
2023-09-11T05:00:00Z,0.002571162312656015,0.003747948698588256,17
2023-09-11T05:30:00Z,0.004562444376072022,0.004713924374884402,17
2023-09-11T06:00:00Z,0.006979245235885438,0.006019233386678612,17
2023-09-11T06:30:00Z,0.009426817665429216,0.007226095291448526,17
2023-09-11T07:00:00Z,0.010703107256386749,0.008603882669554709,17
2023-09-11T07:30:00Z,0.011969430284273438,0.014375264752539571,17
2023-09-11T08:00:00Z,0.013495664509998862,0.017877922549169787,17
2023-09-11T08:30:00Z,0.01490184609744431,0.02032322316621246,17
2023-09-11T09:00:00Z,0.015745115903641544,0.021431376705391726,17
2023-09-11T09:30:00Z,0.016243861026574977,0.02073944760307848,17
2023-09-11T10:00:00Z,0.01654379622276453,0.022989021771098243,17
2023-09-11T10:30:00Z,0.01673993153184302,0.023886298669194055,17
2023-09-11T11:00:00Z,0.01680627394725363,0.024642166652401237,17
2023-09-11T11:30:00Z,0.016542660104597113,0.023758014929839668,17
2023-09-11T12:00:00Z,0.01659667735928276,0.023410187895840512,17
2023-09-11T12:30:00Z,0.01650344681391072,0.022189834825728914,17
2023-09-11T13:00:00Z,0.016259766680918393,0.019916548923079088,17
2023-09-11T13:30:00Z,0.01586577467159867,0.018227033265742775,17
2023-09-11T14:00:00Z,0.0155326510537922,0.017586118549395905,17
2023-09-11T14:30:00Z,0.015072282201238664,0.015974418966120875,17
2023-09-11T15:00:00Z,0.014464080275632098,0.01483043387774586,17
2023-09-11T15:30:00Z,0.01357570472438383,0.010129198034454556,17
2023-09-11T16:00:00Z,0.012202378854778605,0.008909809041674443,17
2023-09-11T16:30:00Z,0.010189979225015602,0.007572819820994887,17
2023-09-11T17:00:00Z,0.007858871312481886,0.006254713514130222,17
2023-09-11T17:30:00Z,0.005648525503565945,0.005390787128830511,17
2023-09-11T18:00:00Z,0.004520729726750357,0.004929075370251633,17
2023-09-11T18:30:00Z,0.003902517688979084,0.004638994249628777,17
2023-09-11T19:00:00Z,0.0035462331459270345,0.004556824086659047,17
2023-09-11T19:30:00Z,0.0032340062608435523,0.004467879323988451,17
2023-09-11T20:00:00Z,0.0030181589075825134,0.004350881927615204,17
2023-09-11T20:30:00Z,0.002835772057999587,0.004305764675391132,17
2023-09-11T21:00:00Z,0.002757725245840492,0.00420208353681772,17
2023-09-11T21:30:00Z,0.0026265552392424514,0.004162268075863528,17
2023-09-11T22:00:00Z,0.002557975015320323,0.004182444691526681,17
2023-09-11T22:30:00Z,0.00257002475345925,0.00413044488490885,17
2023-09-11T23:00:00Z,0.002469770932143369,0.004048954374408092,17
2023-09-11T23:30:00Z,0.0023845492374179288,0.003984025506845852,17
2023-09-12T00:00:00Z,0.00235522956417705,0.003964323224180492,17
2023-09-12T00:30:00Z,0.002307409317677133,0.003903544605493863,17
2023-09-12T01:00:00Z,0.0023323350617130856,0.003908343873543699,17
2023-09-12T01:30:00Z,0.002219824935318758,0.003858900329401218,17
2023-09-12T02:00:00Z,0.0022469474447711704,0.0038159780617232175,17
2023-09-12T02:30:00Z,0.0022228479684933146,0.0037477282656077676,17
2023-09-12T03:00:00Z,0.0022550724110591324,0.0037190940141554494,17
2023-09-12T03:30:00Z,0.0023176621937350496,0.0036853783166102805,17
2023-09-12T04:00:00Z,0.0024401818718744433,0.003651193267122194,17
2023-09-12T04:30:00Z,0.0025118277400270877,0.0036150062927301717,17
2023-09-12T05:00:00Z,0.0027585683877901198,0.003765302616281078,17
2023-09-12T05:30:00Z,0.004241223957464467,0.004493706081718779,17
2023-09-12T06:00:00Z,0.005920903935055278,0.005397503141349488,17
2023-09-12T06:30:00Z,0.007835235874358136,0.006205947494114276,17
2023-09-12T07:00:00Z,0.010370081670348185,0.008312578971239378,17
2023-09-12T07:30:00Z,0.012754012367157366,0.014926936135220375,17
2023-09-12T08:00:00Z,0.014326742551455399,0.017929180639265185,17
2023-09-12T08:30:00Z,0.01376876287509424,0.016582763191041423,17
2023-09-12T09:00:00Z,0.012368014249790994,0.013550444020352536,17
2023-09-12T09:30:00Z,0.011431834182435378,0.009841090545886798,17
2023-09-12T10:00:00Z,0.013013158665607682,0.015387686701369413,17
2023-09-12T10:30:00Z,0.015720489257466476,0.020534906524549135,17
2023-09-12T11:00:00Z,0.0158397472372186,0.020465483168131966,17
2023-09-12T11:30:00Z,0.01624372331528196,0.02131292275651698,17
2023-09-12T12:00:00Z,0.016545586469573707,0.022309950224562877,17
2023-09-12T12:30:00Z,0.016703885600895977,0.021831839674226246,17
2023-09-12T13:00:00Z,0.016297912709083907,0.019406045807478636,17
2023-09-12T13:30:00Z,0.01595811009356611,0.01749485844760845,17
2023-09-12T14:00:00Z,0.015178251041214723,0.0169526814036484,17
2023-09-12T14:30:00Z,0.015276990038307427,0.01734156171958255,17
2023-09-12T15:00:00Z,0.014347025676568226,0.014558008836674961,17
2023-09-12T15:30:00Z,0.013273084157980477,0.010865327712109579,17
2023-09-12T16:00:00Z,0.01016897825283061,0.007745173372394262,17
2023-09-12T16:30:00Z,0.008077281423205764,0.006706840490464732,17
2023-09-12T17:00:00Z,0.006264090270789764,0.0058011378746176045,17
2023-09-12T17:30:00Z,0.004595914949991885,0.005111395403885025,17
2023-09-12T18:00:00Z,0.003863731378016954,0.004655289012866445,17
2023-09-12T18:30:00Z,0.0033742865969004013,0.004403227943546549,17
2023-09-12T19:00:00Z,0.002921760420058427,0.004190948733511422,17
2023-09-12T19:30:00Z,0.002657671873432344,0.0040239591188414355,17
2023-09-12T20:00:00Z,0.002461853271756986,0.0037051196043376426,17
2023-09-12T20:30:00Z,0.002131560449575421,0.003464978103970651,17
2023-09-12T21:00:00Z,0.0019484444289944681,0.0034130898391228873,17
2023-09-12T21:30:00Z,0.0017947620544851808,0.003347850971072737,17
2023-09-12T22:00:00Z,0.002553262367044053,0.0034977886836325745,17
2023-09-12T22:30:00Z,0.00232847914550863,0.00321070144414954,17
2023-09-12T23:00:00Z,0.0016618392288359856,0.0026480144911811797,17
2023-09-12T23:30:00Z,0.0013676832077261247,0.0024073621737791093,17
2023-09-13T00:00:00Z,9.85646969261105e-4,0.0022522672984981646,17
2023-09-13T00:30:00Z,7.93042462765322e-4,0.0021799786713952592,17
2023-09-13T01:00:00Z,6.267660634144397e-4,0.0021299283066875505,17
2023-09-13T01:30:00Z,5.179093942505081e-4,0.0020401776664934384,17
2023-09-13T02:00:00Z,4.843254446028956e-4,0.002001421742217469,17
2023-09-13T02:30:00Z,4.1306156471541174e-4,0.0019187797793613441,17
2023-09-13T03:00:00Z,2.9571754336974636e-4,0.0019037915483352931,17
2023-09-13T03:30:00Z,2.641113922757204e-4,0.0018570948442720372,17
2023-09-13T04:00:00Z,1.9071886905391527e-4,0.001844382334256623,17
2023-09-13T04:30:00Z,1.213047814177988e-4,0.0018048598321897492,17
2023-09-13T05:00:00Z,4.570128155184064e-5,0.0017804262811511383,17
2023-09-13T05:30:00Z,-3.41024127511152e-5,0.0017645118698872832,17
2023-09-13T06:00:00Z,-9.624503759498699e-5,0.0017742036088590528,17
2023-09-13T06:30:00Z,-1.3337961318843464e-4,0.0017317347506259596,17
2023-09-13T07:00:00Z,-1.4697091760571077e-4,0.0017319283248801057,17
2023-09-13T07:30:00Z,1.1262684948819106e-4,0.0016142551835590564,17
2023-09-13T08:00:00Z,0.0014062678053202021,0.0018010121128670595,17
2023-09-13T08:30:00Z,0.003588207811653491,0.0030809937925383862,17
2023-09-13T09:00:00Z,0.003729078466402893,0.0035524529321405082,17
2023-09-13T09:30:00Z,0.00509602450420924,0.00449646907485398,17
2023-09-13T10:00:00Z,0.008362472267575066,0.007509101206781949,17
2023-09-13T10:30:00Z,0.01144691692978057,0.012143686599985153,17
2023-09-13T11:00:00Z,0.008531728966706516,0.0072155837846485296,17
2023-09-13T11:30:00Z,0.005366938710793866,0.004721373438314816,17
2023-09-13T12:00:00Z,0.004298052218790405,0.004075915600723114,17
2023-09-13T12:30:00Z,0.007234502809804788,0.006309549432610799,17
2023-09-13T13:00:00Z,0.00823892861741096,0.006864698482795691,17
2023-09-13T13:30:00Z,0.0068974091633827415,0.005297023327818314,17
2023-09-13T14:00:00Z,0.007117527071444096,0.005441567812505105,17
2023-09-13T14:30:00Z,0.009075636316119084,0.0067984407840336845,17
2023-09-13T15:00:00Z,0.006701413467814827,0.005099223470251112,17
2023-09-13T15:30:00Z,0.004593685589062238,0.003934603083207897,17
2023-09-13T16:00:00Z,0.005076845660609987,0.004316220047017111,17
2023-09-13T16:30:00Z,0.004961030463183269,0.0047188140698454575,17
2023-09-13T17:00:00Z,0.0038120597793649463,0.0041094677152761615,17
2023-09-13T17:30:00Z,0.003031695248024655,0.0036060582725922527,17
2023-09-13T18:00:00Z,0.0024616989893955117,0.0032743213610960113,17
2023-09-13T18:30:00Z,0.0021185493037580664,0.0031111849204655804,17
2023-09-13T19:00:00Z,0.0018609238468057857,0.00295652439452335,17
2023-09-13T19:30:00Z,0.0019265588259772732,0.003111284566694297,17
2023-09-13T20:00:00Z,0.00204057594234785,0.0033214532172077004,17
2023-09-13T20:30:00Z,0.0019078012151785152,0.0032805383928080534,17
2023-09-13T21:00:00Z,0.0017333187857769595,0.0030309543506423925,17
2023-09-13T21:30:00Z,0.001501715405752396,0.0028837010228601784,17
2023-09-13T22:00:00Z,0.0012810651385085756,0.0027538544394919958,17
2023-09-13T22:30:00Z,0.0010809599189347823,0.002665512269246481,17
2023-09-13T23:00:00Z,8.719624366508423e-4,0.0025272129820010144,17
2023-09-13T23:30:00Z,7.198354464816169e-4,0.0024837876732774706,17
2023-09-14T00:00:00Z,5.524117899142859e-4,0.0024235554399478637,17
2023-09-14T00:30:00Z,4.1956078986009554e-4,0.002339678060360429,17
2023-09-14T01:00:00Z,3.340640278307374e-4,0.0022961993954120595,17
2023-09-14T01:30:00Z,2.3993659352468735e-4,0.002269793263429081,17
2023-09-14T02:00:00Z,2.6601490951328106e-4,0.002256663456523351,17
2023-09-14T02:30:00Z,1.6777940704293225e-4,0.0022371858801048896,17
2023-09-14T03:00:00Z,2.3133638108473607e-4,0.0022045853558305593,17
2023-09-14T03:30:00Z,1.7124129144769216e-4,0.002223011872593658,17
2023-09-14T04:00:00Z,1.8221243863364648e-4,0.0022131147250327478,17
2023-09-14T04:30:00Z,1.7108298909282552e-4,0.002262515527708821,17
2023-09-14T05:00:00Z,3.778617921450193e-4,0.0023175213655593483,17
2023-09-14T05:30:00Z,5.251448878631491e-4,0.0025711550643806092,17
2023-09-14T06:00:00Z,8.553670711857266e-4,0.002891594800974934,17
2023-09-14T06:30:00Z,0.0017892828301610184,0.0032172528340038906,17
2023-09-14T07:00:00Z,0.003645768771313995,0.004396473225987914,17
2023-09-14T07:30:00Z,0.005947788203271186,0.006327809656519486,17
2023-09-14T08:00:00Z,0.007792169058745054,0.008004335270281984,17
2023-09-14T08:30:00Z,0.009319453426802637,0.008715147130283733,17
2023-09-14T09:00:00Z,0.010054131504596126,0.008803329188453465,17
2023-09-14T09:30:00Z,0.011128633798996906,0.01145124506628576,17
2023-09-14T10:00:00Z,0.014163115328957941,0.0174043527747824,17
2023-09-14T10:30:00Z,0.01334461590020968,0.016741449319788083,17
2023-09-14T11:00:00Z,0.013681891876031079,0.01728124596723644,17
2023-09-14T11:30:00Z,0.014944529493964675,0.018528108343264345,17
2023-09-14T12:00:00Z,0.012374836766280166,0.015665038444727372,17
2023-09-14T12:30:00Z,0.0118873387890024,0.015218800948540742,17
2023-09-14T13:00:00Z,0.012391362121442121,0.01481366830753628,17
2023-09-14T13:30:00Z,0.012465983752613213,0.014197031722618117,17
2023-09-14T14:00:00Z,0.01151551829785835,0.013128815372774369,17
2023-09-14T14:30:00Z,0.010899311227613073,0.008397014055323082,17
2023-09-14T15:00:00Z,0.010445690228417329,0.00823156265536926,17
2023-09-14T15:30:00Z,0.009362040063671922,0.007638849961279782,17
2023-09-14T16:00:00Z,0.008120312498278527,0.006627706822503878,17
2023-09-14T16:30:00Z,0.006792522782739605,0.005576642688903837,17
2023-09-14T17:00:00Z,0.00524577944733208,0.004658896972966333,17
2023-09-14T17:30:00Z,0.003918948794413841,0.004040353388549724,17
2023-09-14T18:00:00Z,0.003195222983731161,0.003686379733283489,17
2023-09-14T18:30:00Z,0.0026542089645481865,0.0035220546028935733,17
2023-09-14T19:00:00Z,0.002384817183416604,0.003439392303480782,17
2023-09-14T19:30:00Z,0.002289226551402173,0.0034052076081293203,17
2023-09-14T20:00:00Z,0.002167565747020179,0.003406303166308286,17
2023-09-14T20:30:00Z,0.0021268658346281603,0.0033643536634860674,17
2023-09-14T21:00:00Z,0.0017025447781765135,0.003252539192443186,17
2023-09-14T21:30:00Z,0.0016049918751236607,0.003071238311569146,17
2023-09-14T22:00:00Z,0.0013524248732541023,0.002912096441363577,17
2023-09-14T22:30:00Z,0.0012911348389588763,0.0028416943954379065,17
2023-09-14T23:00:00Z,0.0012985600014344476,0.0027928377498701194,17
2023-09-14T23:30:00Z,0.0011696524243027095,0.002778926001393332,17
2023-09-15T00:00:00Z,0.0011354813509169654,0.0027629162456354788,17
2023-09-15T00:30:00Z,0.001032968130759734,0.002772345149900327,17
2023-09-15T01:00:00Z,9.558163493671067e-4,0.0027584230966246487,17
2023-09-15T01:30:00Z,9.971297372720024e-4,0.002722021020241935,17
2023-09-15T02:00:00Z,7.483404809468664e-4,0.00264294410536493,17
2023-09-15T02:30:00Z,6.449510794207695e-4,0.0026074348130461613,17
2023-09-15T03:00:00Z,5.070985440526408e-4,0.0025184431650633696,17
2023-09-15T03:30:00Z,3.4339865830298723e-4,0.002383491936902718,17
2023-09-15T04:00:00Z,2.516566684361867e-4,0.002351963162808408,17
2023-09-15T04:30:00Z,1.7636687603855153e-4,0.0023178836519643447,17
2023-09-15T05:00:00Z,6.219453844061937e-5,0.0023111886791957648,17
2023-09-15T05:30:00Z,3.3918163226515475e-6,0.002395449503418352,17
2023-09-15T06:00:00Z,7.059492731461478e-5,0.002422425923337788,17
2023-09-15T06:30:00Z,4.775260456290911e-4,0.002507306571362274,17
2023-09-15T07:00:00Z,0.001581776334127735,0.0027086540307061624,17
2023-09-15T07:30:00Z,0.0032297862343870754,0.003544062411213481,17
2023-09-15T08:00:00Z,0.00552148451806834,0.005504448019646576,17
2023-09-15T08:30:00Z,0.0073152254182380794,0.007834349057410355,17
2023-09-15T09:00:00Z,0.008935028851213016,0.00872114551510358,17
2023-09-15T09:30:00Z,0.010949428098188429,0.009101618145695012,17
2023-09-15T10:00:00Z,0.012276258751106673,0.015445222967542836,17
2023-09-15T10:30:00Z,0.0134733304970905,0.017289696478251602,17
2023-09-15T11:00:00Z,0.014159845036103225,0.017275062945697195,17
2023-09-15T11:30:00Z,0.01448181954942983,0.01768996300307236,17
2023-09-15T12:00:00Z,0.014729699876859197,0.017566942223487664,17
2023-09-15T12:30:00Z,0.014353748046924646,0.01670825382559739,17
2023-09-15T13:00:00Z,0.01394474550666619,0.016291982199385782,17
2023-09-15T13:30:00Z,0.013291993977768842,0.013008332419715234,17
2023-09-15T14:00:00Z,0.013283731300187857,0.014378863970788476,17
2023-09-15T14:30:00Z,0.011554541559784708,0.008736114291560498,17
2023-09-15T15:00:00Z,0.010412088672921345,0.00826560524318092,17
2023-09-15T15:30:00Z,0.008733012612632535,0.00715861031361547,17
2023-09-15T16:00:00Z,0.008329793946680757,0.006950336418940713,17
2023-09-15T16:30:00Z,0.007047358385019365,0.006263946861685066,17
2023-09-15T17:00:00Z,0.005750874562364184,0.005244339222250134,17
2023-09-15T17:30:00Z,0.0043842011012812775,0.004462436475887099,17
2023-09-15T18:00:00Z,0.0035753550548690543,0.004023252563356782,17
2023-09-15T18:30:00Z,0.0031234720671644766,0.003789258190354133,17
2023-09-15T19:00:00Z,0.0027411095391067617,0.003676765833308712,17
2023-09-15T19:30:00Z,0.0026455189070923248,0.0036284954930934704,17
2023-09-15T20:00:00Z,0.0024630277005193183,0.003599265653972545,17
2023-09-15T20:30:00Z,0.002192501496112791,0.00355379847941434,17
2023-09-15T21:00:00Z,0.001974091385388912,0.003487489106990168,17
2023-09-15T21:30:00Z,0.0017892828301610162,0.00342785412377712,17
2023-09-15T22:00:00Z,0.0016618977352378245,0.0033655701945385914,17
2023-09-15T22:30:00Z,0.0016212506922991356,0.0032743436555605415,17
2023-09-15T23:00:00Z,0.0016456389180623488,0.0032972335196397745,17
2023-09-15T23:30:00Z,0.0016456389180623488,0.003354653797961018,17
2023-09-16T00:00:00Z,0.0016498812661693502,0.003345719262486282,17
2023-09-16T00:30:00Z,0.0015236977892462893,0.0031510243898523003,17
2023-09-16T01:00:00Z,0.0014203715908664982,0.003034866784406691,17
2023-09-16T01:30:00Z,0.0011696524243027097,0.002904948797359488,17
2023-09-16T02:00:00Z,0.0010412771186041414,0.002760440406362602,17
2023-09-16T02:30:00Z,9.637350674595687e-4,0.002704068191701733,17
2023-09-16T03:00:00Z,8.86193016314996e-4,0.002702136169605205,17
2023-09-16T03:30:00Z,8.172667486309306e-4,0.0026183562751190114,17
2023-09-16T04:00:00Z,6.104879455787372e-4,0.0025614981489456624,17
2023-09-16T04:30:00Z,8.070881529094838e-4,0.002535192196843939,17
2023-09-16T05:00:00Z,9.16197473376727e-4,0.00265043165711843,17
2023-09-16T05:30:00Z,0.0016375095094746145,0.0032414528184742135,17
2023-09-16T06:00:00Z,0.0023152967237697517,0.004059198410553473,17
2023-09-16T06:30:00Z,0.004349737967439246,0.0043119994225326854,17
2023-09-16T07:00:00Z,0.0058012768956081495,0.004873992477220129,17
2023-09-16T07:30:00Z,0.007254544170809348,0.006254005301294082,17
2023-09-16T08:00:00Z,0.008615407168396602,0.00789649992983432,17
2023-09-16T08:30:00Z,0.010088302577981873,0.009372901956331649,17
2023-09-16T09:00:00Z,0.012177009438685469,0.009761450765669932,17
2023-09-16T09:30:00Z,0.013599380368367057,0.011897043752290028,17
2023-09-16T10:00:00Z,0.014949137767103944,0.016611271175641137,17
2023-09-16T10:30:00Z,0.01586309629745123,0.018543227329967705,17
2023-09-16T11:00:00Z,0.016018677579491884,0.019101916295177573,17
2023-09-16T11:30:00Z,0.01612609238804465,0.01917707234787599,17
2023-09-16T12:00:00Z,0.016316133972407193,0.0198207934209692,17
2023-09-16T12:30:00Z,0.01580384796238642,0.019067562872066866,17
2023-09-16T13:00:00Z,0.015270905258413328,0.017013502407050598,17
2023-09-16T13:30:00Z,0.014886690750897796,0.016458094060766985,17
2023-09-16T14:00:00Z,0.01434347066595118,0.015600880018096605,17
2023-09-16T14:30:00Z,0.014091458999731318,0.015155100307819538,17
2023-09-16T15:00:00Z,0.013562234500669613,0.014461854006831216,17
2023-09-16T15:30:00Z,0.01252898666916818,0.010438642906302057,17
2023-09-16T16:00:00Z,0.010176877784449475,0.00787361804527471,17
2023-09-16T16:30:00Z,0.007295544400669062,0.006488332426972584,17
2023-09-16T17:00:00Z,0.005787867934182816,0.0055662466835844845,17
2023-09-16T17:30:00Z,0.005078843452444551,0.00507114382430138,17
2023-09-16T18:00:00Z,0.0043060076760369735,0.004721130807037836,17
2023-09-16T18:30:00Z,0.0037347812326052913,0.004500800976142418,17
2023-09-16T19:00:00Z,0.0033987656776454742,0.004339812120719137,17
2023-09-16T19:30:00Z,0.003155154400299604,0.004216266599143371,17
2023-09-16T20:00:00Z,0.0030913431056302956,0.004151774175725577,17
2023-09-16T20:30:00Z,0.002830931050536442,0.00411781069035732,17
2023-09-16T21:00:00Z,0.002570518995442588,0.003984991915633859,17
2023-09-16T21:30:00Z,0.002578919384316582,0.003959116710412442,17
2023-09-16T22:00:00Z,0.002486515106702631,0.003940514778278627,17
2023-09-16T22:30:00Z,0.0024025112179626744,0.003936398348821929,17
2023-09-16T23:00:00Z,0.002226103051608772,0.0038696314082145144,17
2023-09-16T23:30:00Z,0.0022429038293567604,0.0038601194151033254,17
2023-09-17T00:00:00Z,0.0020832964407508517,0.003755072562512709,17
2023-09-17T00:30:00Z,0.002041294496380876,0.0036630001076351526,17
2023-09-17T01:00:00Z,0.002032894107506882,0.0035872377294277973,17
2023-09-17T01:30:00Z,0.002105105791050189,0.0035231660390171154,17
2023-09-17T02:00:00Z,0.002141495574652611,0.003433559894791648,17
2023-09-17T02:30:00Z,0.002066555350404603,0.003346454405496026,17
2023-09-17T03:00:00Z,0.002054703457806209,0.0034395764851452007,17
2023-09-17T03:30:00Z,0.002115425402285038,0.003518659486407171,17
2023-09-17T04:00:00Z,0.0020883050133021957,0.0035358240095048066,17
2023-09-17T04:30:00Z,0.0021891096797901407,0.0037746863118904832,17
2023-09-17T05:00:00Z,0.0025587267902459384,0.0040066812039720465,17
2023-09-17T05:30:00Z,0.002886748861936342,0.003918700282319237,17
2023-09-17T06:00:00Z,0.004263580132834167,0.004578024056013227,17
2023-09-17T06:30:00Z,0.006081881544772656,0.005471418512816865,17
2023-09-17T07:00:00Z,0.009833463555125935,0.007664834465867026,17
2023-09-17T07:30:00Z,0.010883512164375353,0.009241255385583213,17
2023-09-17T08:00:00Z,0.01114392421946921,0.01042194360618943,17
2023-09-17T08:30:00Z,0.014880795620332446,0.017737991175086117,17
2023-09-17T09:00:00Z,0.01594864166363699,0.017130171349537114,17
2023-09-17T09:30:00Z,0.016597065010160436,0.018231996444072075,17
2023-09-17T10:00:00Z,0.01830743926942311,0.023324098988193792,17
2023-09-17T10:30:00Z,0.018009982876507905,0.02243379912389892,17
2023-09-17T11:00:00Z,0.018183499105708382,0.023144643310875377,17
2023-09-17T11:30:00Z,0.01739028205793452,0.021328327598464175,17
2023-09-17T12:00:00Z,0.017208503151152955,0.021287528196762363,17
2023-09-17T12:30:00Z,0.016782975255732448,0.02077697953914374,17
2023-09-17T13:00:00Z,0.01656401429983654,0.019059660290126935,17
2023-09-17T13:30:00Z,0.015671645121090805,0.017772166128811755,17
2023-09-17T14:00:00Z,0.015097389029212765,0.017259134140018936,17
2023-09-17T14:30:00Z,0.014771890498524948,0.016379568076494322,17
2023-09-17T15:00:00Z,0.0141334609441013,0.015275023677906917,17
2023-09-17T15:30:00Z,0.011747750503886607,0.008887972528717755,17
2023-09-17T16:00:00Z,0.009656053674261764,0.007809395575546314,17
2023-09-17T16:30:00Z,0.007640962059013139,0.006793569546716908,17
2023-09-17T17:00:00Z,0.006053288561828008,0.005994153470453636,17
2023-09-17T17:30:00Z,0.004838623991421336,0.005434453394645731,17
2023-09-17T18:00:00Z,0.004376602603351592,0.005093966729907831,17
2023-09-17T18:30:00Z,0.004006985492895789,0.004838185592948319,17
2023-09-17T19:00:00Z,0.0037213722711799528,0.004790612251569886,17
2023-09-17T19:30:00Z,0.0034357590494641112,0.004686550815841854,17
2023-09-17T20:00:00Z,0.0031417454388742707,0.004585780360083795,17
2023-09-17T20:30:00Z,0.0029401361058983807,0.004443433567095869,17
2023-09-17T21:00:00Z,0.0028057298839144536,0.004362345282858432,17
2023-09-17T21:30:00Z,0.002788929106166466,0.004281930889469187,17
2023-09-17T22:00:00Z,0.0026797240508045265,0.00426219035120195,17
2023-09-17T22:30:00Z,0.002595720162064575,0.004181896978848932,17
2023-09-17T23:00:00Z,0.002595720162064575,0.0041250660850664705,17
2023-09-17T23:30:00Z,0.0025201166621986125,0.004040290789704717,17
2023-09-18T00:00:00Z,0.0024109116068366737,0.004063861690005357,17
2023-09-18T00:30:00Z,0.0025201166621986125,0.004068679961386465,17
2023-09-18T01:00:00Z,0.002595720162064575,0.004087632040006428,17
2023-09-18T01:30:00Z,0.0023811282320859942,0.0038351050238983773,17
2023-09-18T02:00:00Z,0.0019886510469894936,0.0035759945704399785,17
2023-09-18T02:30:00Z,0.0019152886632709436,0.00343025031579977,17
2023-09-18T03:00:00Z,0.002063285057549886,0.003439877068814304,17
2023-09-18T03:30:00Z,0.001885623897733932,0.0033445392811588615,17
2023-09-18T04:00:00Z,0.001950314310623743,0.0033284373072887414,17
2023-09-18T04:30:00Z,0.0018614945137043232,0.0033442226427500723,17
2023-09-18T05:00:00Z,0.0023674370685048975,0.0037964446568985568,17
2023-09-18T05:30:00Z,0.00369277928823531,0.0050016263271132465,17
2023-09-18T06:00:00Z,0.0048227494572653,0.005576601516485902,17
2023-09-18T06:30:00Z,0.0059382109306974715,0.006751797480981583,17
2023-09-18T07:00:00Z,0.007909774502980995,0.00769297805761266,17
2023-09-18T07:30:00Z,0.01027868416544769,0.012529692816093653,17
2023-09-18T08:00:00Z,0.01029548494319568,0.01402972962637545,17
2023-09-18T08:30:00Z,0.010631500498155491,0.014548385607139927,17
2023-09-18T09:00:00Z,0.012009169463830925,0.015145726560579624,17
2023-09-18T09:30:00Z,0.013973568092826766,0.017596129351297136,17
2023-09-18T10:00:00Z,0.016110282391032724,0.019509949140174832,17
2023-09-18T10:30:00Z,0.015360709229968553,0.018143114511040576,17
2023-09-18T11:00:00Z,0.012498776929994853,0.015105690634459473,17
2023-09-18T11:30:00Z,0.011052817499714533,0.013726421199809016,17
2023-09-18T12:00:00Z,0.009081127893648212,0.007894284335159084,17
2023-09-18T12:30:00Z,0.0076691813450164,0.007034641007026202,17
2023-09-18T13:00:00Z,0.008156497260270193,0.007315376840898084,17
2023-09-18T13:30:00Z,0.010101847805090852,0.011703451039626514,17
2023-09-18T14:00:00Z,0.010302164770547666,0.011603207381035258,17
2023-09-18T14:30:00Z,0.010450159230168553,0.00875034224146802,17
2023-09-18T15:00:00Z,0.008938501643335752,0.007775762227166633,17
2023-09-18T15:30:00Z,0.007103824797788967,0.006711925140038223,17
2023-09-18T16:00:00Z,0.006420038069747135,0.0064869007785548554,17
2023-09-18T16:30:00Z,0.006171336005558041,0.00631287440579725,17
2023-09-18T17:00:00Z,0.004262014555104238,0.005080752854298827,17
2023-09-18T17:30:00Z,0.0030414727498288127,0.004218805745067104,17
2023-09-18T18:00:00Z,0.0022878741954720167,0.0038488285032373423,17
2023-09-18T18:30:00Z,0.0018864743471371272,0.0036504035572413733,17
2023-09-18T19:00:00Z,0.0015701783636378661,0.0035066984110553165,17
2023-09-18T19:30:00Z,0.0015409449940327075,0.0034263977523707675,17
2023-09-18T20:00:00Z,0.0014670473372802432,0.003394199936488094,17
2023-09-18T20:30:00Z,0.0014172713683045068,0.003419811093209739,17
2023-09-18T21:00:00Z,0.0012560315413381856,0.00334474107593347,17
2023-09-18T21:30:00Z,0.0011323385517391696,0.0031263588396184,17
2023-09-18T22:00:00Z,0.001033310007825256,0.0029942411825532654,17
2023-09-18T22:30:00Z,0.0010505415747462722,0.0029929003445607004,17
2023-09-18T23:00:00Z,0.0010031547657134777,0.0029667234772060105,17
2023-09-18T23:30:00Z,0.0010646481546334565,0.0030351738305228544,17
2023-09-19T00:00:00Z,0.0010896499763906396,0.0030389469145514743,17
2023-09-19T00:30:00Z,0.0012148366647403873,0.0031130547678198802,17
2023-09-19T01:00:00Z,0.0012091743911246844,0.0031222052207222316,17
2023-09-19T01:30:00Z,0.00116178758209189,0.003041242459225542,17
2023-09-19T02:00:00Z,9.829747646983944e-4,0.0029791576004782974,17
2023-09-19T02:30:00Z,0.0010432852489219513,0.0029934278420837065,17
2023-09-19T03:00:00Z,0.0010948033967452349,0.0029686128330727694,17
2023-09-19T03:30:00Z,0.0011883411442324724,0.0030157482245688674,17
2023-09-19T04:00:00Z,0.0013268148136922303,0.003139143669018828,17
2023-09-19T04:30:00Z,0.0016328655226817593,0.003351677193477105,17
2023-09-19T05:00:00Z,0.001558705788674722,0.003291059679491661,17
2023-09-19T05:30:00Z,0.0020388871686073525,0.004093014389783238,17
2023-09-19T06:00:00Z,0.0026086026033372628,0.005088840995772829,17
2023-09-19T06:30:00Z,0.0036330112281858246,0.0058851336551920975,17
2023-09-19T07:00:00Z,0.005099748092443602,0.006989920667982421,17
2023-09-19T07:30:00Z,0.00797724164476719,0.00813576705301392,17
2023-09-19T08:00:00Z,0.010934347881962448,0.014799947912081614,17
2023-09-19T08:30:00Z,0.01201153620911247,0.01588190805557195,17
2023-09-19T09:00:00Z,0.01246548030018799,0.016538414226003852,17
2023-09-19T09:30:00Z,0.013461787960102492,0.018217429058822242,17
2023-09-19T10:00:00Z,0.014185406073491908,0.018928701109625457,17
2023-09-19T10:30:00Z,0.01326683716187782,0.01792572582651206,17
2023-09-19T11:00:00Z,0.012880970118846088,0.017813633106904127,17
2023-09-19T11:30:00Z,0.013204572789704857,0.01797730868941499,17
2023-09-19T12:00:00Z,0.01424091912529918,0.018115566414198998,17
2023-09-19T12:30:00Z,0.014043509986760265,0.017794344762610364,17
2023-09-19T13:00:00Z,0.012668462725992329,0.01577272549501979,17
2023-09-19T13:30:00Z,0.013276182662073336,0.015768060059870487,17
2023-09-19T14:00:00Z,0.013223232669908568,0.016396197131749363,17
2023-09-19T14:30:00Z,0.012169878989626754,0.015280181886865345,17
2023-09-19T15:00:00Z,0.011335004275715328,0.014422846954729044,17
2023-09-19T15:30:00Z,0.010156377669519625,0.010125970424784723,17
2023-09-19T16:00:00Z,0.008736711949814402,0.007920000619299702,17
2023-09-19T16:30:00Z,0.006989431064023365,0.00679563826131427,17
2023-09-19T17:00:00Z,0.005338754650283268,0.0059223859270545395,17
2023-09-19T17:30:00Z,0.004215224503251361,0.005218222609485366,17
2023-09-19T18:00:00Z,0.003549626270029623,0.004854802712726387,17
2023-09-19T18:30:00Z,0.003062306216486171,0.004556958607074502,17
2023-09-19T19:00:00Z,0.00270751028147825,0.004359669663697828,17
2023-09-19T19:30:00Z,0.0024279188245926644,0.004133681089195452,17
2023-09-19T20:00:00Z,0.0022269078234416016,0.004022683741149533,17
2023-09-19T20:30:00Z,0.002067509629970909,0.00391420320536704,17
2023-09-19T21:00:00Z,0.0018860106121641061,0.0038160239564318794,17
2023-09-19T21:30:00Z,0.0018022777037104082,0.003733332630183628,17
2023-09-19T22:00:00Z,0.0016854852003332483,0.0036474562783977236,17
2023-09-19T22:30:00Z,0.0016148948357630629,0.0035868221813841195,17
2023-09-19T23:00:00Z,0.0015359040823188807,0.0034877518395631793,17
2023-09-19T23:30:00Z,0.0014813015546379113,0.003443365612504745,17
2023-09-20T00:00:00Z,0.0014514937231495401,0.003452397707685295,17
2023-09-20T00:30:00Z,0.0014813015546379113,0.0033967424860962955,17
2023-09-20T01:00:00Z,0.0014468870582831556,0.0034057792937797113,17
2023-09-20T01:30:00Z,0.0013378814842130117,0.0033701141094697054,17
2023-09-20T02:00:00Z,0.0012474157578776775,0.0033100781479063414,17
2023-09-20T02:30:00Z,0.001239329633236463,0.003272493422044931,17
2023-09-20T03:00:00Z,0.0011603604812447958,0.0032090475788526013,17
2023-09-20T03:30:00Z,0.0011901926314768047,0.0032032301717226496,17
2023-09-20T04:00:00Z,0.0012079157389630535,0.0032114465412155058,17
2023-09-20T04:30:00Z,0.001264766452080233,0.003228133687930978,17
2023-09-20T05:00:00Z,0.0011826565502216838,0.003238232916734283,17
2023-09-20T05:30:00Z,0.0017148668638964327,0.0037317663701450076,17
2023-09-20T06:00:00Z,0.0030537284701749735,0.0049941668003341926,17
2023-09-20T06:30:00Z,0.00482564747410962,0.00668017883432971,17
2023-09-20T07:00:00Z,0.00681826503099797,0.0075391099367277305,17
2023-09-20T07:30:00Z,0.008419831479013165,0.008294771853602551,17
2023-09-20T08:00:00Z,0.009801372356905636,0.011941244418133493,17
2023-09-20T08:30:00Z,0.01162662608301427,0.01599443606006673,17
2023-09-20T09:00:00Z,0.012469572797331728,0.016822482454287198,17
2023-09-20T09:30:00Z,0.012670428249254828,0.017430038807870345,17
2023-09-20T10:00:00Z,0.013600055065208179,0.018538232567265667,17
2023-09-20T10:30:00Z,0.013340989226280011,0.01727123197038696,17
2023-09-20T11:00:00Z,0.012469814185816282,0.016718508683087153,17
2023-09-20T11:30:00Z,0.014025538663021624,0.0188631605929557,17
2023-09-20T12:00:00Z,0.014737230625329945,0.019382917526865422,17
2023-09-20T12:30:00Z,0.014739847139897275,0.018509898237354147,17
2023-09-20T13:00:00Z,0.013816079786343817,0.016865213689360194,17
2023-09-20T13:30:00Z,0.013608686579061242,0.015581919874659551,17
2023-09-20T14:00:00Z,0.013117263829932512,0.015181115551354587,17
2023-09-20T14:30:00Z,0.012578330684713153,0.015049948797003158,17
2023-09-20T15:00:00Z,0.010967015195860175,0.010409885876782928,17
2023-09-20T15:30:00Z,0.008833316421865349,0.007790524387734866,17
2023-09-20T16:00:00Z,0.008165485506382714,0.00751172338412872,17
2023-09-20T16:30:00Z,0.006727015579908969,0.006747074755091054,17
2023-09-20T17:00:00Z,0.0052085486227363455,0.005946943845888666,17
2023-09-20T17:30:00Z,0.004148912103683576,0.005342228107730035,17
2023-09-20T18:00:00Z,0.003583123256369498,0.005045130275327338,17
2023-09-20T18:30:00Z,0.0031262606133344063,0.004825473676831762,17
2023-09-20T19:00:00Z,0.0029419400475016776,0.004689891491305165,17
2023-09-20T19:30:00Z,0.0031719551780476024,0.004669301449630619,17
2023-09-20T20:00:00Z,0.0030291485671896765,0.004531652155794548,17
2023-09-20T20:30:00Z,0.002903142734079744,0.0044581048444965925,17
2023-09-20T21:00:00Z,0.002822530661662442,0.004415545975641766,17
2023-09-20T21:30:00Z,0.002788929106166466,0.004362211111937513,17
2023-09-20T22:00:00Z,0.002486515106702631,0.004348439629574364,17
2023-09-20T22:30:00Z,0.002251304218230759,0.004286789058901132,17
2023-09-20T23:00:00Z,0.002150499551742815,0.004078382263848678,17
2023-09-20T23:30:00Z,0.0019992925520109,0.004051888543270454,17
2023-09-21T00:00:00Z,0.0018732867189009674,0.003916372187861973,17
2023-09-21T00:30:00Z,0.0017556812746650342,0.003850639943904756,17
2023-09-21T01:00:00Z,0.001621275052681108,0.0036971182410121053,17
2023-09-21T01:30:00Z,0.0014394351004110631,0.0035881995516749755,17
2023-09-21T02:00:00Z,0.0015234389891510176,0.003524647326543939,17
2023-09-21T02:30:00Z,0.00155284035021,0.003490356997493219,17
2023-09-21T03:00:00Z,0.0015680242453039066,0.003416020458178876,17
2023-09-21T03:30:00Z,0.0015654186656283515,0.0034904174145304733,17
2023-09-21T04:00:00Z,0.0016486582509968061,0.003486021235916814,17
2023-09-21T04:30:00Z,0.0015933852208126595,0.003552827418663183,17
2023-09-21T05:00:00Z,0.001765002929286818,0.003631839701651743,17
2023-09-21T05:30:00Z,0.002738586460324231,0.004352520946391325,17
2023-09-21T06:00:00Z,0.00510743643538919,0.005835407513806802,17
2023-09-21T06:30:00Z,0.006448106838905793,0.006618246199953673,17
2023-09-21T07:00:00Z,0.007271344948557341,0.006850178545721831,17
2023-09-21T07:30:00Z,0.007227188633330213,0.006960029207221564,17
2023-09-21T08:00:00Z,0.00687189349734811,0.0070412447346873165,17
2023-09-21T08:30:00Z,0.008243497975790633,0.0076538330668867015,17
2023-09-21T09:00:00Z,0.010690954594373185,0.010210100747186077,17
2023-09-21T09:30:00Z,0.011681769692331615,0.011948400147487803,17
2023-09-21T10:00:00Z,0.011250980519306208,0.011511974939074358,17
2023-09-21T10:30:00Z,0.00930381345723139,0.007860436614155041,17
2023-09-21T11:00:00Z,0.008268286008533575,0.007221949091592079,17
2023-09-21T11:30:00Z,0.008287792002310782,0.007230768992712786,17
2023-09-21T12:00:00Z,0.008128184613704865,0.006970672840492163,17
2023-09-21T12:30:00Z,0.00904382700097037,0.007289015002903052,17
2023-09-21T13:00:00Z,0.010398017956715916,0.008372551380491129,17
2023-09-21T13:30:00Z,0.009734602630256788,0.007913303094259236,17
2023-09-21T14:00:00Z,0.010699570377833695,0.008342310597035671,17
2023-09-21T14:30:00Z,0.008590206001774616,0.007305922113506895,17
2023-09-21T15:00:00Z,0.006884927060353556,0.006551491964229687,17
2023-09-21T15:30:00Z,0.0065248610389469905,0.006507424537524642,17
2023-09-21T16:00:00Z,0.006859725893731568,0.0068838835656356255,17
2023-09-21T16:30:00Z,0.005515663673892313,0.005615335068593159,17
2023-09-21T17:00:00Z,0.0035312385386909776,0.004997121421211998,17
2023-09-21T17:30:00Z,0.0033933860033228433,0.004558936037888661,17
2023-09-21T18:00:00Z,0.0030375489560636754,0.004625156906463615,17
2023-09-21T18:30:00Z,0.002802338067591799,0.004552553787923784,17
2023-09-21T19:00:00Z,0.002768736512095823,0.004573663787327099,17
2023-09-21T19:30:00Z,0.002634330290111896,0.004499882581839968,17
2023-09-21T20:00:00Z,0.0025167248458759627,0.0044049744091554975,17
2023-09-21T20:30:00Z,0.002634330290111896,0.004382585539132361,17
2023-09-21T21:00:00Z,0.002542250444915084,0.004253312746428818,17
2023-09-21T21:30:00Z,0.0027157666741156445,0.0038274874659470154,17
2023-09-21T22:00:00Z,0.0020382271124753646,0.0030567403049806376,17
2023-09-21T22:30:00Z,0.001538335118826133,0.0027645212930741407,17
2023-09-21T23:00:00Z,0.0012780607750252904,0.002545034660618432,17
2023-09-21T23:30:00Z,0.0011128072234057092,0.0023981872228791452,17
2023-09-22T00:00:00Z,9.075074159208701e-4,0.0022986562549583284,17
2023-09-22T00:30:00Z,8.000351817099153e-4,0.0021588050243432186,17
2023-09-22T01:00:00Z,6.19103729039245e-4,0.002138388306831407,17
2023-09-22T01:30:00Z,5.070985440526397e-4,0.002040986875648604,17
2023-09-22T02:00:00Z,4.037091425265437e-4,0.0020133942640115283,17
2023-09-22T02:30:00Z,3.0031974100044726e-4,0.002001100632801827,17
2023-09-22T03:00:00Z,1.883145560138419e-4,0.0019452647557763405,17
2023-09-22T03:30:00Z,1.2540224489371443e-4,0.0019129591056988198,17
2023-09-22T04:00:00Z,1.0419648281059621e-4,0.0019487305995118116,17
2023-09-22T04:30:00Z,1.0481152452902018e-4,0.0019060959338482453,17
2023-09-22T05:00:00Z,1.4523563871130134e-4,0.0018739907153661115,17
2023-09-22T05:30:00Z,2.0361276199643008e-4,0.0018378055181447102,17
2023-09-22T06:00:00Z,1.94922704540573e-4,0.0019238829936654616,17
2023-09-22T06:30:00Z,2.296829343640017e-4,0.0019399834352752353,17
2023-09-22T07:00:00Z,2.731332216432882e-4,0.0020224390932952296,17
2023-09-22T07:30:00Z,8.877410688703226e-4,0.0022314152137832407,17
2023-09-22T08:00:00Z,0.0011665146276820734,0.0024799289543822496,17
2023-09-22T08:30:00Z,0.0018316601729508899,0.0029746429642372968,17
2023-09-22T09:00:00Z,0.003939782381903831,0.00426952465125968,17
2023-09-22T09:30:00Z,0.005269916258761225,0.005575373794327198,17
2023-09-22T10:00:00Z,0.007187341059817386,0.006669020846644136,17
2023-09-22T10:30:00Z,0.008010579169468937,0.0072107121753592265,17
2023-09-22T11:00:00Z,0.009178233222954297,0.007801233203706315,17
2023-09-22T11:30:00Z,0.009682256555394012,0.008156369914481496,17
2023-09-22T12:00:00Z,0.009518448972351108,0.008072016261665302,17
2023-09-22T12:30:00Z,0.009350696771641832,0.0077688167603058075,17
2023-09-22T13:00:00Z,0.008588703430009219,0.007654601643596211,17
2023-09-22T13:30:00Z,0.008640398130772265,0.00747708327152857,17
2023-09-22T14:00:00Z,0.008244072091588893,0.007459825869158719,17
2023-09-22T14:30:00Z,0.008170186558074848,0.007123875985823172,17
2023-09-22T15:00:00Z,0.008640608335018589,0.007811941256663341,17
2023-09-22T15:30:00Z,0.007867772558611012,0.007075594256063201,17
2023-09-22T16:00:00Z,0.006365831297198134,0.005342235172683748,17
2023-09-22T16:30:00Z,0.005036841508074576,0.004659291809413032,17
2023-09-22T17:00:00Z,0.003505391188309451,0.004152612776752161,17
2023-09-22T17:30:00Z,0.002837667970120079,0.003565872773204036,17
2023-09-22T18:00:00Z,0.0022905657203778104,0.003165083170785374,17
2023-09-22T18:30:00Z,0.0018373435636975996,0.0030350778141811016,17
2023-09-22T19:00:00Z,0.0016114020698453128,0.0028852274375542847,17
2023-09-22T19:30:00Z,0.001342010288713734,0.002814553144113391,17
2023-09-22T20:00:00Z,0.0011682091395965885,0.0026834053750665688,17
2023-09-22T20:30:00Z,7.699061037950778e-4,0.0025532688710853324,17
2023-09-22T21:00:00Z,7.828036147888982e-4,0.0024211885972604667,17
2023-09-22T21:30:00Z,6.535668628812775e-4,0.0023598334254824084,17
2023-09-22T22:00:00Z,4.381722763685754e-4,0.002251211399893799,17
2023-09-22T22:30:00Z,4.037091425265437e-4,0.002207641617617706,17
2023-09-22T23:00:00Z,2.91703957539939e-4,0.0021766182250994187,17
2023-09-22T23:30:00Z,2.0554612293485807e-4,0.0021302238983201393,17
2023-09-23T00:00:00Z,1.7139959380255907e-4,0.0021193227802410466,17
2023-09-23T00:30:00Z,1.293976494325821e-4,0.002118799791908446,17
2023-09-23T01:00:00Z,7.9610357907034e-5,0.0021019288142122556,17
2023-09-23T01:30:00Z,9.221094121802706e-5,0.0020384692214530198,17
2023-09-23T02:00:00Z,7.630937102723634e-5,0.0020874326904416637,17
2023-09-23T02:30:00Z,1.1938828832977697e-4,0.002071732731517126,17
2023-09-23T03:00:00Z,3.0789345146671736e-4,0.0021420391278017983,17
2023-09-23T03:30:00Z,3.08935524460955e-4,0.002219750104223553,17
2023-09-23T04:00:00Z,3.7741391111357554e-4,0.002267601056334547,17
2023-09-23T04:30:00Z,4.5540384328959197e-4,0.002378209889632704,17
2023-09-23T05:00:00Z,3.7786179214501934e-4,0.0024044003797584128,17
2023-09-23T05:30:00Z,4.2955649290806754e-4,0.0024696070614476603,17
2023-09-23T06:00:00Z,8.279416904452704e-4,0.003056770287645899,17
2023-09-23T06:30:00Z,0.0015940219549335987,0.0038092756585923508,17
2023-09-23T07:00:00Z,0.0026107586772688963,0.004699546104374177,17
2023-09-23T07:30:00Z,0.0042976072871629845,0.0060660778390657,17
2023-09-23T08:00:00Z,0.005095644230192545,0.006303835291832281,17
2023-09-23T08:30:00Z,0.005708872617994203,0.006410202892878213,17
2023-09-23T09:00:00Z,0.0063557025612918485,0.006571428180808758,17
2023-09-23T09:30:00Z,0.008094583058208888,0.007739710686715663,17
2023-09-23T10:00:00Z,0.009553671177586123,0.011887418847348386,17
2023-09-23T10:30:00Z,0.010036155051374574,0.010299647385071175,17
2023-09-23T11:00:00Z,0.009228635556198267,0.008228674521655334,17
2023-09-23T11:30:00Z,0.009367222126803788,0.01006046802276076,17
2023-09-23T12:00:00Z,0.011879076111421423,0.01533625694462821,17
2023-09-23T12:30:00Z,0.011986490919974146,0.014526663865786594,17
2023-09-23T13:00:00Z,0.011127172451552326,0.01372588435339252,17
2023-09-23T13:30:00Z,0.010350480758940298,0.013275139444329452,17
2023-09-23T14:00:00Z,0.009018625834348383,0.008324044158607808,17
2023-09-23T14:30:00Z,0.008674209890514572,0.008095411743239746,17
2023-09-23T15:00:00Z,0.007666163225635123,0.007182250716258556,17
2023-09-23T15:30:00Z,0.006577504488338382,0.006168390023007747,17
2023-09-23T16:00:00Z,0.006132283878016628,0.005764317377885501,17
2023-09-23T16:30:00Z,0.004952837619334624,0.005410505705066551,17
2023-09-23T17:00:00Z,0.0038069436094272375,0.0047356516190760695,17
2023-09-23T17:30:00Z,0.0029970599641394747,0.003923978062149288,17
2023-09-23T18:00:00Z,0.002445647585607612,0.003526745899329204,17
2023-09-23T18:30:00Z,0.00205459500009403,0.003342987455961259,17
2023-09-23T19:00:00Z,0.0018570035413435302,0.0032073016523353247,17
2023-09-23T19:30:00Z,0.0016128746638071085,0.0030930033527826533,17
2023-09-23T20:00:00Z,0.0015036696084451712,0.002964600958500952,17
2023-09-23T20:30:00Z,0.0012811798865227336,0.002909154661748939,17
2023-09-23T21:00:00Z,0.0010585086855251574,0.0028391584274664477,17
2023-09-23T21:30:00Z,0.0010378582777587286,0.002865893801638878,17
2023-09-23T22:00:00Z,0.0010068139847621087,0.0028344612172523415,17
2023-09-23T22:30:00Z,8.988173584650134e-4,0.002790284575853008,17
2023-09-23T23:00:00Z,8.727471860974413e-4,0.00278088098469506,17
2023-09-23T23:30:00Z,7.597764391712962e-4,0.002728674967429097,17
2023-09-24T00:00:00Z,6.72875864612723e-4,0.002634524077017767,17
2023-09-24T00:30:00Z,6.641858071568654e-4,0.00261532476687788,17
2023-09-24T01:00:00Z,6.641858071568655e-4,0.002605987185903284,17
2023-09-24T01:30:00Z,6.381156347892933e-4,0.0026373742511843663,17
2023-09-24T02:00:00Z,6.641858071568654e-4,0.002597420096486516,17
2023-09-24T02:30:00Z,5.070985440526403e-4,0.0025370399462868796,17
2023-09-24T03:00:00Z,4.2955649290806754e-4,0.0024855838845922675,17
2023-09-24T03:30:00Z,3.347828748424789e-4,0.0024591762845826708,17
2023-09-24T04:00:00Z,2.2277768985587358e-4,0.002401581606234219,17
2023-09-24T04:30:00Z,2.5724082369790627e-4,0.0023856960128474216,17
2023-09-24T05:00:00Z,2.5724082369790627e-4,0.002367758192079529,17
2023-09-24T05:30:00Z,2.5724082369790627e-4,0.0023646454681919664,17
2023-09-24T06:00:00Z,6.048279989276663e-4,0.0026834449231666387,17
2023-09-24T06:30:00Z,0.0010843560359066824,0.0030951945443478336,17
2023-09-24T07:00:00Z,0.0019464270358086407,0.0034932610538696363,17
2023-09-24T07:30:00Z,0.003121552844803627,0.004501512623834921,17
2023-09-24T08:00:00Z,0.004522053636649407,0.00551951304945913,17
2023-09-24T08:30:00Z,0.005945059929960417,0.007245648766844039,17
2023-09-24T09:00:00Z,0.007773212356097722,0.008277503778770545,17
2023-09-24T09:30:00Z,0.009837992031782893,0.010377998308689618,17
2023-09-24T10:00:00Z,0.010643567785340393,0.010616745422459795,17
2023-09-24T10:30:00Z,0.013672015671708986,0.01595280585551761,17
2023-09-24T11:00:00Z,0.011914395845765332,0.014405531633541841,17
2023-09-24T11:30:00Z,0.01160640775124911,0.013489493944500674,17
2023-09-24T12:00:00Z,0.014762750587183111,0.017202155739563074,17
2023-09-24T12:30:00Z,0.014820589330249968,0.01746097350787735,17
2023-09-24T13:00:00Z,0.013754703922303666,0.016064794852981318,17
2023-09-24T13:30:00Z,0.012878860098719885,0.012882214559853855,17
2023-09-24T14:00:00Z,0.011697297204639877,0.011888866663687847,17
2023-09-24T14:30:00Z,0.010580096450401253,0.008815594447145572,17
2023-09-24T15:00:00Z,0.01038688750629936,0.008760347285052074,17
2023-09-24T15:30:00Z,0.009034424897586107,0.008022434555510874,17
2023-09-24T16:00:00Z,0.0073419398758719605,0.006897952573488564,17
2023-09-24T16:30:00Z,0.005524064062766307,0.005699735394680041,17
2023-09-24T17:00:00Z,0.004381611175902931,0.004846422459702166,17
2023-09-24T17:30:00Z,0.003633976566117346,0.004407039655374058,17
2023-09-24T18:00:00Z,0.0031047520670556385,0.0041653610712079755,17
2023-09-24T18:30:00Z,0.002827539234213787,0.0039894830247947845,17
2023-09-24T19:00:00Z,0.00255032640137195,0.0038842985945574914,17
2023-09-24T19:30:00Z,0.0023571174572700544,0.00378768379615089,17
2023-09-24T20:00:00Z,0.0021807092909161465,0.0036730089789201925,17
2023-09-24T20:30:00Z,0.0021807092909161465,0.003633726575959471,17
2023-09-24T21:00:00Z,0.002045904942638174,0.003550532576106093,17
2023-09-24T21:30:00Z,0.001959004368079604,0.003474995556860147,17
2023-09-24T22:00:00Z,0.001836293347082336,0.0034446785700567952,17
2023-09-24T22:30:00Z,0.0018194925693343423,0.0034096143886560523,17
2023-09-24T23:00:00Z,0.0017156827593156005,0.003344051933082549,17
2023-09-24T23:30:00Z,0.0016874608781422453,0.003319627300343126,17
2023-09-25T00:00:00Z,0.0016357661773791984,0.0032784949239082284,17
2023-09-25T00:30:00Z,0.0016200921273011655,0.003246763238955044,17
2023-09-25T01:00:00Z,0.0015582241262346258,0.0032195586209891776,17
2023-09-25T01:30:00Z,0.001498431322919165,0.0031599261503496854,17
2023-09-25T02:00:00Z,0.0014601065480815325,0.0031373049365814106,17
2023-09-25T02:30:00Z,0.0014031400239454806,0.0031570241277293883,17
2023-09-25T03:00:00Z,0.001437600920728164,0.003123485004153448,17
2023-09-25T03:30:00Z,0.0014289873743270043,0.003084487487016126,17
2023-09-25T04:00:00Z,0.0012739032720378595,0.0030911775408022034,17
2023-09-25T04:30:00Z,0.0012825190554983674,0.003045099024959786,17
2023-09-25T05:00:00Z,0.0013126742976101462,0.0030634666631904916,17
2023-09-25T05:30:00Z,0.0016874608781422443,0.0033793782155528656,17
2023-09-25T06:00:00Z,0.0024075197905140187,0.004386350373336233,17
2023-09-25T06:30:00Z,0.0023346742581040825,0.003907164082997218,17
2023-09-25T07:00:00Z,0.003340723503560913,0.0040852089830348635,17
2023-09-25T07:30:00Z,0.0043396092315329555,0.0047590297940513955,17
2023-09-25T08:00:00Z,0.006081881544772651,0.0063851912859648014,17
2023-09-25T08:30:00Z,0.007422958853893843,0.007884497071889141,17
2023-09-25T09:00:00Z,0.0092169402066454,0.008897870021273888,17
2023-09-25T09:30:00Z,0.011130359550859106,0.00931683164333237,17
2023-09-25T10:00:00Z,0.01232795345186972,0.009577570363750603,17
2023-09-25T10:30:00Z,0.013611705187485428,0.01626765764379093,17
2023-09-25T11:00:00Z,0.01458565785144023,0.01710743723087589,17
2023-09-25T11:30:00Z,0.01478753861992605,0.017737947821079042,17
2023-09-25T12:00:00Z,0.014820589330249961,0.01793970375165412,17
2023-09-25T12:30:00Z,0.014680123811373319,0.01678857782203528,17
2023-09-25T13:00:00Z,0.014019109604894992,0.016183446073248196,17
2023-09-25T13:30:00Z,0.013101952393406318,0.014988029112710046,17
2023-09-25T14:00:00Z,0.012391362121442121,0.013828860688246621,17
2023-09-25T14:30:00Z,0.01173935011501261,0.01045489179377192,17
2023-09-25T15:00:00Z,0.01098331511635303,0.008826781962627215,17
2023-09-25T15:30:00Z,0.009126829175200055,0.008023280413799266,17
2023-09-25T16:00:00Z,0.00735874065361995,0.007095187158377622,17
2023-09-25T16:30:00Z,0.006114354808272272,0.006118705914203873,17
2023-09-25T17:00:00Z,0.004843632563972679,0.005492819663222512,17
2023-09-25T17:30:00Z,0.004011994065447139,0.0049964316290607505,17
2023-09-25T18:00:00Z,0.003348363344401505,0.004622320338087069,17
2023-09-25T18:30:00Z,0.0030543497338116643,0.004370111235851871,17
2023-09-25T19:00:00Z,0.0028359396230877806,0.004190895314015872,17
2023-09-25T19:30:00Z,0.0026679318456078777,0.004099612139329395,17
2023-09-25T20:00:00Z,0.002516724845875958,0.004022468417236948,17
2023-09-25T20:30:00Z,0.0023151155129000787,0.00399013028335577,17
2023-09-25T21:00:00Z,0.002197510068664134,0.003948566068234189,17
2023-09-25T21:30:00Z,0.002197510068664134,0.0039245934776227145,17
2023-09-25T22:00:00Z,0.0021471077354201697,0.0038893976227763498,17
2023-09-25T22:30:00Z,0.0020967054021761946,0.00387403696545753,17
2023-09-25T23:00:00Z,0.001970699569066257,0.0038048502763814466,17
2023-09-25T23:30:00Z,0.001987500346814251,0.003753039472410106,17
2023-09-26T00:00:00Z,0.0018782952914523116,0.0037032202015903136,17
2023-09-26T00:30:00Z,0.0018950960692002998,0.0036699832214525823,17
2023-09-26T01:00:00Z,0.0017522894583423792,0.003613970909091116,17
2023-09-26T01:30:00Z,0.0018110921804603483,0.0035856680232901153,17
2023-09-26T02:00:00Z,0.0017504429891390294,0.0034137819747247166,17
2023-09-26T02:30:00Z,0.0016287821847570248,0.0033445972943829806,17
2023-09-26T03:00:00Z,0.001428910863272307,0.003288493191406406,17
2023-09-26T03:30:00Z,0.0013593904036254489,0.0032126614880648423,17
2023-09-26T04:00:00Z,0.0013507003461695917,0.003230709903220926,17
2023-09-26T04:30:00Z,0.001342010288713734,0.0031762934235825525,17
2023-09-26T05:00:00Z,0.001273903272037859,0.0031838925786175296,17
2023-09-26T05:30:00Z,0.0015071213803750237,0.0033918686457157453,17
2023-09-26T06:00:00Z,0.002245776264122893,0.003774341792965293,17
2023-09-26T06:30:00Z,0.004737448223162103,0.005533815414883696,17
2023-09-26T07:00:00Z,0.006149084655764615,0.006213354986367599,17
2023-09-26T07:30:00Z,0.007313346892927323,0.006880895695049188,17
2023-09-26T08:00:00Z,0.008287792002310782,0.007894011227688529,17
2023-09-26T08:30:00Z,0.010182273029792667,0.009109038446920018,17
2023-09-26T09:00:00Z,0.010925493875932592,0.00949815953960202,17
2023-09-26T09:30:00Z,0.012763050516625378,0.011399779820588204,17
2023-09-26T10:00:00Z,0.013784020856695596,0.014106548361369705,17
2023-09-26T10:30:00Z,0.014750768943101528,0.017243876788636578,17
2023-09-26T11:00:00Z,0.01545681550398529,0.017371497800353554,17
2023-09-26T11:30:00Z,0.015275036597203813,0.0172696991711072,17
2023-09-26T12:00:00Z,0.014638810423468422,0.01646602309320943,17
2023-09-26T12:30:00Z,0.014407455451201014,0.01610373904580204,17
2023-09-26T13:00:00Z,0.013738178567141707,0.015831160790326655,17
2023-09-26T13:30:00Z,0.01341942788981169,0.015003916329377275,17
2023-09-26T14:00:00Z,0.013201017779087807,0.013966750234177986,17
2023-09-26T14:30:00Z,0.01278099833538804,0.010664669035955792,17
2023-09-26T15:00:00Z,0.011588143115280704,0.00888171338120536,17
2023-09-26T15:30:00Z,0.009975268451473587,0.008265964688520115,17
2023-09-26T16:00:00Z,0.0073155969133341615,0.007206856958819892,17
2023-09-26T16:30:00Z,0.005405456904020102,0.006138829942598198,17
2023-09-26T17:00:00Z,0.004364810398154942,0.005286648031933564,17
2023-09-26T17:30:00Z,0.0035751738439993826,0.004779292992991382,17
2023-09-26T18:00:00Z,0.003062750122685658,0.004473574742975836,17
2023-09-26T18:30:00Z,0.002768736512095823,0.004284423459538028,17
2023-09-26T19:00:00Z,0.0024831232903799755,0.004157960648549524,17
2023-09-26T19:30:00Z,0.00223951201303411,0.004017351861620102,17
2023-09-26T20:00:00Z,0.002155508124294154,0.003935722714324422,17
2023-09-26T20:30:00Z,0.002113506179924178,0.003914737547686076,17
2023-09-26T21:00:00Z,0.0018950960692003052,0.0039296301147680466,17
2023-09-26T21:30:00Z,0.0017119712419427446,0.00401413332350952,17
2023-09-26T22:00:00Z,0.001735488680594391,0.003816684585431494,17
2023-09-26T22:30:00Z,0.0017438890694683852,0.003717550195022066,17
2023-09-26T23:00:00Z,0.001685086347350416,0.003606381598518325,17
2023-09-26T23:30:00Z,0.0016027120123894517,0.003533549232071776,17
2023-09-27T00:00:00Z,0.0014918774032485252,0.003526248989539465,17
2023-09-27T00:30:00Z,0.001575881291988478,0.0034882038394013805,17
2023-09-27T01:00:00Z,0.0014993095634830789,0.0034151594585618388,17
2023-09-27T01:30:00Z,0.00142022080581645,0.00339496821083865,17
2023-09-27T02:00:00Z,0.0013773684346670178,0.003295504197757244,17
2023-09-27T02:30:00Z,0.001325597972800908,0.0032417379424302026,17
2023-09-27T03:00:00Z,0.001005392414852981,0.0031614554525479033,17
2023-09-27T03:30:00Z,0.0010030980479353005,0.003029894697749904,17
2023-09-27T04:00:00Z,8.153508304904631e-4,0.0029664522413253274,17
2023-09-27T04:30:00Z,7.823001201665465e-4,0.0028836691293517573,17
2023-09-27T05:00:00Z,6.229152501308072e-4,0.0028461894942198762,17
2023-09-27T05:30:00Z,5.545731033593195e-4,0.002875235862471555,17
2023-09-27T06:00:00Z,0.0011446665201302376,0.00299983108985611,17
2023-09-27T06:30:00Z,0.0023229261510715666,0.003703763255367444,17
2023-09-27T07:00:00Z,0.004556516770491443,0.005086903796841811,17
2023-09-27T07:30:00Z,0.0062867706638178615,0.006527539103770954,17
2023-09-27T08:00:00Z,0.00854206150727696,0.007936433987173381,17
2023-09-27T08:30:00Z,0.010395842238453567,0.009308651940540867,17
2023-09-27T09:00:00Z,0.01226670850632304,0.011368054264694798,17
2023-09-27T09:30:00Z,0.013878794474761182,0.016910216183570914,17
2023-09-27T10:00:00Z,0.01514531464345586,0.017851742310217595,17
2023-09-27T10:30:00Z,0.0161508804207876,0.01933137577692174,17
2023-09-27T11:00:00Z,0.015572492990119077,0.019099555438785516,17
2023-09-27T11:30:00Z,0.015481603536728266,0.01836366769992455,17
2023-09-27T12:00:00Z,0.015266773919622811,0.01866067656521483,17
2023-09-27T12:30:00Z,0.014217413866838493,0.01577646812206431,17
2023-09-27T13:00:00Z,0.014328960014181711,0.016900675768187507,17
2023-09-27T13:30:00Z,0.014680123811373319,0.01733121671509196,17
2023-09-27T14:00:00Z,0.013402627112063697,0.015059760390301635,17
2023-09-27T14:30:00Z,0.012856601835254002,0.014130008942517733,17
2023-09-27T15:00:00Z,0.011861155753685546,0.009237806380207244,17
2023-09-27T15:30:00Z,0.01016847739557548,0.008366752491414503,17
2023-09-27T16:00:00Z,0.00821958717680855,0.007714480143382776,17
2023-09-27T16:30:00Z,0.00614934244240029,0.006490820968554201,17
2023-09-27T17:00:00Z,0.00464202323099679,0.005618940690869764,17
2023-09-27T17:30:00Z,0.003869187454589217,0.005125145846322024,17
2023-09-27T18:00:00Z,0.0032559590667875587,0.004743890785817411,17
2023-09-27T18:30:00Z,0.0029787462339457066,0.004577534858658068,17
2023-09-27T19:00:00Z,0.002617529512363908,0.0043994891158056805,17
2023-09-27T19:30:00Z,0.002449521734884005,0.004279677190118853,17
2023-09-27T20:00:00Z,0.0023151155129000726,0.004110879695177222,17
2023-09-27T20:30:00Z,0.0020799046244281967,0.004057912060355969,17
2023-09-27T21:00:00Z,0.0020463030689322147,0.004049148756051481,17
2023-09-27T21:30:00Z,0.0020799046244281967,0.004006153790868871,17
2023-09-27T22:00:00Z,0.0019538987913182743,0.0038602164444855543,17
2023-09-27T22:30:00Z,0.0019370980135702805,0.0037621772509443905,17
2023-09-27T23:00:00Z,0.0016800777747990761,0.0036679709238933555,17
2023-09-27T23:30:00Z,0.0015418816101984525,0.0035345303636240806,17
2023-09-28T00:00:00Z,0.0013936272518424925,0.0034551928009490668,17
2023-09-28T00:30:00Z,0.0012551097141551614,0.0033156110040259016,17
2023-09-28T01:00:00Z,0.001151130818792982,0.003377949462278841,17
2023-09-28T01:30:00Z,0.0012652874885773515,0.003340097291507551,17
2023-09-28T02:00:00Z,0.0013918080337290207,0.0034700733387235724,17
2023-09-28T02:30:00Z,0.0014791991760471981,0.0035341671615859997,17
2023-09-28T03:00:00Z,0.0015720613715681812,0.003580538451810172,17
2023-09-28T03:30:00Z,0.0015496083427741154,0.003455718409969788,17
2023-09-28T04:00:00Z,0.0012911348389588759,0.0033518934773885106,17
2023-09-28T04:30:00Z,0.0013600611066429402,0.003330171082751313,17
2023-09-28T05:00:00Z,0.0014582758477525437,0.003455740226759685,17
2023-09-28T05:30:00Z,0.0015920425231024959,0.003691758170374898,17
2023-09-28T06:00:00Z,0.002269582084742775,0.004306982110634609,17
2023-09-28T06:30:00Z,0.0037196820002046026,0.005603610695821995,17
2023-09-28T07:00:00Z,0.006918528615849538,0.007516991233803468,17
2023-09-28T07:30:00Z,0.00917457670532377,0.008650123402269741,17
2023-09-28T08:00:00Z,0.011466375105818917,0.014786198841857277,17
2023-09-28T08:30:00Z,0.011518069806581958,0.014560531338442258,17
2023-09-28T09:00:00Z,0.013068910829473417,0.016675476425502468,17
2023-09-28T09:30:00Z,0.014214810029720996,0.01775171456878682,17
2023-09-28T10:00:00Z,0.01537794079688959,0.018526685563882782,17
2023-09-28T10:30:00Z,0.015985626869168067,0.019768994219710685,17
2023-09-28T11:00:00Z,0.015506391569471258,0.019192542612280653,17
2023-09-28T11:30:00Z,0.015018893592193463,0.018464687342303714,17
2023-09-28T12:00:00Z,0.014952792171545628,0.018730008950287955,17
2023-09-28T12:30:00Z,0.014242201899581433,0.01761165405364998,17
2023-09-28T13:00:00Z,0.013957052777747394,0.01638868692620298,17
2023-09-28T13:30:00Z,0.013898250055629422,0.015492857916961483,17
2023-09-28T14:00:00Z,0.013730242278149521,0.015116843040983725,17
2023-09-28T14:30:00Z,0.012944805918430946,0.012395913682306275,17
2023-09-28T15:00:00Z,0.012058564892224441,0.009182919632750836,17
2023-09-28T15:30:00Z,0.01062209839477123,0.0084993135157571,17
2023-09-28T16:00:00Z,0.008244788343430544,0.007709388237645987,17
2023-09-28T16:30:00Z,0.005959882569703797,0.006585874822139203,17
2023-09-28T17:00:00Z,0.004759628675232723,0.005968934968749343,17
2023-09-28T17:30:00Z,0.003919589787833188,0.005452572540046251,17
2023-09-28T18:00:00Z,0.0033483633444015095,0.005163795691473991,17
2023-09-28T18:30:00Z,0.0030207481783156827,0.005032557465390913,17
2023-09-28T19:00:00Z,0.0028947423452057503,0.005030570241109453,17
2023-09-28T19:30:00Z,0.0027519357343478235,0.004900265513331982,17
2023-09-28T20:00:00Z,0.0026007287346159194,0.004688138123957669,17
2023-09-28T20:30:00Z,0.002575527567993932,0.0045850356963840315,17
2023-09-28T21:00:00Z,0.00254192601249795,0.004545017270204476,17
2023-09-28T21:30:00Z,0.002575527567993932,0.004586591933713355,17
2023-09-28T22:00:00Z,0.00254192601249795,0.004636056805492464,17
2023-09-28T22:30:00Z,0.00254192601249795,0.004538649365838747,17
2023-09-28T23:00:00Z,0.002441121346010005,0.004419514910635387,17
2023-09-28T23:30:00Z,0.002399119401640024,0.004317476322711298,17
2023-09-29T00:00:00Z,0.002264713179656098,0.004318667475944778,17
2023-09-29T00:30:00Z,0.0022731135685300926,0.004437295944793068,17
2023-09-29T01:00:00Z,0.00239911940164003,0.004498699757668186,17
2023-09-29T01:30:00Z,0.002415920179388018,0.0044533911644827305,17
2023-09-29T02:00:00Z,0.0023403166795220556,0.004320834649152126,17
2023-09-29T02:30:00Z,0.0022899143462780805,0.004246832575915793,17
2023-09-29T03:00:00Z,0.0022899143462780857,0.004250922800117378,17
2023-09-29T03:30:00Z,0.002163908513168153,0.004192566271751368,17
2023-09-29T04:00:00Z,0.0021471077354201697,0.0040810048370177,17
2023-09-29T04:30:00Z,0.0020211019023102374,0.004028279404100137,17
2023-09-29T05:00:00Z,0.0019286976246962867,0.004031180634795768,17
2023-09-29T05:30:00Z,0.0025145760903510232,0.0047234053538656815,17
2023-09-29T06:00:00Z,0.003946905633681529,0.006005801666172437,17
2023-09-29T06:30:00Z,0.004740122681455516,0.006764941504703864,17
2023-09-29T07:00:00Z,0.005458975631000693,0.007017605658328214,17
2023-09-29T07:30:00Z,0.006011286617458038,0.007349325185197455,17
2023-09-29T08:00:00Z,0.007128538337699422,0.007672510463804132,17
2023-09-29T08:30:00Z,0.010268781204808291,0.012150630641325254,17
2023-09-29T09:00:00Z,0.011242364735845705,0.014384887478695303,17
2023-09-29T09:30:00Z,0.013672015671708983,0.01637416510576107,17
2023-09-29T10:00:00Z,0.015601951166862792,0.019399177589625474,17
2023-09-29T10:30:00Z,0.015250248564460897,0.018377916792370563,17
2023-09-29T11:00:00Z,0.01558075566770004,0.01914426442148261,17
2023-09-29T11:30:00Z,0.015531179602214163,0.019037151384603986,17
2023-09-29T12:00:00Z,0.01523372320929892,0.018727762788104323,17
2023-09-29T12:30:00Z,0.01525851124204187,0.018849750092722075,17
2023-09-29T13:00:00Z,0.013994321572152059,0.01778312177797397,17
2023-09-29T13:30:00Z,0.012033363725602455,0.015547630554230096,17
2023-09-29T14:00:00Z,0.012167769947586381,0.014873720859311325,17
2023-09-29T14:30:00Z,0.010664100339141202,0.01249156025074095,17
2023-09-29T15:00:00Z,0.008220588891318817,0.007874755658165285,17
2023-09-29T15:30:00Z,0.008244788343430544,0.008107182450755542,17
2023-09-29T16:00:00Z,0.00661931309631243,0.00696044095259661,17
2023-09-29T16:30:00Z,0.004986439174830601,0.0062653991064143995,17
2023-09-29T17:00:00Z,0.004255605342793004,0.00579562451685715,17
2023-09-29T17:30:00Z,0.003650777343865339,0.005398611333588885,17
2023-09-29T18:00:00Z,0.003314761788905518,0.005155848476984269,17
2023-09-29T18:30:00Z,0.00308795128930765,0.005017229234224467,17
2023-09-29T19:00:00Z,0.0028023380675918043,0.0048438177884178426,17
2023-09-29T19:30:00Z,0.002533525623623951,0.004571685756523883,17
2023-09-29T20:00:00Z,0.0023991194016400245,0.004423235583214777,17
2023-09-29T20:30:00Z,0.0015920425231024948,0.003960830985882239,17
2023-09-29T21:00:00Z,0.001414394955111442,0.0036063985795299785,17
2023-09-29T21:30:00Z,0.0013514453231824322,0.003486873571711525,17
2023-09-29T22:00:00Z,0.0013606875508350813,0.003376728073028844,17
2023-09-29T22:30:00Z,0.0013152428241396965,0.0033512841749390415,17
2023-09-29T23:00:00Z,0.0011789086440535418,0.0032728479581295095,17
2023-09-29T23:30:00Z,0.00109297181936719,0.003240416452907655,17
2023-09-30T00:00:00Z,0.0010813085650380153,0.0031818573418863775,17
2023-09-30T00:30:00Z,9.929983984815127e-4,0.0031306369716091616,17
2023-09-30T01:00:00Z,9.075074159208692e-4,0.003094758523361601,17
2023-09-30T01:30:00Z,8.814372435532982e-4,0.0031180796197552594,17
2023-09-30T02:00:00Z,6.902559795244382e-4,0.0030150178639136447,17
2023-09-30T02:30:00Z,6.55495749701009e-4,0.002970862489672397,17
2023-09-30T03:00:00Z,5.207998591352205e-4,0.002966345510948828,17
2023-09-30T03:30:00Z,5.685951751424357e-4,0.0029365170480762878,17
2023-09-30T04:00:00Z,5.425250027748636e-4,0.0028749180328844896,17
2023-09-30T04:30:00Z,5.077647729514345e-4,0.0027745033103676706,17
2023-09-30T05:00:00Z,4.469343707604333e-4,0.002822480879153801,17
2023-09-30T05:30:00Z,3.774139111135751e-4,0.0028158551461778306,17
2023-09-30T06:00:00Z,3.2527356637843195e-4,0.002878820013579466,17
2023-09-30T06:30:00Z,3.5134373874600344e-4,0.0031865684535674834,17
2023-09-30T07:00:00Z,7.339712386344746e-4,0.0033759030916719803,17
2023-09-30T07:30:00Z,0.0018018172819389698,0.0038921082422325665,17
2023-09-30T08:00:00Z,0.0037751967699656795,0.005200034696434534,17
2023-09-30T08:30:00Z,0.005241842657373116,0.00699199767905532,17
2023-09-30T09:00:00Z,0.0076237356824323125,0.008765723801901097,17
2023-09-30T09:30:00Z,0.008674861264614302,0.008465865098446186,17
2023-09-30T10:00:00Z,0.00979491311448035,0.014656769577965592,17
2023-09-30T10:30:00Z,0.011561148723884505,0.016538975697016598,17
2023-09-30T11:00:00Z,0.012052592340621986,0.015978748471927994,17
2023-09-30T11:30:00Z,0.009657055388772028,0.015824687806062516,17
2023-09-30T12:00:00Z,0.010846241413799038,0.01537919559898201,17
2023-09-30T12:30:00Z,0.011075143065793536,0.01553388916419988,17
2023-09-30T13:00:00Z,0.011663746615146658,0.014151522134951165,17
2023-09-30T13:30:00Z,0.011076220251222112,0.014139673319073873,17
2023-09-30T14:00:00Z,0.01066460119639634,0.009794387051400389,17
2023-09-30T14:30:00Z,0.010286082839811415,0.009008030430515953,17
2023-09-30T15:00:00Z,0.009513247063403842,0.008557939762623135,17
2023-09-30T15:30:00Z,0.007304946504053329,0.007622155096290502,17
2023-09-30T16:00:00Z,0.005910481950970088,0.006941553448453563,17
2023-09-30T16:30:00Z,0.004596204795337542,0.005555980060556635,17
2023-09-30T17:00:00Z,0.003927990176707181,0.005677320450335811,17
2023-09-30T17:30:00Z,0.003144400594568382,0.004687286742148596,17
2023-09-30T18:00:00Z,0.0029625968302974437,0.0048442497549970286,17
2023-09-30T18:30:00Z,0.002617529512363908,0.004725401771998038,17
2023-09-30T19:00:00Z,0.002373918235018042,0.004535727638765299,17
2023-09-30T19:30:00Z,0.00223951201303411,0.004457134155063811,17
2023-09-30T20:00:00Z,0.002054703457806209,0.00434303709497596,17
2023-09-30T20:30:00Z,0.0020379026800582205,0.004263562255234751,17
2023-09-30T21:00:00Z,0.001941624253167892,0.004178343999341292,17
2023-09-30T21:30:00Z,0.0018243084775138182,0.004080932351687248,17
2023-09-30T22:00:00Z,0.0017156827593156005,0.003995457871947971,17
2023-09-30T22:30:00Z,0.0016094828474844584,0.003931901860255345,17
2023-09-30T23:00:00Z,0.0015237609923925966,0.003807977322944172,17
2023-09-30T23:30:00Z,0.0014505331119566544,0.0037212540213705392,17
2023-10-01T00:00:00Z,0.001376770518537163,0.0036804340671224532,17
2023-10-01T00:30:00Z,0.001342010288713734,0.003627334466599922,17
2023-10-01T01:00:00Z,0.0012898699439785905,0.0035604753886295843,17
2023-10-01T01:30:00Z,0.0012898699439785905,0.003579691386306393,17
2023-10-01T02:00:00Z,0.0013680804610813058,0.0036001833218079564,17
2023-10-01T02:30:00Z,0.0013680804610813058,0.003612773925247142,17
2023-10-01T03:00:00Z,0.0013910727367605809,0.0036293585479753765,17
2023-10-01T03:30:00Z,0.001350700346169591,0.003626837455966848,17
2023-10-01T04:00:00Z,0.0013154692368946225,0.003625639321158231,17
2023-10-01T04:30:00Z,0.0012986684591466324,0.003659236027174506,17
2023-10-01T05:00:00Z,0.0013070688480206272,0.0036601119661478585,17
2023-10-01T05:30:00Z,0.0014202208058164492,0.003753379604699889,17
2023-10-01T06:00:00Z,0.002247486803075274,0.004701140593164532,17
2023-10-01T06:30:00Z,0.0039901847151478055,0.006539185933141092,17
2023-10-01T07:00:00Z,0.005456860951774344,0.007526262257461871,17
2023-10-01T07:30:00Z,0.007019333282337477,0.0081314039031924,17
2023-10-01T08:00:00Z,0.007901374114107,0.008362868431653202,17
2023-10-01T08:30:00Z,0.008700708614995821,0.009940762726402926,17
2023-10-01T09:00:00Z,0.010372170606334396,0.014788283379780004,17
2023-10-01T09:30:00Z,0.011879932711923304,0.016323592084054483,17
2023-10-01T10:00:00Z,0.012698432140671569,0.017404893822763456,17
2023-10-01T10:30:00Z,0.013334289577796784,0.01827840038072607,17
2023-10-01T11:00:00Z,0.013548136982779192,0.017567559906722752,17
2023-10-01T11:30:00Z,0.01369686517923682,0.017652571611860894,17
2023-10-01T12:00:00Z,0.01294496151936772,0.016666351396663108,17
2023-10-01T12:30:00Z,0.012482251574832896,0.016328871207181874,17
2023-10-01T13:00:00Z,0.01221817228083035,0.015304897615398817,17
2023-10-01T13:30:00Z,0.01178135205938259,0.012302649200096511,17
2023-10-01T14:00:00Z,0.011487338448792747,0.009218134249803696,17
2023-10-01T14:30:00Z,0.011252127560320882,0.008974112307512098,17
2023-10-01T15:00:00Z,0.009815661062867671,0.008437791664175276,17
2023-10-01T15:30:00Z,0.008463198454154417,0.008193502248699679,17
2023-10-01T16:00:00Z,0.006942395482635321,0.007437586300651663,17
2023-10-01T16:30:00Z,0.005188048507806491,0.00660969326451859,17
2023-10-01T17:00:00Z,0.004112798731935083,0.006050361382664654,17
2023-10-01T17:30:00Z,0.003549972677377395,0.005612676512755874,17
2023-10-01T18:00:00Z,0.00313835362255162,0.005291980589960899,17
2023-10-01T18:30:00Z,0.002793937678717805,0.005163724166250527,17
2023-10-01T19:00:00Z,0.002575527567993932,0.004989359801448036,17
2023-10-01T19:30:00Z,0.002357117457270049,0.004819564480333333,17
2023-10-01T20:00:00Z,0.0022143108464121285,0.0046463626030043455,17
2023-10-01T20:30:00Z,0.00209670540217619,0.0045193655140308075,17
2023-10-01T21:00:00Z,0.0020547034578062193,0.004426824592426869,17
2023-10-01T21:30:00Z,0.0019118968469482936,0.004343773655772866,17
2023-10-01T22:00:00Z,0.0018530941248303243,0.004293481275175687,17
2023-10-01T22:30:00Z,0.0018110921804603479,0.004316793237779167,17
2023-10-01T23:00:00Z,0.00184469373595633,0.004331286528995126,17
2023-10-01T23:30:00Z,0.0018194925693343423,0.004308031633520498,17
2023-10-02T00:00:00Z,0.0018194925693343423,0.004310175710821143,17
2023-10-02T00:30:00Z,0.0018194925693343423,0.004298975828084661,17
2023-10-02T01:00:00Z,0.001836293347082336,0.004266087405952318,17
2023-10-02T01:30:00Z,0.001794291402712355,0.004263754227655315,17
2023-10-02T02:00:00Z,0.0017270882917203969,0.004269385352384051,17
2023-10-02T02:30:00Z,0.0017270882917203917,0.004243538891348106,17
2023-10-02T03:00:00Z,0.0016934867362244103,0.0042433098490872925,17
2023-10-02T03:30:00Z,0.001710287513972403,0.004229497310407787,17
2023-10-02T04:00:00Z,0.0017690902360903724,0.004218333036439028,17
2023-10-02T04:30:00Z,0.0017438890694683852,0.004227582657749256,17
2023-10-02T05:00:00Z,0.0017102875139724085,0.004235050518373189,17
2023-10-02T05:30:00Z,0.002254466321578749,0.004608033092622892,17
2023-10-02T06:00:00Z,0.004201039191690779,0.006362606629171051,17
2023-10-02T06:30:00Z,0.005708872617994209,0.007467148003269839,17
2023-10-02T07:00:00Z,0.007128538337699422,0.008146649228506126,17
2023-10-02T07:30:00Z,0.00834746149311499,0.008563207713854083,17
2023-10-02T08:00:00Z,0.010234318070966265,0.012083594067295327,17
2023-10-02T08:30:00Z,0.011862701145002284,0.015196918716909397,17
2023-10-02T09:00:00Z,0.012922442510644776,0.01673323761780532,17
2023-10-02T09:30:00Z,0.013491084219038321,0.01733941802224074,17
2023-10-02T10:00:00Z,0.014333646185220372,0.018497301007936746,17
2023-10-02T10:30:00Z,0.014724698770733959,0.01862619351683278,17
2023-10-02T11:00:00Z,0.014737962554440173,0.018701331428546145,17
2023-10-02T11:30:00Z,0.014353748046924658,0.017922639925494182,17
2023-10-02T12:00:00Z,0.014019109604894999,0.018691034603086,17
2023-10-02T12:30:00Z,0.013572925015522135,0.01745502713667945,17
2023-10-02T13:00:00Z,0.013402627112063702,0.016840491941489438,17
2023-10-02T13:30:00Z,0.013016209223859916,0.01551551988947779,17
2023-10-02T14:00:00Z,0.01261299055790813,0.014786027335361785,17
2023-10-02T14:30:00Z,0.012276975002948316,0.01065873192577736,17
2023-10-02T15:00:00Z,0.010941313171983059,0.009027383146243831,17
2023-10-02T15:30:00Z,0.008656407398256308,0.008219103912041191,17
2023-10-02T16:00:00Z,0.007215934042762028,0.007461048677036716,17
2023-10-02T16:30:00Z,0.005398058229656374,0.006725859936433057,17
2023-10-02T17:00:00Z,0.004448814286894894,0.006257151641716965,17
2023-10-02T17:30:00Z,0.0038439862879672353,0.0059522157720874646,17
2023-10-02T18:00:00Z,0.003482769566385426,0.0057189977749262785,17
2023-10-02T18:30:00Z,0.003331562566653516,0.005632287388118508,17
2023-10-02T19:00:00Z,0.0031887559557955956,0.005597920242519222,17
2023-10-02T19:30:00Z,0.003079550900433651,0.005574797595297618,17
2023-10-02T20:00:00Z,0.003020748178315687,0.005585074780372343,17
2023-10-02T20:30:00Z,0.002886341956331761,0.005503286547853555,17
2023-10-02T21:00:00Z,0.0026506302106047543,0.005640799536525108,17
2023-10-02T21:30:00Z,0.002768736512095823,0.005286025548173008,17
2023-10-02T22:00:00Z,0.002701533401103859,0.005152956073992823,17
2023-10-02T22:30:00Z,0.002634330290111896,0.005068742438196095,17
2023-10-02T23:00:00Z,0.00264273067898589,0.005024842287611323,17
2023-10-02T23:30:00Z,0.002575527567993932,0.005074438612346934,17
2023-10-03T00:00:00Z,0.00264273067898589,0.004980973477786683,17
2023-10-03T00:30:00Z,0.002617529512363908,0.004877344408182772,17
2023-10-03T01:00:00Z,0.002516724845875968,0.004801408973249176,17
2023-10-03T01:30:00Z,0.002382318623892042,0.004819628843832938,17
2023-10-03T02:00:00Z,0.0022815139574040963,0.004810351047978328,17
2023-10-03T02:30:00Z,0.0021807092909161517,0.004721253223866336,17
2023-10-03T03:00:00Z,0.0019580989857552714,0.004619356714681494,17
2023-10-03T03:30:00Z,0.0017976898343068151,0.004728677878496838,17
2023-10-03T04:00:00Z,0.0019118968469482986,0.004457295627267061,17
2023-10-03T04:30:00Z,0.0018782952914523166,0.004444337542075435,17
2023-10-03T05:00:00Z,0.0018194925693343475,0.004423444829484299,17
2023-10-03T05:30:00Z,0.0019622991801922685,0.004425410726784142,17
2023-10-03T06:00:00Z,0.002928133696455415,0.005538157767665865,17
2023-10-03T06:30:00Z,0.00463362284212279,0.006811403296828161,17
2023-10-03T07:00:00Z,0.006406104894535819,0.008008436126815644,17
2023-10-03T07:30:00Z,0.007800569447619049,0.008574985617377356,17
2023-10-03T08:00:00Z,0.008632207946144593,0.011706053541240305,17
2023-10-03T08:30:00Z,0.010070618185216611,0.014467739180361977,17
2023-10-03T09:00:00Z,0.011457759322358405,0.01575536881474325,17
2023-10-03T09:30:00Z,0.011948858979607362,0.01610331032427128,17
2023-10-03T10:00:00Z,0.012465726219670936,0.016700162871745895,17
2023-10-03T10:30:00Z,0.011895601466583383,0.01630211031589022,17
2023-10-03T11:00:00Z,0.010284379338292461,0.01438863524542987,17
2023-10-03T11:30:00Z,0.010565310376045755,0.014518874840440973,17
2023-10-03T12:00:00Z,0.011924520838116813,0.015548730342707146,17
2023-10-03T12:30:00Z,0.013258943267444926,0.016898789415270194,17
2023-10-03T13:00:00Z,0.011738610592544779,0.015480387327143434,17
2023-10-03T13:30:00Z,0.009466374257775538,0.01236697128464237,17
2023-10-03T14:00:00Z,0.005944083506466075,0.006194958356532629,17
2023-10-03T14:30:00Z,0.0031349124995076047,0.005183325379866189,17
2023-10-03T15:00:00Z,0.0023729165205077715,0.004562665492734282,17
2023-10-03T15:30:00Z,0.001872973560855779,0.004019264663611424,17
2023-10-03T16:00:00Z,0.001692485021714144,0.003653595424964126,17
2023-10-03T16:30:00Z,0.0016616135277607196,0.0033423420332870536,17
2023-10-03T17:00:00Z,0.0019360962990600103,0.0030131367741743184,17
2023-10-03T17:30:00Z,0.0020116997989259675,0.00289366602548895,17
2023-10-03T18:00:00Z,0.0018184908548240719,0.0027555992610658647,17
2023-10-03T18:30:00Z,0.0015328776331082349,0.0025929440307690317,17
2023-10-03T19:00:00Z,0.0013941506334488772,0.0024553739306791057,17
2023-10-03T19:30:00Z,0.0014261448861934423,0.0024300090833360433,17
2023-10-03T20:00:00Z,0.0013072500588903048,0.0023716678204537735,17
2023-10-03T20:30:00Z,0.0012811798865227332,0.0023729208881777954,17
2023-10-03T21:00:00Z,0.0012123662660348895,0.0023674756938319645,17
2023-10-03T21:30:00Z,0.0011334489097731596,0.0023346433608445244,17
2023-10-03T22:00:00Z,0.001029168220302872,0.0023746826345134747,17
2023-10-03T22:30:00Z,9.389976789489384e-4,0.002444057807715749,17
2023-10-03T23:00:00Z,7.597764391712962e-4,0.0023375094874164394,17
2023-10-03T23:30:00Z,6.207355198775793e-4,0.002286015838116512,17
2023-10-04T00:00:00Z,6.120454624217223e-4,0.0023729455173309884,17
2023-10-04T00:30:00Z,4.898669771316237e-4,0.0023168327465805812,17
2023-10-04T01:00:00Z,3.820243573708684e-4,0.00225917071478743,17
2023-10-04T01:30:00Z,3.568231907488825e-4,0.002248996519240224,17
2023-10-04T02:00:00Z,3.1658350892257493e-4,0.0022708014188249155,17
2023-10-04T02:30:00Z,3.1658350892257493e-4,0.0022708992872897773,17
2023-10-04T03:00:00Z,2.476181353869416e-4,0.0022498865493295406,17
2023-10-04T03:30:00Z,1.8041502439497967e-4,0.0022942285174508983,17
2023-10-04T04:00:00Z,2.0554612293485799e-4,0.0023177247363212307,17
2023-10-04T04:30:00Z,1.8041502439497967e-4,0.002300246096366677,17
2023-10-04T05:00:00Z,1.9492270454057252e-4,0.0022462071621903545,17
2023-10-04T05:30:00Z,1.4523563871130134e-4,0.002253362914076885,17
2023-10-04T06:00:00Z,1.366198552507931e-4,0.002361706355548172,17
2023-10-04T06:30:00Z,3.687238536577181e-4,0.0027017050869241363,17
2023-10-04T07:00:00Z,6.570863235165503e-4,0.003033261502666166,17
2023-10-04T07:30:00Z,0.0012615354198633327,0.003350982098574842,17
2023-10-04T08:00:00Z,0.001979099957940257,0.004045926392437343,17
2023-10-04T08:30:00Z,0.002567127179119938,0.004698589155897514,17
2023-10-04T09:00:00Z,0.0032727598445355423,0.005042949089049252,17
2023-10-04T09:30:00Z,0.004709226341988754,0.006043531410721739,17
2023-10-04T10:00:00Z,0.007408341095919614,0.007657177267303657,17
2023-10-04T10:30:00Z,0.008200993174286356,0.00779782206983258,17
2023-10-04T11:00:00Z,0.0080204056811042,0.007680809796768809,17
2023-10-04T11:30:00Z,0.008441802237734131,0.008040772000940576,17
2023-10-04T12:00:00Z,0.008755783985811337,0.008290860966443913,17
2023-10-04T12:30:00Z,0.010065418382396513,0.00867080477729627,17
2023-10-04T13:00:00Z,0.009664678519719033,0.011821793688181502,17
2023-10-04T13:30:00Z,0.009446043952411878,0.008871721474507165,17
2023-10-04T14:00:00Z,0.008565004835152627,0.008188226136444219,17
2023-10-04T14:30:00Z,0.007926575280728982,0.007790336937681832,17
2023-10-04T15:00:00Z,0.006775722004991616,0.007006589391492274,17
2023-10-04T15:30:00Z,0.005702415970739017,0.0060846295637395015,17
2023-10-04T16:00:00Z,0.004470358935886355,0.005171292345794697,17
2023-10-04T16:30:00Z,0.0035312385386909776,0.004456844433141951,17
2023-10-04T17:00:00Z,0.002833360078389824,0.0038786178785526065,17
2023-10-04T17:30:00Z,0.0022283961492111804,0.003489513811063287,17
2023-10-04T18:00:00Z,0.0019155540808003138,0.003294839725177493,17
2023-10-04T18:30:00Z,0.0016722324720363103,0.0031645515602386955,17
2023-10-04T19:00:00Z,0.0016212506922991356,0.003062274126614621,17
2023-10-04T19:30:00Z,0.0013686768901034474,0.0029459589044337165,17
2023-10-04T20:00:00Z,0.0011928552201073439,0.0028849383851969335,17
2023-10-04T20:30:00Z,9.77027875567728e-4,0.002818441645278798,17
2023-10-04T21:00:00Z,8.431140990124558e-4,0.0027403109286334676,17
2023-10-04T21:30:00Z,7.741878313283907e-4,0.0026728547989753357,17
2023-10-04T22:00:00Z,7.337062668037244e-4,0.0026977013533839205,17
2023-10-04T22:30:00Z,6.554957497010085e-4,0.0026877979033743354,17
2023-10-04T23:00:00Z,5.587932448156885e-4,0.0025845987293933803,17
2023-10-04T23:30:00Z,4.6060265154852407e-4,0.002551218643627194,17
2023-10-05T00:00:00Z,4.12324925987052e-4,0.0025629900741779843,17
2023-10-05T00:30:00Z,2.5724082369790627e-4,0.0025383178063125467,17
2023-10-05T01:00:00Z,2.141619063953658e-4,0.0024690560489597276,17
2023-10-05T01:30:00Z,1.3001269115100626e-4,0.002398099159205881,17
2023-10-05T02:00:00Z,5.907780410622014e-5,0.0023339886481916644,17
2023-10-05T02:30:00Z,-5.008572551343711e-6,0.0023763904165593546,17
2023-10-05T03:00:00Z,2.019259407064237e-5,0.0023130840797014707,17
2023-10-05T03:30:00Z,1.1792205196647182e-5,0.002335563387018712,17
2023-10-05T04:00:00Z,6.769358756672812e-5,0.002355848402456236,17
2023-10-05T04:30:00Z,1.3661985525079294e-4,0.002366027306095823,17
2023-10-05T05:00:00Z,1.2407246915071026e-5,0.0023565729409471933,17
2023-10-05T05:30:00Z,3.3918163226516097e-6,0.0023593886463478516,17
2023-10-05T06:00:00Z,4.006858041075665e-6,0.0025042466480942644,17
2023-10-05T06:30:00Z,1.3661985525079294e-4,0.0027906808021919173,17
2023-10-05T07:00:00Z,6.033554049658647e-4,0.003118831485016934,17
2023-10-05T07:30:00Z,9.9879705737399e-4,0.0034172107952465066,17
2023-10-05T08:00:00Z,0.0021154254022850323,0.004326782953712997,17
2023-10-05T08:30:00Z,0.0031837473832442465,0.005016860396813934,17
2023-10-05T09:00:00Z,0.0037213722711799528,0.00537859145760552,17
2023-10-05T09:30:00Z,0.005168237396187509,0.0061616757902573935,17
2023-10-05T10:00:00Z,0.006572610100250325,0.0070363328436205625,17
2023-10-05T10:30:00Z,0.006383062864119155,0.007159700976075302,17
2023-10-05T11:00:00Z,0.00686985462963786,0.007329393182245466,17
2023-10-05T11:30:00Z,0.008082375762961542,0.00813559096922405,17
2023-10-05T12:00:00Z,0.009251544640670083,0.008696701812262557,17
2023-10-05T12:30:00Z,0.009631627809395112,0.010111731566013612,17
2023-10-05T13:00:00Z,0.00840875152741022,0.008419670891528053,17
2023-10-05T13:30:00Z,0.006367494766488491,0.007013291050209467,17
2023-10-05T14:00:00Z,0.005211316313490049,0.006025910068071536,17
2023-10-05T14:30:00Z,0.005510655101340968,0.006124907132089918,17
2023-10-05T15:00:00Z,0.005636660934450902,0.006490777662532854,17
2023-10-05T15:30:00Z,0.005544256656836949,0.006173835330327296,17
2023-10-05T16:00:00Z,0.004918379675832775,0.005454655568151848,17
2023-10-05T16:30:00Z,0.0034995703441334245,0.004820160875796145,17
2023-10-05T17:00:00Z,0.00271273910994271,0.004168817043539648,17
2023-10-05T17:30:00Z,0.0022143108464121285,0.0037746310302412597,17
2023-10-05T18:00:00Z,0.0019286976246962815,0.0035205902516755078,17
2023-10-05T18:30:00Z,0.00174388906946839,0.0033671682413304736,17
2023-10-05T19:00:00Z,0.0015887330579481874,0.003306698650046812,17
2023-10-05T19:30:00Z,0.0014750766255005338,0.0032438227579035107,17
2023-10-05T20:00:00Z,0.0013686768901034476,0.003162410380084541,17
2023-10-05T20:30:00Z,0.0012997506224193835,0.0031146738860364496,17
2023-10-05T21:00:00Z,0.001202969369420017,0.0030429828174614974,17
2023-10-05T21:30:00Z,0.0010813085650380149,0.0029771320332272282,17
2023-10-05T22:00:00Z,0.0010415108991061693,0.0029079069145861868,17
2023-10-05T22:30:00Z,8.517298824729636e-4,0.0029156998481920165,17
2023-10-05T23:00:00Z,8.517298824729636e-4,0.0028837449863639013,17
2023-10-05T23:30:00Z,8.364844587917065e-4,0.002889016885917117,17
2023-10-06T00:00:00Z,7.423963242595812e-4,0.002893398919418898,17
2023-10-06T00:30:00Z,7.138773471048337e-4,0.0028893135661948372,17
2023-10-06T01:00:00Z,7.163261518920092e-4,0.0028578644466191122,17
2023-10-06T01:30:00Z,7.203300383092034e-4,0.002853952169167886,17
2023-10-06T02:00:00Z,6.656290918629867e-4,0.0027969166499693184,17
2023-10-06T02:30:00Z,6.418346012899029e-4,0.002752088407303175,17
2023-10-06T03:00:00Z,6.641858071568655e-4,0.0027175041188468047,17
2023-10-06T03:30:00Z,4.8623095658783204e-4,0.0026859101952229195,17
2023-10-06T04:00:00Z,4.0080327312347206e-4,0.0026465243984600327,17
2023-10-06T04:30:00Z,2.0561619101696512e-4,0.0025851205884951283,17
2023-10-06T05:00:00Z,1.3597745438395601e-4,0.002498808176199965,17
2023-10-06T05:30:00Z,1.0481152452902012e-4,0.0024689388919412686,17
2023-10-06T06:00:00Z,6.763530761246856e-5,0.002548243582103857,17
2023-10-06T06:30:00Z,4.121741409370047e-4,0.0027977459409986765,17
2023-10-06T07:00:00Z,9.596477606560134e-4,0.003156137552094991,17
2023-10-06T07:30:00Z,0.0017106741867642511,0.003767040339071244,17
2023-10-06T08:00:00Z,0.0027988969445477876,0.004600298417433632,17
2023-10-06T08:30:00Z,0.004757615129805817,0.0060113869212424925,17
2023-10-06T09:00:00Z,0.006184899844527462,0.007072363848464382,17
2023-10-06T09:30:00Z,0.007847746052405529,0.008100638663688408,17
2023-10-06T10:00:00Z,0.009148729354942237,0.009937463512963072,17
2023-10-06T10:30:00Z,0.010165391803282197,0.012094574154724702,17
2023-10-06T11:00:00Z,0.011069333708485474,0.014838937122184558,17
2023-10-06T11:30:00Z,0.010953656222351768,0.014903365510488303,17
2023-10-06T12:00:00Z,0.01026372264434001,0.014807057972292958,17
2023-10-06T12:30:00Z,0.011118909773971349,0.015289840940976459,17
2023-10-06T13:00:00Z,0.011143697806714288,0.01503064851640921,17
2023-10-06T13:30:00Z,0.010623149119112597,0.013925822924809808,17
2023-10-06T14:00:00Z,0.008740411286996269,0.00869515899570983,17
2023-10-06T14:30:00Z,0.007434344153485911,0.007910499018048838,17
2023-10-06T15:00:00Z,0.006972322765416163,0.007267881750989438,17
2023-10-06T15:30:00Z,0.006262441895672036,0.006740947828552541,17
2023-10-06T16:00:00Z,0.004493261093674191,0.005959890808327237,17
2023-10-06T16:30:00Z,0.0034743691775114367,0.005344287913255126,17
2023-10-06T17:00:00Z,0.002928343900701737,0.00486943125371029,17
2023-10-06T17:30:00Z,0.002575527567993927,0.004586849889064321,17
2023-10-06T18:00:00Z,0.0022899143462780805,0.004340273932074051,17
2023-10-06T18:30:00Z,0.0020547034578062193,0.004139104976185322,17
2023-10-06T19:00:00Z,0.0019454984024442747,0.004010946814637927,17
2023-10-06T19:30:00Z,0.0017690902360903724,0.003908602645367705,17
2023-10-06T20:00:00Z,0.0016934867362244153,0.003803769096626397,17
2023-10-06T20:30:00Z,0.0016178832363584576,0.003720753736601999,17
2023-10-06T21:00:00Z,0.0015338793476185016,0.0037287415658964563,17
2023-10-06T21:30:00Z,0.001542279736492497,0.0036447309666852103,17
2023-10-06T22:00:00Z,0.0015155683806585515,0.0035852034507969487,17
2023-10-06T22:30:00Z,0.0014993095634830789,0.0035638538167825843,17
2023-10-06T23:00:00Z,0.0014289873743270043,0.0034900313908449365,17
2023-10-06T23:30:00Z,0.0013826723478865856,0.0034438566713263993,17
2023-10-07T00:00:00Z,0.0013406704035166088,0.0033976002193495352,17
2023-10-07T00:30:00Z,0.0013070688480206272,0.003327290111875621,17
2023-10-07T01:00:00Z,0.0012986684591466324,0.0032941218936688847,17
2023-10-07T01:30:00Z,0.0011726626260367007,0.0032323533888485886,17
2023-10-07T02:00:00Z,0.0011073787374055867,0.003225354524660312,17
2023-10-07T02:30:00Z,9.59647760656013e-4,0.003124610168730443,17
2023-10-07T03:00:00Z,9.458521264388262e-4,0.0030269974764858985,17
2023-10-07T03:30:00Z,9.248875308325837e-4,0.003105918577056592,17
2023-10-07T04:00:00Z,9.857179330235845e-4,0.0031735586339119936,17
2023-10-07T04:30:00Z,9.857179330235845e-4,0.0031809409320686793,17
2023-10-07T05:00:00Z,9.857179330235851e-4,0.0032202717708794486,17
2023-10-07T05:30:00Z,9.38997678948938e-4,0.003249073648373295,17
2023-10-07T06:00:00Z,0.0012116594268758748,0.0036154563815685345,17
2023-10-07T06:30:00Z,0.0017690902360903724,0.00462293392037761,17
2023-10-07T07:00:00Z,0.0023403166795220556,0.0052951912732000445,17
2023-10-07T07:30:00Z,0.003409831590917891,0.005951703161417799,17
2023-10-07T08:00:00Z,0.0035785656603220324,0.006199679801459006,17
2023-10-07T08:30:00Z,0.004137999898557063,0.006483503865694982,17
2023-10-07T09:00:00Z,0.0043152748335972095,0.00651995830536606,17
2023-10-07T09:30:00Z,0.004642674605096521,0.006577859225776979,17
2023-10-07T10:00:00Z,0.004586612325201476,0.006505759254025405,17
2023-10-07T10:30:00Z,0.00465381543619344,0.0064977778310018304,17
2023-10-07T11:00:00Z,0.004936036841586631,0.006593794297992542,17
2023-10-07T11:30:00Z,0.005381257451908386,0.00699792094999181,17
2023-10-07T12:00:00Z,0.006310031421841533,0.007489820322744556,17
2023-10-07T12:30:00Z,0.0075081196710835045,0.008013440039434501,17
2023-10-07T13:00:00Z,0.008301336718857485,0.008322777431994659,17
2023-10-07T13:30:00Z,0.007152824535101403,0.007820036262036282,17
2023-10-07T14:00:00Z,0.006177828580545875,0.007398910697103202,17
2023-10-07T14:30:00Z,0.005521484518068345,0.006865675254663739,17
2023-10-07T15:00:00Z,0.004814990274306681,0.006469226014867049,17
2023-10-07T15:30:00Z,0.0039964908455584185,0.006001595123020361,17
2023-10-07T16:00:00Z,0.003188755955795591,0.005541326305395049,17
2023-10-07T16:30:00Z,0.002663731651170878,0.0051059314993995445,17
2023-10-07T17:00:00Z,0.0020924027007861237,0.0047438905849028785,17
2023-10-07T17:30:00Z,0.0019459343819574891,0.0044159716710837045,17
2023-10-07T18:00:00Z,0.0017522894583423842,0.004175357525012095,17
2023-10-07T18:30:00Z,0.001634684014106446,0.004127500511346935,17
2023-10-07T19:00:00Z,0.0016178832363584526,0.004056065730902803,17
2023-10-07T19:30:00Z,0.0015506801253664907,0.004012197455910443,17
2023-10-07T20:00:00Z,0.0014749213377198663,0.003928192801024896,17
2023-10-07T20:30:00Z,0.0014993095634830789,0.0038400994875274065,17
2023-10-07T21:00:00Z,0.00140175666043023,0.003773253907248969,17
2023-10-07T21:30:00Z,0.0014993095634830763,0.0038193631551508432,17
2023-10-07T22:00:00Z,0.0015065294254715798,0.003827770932846218,17
2023-10-07T22:30:00Z,0.0014586625205443916,0.0038920881285262796,17
2023-10-07T23:00:00Z,0.0014993095634830789,0.003882626411454334,17
2023-10-07T23:30:00Z,0.001426144886193442,0.003850582432094028,17
2023-10-08T00:00:00Z,0.0013773684346670178,0.0038048416012635205,17
2023-10-08T00:30:00Z,0.0014749213377198663,0.003807824462517233,17
2023-10-08T01:00:00Z,0.0014993095634830789,0.003775207273984532,17
2023-10-08T01:30:00Z,0.0014505331119566544,0.003805407288738793,17
2023-10-08T02:00:00Z,0.001472066291629546,0.003792959044546212,17
2023-10-08T02:30:00Z,0.0014376031577875126,0.0037964820080467823,17
2023-10-08T03:00:00Z,0.0013600611066429402,0.0038214271758310442,17
2023-10-08T03:30:00Z,0.0012734672925246457,0.0038023456269724166,17
2023-10-08T04:00:00Z,0.0012997506224193835,0.0037077245757213815,17
2023-10-08T04:30:00Z,0.001426144886193442,0.003704156128640234,17
2023-10-08T05:00:00Z,0.0014020009387399766,0.0035300837908351927,17
2023-10-08T05:30:00Z,0.0011458579337296254,0.003243449790291231,17
2023-10-08T06:00:00Z,9.062402838812325e-4,0.003133491051980245,17
2023-10-08T06:30:00Z,8.962838372167589e-4,0.0029490665745992507,17
2023-10-08T07:00:00Z,6.741718602094229e-4,0.0028898660827467604,17
2023-10-08T07:30:00Z,6.143724817843709e-4,0.0028162617810086167,17
2023-10-08T08:00:00Z,9.509577032001559e-4,0.0029090438725359593,17
2023-10-08T08:30:00Z,0.001211959354377458,0.00303378391139546,17
2023-10-08T09:00:00Z,8.55367071185726e-4,0.003055251652695398,17
2023-10-08T09:30:00Z,8.1191678390644e-4,0.0030932829878867548,17
2023-10-08T10:00:00Z,8.640571286415836e-4,0.0032170031869032593,17
2023-10-08T10:30:00Z,7.337062668037244e-4,0.003219538442976052,17
2023-10-08T11:00:00Z,0.0011247588523173018,0.00345781114530121,17
2023-10-08T11:30:00Z,0.0019382976272209029,0.0040494557680667564,17
2023-10-08T12:00:00Z,0.0034491680108894494,0.0053348723636851315,17
2023-10-08T12:30:00Z,0.005366400415779195,0.006371520278300632,17
2023-10-08T13:00:00Z,0.006701846852157945,0.007384496100088865,17
2023-10-08T13:30:00Z,0.008590530434191758,0.008186373407737075,17
2023-10-08T14:00:00Z,0.00820218458788574,0.008227755052440307,17
2023-10-08T14:30:00Z,0.00791817489185499,0.007954295707073109,17
2023-10-08T15:00:00Z,0.006952130171345519,0.007619159943175875,17
2023-10-08T15:30:00Z,0.005524064062766301,0.006509472359985529,17
2023-10-08T16:00:00Z,0.004180001842927042,0.005351093167814713,17
2023-10-08T16:30:00Z,0.003388731351670976,0.004757723597888028,17
2023-10-08T17:00:00Z,0.002719488752580885,0.004408585953782881,17
2023-10-08T17:30:00Z,0.0020335150885135503,0.004050504973365928,17
2023-10-08T18:00:00Z,0.0018683923308129165,0.0039310589325675035,17
2023-10-08T18:30:00Z,0.0016874608781422401,0.0037595994835401265,17
2023-10-08T19:00:00Z,0.001550680125366495,0.003766587077005367,17
2023-10-08T19:30:00Z,0.001399473125634577,0.003613138085761364,17
2023-10-08T20:00:00Z,0.0011558618482887105,0.003502162059901135,17
2023-10-08T20:30:00Z,0.001105459515044738,0.003414893750599522,17
2023-10-08T21:00:00Z,9.77027875567728e-4,0.0033428496122658844,17
2023-10-08T21:30:00Z,6.827146285558585e-4,0.0032177937990278296,17
2023-10-08T22:00:00Z,5.243301109736563e-4,0.003074334036273461,17
2023-10-08T22:30:00Z,3.7742891869857296e-4,0.003061992585717893,17
2023-10-08T23:00:00Z,4.228736453939579e-4,0.0029788851199109814,17
2023-10-08T23:30:00Z,3.4441594383381063e-4,0.0028978440530260862,17
2023-10-09T00:00:00Z,5.909253926603263e-5,0.0027861058329771483,17
2023-10-09T00:30:00Z,-1.3408961425339177e-5,0.0027031843370934794,17
2023-10-09T01:00:00Z,-5.541090579531637e-5,0.0026192019215723374,17
2023-10-09T01:30:00Z,-3.86101280473253e-5,0.0025594432478478154,17
2023-10-09T02:00:00Z,-8.06120724173021e-5,0.0025200314318071385,17
2023-10-09T02:30:00Z,-1.3101440566127453e-4,0.0024358048227493354,17
2023-10-09T03:00:00Z,-1.2261401678727936e-4,0.00237127459981002,17
2023-10-09T03:30:00Z,-1.0922930641443238e-4,0.0023576108681763706,17
2023-10-09T04:00:00Z,-1.005392489585751e-4,0.002340709000712323,17
2023-10-09T04:30:00Z,-1.3529947878200446e-4,0.002337129553542685,17
2023-10-09T05:00:00Z,-8.315913404686066e-5,0.002355601440239818,17
2023-10-09T05:30:00Z,-3.020973917333004e-5,0.002454220458526737,17
2023-10-09T06:00:00Z,1.6885253217300053e-4,0.0025432339201912155,17
2023-10-09T06:30:00Z,4.7768818824139533e-4,0.0028641202923867094,17
2023-10-09T07:00:00Z,0.001231465348154668,0.0036265270220640863,17
2023-10-09T07:30:00Z,0.001840744724168055,0.004453648933039952,17
2023-10-09T08:00:00Z,0.0017354886805943858,0.0046129645281142535,17
2023-10-09T08:30:00Z,0.0016682855696024325,0.004531653112705535,17
2023-10-09T09:00:00Z,0.0018110921804603429,0.0042332338554626064,17
2023-10-09T09:30:00Z,0.0018950960692003052,0.004058579651041875,17
2023-10-09T10:00:00Z,0.001937318598496979,0.004130440753762845,17
2023-10-09T10:30:00Z,0.002066495663002858,0.004050472525221338,17
2023-10-09T11:00:00Z,0.0023853393384433985,0.004138363317065007,17
2023-10-09T11:30:00Z,0.0035668224649564864,0.004839016296750793,17
2023-10-09T12:00:00Z,0.004508767709188101,0.005629865526358252,17
2023-10-09T12:30:00Z,0.0044509289661212445,0.005838365956415284,17
2023-10-09T13:00:00Z,0.0029022863460738866,0.0047849067795509405,17
2023-10-09T13:30:00Z,0.003341691302559802,0.00501906090144126,17
2023-10-09T14:00:00Z,0.00445092896612125,0.0058544311267782565,17
2023-10-09T14:30:00Z,0.004797961424522369,0.00617772244976444,17
2023-10-09T15:00:00Z,0.0031619512634885184,0.005020327484490023,17
2023-10-09T15:30:00Z,0.0017992801788320125,0.0037915119380794084,17
2023-10-09T16:00:00Z,0.0011090979512716809,0.0031200121164687003,17
2023-10-09T16:30:00Z,8.194821692809529e-4,0.002825080583007949,17
2023-10-09T17:00:00Z,4.5205988320208773e-4,0.002663015932804949,17
2023-10-09T17:30:00Z,1.1034914934464849e-4,0.002564297532389715,17
2023-10-09T18:00:00Z,6.219453844061942e-5,0.0024626333404096827,17
2023-10-09T18:30:00Z,2.0192594070642542e-5,0.0023490160905879497,17
2023-10-09T19:00:00Z,3.6993371818633306e-5,0.002260104434773107,17
2023-10-09T19:30:00Z,1.1792205196647182e-5,0.0021974335953140315,17
2023-10-09T20:00:00Z,1.2431497967569594e-5,0.0021931983734212565,17
2023-10-09T20:30:00Z,-1.3638674400002337e-5,0.002153785741672332,17
2023-10-09T21:00:00Z,-5.0085725513439655e-6,0.00212319458490299,17
2023-10-09T21:30:00Z,-4.83989042234315e-5,0.002112059829508937,17
2023-10-09T22:00:00Z,-1.3638674400002337e-5,0.0020925652876652517,17
2023-10-09T22:30:00Z,1.2431497967569391e-5,0.00208557827074937,17
2023-10-09T23:00:00Z,-1.3638674400002337e-5,0.002094333916811327,17
2023-10-09T23:30:00Z,1.2431497967569391e-5,0.002123904976923137,17
2023-10-10T00:00:00Z,8.195195761442782e-5,0.002117588878624118,17
2023-10-10T00:30:00Z,7.326190015857034e-5,0.00214712536495958,17
2023-10-10T01:00:00Z,7.326190015857034e-5,0.002193373020928298,17
2023-10-10T01:30:00Z,4.006858041075671e-6,0.0022042198020394135,17
2023-10-10T02:00:00Z,-5.0085725513439655e-6,0.002206094675509177,17
2023-10-10T02:30:00Z,4.006858041075671e-6,0.0022054235348172666,17
2023-10-10T03:00:00Z,-3.0209739173330303e-5,0.002245060496017424,17
2023-10-10T03:30:00Z,3.3918163226515475e-6,0.0022665361196577767,17
2023-10-10T04:00:00Z,-7.159664182488267e-5,0.0022906231569950744,17
2023-10-10T04:30:00Z,-5.541090579531637e-5,0.0022628626149584236,17
2023-10-10T05:00:00Z,-6.577901913514595e-5,0.0022715574902721913,17
2023-10-10T05:30:00Z,-8.061207241730251e-5,0.002239611071490368,17
2023-10-10T06:00:00Z,-6.577901913514595e-5,0.0022562889266076374,17
2023-10-10T06:30:00Z,-1.3638674400002337e-5,0.00228993597502177,17
2023-10-10T07:00:00Z,1.1889191769108443e-4,0.0024771647490346173,17
2023-10-10T07:30:00Z,8.086509651704234e-4,0.002811079121527059,17
2023-10-10T08:00:00Z,0.0017563871458263075,0.003389530324174159,17
2023-10-10T08:30:00Z,0.003289996601796755,0.004355885034998942,17
2023-10-10T09:00:00Z,0.004099880247084512,0.005224410474805524,17
2023-10-10T09:30:00Z,0.005693800187278501,0.006151207348434559,17
2023-10-10T10:00:00Z,0.00883841076162112,0.00798196923531744,17
2023-10-10T10:30:00Z,0.010961903892347746,0.00933623761166397,17
2023-10-10T11:00:00Z,0.012795506015533633,0.016501498668344397,17
2023-10-10T11:30:00Z,0.013263074606235414,0.017320852380468314,17
2023-10-10T12:00:00Z,0.013258943267444926,0.016941347662970122,17
2023-10-10T12:30:00Z,0.012569009689433166,0.015274259000839953,17
2023-10-10T13:00:00Z,0.012259159280146462,0.01486208862351712,17
2023-10-10T13:30:00Z,0.011445336504422773,0.010136268258631207,17
2023-10-10T14:00:00Z,0.011084119782840974,0.009272809120097585,17
2023-10-10T14:30:00Z,0.009992069229221575,0.00855024933325265,17
2023-10-10T15:00:00Z,0.00824478834343054,0.007922889750662375,17
2023-10-10T15:30:00Z,0.007295544400669064,0.007822794748175673,17
2023-10-10T16:00:00Z,0.006871518098928218,0.007671978675572164,17
2023-10-10T16:30:00Z,0.006141820927224925,0.0071609778157063035,17
2023-10-10T17:00:00Z,0.0046830234608565,0.0064939004674896715,17
2023-10-10T17:30:00Z,0.00398579118431488,0.006015613224128924,17
2023-10-10T18:00:00Z,0.0034901682407491594,0.00570092903544877,17
2023-10-10T18:30:00Z,0.0030617484081753923,0.00541108622924011,17
2023-10-10T19:00:00Z,0.002776135186459556,0.0052100712979717195,17
2023-10-10T19:30:00Z,0.00249152367925397,0.005004781619978344,17
2023-10-10T20:00:00Z,0.002457922123757988,0.004945173067291259,17
2023-10-10T20:30:00Z,0.0022721118540198317,0.004872374592817339,17
2023-10-10T21:00:00Z,0.0022479124019081148,0.004883356587360587,17
2023-10-10T21:30:00Z,0.0022143108464121332,0.004860213173625489,17
2023-10-10T22:00:00Z,0.0020379026800582257,0.004861860481133804,17
2023-10-10T22:30:00Z,0.0020295022911842315,0.004828015809246743,17
2023-10-10T23:00:00Z,0.0020211019023102374,0.004862109824641474,17
2023-10-10T23:30:00Z,0.001944496687934004,0.004780906883436424,17
2023-10-11T00:00:00Z,0.00199590073568825,0.0047606455339897925,17
2023-10-11T00:30:00Z,0.0019370980135702805,0.0047420517412964675,17
2023-10-11T01:00:00Z,0.00199590073568825,0.004756291059117595,17
2023-10-11T01:30:00Z,0.0020379026800582257,0.004751292057159381,17
2023-10-11T02:00:00Z,0.0020295022911842263,0.004720515290644476,17
2023-10-11T02:30:00Z,0.0019959007356882452,0.004682826934630933,17
2023-10-11T03:00:00Z,0.0018950960692002998,0.004777189819234584,17
2023-10-11T03:30:00Z,0.0019622991801922685,0.004856514598802699,17
2023-10-11T04:00:00Z,0.002062102132169942,0.004993270855945564,17
2023-10-11T04:30:00Z,0.0021471077354201697,0.005049324014450528,17
2023-10-11T05:00:00Z,0.0021387073465461708,0.005012729887094145,17
2023-10-11T05:30:00Z,0.0021387073465461708,0.005036275431362236,17
2023-10-11T06:00:00Z,0.0031041125204216615,0.005597777042080925,17
2023-10-11T06:30:00Z,0.005174325626746799,0.00683712028076267,17
2023-10-11T07:00:00Z,0.0067589212272436226,0.00805421104167536,17
2023-10-11T07:30:00Z,0.00925211875646834,0.010230528558728715,17
2023-10-11T08:00:00Z,0.011466375105818917,0.014120986321699088,17
2023-10-11T08:30:00Z,0.012707047924132077,0.015423539917170362,17
2023-10-11T09:00:00Z,0.013421190152355364,0.0164586598359751,17
2023-10-11T09:30:00Z,0.013195248658503068,0.016834871961941836,17
2023-10-11T10:00:00Z,0.013395119979987788,0.017744894848765028,17
2023-10-11T10:30:00Z,0.013577611186560791,0.017668223066427124,17
2023-10-11T11:00:00Z,0.014010846927314014,0.017854824476197524,17
2023-10-11T11:30:00Z,0.014085211025542835,0.0178643427785718,17
2023-10-11T12:00:00Z,0.01436614206329612,0.018182647017007576,17
2023-10-11T12:30:00Z,0.013548136982779192,0.016844191604548895,17
2023-10-11T13:00:00Z,0.013510954933664783,0.016774362771973406,17
2023-10-11T13:30:00Z,0.012978012229691638,0.015505047247513554,17
2023-10-11T14:00:00Z,0.01235831141111821,0.014859803852511393,17
2023-10-11T14:30:00Z,0.0114075347544898,0.009724712817674763,17
2023-10-11T15:00:00Z,0.01038688750629936,0.00918949058959552,17
2023-10-11T15:30:00Z,0.008723610509248277,0.008427104026954419,17
2023-10-11T16:00:00Z,0.007089928209652101,0.007604049809094636,17
2023-10-11T16:30:00Z,0.0053096392233279045,0.006925006473020982,17
2023-10-11T17:00:00Z,0.004229467366777898,0.0062581283341640315,17
2023-10-11T17:30:00Z,0.00376518031365915,0.006028937937524339,17
2023-10-11T18:00:00Z,0.0032883449618074626,0.005900227632358892,17
2023-10-11T18:30:00Z,0.003054110052125926,0.00581282930084419,17
2023-10-11T19:00:00Z,0.002876939852947496,0.005732325472033126,17
2023-10-11T19:30:00Z,0.0027761351864595512,0.005690713748479041,17
2023-10-11T20:00:00Z,0.0027005316865935888,0.0056262155345983625,17
2023-10-11T20:30:00Z,0.0026249281867276307,0.00551780666741258,17
2023-10-11T21:00:00Z,0.002524123520239686,0.005470274523923136,17
2023-10-11T21:30:00Z,0.002398117687129759,0.005378403417627044,17
2023-10-11T22:00:00Z,0.002323515901774072,0.005334884897044301,17
2023-10-11T22:30:00Z,0.0022815139574040915,0.005240815225329372,17
2023-10-11T23:00:00Z,0.002264713179656098,0.0052175589194274185,17
2023-10-11T23:30:00Z,0.0022227112352861227,0.005168529330271504,17
2023-10-12T00:00:00Z,0.002231111624160117,0.005160302316058711,17
2023-10-12T00:30:00Z,0.002113506179924178,0.005135780630596193,17
2023-10-12T01:00:00Z,0.0021051057910501836,0.005090312636004498,17
2023-10-12T01:30:00Z,0.0021219065687981776,0.005008262167972572,17
2023-10-12T02:00:00Z,0.0020715042355542077,0.004973844598361527,17
2023-10-12T02:30:00Z,0.00204630306893222,0.004849789949886285,17
2023-10-12T03:00:00Z,0.0019286976246962867,0.0048303083640902815,17
2023-10-12T03:30:00Z,0.002012701513436243,0.004808306118079132,17
2023-10-12T04:00:00Z,0.002088305013302201,0.004592678573638402,17
2023-10-12T04:30:00Z,0.0016250932334264151,0.004077433285115207,17
2023-10-12T05:00:00Z,0.0012472978972632174,0.003636723764387838,17
2023-10-12T05:30:00Z,9.971297372720024e-4,0.003390746461970849,17
2023-10-12T06:00:00Z,8.032267264505829e-4,0.0031818654088453763,17
2023-10-12T06:30:00Z,5.859752900541503e-4,0.0030068110982879935,17
2023-10-12T07:00:00Z,3.9535219952008304e-4,0.0029951592432245423,17
2023-10-12T07:30:00Z,5.16454830407292e-4,0.002828788801279316,17
2023-10-12T08:00:00Z,4.034840834811472e-4,0.002775564687422089,17
2023-10-12T08:30:00Z,4.295542558487193e-4,0.0027916350450807844,17
2023-10-12T09:00:00Z,4.034840834811477e-4,0.002700088510888737,17
2023-10-12T09:30:00Z,3.600337962018605e-4,0.002585767817767897,17
2023-10-12T10:00:00Z,3.600337962018605e-4,0.002583874992731109,17
2023-10-12T10:30:00Z,2.7313322164328825e-4,0.0025596119660628194,17
2023-10-12T11:00:00Z,2.043196011554441e-4,0.0025155421843639494,17
2023-10-12T11:30:00Z,1.3597745438395601e-4,0.0024299645356121446,17
2023-10-12T12:00:00Z,2.3837299181985898e-4,0.002383456500425101,17
2023-10-12T12:30:00Z,6.656290918629867e-4,0.0024742806488495923,17
2023-10-12T13:00:00Z,0.0014681023593878081,0.0027205821674657436,17
2023-10-12T13:30:00Z,0.00209670540217619,0.003234084201355009,17
2023-10-12T14:00:00Z,0.0032220437203562755,0.0038087556994961446,17
2023-10-12T14:30:00Z,0.002501984907876608,0.0038436437565273324,17
2023-10-12T15:00:00Z,0.0017986094626269724,0.0034712909896953284,17
2023-10-12T15:30:00Z,0.0015323767758531014,0.0031766336145874637,17
2023-10-12T16:00:00Z,0.0013400308568826335,0.003066375586664897,17
2023-10-12T16:30:00Z,0.0012053273721395613,0.003105622416051324,17
2023-10-12T17:00:00Z,9.64079026948086e-4,0.003030528036522275,17
2023-10-12T17:30:00Z,8.379869562740115e-4,0.002924206318176575,17
2023-10-12T18:00:00Z,5.757331806420701e-4,0.0027423896165564717,17
2023-10-12T18:30:00Z,4.520598832020883e-4,0.0025910632638356883,17
2023-10-12T19:00:00Z,1.872340644625721e-4,0.002578523704418623,17
2023-10-12T19:30:00Z,1.3597745438395601e-4,0.0024968763776683314,17
2023-10-12T20:00:00Z,1.9693033947434973e-4,0.0024932987885241545,17
2023-10-12T20:30:00Z,3.261670913819717e-4,0.0025324319406100026,17
2023-10-12T21:00:00Z,2.141619063953658e-4,0.0025365249207521695,17
2023-10-12T21:30:00Z,7.961035790703405e-5,0.002502022535581423,17
2023-10-12T22:00:00Z,1.2099726055858712e-4,0.002474658035458069,17
2023-10-12T22:30:00Z,5.3794149566624026e-5,0.002443174957232737,17
2023-10-12T23:00:00Z,8.739570506260548e-5,0.002381871607856254,17
2023-10-12T23:30:00Z,1.2431497967569445e-5,0.0023396837168116386,17
2023-10-13T00:00:00Z,-5.541090579531617e-5,0.0023327696744158905,17
2023-10-13T00:30:00Z,2.0192594070642542e-5,0.0023539264369703975,17
2023-10-13T01:00:00Z,2.019259407064237e-5,0.0022901314490076582,17
2023-10-13T01:30:00Z,4.5393760692628656e-5,0.0023669264741056966,17
2023-10-13T02:00:00Z,4.006858041075665e-6,0.002443112770776897,17
2023-10-13T02:30:00Z,1.1671218743785682e-4,0.002456207582567664,17
2023-10-13T03:00:00Z,5.440919128504792e-5,0.00249293890140146,17
2023-10-13T03:30:00Z,7.059492731461478e-5,0.002552304418863691,17
2023-10-13T04:00:00Z,8.739570506260548e-5,0.0025675995799456803,17
2023-10-13T04:30:00Z,7.961035790703405e-5,0.0025528060368418403,17
2023-10-13T05:00:00Z,1.9492270454057236e-4,0.0026610204380238477,17
2023-10-13T05:30:00Z,3.5134373874600344e-4,0.00274914113830828,17
2023-10-13T06:00:00Z,3.7741391111357554e-4,0.0028115851230644034,17
2023-10-13T06:30:00Z,7.597764391712958e-4,0.003310456115430773,17
2023-10-13T07:00:00Z,0.0013574711812645993,0.0040238049261919475,17
2023-10-13T07:30:00Z,0.001881391767106744,0.004809181750964032,17
2023-10-13T08:00:00Z,0.002480407815431041,0.005618410379206153,17
2023-10-13T08:30:00Z,0.003149542239532044,0.005756914067491532,17
2023-10-13T09:00:00Z,0.003768680722064802,0.0061299564656714075,17
2023-10-13T09:30:00Z,0.006766465228111759,0.007630325580446978,17
2023-10-13T10:00:00Z,0.009868147273894663,0.01478482564194325,17
2023-10-13T10:30:00Z,0.011032151659371069,0.015636149135555607,17
2023-10-13T11:00:00Z,0.012300472668051355,0.0171636764786061,17
2023-10-13T11:30:00Z,0.01268253526860749,0.01750482228694242,17
2023-10-13T12:00:00Z,0.012928436164205763,0.01804654513607039,17
2023-10-13T12:30:00Z,0.011978228242393165,0.016359978532490115,17
2023-10-13T13:00:00Z,0.010017270395843563,0.012399114510341744,17
2023-10-13T13:30:00Z,0.01146594223237247,0.0141437789663155,17
2023-10-13T14:00:00Z,0.010739703839007169,0.010978872986924614,17
2023-10-13T14:30:00Z,0.009908065340481626,0.010438734552479241,17
2023-10-13T15:00:00Z,0.008967221786594141,0.008781012481442805,17
2023-10-13T15:30:00Z,0.007169538567559131,0.008054001589355844,17
2023-10-13T16:00:00Z,0.0067018468521579475,0.007437306123685746,17
2023-10-13T16:30:00Z,0.004643561224964894,0.006921748651325876,17
2023-10-13T17:00:00Z,0.003915759898454416,0.006480691530126298,17
2023-10-13T17:30:00Z,0.0033970968841596015,0.006171895666980261,17
2023-10-13T18:00:00Z,0.003170953463537332,0.005977389945984123,17
2023-10-13T18:30:00Z,0.003036547241553405,0.0058976407950914,17
2023-10-13T19:00:00Z,0.0029861449083094403,0.005919809605614506,17
2023-10-13T19:30:00Z,0.002868539464073502,0.0058650715373328695,17
2023-10-13T20:00:00Z,0.0029273421861914705,0.005940439521180618,17
2023-10-13T20:30:00Z,0.002944142963939459,0.005844075805482054,17
2023-10-13T21:00:00Z,0.002868539464073502,0.0058631947871032,17
2023-10-13T21:30:00Z,0.0029525433528134583,0.0060509808634901276,17
2023-10-13T22:00:00Z,0.0030365472415534098,0.006236042482574711,17
2023-10-13T22:30:00Z,0.0032307579001655718,0.005971964824924626,17
2023-10-13T23:00:00Z,0.0028023380675918043,0.005057413199544512,17
2023-10-13T23:30:00Z,0.002205910457538134,0.004576824425575925,17
2023-10-14T00:00:00Z,0.0018648863300269683,0.004056744331492024,17
2023-10-14T00:30:00Z,0.0016461622996687387,0.0038990498308035747,17
2023-10-14T01:00:00Z,0.0014414750700045523,0.004018373162616106,17
2023-10-14T01:30:00Z,0.0014342742947811794,0.0043964597627282635,17
2023-10-14T02:00:00Z,0.001699457331655221,0.004885133490134874,17
2023-10-14T02:30:00Z,0.001717686188336132,0.0051588334980163155,17
2023-10-14T03:00:00Z,0.0020032994100519785,0.00554637023218823,17
2023-10-14T03:30:00Z,0.0022301099096498503,0.005762346613368585,17
2023-10-14T04:00:00Z,0.0024183102812004023,0.005895294471641398,17
2023-10-14T04:30:00Z,0.002480280363057738,0.005454789749902969,17
2023-10-14T05:00:00Z,0.0020379026800582257,0.004742504940692446,17
2023-10-14T05:30:00Z,0.0024543376430634623,0.004504695554582268,17
2023-10-14T06:00:00Z,0.002120853888285158,0.003965055867342558,17
2023-10-14T06:30:00Z,0.001885367577227251,0.0034298428429146268,17
2023-10-14T07:00:00Z,0.0022034806640949456,0.003243502615251778,17
2023-10-14T07:30:00Z,0.0022695820847427797,0.002980424625911041,17
2023-10-14T08:00:00Z,0.00298844418067897,0.0028687423314854212,17
2023-10-14T08:30:00Z,0.0037638646921246952,0.0033137584663988453,17
2023-10-14T09:00:00Z,0.005499945059417069,0.004861845144682024,17
2023-10-14T09:30:00Z,0.007494498930524698,0.007008478257463718,17
2023-10-14T10:00:00Z,0.00800217878059494,0.007915469856721466,17
2023-10-14T10:30:00Z,0.008937562892592874,0.009808155577394935,17
2023-10-14T11:00:00Z,0.008926221556734431,0.013302754913610687,17
2023-10-14T11:30:00Z,0.010598361086369669,0.014794743492794868,17
2023-10-14T12:00:00Z,0.010358743436521278,0.015146925046039261,17
2023-10-14T12:30:00Z,0.01039179414684519,0.01525137846701762,17
2023-10-14T13:00:00Z,0.008808616112498497,0.013282252057068624,17
2023-10-14T13:30:00Z,0.007926575280728987,0.008732608973636369,17
2023-10-14T14:00:00Z,0.00757149759598402,0.008559789662735226,17
2023-10-14T14:30:00Z,0.0070946622441323375,0.007736505699215785,17
2023-10-14T15:00:00Z,0.006191184735360714,0.00692840832841142,17
2023-10-14T15:30:00Z,0.00566415618857727,0.006452649911874193,17
2023-10-14T16:00:00Z,0.005004537510437858,0.005623179303394349,17
2023-10-14T16:30:00Z,0.0038518211346605653,0.004715939632018028,17
2023-10-14T17:00:00Z,0.0032632483643415837,0.004532443942578704,17
2023-10-14T17:30:00Z,0.002778047480001272,0.004020434150803853,17
2023-10-14T18:00:00Z,0.002021101902310237,0.0033814884097345403,17
2023-10-14T18:30:00Z,0.0014601065480815331,0.0029447185719261525,17
2023-10-14T19:00:00Z,0.0011446665201302385,0.0027675798672931536,17
2023-10-14T19:30:00Z,9.041682025490225e-4,0.002594160325555711,17
2023-10-14T20:00:00Z,6.707984298022937e-4,0.002500071150440841,17
2023-10-14T20:30:00Z,6.018721621182289e-4,0.002447420577079139,17
2023-10-14T21:00:00Z,5.760248117367045e-4,0.00233770391169147,17
2023-10-14T21:30:00Z,5.32945894434164e-4,0.0023430362580726745,17
2023-10-14T22:00:00Z,3.939542738605316e-4,0.0022953019463255236,17
2023-10-14T22:30:00Z,4.556244282162908e-4,0.0022575239539763393,17
2023-10-14T23:00:00Z,3.687741232769519e-4,0.002307892120083801,17
2023-10-14T23:30:00Z,3.600337962018605e-4,0.0022649418803857473,17
2023-10-15T00:00:00Z,3.947940260252897e-4,0.0022416329878255097,17
2023-10-15T00:30:00Z,3.606302252240033e-4,0.002261421650773201,17
2023-10-15T01:00:00Z,3.383086525622177e-4,0.002259097507212954,17
2023-10-15T01:30:00Z,2.896200797569187e-4,0.002308438041937323,17
2023-10-15T02:00:00Z,2.392177465129467e-4,0.002252415509454573,17
2023-10-15T02:30:00Z,1.5521385777299314e-4,0.0022639093337602366,17
2023-10-15T03:00:00Z,5.440919128504792e-5,0.0022457136503837606,17
2023-10-15T03:30:00Z,2.9208024663061794e-5,0.0022145835665615225,17
2023-10-15T04:00:00Z,-3.020973917333009e-5,0.002184078897855364,17
2023-10-15T04:30:00Z,-6.381129466931173e-5,0.0021685463802751217,17
2023-10-15T05:00:00Z,-7.159664182488252e-5,0.0021565401621141066,17
2023-10-15T05:30:00Z,-5.541090579531617e-5,0.00214543207336083,17
2023-10-15T06:00:00Z,-8.061207241730251e-5,0.00218426232211661,17
2023-10-15T06:30:00Z,-3.861012804732544e-5,0.0023128850373616994,17
2023-10-15T07:00:00Z,-1.0519819732086378e-4,0.002429835129041598,17
2023-10-15T07:30:00Z,-1.3101440566127477e-4,0.0025020126809849204,17
2023-10-15T08:00:00Z,-8.061207241730245e-5,0.0025582134343390783,17
2023-10-15T08:30:00Z,-4.6395475202896556e-5,0.0027816819798729756,17
2023-10-15T09:00:00Z,1.193882883297768e-4,0.003107531834805936,17
2023-10-15T09:30:00Z,9.641113565502473e-5,0.0028328363297277738,17
2023-10-15T10:00:00Z,-5.541090579531622e-5,0.0025721988357028697,17
2023-10-15T10:30:00Z,2.019259407064232e-5,0.0026135793853888888,17
2023-10-15T11:00:00Z,4.3682022144775936e-4,0.002761664003061828,17
2023-10-15T11:30:00Z,7.560349986595834e-4,0.002883243658497526,17
2023-10-15T12:00:00Z,0.001202969369420018,0.003074291984228016,17
2023-10-15T12:30:00Z,0.003049341161260319,0.003759293825783428,17
2023-10-15T13:00:00Z,0.002230727420062482,0.0038937761054910237,17
2023-10-15T13:30:00Z,8.791983005238867e-4,0.002798098395857203,17
2023-10-15T14:00:00Z,4.2955649290806754e-4,0.0024159983498950976,17
2023-10-15T14:30:00Z,6.535668628812771e-4,0.0022586283155595407,17
2023-10-15T15:00:00Z,8.517298824729633e-4,0.0021865659135450804,17
2023-10-15T15:30:00Z,9.335775882884411e-4,0.0022083707181351706,17
2023-10-15T16:00:00Z,9.77027875567728e-4,0.0022016931920192185,17
2023-10-15T16:30:00Z,0.001011788105391157,0.002158105740493089,17
2023-10-15T17:00:00Z,7.48340480946867e-4,0.0020968330942666325,17
2023-10-15T17:30:00Z,5.501774613551802e-4,0.00214224152714193,17
2023-10-15T18:00:00Z,5.080301904807988e-4,0.002104135031675768,17
2023-10-15T18:30:00Z,4.898669771316241e-4,0.0021149014831297426,17
2023-10-15T19:00:00Z,3.820243573708684e-4,0.0020950470407826187,17
2023-10-15T19:30:00Z,3.3162202412689596e-4,0.0021041183146748217,17
2023-10-15T20:00:00Z,3.0642085750490954e-4,0.002089161019170489,17
2023-10-15T20:30:00Z,2.3081735763895108e-4,0.0021289102543049433,17
2023-10-15T21:00:00Z,2.3139347331638238e-4,0.0021331633053920016,17
2023-10-15T21:30:00Z,1.8041502439497886e-4,0.002169626552413489,17
2023-10-15T22:00:00Z,1.63614246646988e-4,0.0022125150426229936,17
2023-10-15T22:30:00Z,1.4278235980542893e-4,0.0022495839122546103,17
2023-10-15T23:00:00Z,9.064201507028499e-5,0.002192306721744564,17
2023-10-15T23:30:00Z,2.9208024663061766e-5,0.002195551758235461,17
2023-10-16T00:00:00Z,-3.0209739173330083e-5,0.002149660714148125,17
2023-10-16T00:30:00Z,-3.970884676757408e-5,0.0021555290998307897,17
2023-10-16T01:00:00Z,-8.901246129129781e-5,0.0021543291550268845,17
2023-10-16T01:30:00Z,-1.0581323903928852e-4,0.0021364172640986005,17
2023-10-16T02:00:00Z,-6.381129466931173e-5,0.0022014762211918742,17
2023-10-16T02:30:00Z,-9.184919150271781e-5,0.0022075181412093956,17
2023-10-16T03:00:00Z,-1.472001416908401e-4,0.002162618299614357,17
2023-10-16T03:30:00Z,-1.4398953623786156e-4,0.002186208230665387,17
2023-10-16T04:00:00Z,-1.8743982351714843e-4,0.002140005815030326,17
2023-10-16T04:30:00Z,-1.7240130831282702e-4,0.0021318353227695423,17
2023-10-16T05:00:00Z,-1.7240130831282647e-4,0.002110998002125419,17
2023-10-16T05:30:00Z,-2.732059748007715e-4,0.0020805052262503204,17
2023-10-16T06:00:00Z,-1.8981712777924219e-4,0.002068101132837602,17
2023-10-16T06:30:00Z,-2.8303045553157793e-4,0.0021034930647978916,17
2023-10-16T07:00:00Z,-3.7401064128871536e-4,0.0021163858851923514,17
2023-10-16T07:30:00Z,-3.612409726342937e-4,0.0021658596621710914,17
2023-10-16T08:00:00Z,-1.5621557228326146e-4,0.0023181576698105303,17
2023-10-16T08:30:00Z,1.76408166353903e-4,0.0027695968783933373,17
2023-10-16T09:00:00Z,7.946451267069086e-4,0.0034693811502021976,17
2023-10-16T09:30:00Z,0.0013600611066429402,0.004051464513105003,17
2023-10-16T10:00:00Z,0.0022146975192039757,0.00506273986230275,17
2023-10-16T10:30:00Z,0.003177202985715161,0.005646819919581387,17
2023-10-16T11:00:00Z,0.0041329913260057215,0.006316995508182887,17
2023-10-16T11:30:00Z,0.004326200270107622,0.006519097063475918,17
2023-10-16T12:00:00Z,0.004289806753292159,0.00651674778415128,17
2023-10-16T12:30:00Z,0.004919236063838637,0.006898836290366043,17
2023-10-16T13:00:00Z,0.004840837624688202,0.006325873308532447,17
2023-10-16T13:30:00Z,0.0047891429239251505,0.005930064091152227,17
2023-10-16T14:00:00Z,0.004901148108911759,0.005647076881994798,17
2023-10-16T14:30:00Z,0.005617224816603145,0.006246446215893571,17
2023-10-16T15:00:00Z,0.005081215388066284,0.006090552391694352,17
2023-10-16T15:30:00Z,0.004032877353295179,0.004972480900430819,17
2023-10-16T16:00:00Z,0.0031090651491260785,0.0042485131568990335,17
2023-10-16T16:30:00Z,0.0026438128422586428,0.00378993886993647,17
2023-10-16T17:00:00Z,0.00211825005116765,0.003500082935042281,17
2023-10-16T17:30:00Z,0.0017640816635390252,0.00327816507177646,17
2023-10-16T18:00:00Z,0.001414465684355216,0.0030924731368733565,17
2023-10-16T18:30:00Z,0.0011384031122305535,0.002981730108281145,17
2023-10-16T19:00:00Z,9.710924624580311e-4,0.002819823873683493,17
2023-10-16T19:30:00Z,8.153508304904631e-4,0.002798036613547736,17
2023-10-16T20:00:00Z,6.831479891947982e-4,0.0027170653241110326,17
2023-10-16T20:30:00Z,6.996733443567566e-4,0.0026794753536403403,17
2023-10-16T21:00:00Z,4.898669771316237e-4,0.002631807297533767,17
2023-10-16T21:30:00Z,4.5540384328959197e-4,0.0025217246335493522,17
2023-10-16T22:00:00Z,2.830881740794301e-4,0.0024772654054097455,17
2023-10-16T22:30:00Z,2.830881740794301e-4,0.00244780584046365,17
2023-10-16T23:00:00Z,8.43460186636645e-5,0.002433291741090995,17
2023-10-16T23:30:00Z,1.1077250486926853e-4,0.0023763585974617865,17
2023-10-17T00:00:00Z,1.1077250486926853e-4,0.0023544183150863754,17
2023-10-17T00:30:00Z,7.059492731461478e-5,0.00237246085699329,17
2023-10-17T01:00:00Z,4.5393760692628656e-5,0.0023972892765866914,17
2023-10-17T01:30:00Z,-2.1194308580910442e-5,0.002341731335848895,17
2023-10-17T02:00:00Z,-2.1809350299334506e-5,0.0023106851214619597,17
2023-10-17T02:30:00Z,-1.39222130163389e-4,0.002359674209880354,17
2023-10-17T03:00:00Z,-9.184919150271778e-5,0.0022016720043850613,17
2023-10-17T03:30:00Z,-7.22116835433071e-5,0.0022618399424554052,17
2023-10-17T04:00:00Z,-1.0581323903928852e-4,0.0022399077310110782,17
2023-10-17T04:30:00Z,-1.3101440566127466e-4,0.002229336421547409,17
2023-10-17T05:00:00Z,-1.0581323903928852e-4,0.002227906575546874,17
2023-10-17T05:30:00Z,-1.310144056612747e-4,0.002219548087821987,17
2023-10-17T06:00:00Z,-1.8080169718682172e-4,0.0022196426770572674,17
2023-10-17T06:30:00Z,-2.486198498972097e-4,0.0022068483189187837,17
2023-10-17T07:00:00Z,-3.612409726342937e-4,0.0021789127400532837,17
2023-10-17T07:30:00Z,-1.982175166532377e-4,0.0021755207171396253,17
2023-10-17T08:00:00Z,-2.3523513952436337e-4,0.002133464798356484,17
2023-10-17T08:30:00Z,-2.743403980757209e-4,0.002195580300733158,17
2023-10-17T09:00:00Z,-2.2220005334057675e-4,0.0023905291454677266,17
2023-10-17T09:30:00Z,-6.381129466931158e-5,0.0028067753881597275,17
2023-10-17T10:00:00Z,1.0080466648794493e-4,0.0031154537545153727,17
2023-10-17T10:30:00Z,0.0010130552374307891,0.004025219317011793,17
2023-10-17T11:00:00Z,0.0017919682726416284,0.004788794804086745,17
2023-10-17T11:30:00Z,0.002680279136915754,0.0056031903933150785,17
2023-10-17T12:00:00Z,0.0037816520820619435,0.006281750258027626,17
2023-10-17T12:30:00Z,0.004285675414501662,0.006765637689403253,17
2023-10-17T13:00:00Z,0.004536209991957507,0.006423607345849895,17
2023-10-17T13:30:00Z,0.004637014658445451,0.006355043005304035,17
2023-10-17T14:00:00Z,0.005028441119200576,0.006494256573699794,17
2023-10-17T14:30:00Z,0.005406458618530373,0.006572037886987049,17
2023-10-17T15:00:00Z,0.005296072759077726,0.006247385483340437,17
2023-10-17T15:30:00Z,0.004810871874737415,0.005736588481354464,17
2023-10-17T16:00:00Z,0.004065650893744505,0.005384635516452125,17
2023-10-17T16:30:00Z,0.003476199877840423,0.00502488326611752,17
2023-10-17T17:00:00Z,0.002869663325243467,0.004545453760733163,17
2023-10-17T17:30:00Z,0.0022561025865357794,0.004073150137229497,17
2023-10-17T18:00:00Z,0.002032092216562567,0.0038206975977243722,17
2023-10-17T18:30:00Z,0.0017741835813661403,0.0037026952702504837,17
2023-10-17T19:00:00Z,0.0015496083427741145,0.003558375332946193,17
2023-10-17T19:30:00Z,0.0012053273721395613,0.003289780969495961,17
2023-10-17T20:00:00Z,0.0010836501647454035,0.0032642447003732016,17
2023-10-17T20:30:00Z,8.456094751286398e-4,0.0031449630980197774,17
2023-10-17T21:00:00Z,6.914106667757766e-4,0.002982080250345373,17
2023-10-17T21:30:00Z,5.243301109736563e-4,0.002793699836011769,17
2023-10-17T22:00:00Z,3.0184986336794374e-4,0.002699692214145205,17
2023-10-17T22:30:00Z,2.8511879839069075e-4,0.00259186279353288,17
2023-10-17T23:00:00Z,3.0184986336794374e-4,0.002576097646439147,17
2023-10-17T23:30:00Z,1.4290474608404715e-4,0.002488612792880079,17
2023-10-18T00:00:00Z,5.088388870916013e-5,0.0024431954544100543,17
2023-10-18T00:30:00Z,2.920802466306175e-5,0.0023846649662859045,17
2023-10-18T01:00:00Z,-4.950250115435306e-5,0.0023782291334904335,17
2023-10-18T01:30:00Z,-5.479586407689171e-5,0.0023634230441197503,17
2023-10-18T02:00:00Z,-7.22116835433071e-5,0.0023556499836211715,17
2023-10-18T02:30:00Z,-7.159664182488252e-5,0.0023130501129630513,17
2023-10-18T03:00:00Z,-1.0519819732086354e-4,0.0023268399245108887,17
2023-10-18T03:30:00Z,-8.901246129129786e-5,0.0022539224865832106,17
2023-10-18T04:00:00Z,-1.478151834092659e-4,0.002169261421484998,17
2023-10-18T04:30:00Z,-1.961298809730047e-4,0.002212643901581482,17
2023-10-18T05:00:00Z,-1.613696511495756e-4,0.002203507211636779,17
2023-10-18T05:30:00Z,-1.556005305648355e-4,0.0022080811194291816,17
2023-10-18T06:00:00Z,-1.8920208606081735e-4,0.0021869190519593798,17
2023-10-18T06:30:00Z,-2.40219461023214e-4,0.0021830993152629646,17
2023-10-18T07:00:00Z,-3.908114190367067e-4,0.0021339427776048215,17
2023-10-18T07:30:00Z,-4.220713748252949e-4,0.0021714240842370725,17
2023-10-18T08:00:00Z,-3.525509151784362e-4,0.0023931722992521095,17
2023-10-18T08:30:00Z,-1.898171277792422e-4,0.0027341750116342076,17
2023-10-18T09:00:00Z,4.295564929080672e-4,0.0035888135322882674,17
2023-10-18T09:30:00Z,0.0012911348389588754,0.004893699742747807,17
2023-10-18T10:00:00Z,9.794536819348072e-4,0.004375091433449115,17
2023-10-18T10:30:00Z,0.0013826723478865869,0.0043549256051202525,17
2023-10-18T11:00:00Z,0.002084626981800172,0.0050086328790946615,17
2023-10-18T11:30:00Z,0.0028021921108200825,0.005785325226354642,17
2023-10-18T12:00:00Z,0.0031371632307455734,0.005942167781925999,17
2023-10-18T12:30:00Z,0.0038147027923858654,0.006475408613879887,17
2023-10-18T13:00:00Z,0.004754620102681384,0.00702748980244621,17
2023-10-18T13:30:00Z,0.004689272983034336,0.006801865750019163,17
2023-10-18T14:00:00Z,0.004574820120004831,0.0064601449811740935,17
2023-10-18T14:30:00Z,0.0050570341021452135,0.0066805568318046024,17
2023-10-18T15:00:00Z,0.0047680290641067226,0.0063416704055117255,17
2023-10-18T15:30:00Z,0.003706621586238762,0.005538107155809728,17
2023-10-18T16:00:00Z,0.003263248364341579,0.00531333718370151,17
2023-10-18T16:30:00Z,0.0027027576876036312,0.004872513966854249,17
2023-10-18T17:00:00Z,0.0022761155306837005,0.004537292899303262,17
2023-10-18T17:30:00Z,0.001807645711320643,0.0041171512031157225,17
2023-10-18T18:00:00Z,0.0014180154776057049,0.0036957280552376375,17
2023-10-18T18:30:00Z,0.0010380167223670402,0.0033043412559434202,17
2023-10-18T19:00:00Z,8.288784101513873e-4,0.0032954480432528526,17
2023-10-18T19:30:00Z,6.996733443567566e-4,0.003184237836703205,17
2023-10-18T20:00:00Z,6.831479891947985e-4,0.0031693020699508586,17
2023-10-18T20:30:00Z,6.58359956451861e-4,0.0031443606110049677,17
2023-10-18T21:00:00Z,5.592078254801125e-4,0.003078772992491886,17
2023-10-18T21:30:00Z,3.8647757560552774e-4,0.002920110018690372,17
2023-10-18T22:00:00Z,3.175513079214628e-4,0.002806632283114052,17
2023-10-18T22:30:00Z,4.435303393464053e-4,0.0028184894324840538,17
2023-10-18T23:00:00Z,6.120454624217223e-4,0.0029122013748351704,17
2023-10-18T23:30:00Z,3.692460086845105e-4,0.0028604834411205026,17
2023-10-19T00:00:00Z,1.0419648281059621e-4,0.00260231803534722,17
2023-10-19T00:30:00Z,7.059492731461478e-5,0.0024290393536087365,17
2023-10-19T01:00:00Z,-3.0209739173330303e-5,0.0023310362986373335,17
2023-10-19T01:30:00Z,-6.381129466931173e-5,0.0022359229062714897,17
2023-10-19T02:00:00Z,-5.541090579531617e-5,0.0021627914252502225,17
2023-10-19T02:30:00Z,-1.1791936387028943e-4,0.002107181702948758,17
2023-10-19T03:00:00Z,-1.0922930641443211e-4,0.0020701983018652664,17
2023-10-19T03:30:00Z,-1.8743982351714789e-4,0.0020072050078956344,17
2023-10-19T04:00:00Z,-2.8303045553157793e-4,0.001954834941707332,17
2023-10-19T04:30:00Z,-4.0469125991358034e-4,0.0019282192456061048,17
2023-10-19T05:00:00Z,-3.786210875460083e-4,0.0019175906826403623,17
2023-10-19T05:30:00Z,-3.0041057044329306e-4,0.001911831596654502,17
2023-10-19T06:00:00Z,-3.8731114500186576e-4,0.0018936569412940825,17
2023-10-19T06:30:00Z,-5.677826299115668e-4,0.0018522485351737284,17
2023-10-19T07:00:00Z,-7.940300849884844e-4,0.001848792221908472,17
2023-10-19T07:30:00Z,-7.016258073745351e-4,0.0018540000242504597,17
2023-10-19T08:00:00Z,-7.100261962485302e-4,0.001807756114282032,17
2023-10-19T08:30:00Z,-7.016258073745351e-4,0.0018016146748578796,17
2023-10-19T09:00:00Z,-7.688289183664983e-4,0.001756200687106304,17
2023-10-19T09:30:00Z,-7.100261962485308e-4,0.0017500817963384963,17
2023-10-19T10:00:00Z,-7.52028140618507e-4,0.0017167886358353352,17
2023-10-19T10:30:00Z,-9.362489449487196e-4,0.0017253040972814416,17
2023-10-19T11:00:00Z,-5.252176410206322e-4,0.0018133175460074277,17
2023-10-19T11:30:00Z,-5.000164743986463e-4,0.0017577220584561947,17
2023-10-19T12:00:00Z,-4.7481530777666035e-4,0.0017481872185215722,17
2023-10-19T12:30:00Z,-3.152079191707478e-4,0.0018087161919441831,17
2023-10-19T13:00:00Z,-1.7240130831282607e-4,0.001718683585871413,17
2023-10-19T13:30:00Z,-2.3521088847187045e-4,0.0016880464955221493,17
2023-10-19T14:00:00Z,-2.2280364155679956e-4,0.0016655046069047235,17
2023-10-19T14:30:00Z,-2.1000972184988397e-4,0.0017057511725245276,17
2023-10-19T15:00:00Z,-1.0920505536193965e-4,0.0016504583725835541,17
2023-10-19T15:30:00Z,-2.1440325268280388e-4,0.0017355483061601037,17
2023-10-19T16:00:00Z,-2.9840714142275745e-4,0.001715469788614954,17
2023-10-19T16:30:00Z,-3.488094746667294e-4,0.0017167371488551954,17
2023-10-19T17:00:00Z,-2.900067525487623e-4,0.001727789063920895,17
2023-10-19T17:30:00Z,-3.152079191707483e-4,0.0017229873678129796,17
2023-10-19T18:00:00Z,-3.740106412887159e-4,0.0017449462644961611,17
2023-10-19T18:30:00Z,-3.9921180791070194e-4,0.0017392852774241068,17
2023-10-19T19:00:00Z,-5.000164743986463e-4,0.0017275286276512319,17
2023-10-19T19:30:00Z,-3.992118079107014e-4,0.001733555706833146,17
2023-10-19T20:00:00Z,-3.740106412887159e-4,0.0018189278691547659,17
2023-10-19T20:30:00Z,-3.236083080447439e-4,0.0017470207320447399,17
2023-10-19T21:00:00Z,-3.740106412887159e-4,0.0017829489554081776,17
2023-10-19T21:30:00Z,-3.9921180791070194e-4,0.0018052787969127125,17
2023-10-19T22:00:00Z,-4.0761219678469755e-4,0.0017939721629837556,17
2023-10-19T22:30:00Z,-3.786210875460083e-4,0.001770575660373246,17
2023-10-19T23:00:00Z,-3.740106412887159e-4,0.0017897466775914335,17
2023-10-19T23:30:00Z,-4.39451489737009e-4,0.0017899070375119515,17
2023-10-20T00:00:00Z,-4.3281336340668353e-4,0.0017962875221132735,17
2023-10-20T00:30:00Z,-3.786210875460083e-4,0.0017986658457010923,17
2023-10-20T01:00:00Z,-4.7421171956043813e-4,0.001764986239595942,17
2023-10-20T01:30:00Z,-4.6552166210458106e-4,0.0017819089782259046,17
2023-10-20T02:00:00Z,-4.3076143228115195e-4,0.0017918291614718142,17
2023-10-20T02:30:00Z,-4.3076143228115195e-4,0.00179890102357695,17
2023-10-20T03:00:00Z,-4.568316046487241e-4,0.0018010148888478728,17
2023-10-20T03:30:00Z,-4.915918344721532e-4,0.0017650251427951773,17
2023-10-20T04:00:00Z,-4.0469125991357985e-4,0.0018009933939952037,17
2023-10-20T04:30:00Z,-5.176620068397253e-4,0.0017943895926161855,17
2023-10-20T05:00:00Z,-4.3076143228115195e-4,0.0018087534317975458,17
2023-10-20T05:30:00Z,-4.0469125991357985e-4,0.0017634408931445345,17
2023-10-20T06:00:00Z,-4.220713748252949e-4,0.0018134231005880405,17
2023-10-20T06:30:00Z,-4.1338131736943796e-4,0.0017893892244721869,17
2023-10-20T07:00:00Z,-5.611122941190109e-4,0.0018063421756833414,17
2023-10-20T07:30:00Z,-4.7421171956043857e-4,0.0018083992505214554,17
2023-10-20T08:00:00Z,-4.829017770162962e-4,0.001796567174892802,17
2023-10-20T08:30:00Z,-3.786210875460088e-4,0.001769158843457279,17
2023-10-20T09:00:00Z,-3.4386085772257914e-4,0.001761303836921188,17
2023-10-20T09:30:00Z,-4.394514897370095e-4,0.0017786911629853511,17
2023-10-20T10:00:00Z,-4.0469125991358034e-4,0.0017580585785163347,17
2023-10-20T10:30:00Z,-4.5683160464872404e-4,0.0017870744789228825,17
2023-10-20T11:00:00Z,-5.002818919280102e-4,0.0018450386456997248,17
2023-10-20T11:30:00Z,-5.871824664865829e-4,0.0018906099085297884,17
2023-10-20T12:00:00Z,-5.611122941190109e-4,0.0018413076765155492,17
2023-10-20T12:30:00Z,-5.524222366631544e-4,0.0018121569001891464,17
2023-10-20T13:00:00Z,-5.958725239424405e-4,0.0018190602416608276,17
2023-10-20T13:30:00Z,-5.871824664865834e-4,0.0017875900868921234,17
2023-10-20T14:00:00Z,-5.611122941190109e-4,0.0017417250268959273,17
2023-10-20T14:30:00Z,-5.611122941190109e-4,0.0017631652496647705,17
2023-10-20T15:00:00Z,-5.871824664865829e-4,0.0017573955420700565,17
2023-10-20T15:30:00Z,-6.480128686775842e-4,0.001779312445135113,17
2023-10-20T16:00:00Z,-6.306327537658691e-4,0.0017631628267988444,17
2023-10-20T16:30:00Z,-6.567029261334411e-4,0.0017408593709002476,17
2023-10-20T17:00:00Z,-6.306327537658691e-4,0.0017557784103005589,17
2023-10-20T17:30:00Z,-5.9587252394244e-4,0.001755084804247814,17
2023-10-20T18:00:00Z,-6.306327537658691e-4,0.0017482499655831194,17
2023-10-20T18:30:00Z,-6.567029261334411e-4,0.001854901305318207,17
2023-10-20T19:00:00Z,-7.957438454271582e-4,0.001840391655613432,17
2023-10-20T19:30:00Z,-8.391941327064448e-4,0.001816937026591322,17
2023-10-20T20:00:00Z,-8.391941327064448e-4,0.0018280948396154333,17
2023-10-20T20:30:00Z,-7.436035006920144e-4,0.0017864083601829052,17
2023-10-20T21:00:00Z,-7.436035006920144e-4,0.0017636272127137314,17
2023-10-20T21:30:00Z,-7.522935581478714e-4,0.001718053995113797,17
2023-10-20T22:00:00Z,-8.131239603388727e-4,0.0017139357179693092,17
2023-10-20T22:30:00Z,-7.957438454271574e-4,0.0017328400136868405,17
2023-10-20T23:00:00Z,-7.001532134127273e-4,0.0017414200322668795,17
2023-10-20T23:30:00Z,-7.522935581478714e-4,0.001692217650911102,17
2023-10-21T00:00:00Z,-7.783637305154436e-4,0.0017063470939314104,17
2023-10-21T00:30:00Z,-7.508058411815394e-4,0.001652860725141428,17
2023-10-21T01:00:00Z,-6.764246407525486e-4,0.0016511186509144966,17
2023-10-21T01:30:00Z,-5.000164743986467e-4,0.0017110676596536194,17
2023-10-21T02:00:00Z,-4.244129745326878e-4,0.0016733353165492237,17
2023-10-21T02:30:00Z,-3.786210875460083e-4,0.001698290729071229,17
2023-10-21T03:00:00Z,-1.5621557228326108e-4,0.001670630245390803,17
2023-10-21T03:30:00Z,-4.6552166210458106e-4,0.001716660510761587,17
2023-10-21T04:00:00Z,-4.8290177701629564e-4,0.001774408966806121,17
2023-10-21T04:30:00Z,-3.4386085772257914e-4,0.0018054439661496701,17
2023-10-21T05:00:00Z,-5.252176410206322e-4,0.001858834939143201,17
2023-10-21T05:30:00Z,-5.000164743986467e-4,0.0018497048671751108,17
2023-10-21T06:00:00Z,-1.5980072500183378e-4,0.0019393536920736644,17
2023-10-21T06:30:00Z,9.206561501570283e-4,0.0021999619622495286,17
2023-10-21T07:00:00Z,0.0014028406909047354,0.002727891194447139,17
2023-10-21T07:30:00Z,0.0020033328959227947,0.003282740927938249,17
2023-10-21T08:00:00Z,8.45047459950882e-4,0.003126833372938646,17
2023-10-21T08:30:00Z,6.554957497010085e-4,0.00268741752260225,17
2023-10-21T09:00:00Z,0.0038187851213452423,0.004187521492861633,17
2023-10-21T09:30:00Z,0.0056870390166423755,0.006297223686484155,17
2023-10-21T10:00:00Z,0.006739690656052447,0.007556634904370378,17
2023-10-21T10:30:00Z,0.008565742401448827,0.012408158847755093,17
2023-10-21T11:00:00Z,0.00862771248330616,0.013397118080693443,17
2023-10-21T11:30:00Z,0.010176964529739731,0.014947750872635716,17
2023-10-21T12:00:00Z,0.009887770814405467,0.014714179910132474,17
2023-10-21T12:30:00Z,0.009962134912634276,0.012379195930528025,17
2023-10-21T13:00:00Z,0.01017696452973974,0.010243643913806466,17
2023-10-21T13:30:00Z,0.009111079121793436,0.00937688853729551,17
2023-10-21T14:00:00Z,0.008350912784343361,0.008306794777950518,17
2023-10-21T14:30:00Z,0.00867389701003212,0.007595443366841578,17
2023-10-21T15:00:00Z,0.00817425648917883,0.006761104327443805,17
2023-10-21T15:30:00Z,0.0073468399907111155,0.005974749129616204,17
2023-10-21T16:00:00Z,0.0059877737716926,0.005080132845648578,17
2023-10-21T16:30:00Z,0.004964629824531273,0.004518546204143742,17
2023-10-21T17:00:00Z,0.004216919068044959,0.004161119708403877,17
2023-10-21T17:30:00Z,0.0035895041313980004,0.0039052979926339393,17
2023-10-21T18:00:00Z,0.0031963241044325776,0.003718275700402829,17
2023-10-21T18:30:00Z,0.0028031440774671456,0.0036183812743532987,17
2023-10-21T19:00:00Z,0.00254192601249795,0.003686077122238227,17
2023-10-21T19:30:00Z,0.002368136388058586,0.0035999236835960262,17
2023-10-21T20:00:00Z,0.002306715124026079,0.0034430577342499918,17
2023-10-21T20:30:00Z,0.002357117457270054,0.0035745325370277986,17
2023-10-21T21:00:00Z,0.0022749920938408543,0.0034694658049400366,17
2023-10-21T21:30:00Z,0.002090914007210695,0.00343589366402229,17
2023-10-21T22:00:00Z,0.0018542421815433486,0.0034233004129637346,17
2023-10-21T22:30:00Z,0.0017919682726416284,0.003224454492168554,17
2023-10-21T23:00:00Z,0.001722757833950376,0.003282967752722159,17
2023-10-21T23:30:00Z,0.0017431918211152021,0.003386452211162694,17
2023-10-22T00:00:00Z,0.0017838388640538908,0.003558505585233407,17
2023-10-22T00:30:00Z,0.001905779992869957,0.003845229810661331,17
2023-10-22T01:00:00Z,0.0018651329499312687,0.003941897232153676,17
2023-10-22T01:30:00Z,0.0018732623585190058,0.0039599551220881185,17
2023-10-22T02:00:00Z,0.001808227089817104,0.003785962134533291,17
2023-10-22T02:30:00Z,0.0017025447781765135,0.003514758926860037,17
2023-10-22T03:00:00Z,0.001572474240772713,0.0032686627291334267,17
2023-10-22T03:30:00Z,0.001604991875123663,0.003052463459475542,17
2023-10-22T04:00:00Z,0.0015968624665359226,0.003056151803056819,17
2023-10-22T04:30:00Z,0.0015331915527425975,0.003106850305637432,17
2023-10-22T05:00:00Z,0.0014984313229191677,0.00317181509453084,17
2023-10-22T05:30:00Z,0.0016548523571246034,0.003536508007191281,17
2023-10-22T06:00:00Z,0.0016548523571246034,0.003734412941696714,17
2023-10-22T06:30:00Z,0.0021869553089329872,0.0041619996008115095,17
2023-10-22T07:00:00Z,0.003407857731068936,0.0052006894292084774,17
2023-10-22T07:30:00Z,0.004272195916294672,0.005923338281041716,17
2023-10-22T08:00:00Z,0.004728832439701598,0.00599571585370723,17
2023-10-22T08:30:00Z,0.004810031008476698,0.005933910739392424,17
2023-10-22T09:00:00Z,0.00523845084105046,0.006294433241585266,17
2023-10-22T09:30:00Z,0.005456860951774344,0.006285402758848986,17
2023-10-22T10:00:00Z,0.0054988628961443195,0.00632734711876862,17
2023-10-22T10:30:00Z,0.005339255507538405,0.005971997570532231,17
2023-10-22T11:00:00Z,0.0054481476824178995,0.0061832620107472374,17
2023-10-22T11:30:00Z,0.005439382059245031,0.005935168520072014,17
2023-10-22T12:00:00Z,0.005281600842133461,0.005906177099467095,17
2023-10-22T12:30:00Z,0.005097522755503301,0.00572818067828403,17
2023-10-22T13:00:00Z,0.0050624602628118465,0.005824951978755775,17
2023-10-22T13:30:00Z,0.005605928899529456,0.006407670729350883,17
2023-10-22T14:00:00Z,0.005570866406838,0.006112963250728692,17
2023-10-22T14:30:00Z,0.005079991509157576,0.005641897749058656,17
2023-10-22T15:00:00Z,0.004694304089551527,0.0051426217789106105,17
2023-10-22T15:30:00Z,0.004291085423599747,0.005040019190141405,17
2023-10-22T16:00:00Z,0.0037388511637092697,0.004684812344426823,17
2023-10-22T16:30:00Z,0.0027267345677258474,0.004001286269385367,17
2023-10-22T17:00:00Z,0.002222398354803667,0.00363336045767669,17
2023-10-22T17:30:00Z,0.002004301124562239,0.0033884832551512476,17
2023-10-22T18:00:00Z,0.0018651329499312687,0.003420939273168188,17
2023-10-22T18:30:00Z,0.0017018871250984093,0.003381171803906068,17
2023-10-22T19:00:00Z,0.0016682855696024325,0.0033497953866496307,17
2023-10-22T19:30:00Z,0.0013020602754692818,0.003021344107437453,17
2023-10-22T20:00:00Z,9.292648000149009e-4,0.0027129013970951243,17
2023-10-22T20:30:00Z,7.284920202878741e-4,0.0027078859369670566,17
2023-10-22T21:00:00Z,6.782988253561176e-4,0.0027727996168640827,17
2023-10-22T21:30:00Z,6.831479891947982e-4,0.002779623640026428,17
2023-10-22T22:00:00Z,7.308338320375973e-4,0.002918932252109083,17
2023-10-22T22:30:00Z,6.914106667757766e-4,0.0027507521974908357,17
2023-10-22T23:00:00Z,6.335719237089231e-4,0.0026432654677263903,17
2023-10-22T23:30:00Z,5.592078254801125e-4,0.002585419272232267,17
2023-10-23T00:00:00Z,4.2955649290806754e-4,0.0024826827309472137,17
2023-10-23T00:30:00Z,3.5134373874600344e-4,0.0023936702328822947,17
2023-10-23T01:00:00Z,2.8182327909914554e-4,0.0023619310781912077,17
2023-10-23T01:30:00Z,2.470630492757162e-4,0.002362878830670764,17
2023-10-23T02:00:00Z,1.6246720563231753e-4,0.0023398633829278775,17
2023-10-23T02:30:00Z,2.470630492757162e-4,0.002412223663102884,17
2023-10-23T03:00:00Z,2.470630492757162e-4,0.002457690067435947,17
2023-10-23T03:30:00Z,2.731332216432882e-4,0.0024970098440194877,17
2023-10-23T04:00:00Z,3.3396362383428946e-4,0.0025319490152566583,17
2023-10-23T04:30:00Z,2.5575310673157323e-4,0.002381711075421311,17
2023-10-23T05:00:00Z,2.4331333104025567e-4,0.0024580802956986844,17
2023-10-23T05:30:00Z,2.296829343640014e-4,0.0023523222352828392,17
2023-10-23T06:00:00Z,2.731332216432882e-4,0.0024319029377991856,17
2023-10-23T06:30:00Z,3.339636238342889e-4,0.0025115149982345864,17
2023-10-23T07:00:00Z,7.163261518920101e-4,0.0027074843762590903,17
2023-10-23T07:30:00Z,0.001184454831233349,0.0028283654430315028,17
2023-10-23T08:00:00Z,0.0021936359193877463,0.003202630531102275,17
2023-10-23T08:30:00Z,0.0033093356282389015,0.004286364534054963,17
2023-10-23T09:00:00Z,0.005035284707453078,0.005291075254887149,17
2023-10-23T09:30:00Z,0.006841881766903387,0.007021318980340353,17
2023-10-23T10:00:00Z,0.007714686610607973,0.007790379147086317,17
2023-10-23T10:30:00Z,0.008253147097734611,0.00791058375754409,17
2023-10-23T11:00:00Z,0.009582051743909246,0.014151335360175309,17
2023-10-23T11:30:00Z,0.00974659184412443,0.00944554162836501,17
2023-10-23T12:00:00Z,0.009325908738898896,0.009251112740155025,17
2023-10-23T12:30:00Z,0.008995401635659733,0.008870837703800772,17
2023-10-23T13:00:00Z,0.008805360051297213,0.008740776401742626,17
2023-10-23T13:30:00Z,0.00764678738838166,0.007535760742210396,17
2023-10-23T14:00:00Z,0.007619442525861874,0.00662962350219581,17
2023-10-23T14:30:00Z,0.006325033255178736,0.00585529412858911,17
2023-10-23T15:00:00Z,0.005555404266225136,0.00549295358388049,17
2023-10-23T15:30:00Z,0.004911258264600929,0.005151400428682146,17
2023-10-23T16:00:00Z,0.0034086444357056952,0.004573545638873943,17
2023-10-23T16:30:00Z,0.002877941567457762,0.004069200986683875,17
2023-10-23T17:00:00Z,0.002483123290379986,0.0038149567113695266,17
2023-10-23T17:30:00Z,0.0021259764999021565,0.003528567761385705,17
2023-10-23T18:00:00Z,0.001738880496917041,0.003348663500399406,17
2023-10-23T18:30:00Z,0.0015323767758531007,0.0031259766079686814,17
2023-10-23T19:00:00Z,0.0011768991970524457,0.002740090310535555,17
2023-10-23T19:30:00Z,9.794579949466572e-4,0.0025808755859004933,17
2023-10-23T20:00:00Z,8.731895735573164e-4,0.0026093067548235097,17
2023-10-23T20:30:00Z,7.619541502423787e-4,0.002416837470709375,17
2023-10-23T21:00:00Z,5.839958582230494e-4,0.0022665481202477993,17
2023-10-23T21:30:00Z,3.687741232769519e-4,0.0021688803030789254,17
2023-10-23T22:00:00Z,2.767532659020652e-4,0.0020882381012698042,17
2023-10-23T22:30:00Z,1.1780814861816885e-4,0.0020448168090728084,17
2023-10-23T23:00:00Z,5.088388870916013e-5,0.001982520563568914,17
2023-10-23T23:30:00Z,2.8592982944637942e-5,0.0019587790334212197,17
2023-10-24T00:00:00Z,-3.9708846767574075e-5,0.00193597738050465,17
2023-10-24T00:30:00Z,-2.180935029933472e-5,0.001942308371122558,17
2023-10-24T01:00:00Z,-7.446907659100324e-5,0.0019447550097440316,17
2023-10-24T01:30:00Z,-1.6136965114957655e-4,0.001852768266778027,17
2023-10-24T02:00:00Z,-1.4398953623786156e-4,0.0018141121031109984,17
2023-10-24T02:30:00Z,-1.3529947878200446e-4,0.0018095598700086396,17
2023-10-24T03:00:00Z,-1.7005970860543363e-4,0.0017660568473699758,17
2023-10-24T03:30:00Z,-4.431159741987692e-5,0.00179429763365353,17
2023-10-24T04:00:00Z,2.0192594070642542e-5,0.0017396821865454082,17
2023-10-24T04:30:00Z,1.0215672140876068e-4,0.0018188199935976245,17
2023-10-24T05:00:00Z,2.1416190639536627e-4,0.0019051425612279383,17
2023-10-24T05:30:00Z,3.6924600868451203e-4,0.001998359545971295,17
2023-10-24T06:00:00Z,4.2094070944755985e-4,0.0021130998748202607,17
2023-10-24T06:30:00Z,4.467880598290837e-4,0.00204305650494713,17
2023-10-24T07:00:00Z,5.757331806420701e-4,0.002055695542750319,17
2023-10-24T07:30:00Z,7.828036147888985e-4,0.0020946747484479346,17
2023-10-24T08:00:00Z,0.0012203494843317318,0.0023947947633698396,17
2023-10-24T08:30:00Z,0.0019202972358222878,0.0028059918390889085,17
2023-10-24T09:00:00Z,0.0025537182176945997,0.004016431907929655,17
2023-10-24T09:30:00Z,0.00274692716179649,0.004366913350865204,17
2023-10-24T10:00:00Z,0.002778047480001267,0.004544057006755193,17
2023-10-24T10:30:00Z,0.0030875721820804287,0.004694823981744227,17
2023-10-24T11:00:00Z,0.0026093497084166166,0.003995904690391219,17
2023-10-24T11:30:00Z,0.001997629082720541,0.0034046169010522307,17
2023-10-24T12:00:00Z,0.0015323767758531036,0.0030087468253014306,17
2023-10-24T12:30:00Z,0.0011969618396509359,0.0025682281150605046,17
2023-10-24T13:00:00Z,7.870507477082574e-4,0.002245326633402253,17
2023-10-24T13:30:00Z,4.775260456290911e-4,0.0021254099598869577,17
2023-10-24T14:00:00Z,2.050011492985401e-4,0.002026733869769853,17
2023-10-24T14:30:00Z,2.1340153817253608e-4,0.002003774868717891,17
2023-10-24T15:00:00Z,1.6016247471714308e-4,0.00196409975272459,17
2023-10-24T15:30:00Z,3.850167033514112e-5,0.0019205274615280933,17
2023-10-24T16:00:00Z,7.760692888649901e-5,0.0019374394684360037,17
2023-10-24T16:30:00Z,-3.9708846767574075e-5,0.0019129014289317428,17
2023-10-24T17:00:00Z,-1.7840826770493308e-4,0.0018675883689526704,17
2023-10-24T17:30:00Z,-2.2964173641633212e-4,0.0018522723010843847,17
2023-10-24T18:00:00Z,-2.98407141422758e-4,0.0018420244303107031,17
2023-10-24T18:30:00Z,-4.160125856586927e-4,0.0018524759608471509,17
2023-10-24T19:00:00Z,-4.244129745326878e-4,0.0018185182939232862,17
2023-10-24T19:30:00Z,-3.992118079107014e-4,0.0018570819810648518,17
2023-10-24T20:00:00Z,-3.6561025241472025e-4,0.0018229089367854548,17
2023-10-24T20:30:00Z,-2.3988843015861216e-4,0.0018460062448280266,17
2023-10-24T21:00:00Z,-1.526795936937191e-4,0.0018654191338866152,17
2023-10-24T21:30:00Z,-1.7005970860543336e-4,0.0018669921463820862,17
2023-10-24T22:00:00Z,-1.724013083128268e-4,0.0018625714243620582,17
2023-10-24T22:30:00Z,-1.2261401678727936e-4,0.0019016042379487168,17
2023-10-24T23:00:00Z,-1.7005970860543336e-4,0.0018958979017919394,17
2023-10-24T23:30:00Z,-1.5560053056483573e-4,0.001889771839379437,17
2023-10-25T00:00:00Z,-1.219989750688541e-4,0.0018439788429144733,17
2023-10-25T00:30:00Z,-1.7874976606129065e-4,0.001882982812627088,17
2023-10-25T01:00:00Z,-1.387997528168449e-4,0.0019130378303836685,17
2023-10-25T01:30:00Z,-2.3305431604788947e-4,0.0019539785265632256,17
2023-10-25T02:00:00Z,-2.9840714142275745e-4,0.001885603143482803,17
2023-10-25T02:30:00Z,-3.57209863540725e-4,0.0018825319993727738,17
2023-10-25T03:00:00Z,-3.992118079107025e-4,0.0018207382918741868,17
2023-10-25T03:30:00Z,-3.5255091517843675e-4,0.001851849551949385,17
2023-10-25T04:00:00Z,-3.5255091517843675e-4,0.001845769425817374,17
2023-10-25T04:30:00Z,-3.992118079107025e-4,0.0018605977449730514,17
2023-10-25T05:00:00Z,-3.6386011539730025e-4,0.0019286633581371538,17
2023-10-25T05:30:00Z,-3.25044525427804e-4,0.0018934406506308174,17
2023-10-25T06:00:00Z,-3.637152811063689e-4,0.0019190735964540395,17
2023-10-25T06:30:00Z,-3.333000800108685e-4,0.0019052240208729853,17
2023-10-25T07:00:00Z,-4.023860367849336e-4,0.0018866924563625302,17
2023-10-25T07:30:00Z,-3.935888362928092e-4,0.0017046211707866864,17
2023-10-25T08:00:00Z,-1.6816157396265372e-4,0.0017556658144083225,17
2023-10-25T08:30:00Z,-9.184919150271818e-5,0.001864592812771282,17
2023-10-25T09:00:00Z,3.5632233349374885e-4,0.0021291582189501596,17
2023-10-25T09:30:00Z,9.794536819348072e-4,0.002655519651639042,17
2023-10-25T10:00:00Z,0.0019626858529841105,0.003555464598965282,17
2023-10-25T10:30:00Z,0.002600728734615914,0.005474033051712666,17
2023-10-25T11:00:00Z,0.003748449248681895,0.006368814008283776,17
2023-10-25T11:30:00Z,0.004781960321280176,0.007310568680633388,17
2023-10-25T12:00:00Z,0.005446652343872997,0.007354237379766429,17
2023-10-25T12:30:00Z,0.005995352608396285,0.007328082538377257,17
2023-10-25T13:00:00Z,0.005541602406810482,0.006892750886553787,17
2023-10-25T13:30:00Z,0.005745494888041553,0.007053724890487731,17
2023-10-25T14:00:00Z,0.004684025175366765,0.005542730526646319,17
2023-10-25T14:30:00Z,0.0036003750106213647,0.00336592310523575,17
2023-10-25T15:00:00Z,0.0017391555789052922,0.0024391670152821778,17
2023-10-25T15:30:00Z,0.001247297897263218,0.0021460692685493807,17
2023-10-25T16:00:00Z,7.492494098426302e-4,0.00205482805527017,17
2023-10-25T16:30:00Z,4.903846580397199e-4,0.0020188594854672823,17
2023-10-25T17:00:00Z,2.302023159205264e-4,0.001979450205663144,17
2023-10-25T17:30:00Z,1.0419648281059621e-4,0.0019162060841467078,17
2023-10-25T18:00:00Z,1.2431497967569391e-5,0.0019061442550146628,17
2023-10-25T18:30:00Z,-7.594133028213448e-5,0.001884413101647945,17
2023-10-25T19:00:00Z,-1.4766818647809357e-4,0.0018686878872595444,17
2023-10-25T19:30:00Z,-2.2964173641633247e-4,0.0018523672481393404,17
2023-10-25T20:00:00Z,-3.4880947466672997e-4,0.0018152350225186437,17
2023-10-25T20:30:00Z,-3.376451087387975e-4,0.001877615701128579,17
2023-10-25T21:00:00Z,-3.236083080447439e-4,0.0017699330758211987,17
2023-10-25T21:30:00Z,-4.0761219678469755e-4,0.0017895814524224697,17
2023-10-25T22:00:00Z,-4.496141411546744e-4,0.0017777226132864744,17
2023-10-25T22:30:00Z,-4.7481530777666035e-4,0.0017588566084558706,17
2023-10-25T23:00:00Z,-4.7481530777666083e-4,0.0018189789768408373,17
2023-10-25T23:30:00Z,-4.3281336340668353e-4,0.0018111988627895063,17
2023-10-26T00:00:00Z,-4.4121375228067914e-4,0.001807173307298246,17
2023-10-26T00:30:00Z,-3.152079191707483e-4,0.0018157020255998766,17
2023-10-26T01:00:00Z,-2.4800480817878504e-4,0.0018083426085619555,17
2023-10-26T01:30:00Z,-2.4800480817878504e-4,0.0018470449804092277,17
2023-10-26T02:00:00Z,-1.439895362378615e-4,0.0018333610870278304,17
2023-10-26T02:30:00Z,-2.308901107964343e-4,0.0018366772763442315,17
2023-10-26T03:00:00Z,-2.308901107964343e-4,0.0018186792714575636,17
2023-10-26T03:30:00Z,-2.732059748007715e-4,0.0018238220764342167,17
2023-10-26T04:00:00Z,-2.569602831640064e-4,0.0018255648366784203,17
2023-10-26T04:30:00Z,-2.858065581117645e-4,0.0018432420822118534,17
2023-10-26T05:00:00Z,-3.0041057044329257e-4,0.0018168209279571012,17
2023-10-26T05:30:00Z,-3.264807428108646e-4,0.0018271900028988394,17
2023-10-26T06:00:00Z,-2.4800480817878504e-4,0.0018576603693159605,17
2023-10-26T06:30:00Z,-1.9760247493481254e-4,0.0018461158777751073,17
2023-10-26T07:00:00Z,-2.480048081787855e-4,0.0018259885156857055,17
2023-10-26T07:30:00Z,-1.961298809730052e-4,0.0018324223440375903,17
2023-10-26T08:00:00Z,-9.184919150271804e-5,0.0018920053420783968,17
2023-10-26T08:30:00Z,-5.0085725513438105e-6,0.001863140194972323,17
2023-10-26T09:00:00Z,2.7447239061892284e-4,0.0019458826476138435,17
2023-10-26T09:30:00Z,5.859752900541505e-4,0.002167312806658612,17
2023-10-26T10:00:00Z,9.723508509200771e-4,0.0024627696054994527,17
2023-10-26T10:30:00Z,0.001420371590866496,0.002852855650857844,17
2023-10-26T11:00:00Z,0.0018732623585190058,0.0033853705944036625,17
2023-10-26T11:30:00Z,0.0021219065687981776,0.003803132123390253,17
2023-10-26T12:00:00Z,0.0025231918738115337,0.004594268481329114,17
2023-10-26T12:30:00Z,0.0030039474005676883,0.005182865383824134,17
2023-10-26T13:00:00Z,0.0031501458277482697,0.005647749792722102,17
2023-10-26T13:30:00Z,0.0032173489387402232,0.005545943512593539,17
2023-10-26T14:00:00Z,0.003370694990448947,0.005403255338567672,17
2023-10-26T14:30:00Z,0.003104303247057683,0.004896443144347773,17
2023-10-26T15:00:00Z,0.003104303247057683,0.0047085415845452665,17
2023-10-26T15:30:00Z,0.0027696819475126425,0.004120335362905137,17
2023-10-26T16:00:00Z,0.0019717817323390095,0.003447863532824721,17
2023-10-26T16:30:00Z,0.0015582241262346278,0.003022488470810416,17
2023-10-26T17:00:00Z,0.0013859084570244662,0.0027079407800639902,17
2023-10-26T17:30:00Z,0.0012308243547353198,0.002448405854926849,17
2023-10-26T18:00:00Z,0.0010301804475959183,0.002585281143618642,17
2023-10-26T18:30:00Z,7.619541502423787e-4,0.002504062566213843,17
2023-10-26T19:00:00Z,6.996733443567566e-4,0.0025743411408666677,17
2023-10-26T19:30:00Z,6.62182646341786e-4,0.002472829618415934,17
2023-10-26T20:00:00Z,3.950933590660354e-4,0.0023894086911726248,17
2023-10-26T20:30:00Z,2.2277768985587358e-4,0.0022283547523575774,17
2023-10-26T21:00:00Z,-5.0085725513438105e-6,0.002145225114026684,17
2023-10-26T21:30:00Z,-2.1809350299334506e-5,0.002122418962093848,17
2023-10-26T22:00:00Z,-8.901246129129786e-5,0.0020878434780187073,17
2023-10-26T22:30:00Z,-1.0581323903928865e-4,0.0020782297224061197,17
2023-10-26T23:00:00Z,-1.4781518340926548e-4,0.0020343992303242728,17
2023-10-26T23:30:00Z,-1.374214927358135e-4,0.0020390046935941705,17
2023-10-27T00:00:00Z,-1.439895362378615e-4,0.0021046353924230056,17
2023-10-27T00:30:00Z,-1.478151834092652e-4,0.002164399061396921,17
2023-10-27T01:00:00Z,-1.8141673890524653e-4,0.0021390279499353946,17
2023-10-27T01:30:00Z,-1.3101440566127477e-4,0.0021808121962837695,17
2023-10-27T02:00:00Z,-2.656503406198634e-4,0.0021372071041227724,17
2023-10-27T02:30:00Z,-3.0041057044329257e-4,0.002057276507052159,17
2023-10-27T03:00:00Z,-3.7401064128871536e-4,0.0019833731387715976,17
2023-10-27T03:30:00Z,-3.264807428108646e-4,0.0020063329643761943,17
2023-10-27T04:00:00Z,-3.236083080447434e-4,0.0019658808111094076,17
2023-10-27T04:30:00Z,-3.488094746667294e-4,0.0019300444654448208,17
2023-10-27T05:00:00Z,-3.786210875460088e-4,0.0018463252589753568,17
2023-10-27T05:30:00Z,-3.786210875460088e-4,0.0018620089472249106,17
2023-10-27T06:00:00Z,-3.9921180791070194e-4,0.0018327592048597249,17
2023-10-27T06:30:00Z,-4.2441297453268837e-4,0.0018297193606939051,17
2023-10-27T07:00:00Z,-4.5801453002867e-4,0.0018176020989370276,17
2023-10-27T07:30:00Z,-5.252176410206322e-4,0.0018329915307973132,17
2023-10-27T08:00:00Z,-5.252176410206323e-4,0.001860883053647021,17
2023-10-27T08:30:00Z,-5.924207520125955e-4,0.001898306898363573,17
2023-10-27T09:00:00Z,-3.5260206132369e-4,0.0019248532379118857,17
2023-10-27T09:30:00Z,-2.0661790552723341e-4,0.0018961875512487592,17
2023-10-27T10:00:00Z,-1.9612988097300572e-4,0.0019132055970396138,17
2023-10-27T10:30:00Z,-1.1841382235028197e-4,0.0019934566188469284,17
2023-10-27T11:00:00Z,-8.901246129129781e-5,0.0019751656237185925,17
2023-10-27T11:30:00Z,-2.0481993842886274e-4,0.0019039298939767962,17
2023-10-27T12:00:00Z,-3.992118079107025e-4,0.0019153250719017658,17
2023-10-27T12:30:00Z,-3.740106412887164e-4,0.0019105029657584534,17
2023-10-27T13:00:00Z,-3.236083080447439e-4,0.001863341226325907,17
2023-10-27T13:30:00Z,-3.992118079107025e-4,0.0018562464029075818,17
2023-10-27T14:00:00Z,-4.496141411546744e-4,0.0018240043323788258,17
2023-10-27T14:30:00Z,-5.000164743986463e-4,0.001820430991921072,17
2023-10-27T15:00:00Z,-4.7481530777666035e-4,0.001804479610923879,17
2023-10-27T15:30:00Z,-4.7481530777666035e-4,0.0018155435264531757,17
2023-10-27T16:00:00Z,-5.000164743986463e-4,0.0018107856769717045,17
2023-10-27T16:30:00Z,-5.000164743986463e-4,0.001780232495954919,17
2023-10-27T17:00:00Z,-5.089719493838676e-4,0.0017917237297145748,17
2023-10-27T17:30:00Z,-3.960012024577233e-4,0.0018132561035730493,17
2023-10-27T18:00:00Z,-5.611122941190109e-4,0.0017940095833498385,17
2023-10-27T18:30:00Z,-5.252176410206322e-4,0.001790970350584972,17
2023-10-27T19:00:00Z,-4.7481530777666035e-4,0.0017540030013762106,17
2023-10-27T19:30:00Z,-5.000164743986463e-4,0.0017950794953973178,17
2023-10-27T20:00:00Z,-4.7481530777666035e-4,0.001759614074665347,17
2023-10-27T20:30:00Z,-4.496141411546744e-4,0.0017394370248313622,17
2023-10-27T21:00:00Z,-4.0761219678469706e-4,0.0017284211836918605,17
2023-10-27T21:30:00Z,-4.0469125991358034e-4,0.0017360413033862092,17
2023-10-27T22:00:00Z,-3.786210875460088e-4,0.0017817270091513805,17
2023-10-27T22:30:00Z,-4.0469125991358034e-4,0.0017369880672107572,17
2023-10-27T23:00:00Z,-4.568316046487235e-4,0.0017044677340612045,17
2023-10-27T23:30:00Z,-3.5255091517843675e-4,0.001683166184081574,17
2023-10-28T00:00:00Z,-4.0469125991358034e-4,0.0017279769651300197,17
2023-10-28T00:30:00Z,-4.0469125991358034e-4,0.0017679339090362017,17
2023-10-28T01:00:00Z,-4.3076143228115195e-4,0.0017361698746907797,17
2023-10-28T01:30:00Z,-4.568316046487235e-4,0.001742074342909526,17
2023-10-28T02:00:00Z,-5.524222366631538e-4,0.0017081129469350969,17
2023-10-28T02:30:00Z,-5.437321792072968e-4,0.0017691120042350632,17
2023-10-28T03:00:00Z,-5.924207520125955e-4,0.0017518634257543742,17
2023-10-28T03:30:00Z,-6.132526388541551e-4,0.0017607119469991957,17
2023-10-28T04:00:00Z,-5.611122941190109e-4,0.0017555967068112615,17
2023-10-28T04:30:00Z,-6.132526388541551e-4,0.0017672003517721735,17
2023-10-28T05:00:00Z,-5.611122941190109e-4,0.0017518119648240373,17
2023-10-28T05:30:00Z,-5.871824664865829e-4,0.0017185760718152203,17
2023-10-28T06:00:00Z,-5.871824664865829e-4,0.0017616436171056808,17
2023-10-28T06:30:00Z,-4.915918344721526e-4,0.0017532817433016752,17
2023-10-28T07:00:00Z,-4.7481530777666035e-4,0.001798973331832659,17
2023-10-28T07:30:00Z,-5.252176410206323e-4,0.0017250704704481219,17
2023-10-28T08:00:00Z,-4.6552166210458106e-4,0.0017173758680932999,17
2023-10-28T08:30:00Z,-4.412137522806792e-4,0.0017411011255594009,17
2023-10-28T09:00:00Z,-4.7481530777666035e-4,0.0017236371282612587,17
2023-10-28T09:30:00Z,-5.588191965166139e-4,0.0017680391575090955,17
2023-10-28T10:00:00Z,-5.504188076426181e-4,0.0017548770091451956,17
2023-10-28T10:30:00Z,-4.3281336340668353e-4,0.0017147730955667081,17
2023-10-28T11:00:00Z,2.981161287928431e-5,0.0017719090912696842,17
2023-10-28T11:30:00Z,3.2527356637843195e-4,0.0018557615550104664,17
2023-10-28T12:00:00Z,5.096317599942382e-4,0.0021131978977958696,17
2023-10-28T12:30:00Z,0.001273467292524645,0.002427778402160202,17
2023-10-28T13:00:00Z,0.0014498754588785484,0.0027674236176982634,17
2023-10-28T13:30:00Z,0.001836293347082336,0.0032224428901205717,17
2023-10-28T14:00:00Z,0.0020715042355542077,0.004101236029179681,17
2023-10-28T14:30:00Z,0.0022118701625678935,0.0047049346550905,17
2023-10-28T15:00:00Z,0.0017163895984746128,0.004668597452576479,17
2023-10-28T15:30:00Z,9.558163493671067e-4,0.003967375559784753,17
2023-10-28T16:00:00Z,9.163205020468236e-4,0.0035694138754798223,17
2023-10-28T16:30:00Z,8.900236325282296e-4,0.003296595435170512,17
2023-10-28T17:00:00Z,0.0010302736032940653,0.003510191857195188,17
2023-10-28T17:30:00Z,0.001100398588676984,0.003494740926466656,17
2023-10-28T18:00:00Z,0.0010215079801212008,0.0032665384508522356,17
2023-10-28T18:30:00Z,9.513829947382819e-4,0.0030540298096378973,17
2023-10-28T19:00:00Z,8.900236325282296e-4,0.003171456057594398,17
2023-10-28T19:30:00Z,9.075548788739589e-4,0.0031114185883447773,17
2023-10-28T20:00:00Z,8.111330239724481e-4,0.0030775084979201336,17
2023-10-28T20:30:00Z,6.996733443567566e-4,0.0029379363330391726,17
2023-10-28T21:00:00Z,6.335719237089231e-4,0.002966170172730567,17
2023-10-28T21:30:00Z,6.914106667757766e-4,0.0028731181826419806,17
2023-10-28T22:00:00Z,4.3682022144775985e-4,0.0027138298529949096,17
2023-10-28T22:30:00Z,1.0419648281059617e-4,0.0022018447950084992,17
2023-10-28T23:00:00Z,3.699337181863304e-5,0.001971809670432531,17
2023-10-28T23:30:00Z,-5.0085725513438105e-6,0.00189328183833091,17
2023-10-29T00:00:00Z,-4.701051692132081e-5,0.0018520344416265327,17
2023-10-29T00:30:00Z,-8.901246129129781e-5,0.0018499796900438355,17
2023-10-29T01:00:00Z,-1.1421362791328393e-4,0.001862853826798892,17
2023-10-29T01:30:00Z,-1.4781518340926548e-4,0.0018490140079680212,17
2023-10-29T02:00:00Z,-8.901246129129781e-5,0.0019021652284208208,17
2023-10-29T02:30:00Z,-1.3941479453527005e-4,0.0019167533308286975,17
2023-10-29T03:00:00Z,-3.020973917333009e-5,0.0020214193688473376,17
2023-10-29T03:30:00Z,2.3696339982192893e-4,0.002250628939814613,17
2023-10-29T04:00:00Z,3.7329757990808355e-4,0.0024300456781995955,17
2023-10-29T04:30:00Z,5.839958582230494e-4,0.00298697556955203,17
2023-10-29T05:00:00Z,3.444159438338101e-4,0.0026347147909354194,17
2023-10-29T05:30:00Z,-3.020973917333009e-5,0.0023266685843970894,17
2023-10-29T06:00:00Z,3.691662411175941e-4,0.002432048379879174,17
2023-10-29T06:30:00Z,6.087838909659863e-4,0.003341808080038848,17
2023-10-29T07:00:00Z,9.038501820688486e-4,0.003487518910254816,17
2023-10-29T07:30:00Z,3.699337181863308e-5,0.0027286778076749314,17
2023-10-29T08:00:00Z,-3.020973917333004e-5,0.0023238154066479544,17
2023-10-29T08:30:00Z,-8.061207241730245e-5,0.00226319224377256,17
2023-10-29T09:00:00Z,7.327240546806725e-4,0.002604404511010489,17
2023-10-29T09:30:00Z,0.001508678180996516,0.0032853819805504095,17
2023-10-29T10:00:00Z,0.002004301124562239,0.004095606305630521,17
2023-10-29T10:30:00Z,0.002083671839170747,0.00480558709632513,17
2023-10-29T11:00:00Z,0.0025886503142398968,0.005624345404468926,17
2023-10-29T11:30:00Z,0.002575527567993927,0.005730505592709555,17
2023-10-29T12:00:00Z,0.0017741835813661403,0.004472449266561555,17
2023-10-29T12:30:00Z,0.0015650452691504863,0.0036248332750248445,17
2023-10-29T13:00:00Z,9.543613974807791e-4,0.0024858658651535277,17
2023-10-29T13:30:00Z,6.197400979357349e-4,0.0021062678338421422,17
2023-10-29T14:00:00Z,4.352676617654265e-4,0.001916098878104799,17
2023-10-29T14:30:00Z,1.461984271805732e-4,0.0018473525223311202,17
2023-10-29T15:00:00Z,7.059492731461478e-5,0.001796883231215475,17
2023-10-29T15:30:00Z,2.019259407064211e-5,0.0017903439455521928,17
2023-10-29T16:00:00Z,-3.020973917333004e-5,0.0018872522832966787,17
2023-10-29T16:30:00Z,-1.1692810525125369e-4,0.0018121904161852607,17
2023-10-29T17:00:00Z,-1.9890165518949285e-4,0.0017800524999249496,17
2023-10-29T17:30:00Z,-3.488094746667304e-4,0.001795851788611734,17
2023-10-29T18:00:00Z,-1.9890165518949285e-4,0.001816442605281811,17
2023-10-29T18:30:00Z,-2.2964173641633196e-4,0.0017982471710449835,17
2023-10-29T19:00:00Z,-1.5621557228326065e-4,0.0017911202926008851,17
2023-10-29T19:30:00Z,-1.5621557228326065e-4,0.0017394947214626924,17
2023-10-29T20:00:00Z,1.6997931953258258e-4,0.0018674701272226755,17
2023-10-29T20:30:00Z,2.8653946530780324e-4,0.0018503725675849164,17
2023-10-29T21:00:00Z,3.526408859556356e-4,0.0019925701783436583,17
2023-10-29T21:30:00Z,4.228736453939579e-4,0.00206402030235705,17
2023-10-29T22:00:00Z,4.228736453939579e-4,0.002246656001416535,17
2023-10-29T22:30:00Z,5.592078254801125e-4,0.0023138674559155235,17
2023-10-29T23:00:00Z,6.418346012899029e-4,0.0026114029254941627,17
2023-10-29T23:30:00Z,6.335719237089231e-4,0.0028574042054920644,17
2023-10-30T00:00:00Z,6.335719237089231e-4,0.002876078800045229,17
2023-10-30T00:30:00Z,5.592078254801125e-4,0.0027836927337355783,17
2023-10-30T01:00:00Z,6.418346012899029e-4,0.0029094009215915356,17
2023-10-30T01:30:00Z,6.087838909659863e-4,0.003055748919277715,17
2023-10-30T02:00:00Z,6.666226340328398e-4,0.0031142880869785817,17
2023-10-30T02:30:00Z,6.087838909659863e-4,0.003055151417126106,17
2023-10-30T03:00:00Z,6.087838909659863e-4,0.003223591003251983,17
2023-10-30T03:30:00Z,5.592078254801125e-4,0.0030639469765732555,17
2023-10-30T04:00:00Z,5.592078254801125e-4,0.003095193850009927,17
2023-10-30T04:30:00Z,5.592078254801125e-4,0.0030567031845134206,17
2023-10-30T05:00:00Z,5.178944375752169e-4,0.0029813893079659215,17
2023-10-30T05:30:00Z,5.468138091086436e-4,0.002999882941772285,17
2023-10-30T06:00:00Z,6.666226340328398e-4,0.0032019084028465975,17
2023-10-30T06:30:00Z,8.236135080714424e-4,0.003551929902951976,17
2023-10-30T07:00:00Z,0.001294586130187249,0.00406949537112886,17
2023-10-30T07:30:00Z,9.929983984815127e-4,0.003739594610332197,17
2023-10-30T08:00:00Z,0.001170645966472563,0.003761968236770577,17
2023-10-30T08:30:00Z,0.0013524248732541023,0.0038198611251670325,17
2023-10-30T09:00:00Z,0.0014948516314558947,0.004045055195987575,17
2023-10-30T09:30:00Z,0.0018717734278890792,0.004617257823088653,17
2023-10-30T10:00:00Z,0.0023026327950666967,0.005433541905372265,17
2023-10-30T10:30:00Z,0.0029771302814601613,0.005926231385002041,17
2023-10-30T11:00:00Z,0.003600375010621369,0.006437172945289369,17
2023-10-30T11:30:00Z,0.003880979659785861,0.006778331520536696,17
2023-10-30T12:00:00Z,0.003939782381903831,0.006655386867643805,17
2023-10-30T12:30:00Z,0.003990184715147801,0.006474000029875353,17
2023-10-30T13:00:00Z,0.00410816714569282,0.006758122894409424,17
2023-10-30T13:30:00Z,0.004267112262976716,0.006923838442323338,17
2023-10-30T14:00:00Z,0.003889380048659856,0.0055952778236768854,17
2023-10-30T14:30:00Z,0.003595366438070026,0.004802162410336794,17
2023-10-30T15:00:00Z,0.0031249446611262824,0.0040142013039590856,17
2023-10-30T15:30:00Z,0.002435060647967594,0.003638249479092481,17
2023-10-30T16:00:00Z,0.0019833218935817877,0.003195815262028119,17
2023-10-30T16:30:00Z,0.0017574525163888861,0.003163432710619355,17
2023-10-30T17:00:00Z,0.0015480860150094964,0.002850035997085525,17
2023-10-30T17:30:00Z,0.0014993095634830771,0.0027168909386621706,17
2023-10-30T18:00:00Z,0.0010741017191583894,0.0026375711716150932,17
2023-10-30T18:30:00Z,6.884142995523404e-4,0.0023050741912233703,17
2023-10-30T19:00:00Z,4.2733285069733446e-4,0.0020738271246685054,17
2023-10-30T19:30:00Z,2.6002220092481243e-4,0.001896473115854941,17
2023-10-30T20:00:00Z,9.579609393660086e-5,0.001786877739136479,17
2023-10-30T20:30:00Z,7.059492731461478e-5,0.001765169676612582,17
2023-10-30T21:00:00Z,-5.0085725513439655e-6,0.0017422278744356093,17
2023-10-30T21:30:00Z,-1.6136965114957636e-4,0.0017321749536631647,17
2023-10-30T22:00:00Z,-2.3988843015861216e-4,0.0017505654355754654,17
2023-10-30T22:30:00Z,-3.935888362928103e-4,0.0017541335829485108,17
2023-10-30T23:00:00Z,-4.653156924887692e-4,0.0017744596720979677,17
2023-10-30T23:30:00Z,-5.000164743986467e-4,0.0017807365149513355,17
2023-10-31T00:00:00Z,-4.653156924887692e-4,0.001763345673775623,17
2023-10-31T00:30:00Z,-5.168172521466372e-4,0.0017950293127827915,17
2023-10-31T01:00:00Z,-5.084168632726414e-4,0.0017854317791227642,17
2023-10-31T01:30:00Z,-4.748153077766597e-4,0.0017912583771489976,17
2023-10-31T02:00:00Z,-5.084168632726414e-4,0.0017786202341997456,17
2023-10-31T02:30:00Z,-4.4961414115467376e-4,0.0018035157489388843,17
2023-10-31T03:00:00Z,-3.7309544880824935e-4,0.001828828532916448,17
2023-10-31T03:30:00Z,-1.3941479453527005e-4,0.0017808076310159699,17
2023-10-31T04:00:00Z,-7.159664182488219e-5,0.0017860223917537897,17
2023-10-31T04:30:00Z,3.3918163226516097e-6,0.0017976114094391416,17
2023-10-31T05:00:00Z,1.7640816635390244e-4,0.0018460335927970959,17
2023-10-31T05:30:00Z,9.35409379482526e-5,0.0018484400476839902,17
2023-10-31T06:00:00Z,1.0215672140876044e-4,0.001970571679743348,17
2023-10-31T06:30:00Z,5.670262489946876e-4,0.0022645566694209696,17
2023-10-31T07:00:00Z,4.284198325737644e-4,0.002390818442796305,17
2023-10-31T07:30:00Z,-1.340896142533915e-5,0.0021783105842047967,17
2023-10-31T08:00:00Z,-8.06120724173025e-5,0.0021318021291025085,17
2023-10-31T08:30:00Z,-3.020973917332987e-5,0.0023719490054365635,17
2023-10-31T09:00:00Z,0.001088019190662772,0.0027223999407207642,17
2023-10-31T09:30:00Z,0.0013772129059970394,0.0033711388738534515,17
2023-10-31T10:00:00Z,0.0014887590533402587,0.0038937831166985914,17
2023-10-31T10:30:00Z,8.731895735573161e-4,0.0032552987659463604,17
2023-10-31T11:00:00Z,0.0010425744639673872,0.003431271004163512,17
2023-10-31T11:30:00Z,0.0011789086440535418,0.003918430353206863,17
2023-10-31T12:00:00Z,0.0016351016022217307,0.0044443611605737305,17
2023-10-31T12:30:00Z,0.002256312790782104,0.005263537057628285,17
2023-10-31T13:00:00Z,0.002149662250502074,0.005254790170889598,17
2023-10-31T13:30:00Z,0.002011462304510537,0.00478546967636105,17
2023-10-31T14:00:00Z,0.0020439799388614886,0.004702191961125948,17
2023-10-31T14:30:00Z,0.0019908921631369056,0.004717025115838796,17
2023-10-31T15:00:00Z,0.001987074078747329,0.004678887603355907,17
2023-10-31T15:30:00Z,0.0019708152615718535,0.0049344027751520554,17
2023-10-31T16:00:00Z,0.0017431918211152021,0.004307924604775689,17
2023-10-31T16:30:00Z,0.0016700271438255627,0.0038240428671104288,17
2023-10-31T17:00:00Z,0.0014334922692458437,0.003529431779335049,17
2023-10-31T17:30:00Z,0.0010565704728126598,0.0032375217085108816,17
2023-10-31T18:00:00Z,9.392909942051486e-4,0.0032005664509922116,17
2023-10-31T18:30:00Z,8.070881529094838e-4,0.003146357771298172,17
2023-10-31T19:00:00Z,8.566642183953581e-4,0.0030061684708849543,17
2023-10-31T19:30:00Z,5.040233324397226e-4,0.0028415833807841832,17
2023-10-31T20:00:00Z,3.0184986336794374e-4,0.0027195465627769155,17
2023-10-31T20:30:00Z,2.856132217158431e-4,0.002741666796712652,17
2023-10-31T21:00:00Z,2.8561322171584283e-4,0.0026984853097415727,17
2023-10-31T21:30:00Z,4.5393760692628656e-5,0.0023787118481048983,17
2023-10-31T22:00:00Z,-7.221168354330693e-5,0.002289764363191216,17
2023-10-31T22:30:00Z,-5.541090579531637e-5,0.002284902627883977,17
2023-10-31T23:00:00Z,-4.949448287843996e-4,0.004226375673828398,17
2023-10-31T23:30:00Z,-5.826010605130468e-4,0.004385514129820909,17
2023-11-01T00:00:00Z,-5.460252768096994e-4,0.0045247247128922885,17
2023-11-01T00:30:00Z,-5.292244990617086e-4,0.004569300480851039,17
2023-11-01T01:00:00Z,-6.351947995502358e-4,0.0045689289780246655,17
2023-11-01T01:30:00Z,-6.614916690688297e-4,0.004104120906490734,17
2023-11-01T02:00:00Z,-8.455697556989894e-4,0.0037951574754937056,17
2023-11-01T02:30:00Z,-9.244603642547723e-4,0.0035887234392804443,17
2023-11-01T03:00:00Z,-9.7705410329196e-4,0.003552778672488865,17
2023-11-01T03:30:00Z,-0.0010296478423291481,0.003480297609331633,17
2023-11-01T04:00:00Z,-0.0010559447118477418,0.0034657289511249053,17
2023-11-01T04:30:00Z,-0.0010559447118477418,0.003510817924224335,17
2023-11-01T05:00:00Z,-0.0011085384508849308,0.003513757365561838,17
2023-11-01T05:30:00Z,-0.0010734759581934713,0.003540453142887917,17
2023-11-01T06:00:00Z,-0.0010910072045392015,0.0035823306888339043,17
2023-11-01T06:30:00Z,-0.0011173040740577959,0.00362579116222137,17
2023-11-01T07:00:00Z,-0.0011348353204035254,0.0034920621063368215,17
2023-11-01T07:30:00Z,-0.001213725928959308,0.003402711770670897,17
2023-11-01T08:00:00Z,-0.0012400227984779024,0.0033756863243732042,17
2023-11-01T08:30:00Z,-0.0011698978130949846,0.003533103075861212,17
2023-11-01T09:00:00Z,-6.936485027785631e-4,0.0036806572977712217,17
2023-11-01T09:30:00Z,-5.012412555401628e-4,0.004176000147555802,17
2023-11-01T10:00:00Z,-8.296463110885731e-5,0.00534644247340873,17
2023-11-01T10:30:00Z,3.938707207428299e-4,0.007216613164089221,17
2023-11-01T11:00:00Z,9.689142410840128e-4,0.008768816613363027,17
2023-11-01T11:30:00Z,0.0016263359790488663,0.009680417363826906,17
2023-11-01T12:00:00Z,0.0022048671084579363,0.010090996975107146,17
2023-11-01T12:30:00Z,0.0027921638610398803,0.010110382815942917,17
2023-11-01T13:00:00Z,0.003368555938472148,0.010890506686197975,17
2023-11-01T13:30:00Z,0.0033517551607241546,0.010825807675337052,17
2023-11-01T14:00:00Z,0.0034021574939681297,0.010360026441650256,17
2023-11-01T14:30:00Z,0.0032761516608582025,0.009096507184655713,17
2023-11-01T15:00:00Z,0.0030829427167563014,0.00807289892962899,17
2023-11-01T15:30:00Z,0.002990538439142351,0.007471557056004212,17
2023-11-01T16:00:00Z,0.0027721283284184725,0.006982738087932665,17
2023-11-01T16:30:00Z,0.0025905545280639907,0.006667843214528669,17
2023-11-01T17:00:00Z,0.0021084452535564306,0.0067374600493746925,17
2023-11-01T17:30:00Z,0.0018805390510619475,0.00667245881456455,17
2023-11-01T18:00:00Z,0.0016263359790488665,0.006521550430882298,17
2023-11-01T18:30:00Z,0.0014510235155915725,0.0065355374623152175,17
2023-11-01T19:00:00Z,0.0013370704143443315,0.006475591348046202,17
2023-11-01T19:30:00Z,0.001258179805788549,0.00634582484708906,17
2023-11-01T20:00:00Z,0.0010916329655041186,0.006173194813388284,17
2023-11-01T20:30:00Z,9.952111106026063e-4,0.00591930797374698,17
2023-11-01T21:00:00Z,9.163205020468236e-4,0.006100680931322158,17
2023-11-01T21:30:00Z,9.426173715654176e-4,0.006682279513128169,17
2023-11-01T22:00:00Z,9.513829947382819e-4,0.00685170844890743,17
2023-11-01T22:30:00Z,9.426173715654176e-4,0.006548304076682219,17
2023-11-01T23:00:00Z,8.637267630096358e-4,0.006240178117171415,17
2023-11-01T23:30:00Z,7.497736617623943e-4,0.005876988486892708,17
2023-11-02T00:00:00Z,7.059455458980702e-4,0.005996326440585699,17
2023-11-02T00:30:00Z,7.059455458980702e-4,0.00601267540209732,17
2023-11-02T01:00:00Z,6.358205605151524e-4,0.006049413909493759,17
2023-11-02T01:30:00Z,5.779124354926038e-4,0.005645930121537224,17
2023-11-02T02:00:00Z,4.955705897493158e-4,0.005363613285105705,17
2023-11-02T02:30:00Z,4.022362532314559e-4,0.005296522003495909,17
2023-11-02T03:00:00Z,3.3531199332244776e-4,0.005283845799265394,17
2023-11-02T03:30:00Z,2.767532659020652e-4,0.005362049003613871,17
2023-11-02T04:00:00Z,3.0184986336794374e-4,0.00532972965480431,17
2023-11-02T04:30:00Z,2.516566684361867e-4,0.005408698446320719,17
2023-11-02T05:00:00Z,2.516566684361867e-4,0.00556482187521616,17
2023-11-02T05:30:00Z,2.767532659020652e-4,0.005909589179402784,17
2023-11-02T06:00:00Z,3.3531199332244776e-4,0.00624613605708621,17
2023-11-02T06:30:00Z,4.8680496657645155e-4,0.006695183329096627,17
2023-11-02T07:00:00Z,7.322424154166645e-4,0.007729241526612847,17
2023-11-02T07:30:00Z,0.0012757110521342781,0.008476438151014868,17
2023-11-02T08:00:00Z,0.0017139922107775134,0.008835576040362433,17
2023-11-02T08:30:00Z,0.002257460847495129,0.010058275359698643,17
2023-11-02T09:00:00Z,0.002646122495308545,0.010569067167296253,17
2023-11-02T09:30:00Z,0.0027049252174265095,0.010739254679604144,17
2023-11-02T10:00:00Z,0.0027721283284184725,0.01101343535314676,17
2023-11-02T10:30:00Z,0.00274692716179649,0.010772157764966534,17
2023-11-02T11:00:00Z,0.0026965248285525205,0.010447959305055637,17
2023-11-02T11:30:00Z,0.002654522884182539,0.009783565646213847,17
2023-11-02T12:00:00Z,0.0026083207453755693,0.0096562142674172,17
2023-11-02T12:30:00Z,0.002419311995710668,0.008725603553747291,17
2023-11-02T13:00:00Z,0.0022681049959787534,0.008251548125978721,17
2023-11-02T13:30:00Z,0.00220090188498679,0.008128008838438493,17
2023-11-02T14:00:00Z,0.0021000972184988397,0.007759390535901472,17
2023-11-02T14:30:00Z,0.0018312847745309867,0.007159215413708299,17
2023-11-02T15:00:00Z,0.0017220797191690527,0.006938318748886971,17
2023-11-02T15:30:00Z,0.0015876734971851211,0.006599099009355366,17
2023-11-02T16:00:00Z,0.0014334922692458452,0.00623396195344121,17
2023-11-02T16:30:00Z,0.0012055860667513605,0.006100358296673468,17
2023-11-02T17:00:00Z,0.0010215079801212008,0.006023499907059645,17
2023-11-02T17:30:00Z,8.461955166639061e-4,0.005963633845161408,17
2023-11-02T18:00:00Z,7.147111690709353e-4,0.005802960119400339,17
2023-11-02T18:30:00Z,5.744611983050992e-4,0.005638201803411785,17
2023-11-02T19:00:00Z,5.569299519593696e-4,0.005586747574170546,17
2023-11-02T19:30:00Z,3.991487348478044e-4,0.005484960921770222,17
2023-11-02T20:00:00Z,3.8161748850207484e-4,0.005489728704216043,17
2023-11-02T20:30:00Z,3.377893726377512e-4,0.005672834023814381,17
2023-11-02T21:00:00Z,3.0184986336794374e-4,0.005500369636583688,17
2023-11-02T21:30:00Z,2.851956336005627e-4,0.005291343771288356,17
2023-11-02T22:00:00Z,2.767532659020652e-4,0.005208885383981815,17
2023-11-02T22:30:00Z,2.772128328418478e-4,0.005202505440544788,17
2023-11-02T23:00:00Z,2.588987640819688e-4,0.005415391193050859,17
2023-11-02T23:30:00Z,3.1149250311915725e-4,0.005470700625670957,17
2023-11-03T00:00:00Z,2.856132217158429e-4,0.005447749804716565,17
2023-11-03T00:30:00Z,2.3260189456337436e-4,0.005394698953233859,17
2023-11-03T01:00:00Z,1.712425323533208e-4,0.005434012684682288,17
2023-11-03T01:30:00Z,1.7124253235332096e-4,0.005382231922809365,17
2023-11-03T02:00:00Z,9.23519237975382e-5,0.00541521741243176,17
2023-11-03T02:30:00Z,4.852380793321471e-5,0.005334954316240237,17
2023-11-03T03:00:00Z,-3.913242379543278e-5,0.005161286465702454,17
2023-11-03T03:30:00Z,-8.296053965975633e-5,0.005071294216747788,17
2023-11-03T04:00:00Z,6.720311099196276e-5,0.005091153155046903,17
2023-11-03T04:30:00Z,1.2600583310993068e-4,0.0051221213077349385,17
2023-11-03T05:00:00Z,9.240427761394914e-5,0.005038636495855125,17
2023-11-03T05:30:00Z,2.5787291243281837e-5,0.005252634285633755,17
2023-11-03T06:00:00Z,6.90693777403538e-7,0.005332415651540088,17
2023-11-03T06:30:00Z,-2.440590368847476e-5,0.005271169582224175,17
2023-11-03T07:00:00Z,-2.440590368847476e-5,0.005424063191821235,17
2023-11-03T07:30:00Z,2.764300104276979e-4,0.00604412495873198,17
2023-11-03T08:00:00Z,5.656955751322345e-4,0.00684316128149719,17
2023-11-03T08:30:00Z,7.936017776267177e-4,0.007291864383334009,17
2023-11-03T09:00:00Z,0.0011354610813684423,0.007937753828453046,17
2023-11-03T09:30:00Z,0.0014422578924187081,0.008105924869881617,17
2023-11-03T10:00:00Z,0.0014700680529491903,0.00821424181510151,17
2023-11-03T10:30:00Z,0.0014532672752012,0.008265875039484004,17
2023-11-03T11:00:00Z,0.0015288707750671599,0.008506882841992922,17
2023-11-03T11:30:00Z,0.001579273108311132,0.008679016768223606,17
2023-11-03T12:00:00Z,0.0015960738860591253,0.008587257516255914,17
2023-11-03T12:30:00Z,0.0014028649419572268,0.008358166059509594,17
2023-11-03T13:00:00Z,0.0012768591088472966,0.008085417337221491,17
2023-11-03T13:30:00Z,0.0011256521091153803,0.0077368640204700636,17
2023-11-03T14:00:00Z,0.001016447053753441,0.00746199037375748,17
2023-11-03T14:30:00Z,9.828454982574591e-4,0.007047540000231474,17
2023-11-03T15:00:00Z,7.224334431636023e-4,0.006720828269692306,17
2023-11-03T15:30:00Z,5.946435004698569e-4,0.006128150060808611,17
2023-11-03T16:00:00Z,5.026226430949696e-4,0.005766005021182626,17
2023-11-03T16:30:00Z,3.94818277077783e-4,0.005547063390895463,17
2023-11-03T17:00:00Z,3.0184986336794374e-4,0.0052760145033765,17
2023-11-03T17:30:00Z,2.516566684361867e-4,0.004972375078419167,17
2023-11-03T18:00:00Z,1.7636687603855153e-4,0.004941489886186167,17
2023-11-03T18:30:00Z,2.5787291243281837e-5,0.004803040155931012,17
2023-11-03T19:00:00Z,5.040233324397226e-5,0.004863840304717105,17
2023-11-03T19:30:00Z,6.90693777403538e-7,0.00507416182276887,17
2023-11-03T20:00:00Z,2.5787291243281837e-5,0.004973184768613237,17
2023-11-03T20:30:00Z,-2.1601177449703246e-5,0.004750544886727945,17
2023-11-03T21:00:00Z,-1.0925740917835083e-4,0.00450175543047429,17
2023-11-03T21:30:00Z,-1.7938239456126868e-4,0.004402774533504433,17
2023-11-03T22:00:00Z,-2.933354958085103e-4,0.004355750307681289,17
2023-11-03T22:30:00Z,-3.7222610436429365e-4,0.004382519674836151,17
2023-11-03T23:00:00Z,-4.1605422022861726e-4,0.004392969462030651,17
2023-11-03T23:30:00Z,-4.5111671292007594e-4,0.004369777271723926,17
2023-11-04T00:00:00Z,-5.037104519572638e-4,0.004524777719174703,17
2023-11-04T00:30:00Z,-5.300073214758579e-4,0.004434313151799475,17
2023-11-04T01:00:00Z,-5.387729446487231e-4,0.00433683596792234,17
2023-11-04T01:30:00Z,-6.351947995502352e-4,0.004306990532453322,17
2023-11-04T02:00:00Z,-6.088979300316413e-4,0.0043619468061865795,17
2023-11-04T02:30:00Z,-6.614916690688297e-4,0.00445524937853214,17
2023-11-04T03:00:00Z,-5.650698141673171e-4,0.004821952398673807,17
2023-11-04T03:30:00Z,-3.2761516608581975e-4,0.005073849872853343,17
2023-11-04T04:00:00Z,-3.94818277077783e-4,0.005155692110922394,17
2023-11-04T04:30:00Z,-2.753718783472573e-4,0.00524380309281879,17
2023-11-04T05:00:00Z,-3.2556507327901447e-4,0.005312090070234668,17
2023-11-04T05:30:00Z,-2.251786834155012e-4,0.005447154886598738,17
2023-11-04T06:00:00Z,-2.0008208594962318e-4,0.005290374139428099,17
2023-11-04T06:30:00Z,-3.54694858018564e-4,0.005173533259389824,17
2023-11-04T07:00:00Z,-3.6346048119142885e-4,0.005220495903741968,17
2023-11-04T07:30:00Z,-2.5027528088137924e-4,0.005470255238141033,17
2023-11-04T08:00:00Z,-1.917165534609967e-4,0.005878363231132932,17
2023-11-04T08:30:00Z,9.24042776139489e-5,0.006336662273202844,17
2023-11-04T09:00:00Z,2.851956336005627e-4,0.007021789469956277,17
2023-11-04T09:30:00Z,5.043362129221807e-4,0.0072771108398063606,17
2023-11-04T10:00:00Z,7.812361652815694e-4,0.007480731287278302,17
2023-11-04T10:30:00Z,8.904412206435094e-4,0.00767050746142083,17
2023-11-04T11:00:00Z,0.0010836501647454035,0.008056385957876458,17
2023-11-04T11:30:00Z,0.001260058331099306,0.008250168445673433,17
2023-11-04T12:00:00Z,0.0012768591088472966,0.008366544309706764,17
2023-11-04T12:30:00Z,0.0013020602754692827,0.008235752524105607,17
2023-11-04T13:00:00Z,0.001209655997855334,0.008040501999564171,17
2023-11-04T13:30:00Z,0.0010836501647454035,0.007508982106015854,17
2023-11-04T14:00:00Z,0.0010416482203754267,0.007105470837094608,17
2023-11-04T14:30:00Z,8.316384985255422e-4,0.006717406592906234,17
2023-11-04T15:00:00Z,7.560349986595834e-4,0.006454313648916952,17
2023-11-04T15:30:00Z,7.560349986595834e-4,0.006203301137127295,17
2023-11-04T16:00:00Z,6.468299432976438e-4,0.006060860249567366,17
2023-11-04T16:30:00Z,4.956229435657274e-4,0.005845476968577009,17
2023-11-04T17:00:00Z,4.536209991957506e-4,0.005751063675973528,17
2023-11-04T17:30:00Z,2.520116662198608e-4,0.0054038144861820485,17
2023-11-04T18:00:00Z,1.1760544423593505e-4,0.005216416984637613,17
2023-11-04T18:30:00Z,2.520116662198613e-5,0.005087629242624023,17
2023-11-04T19:00:00Z,-2.440590368847476e-5,0.004994104815780815,17
2023-11-04T19:30:00Z,-7.459909862023135e-5,0.004708235388751697,17
2023-11-04T20:00:00Z,-2.4950737994418613e-4,0.004459078475108721,17
2023-11-04T20:30:00Z,-3.4592923484569923e-4,0.004545950451108463,17
2023-11-04T21:00:00Z,-4.4235108974721076e-4,0.0043832228627782854,17
2023-11-04T21:30:00Z,-5.650698141673171e-4,0.0042870540615734965,17
2023-11-04T22:00:00Z,-5.91366683685911e-4,0.004193943547632306,17
2023-11-04T22:30:00Z,-7.316166544517477e-4,0.004042274135106104,17
2023-11-04T23:00:00Z,-8.192728861803948e-4,0.004043024323600421,17
2023-11-04T23:30:00Z,-7.929760166618004e-4,0.0042219695818537534,17
2023-11-05T00:00:00Z,-8.192728861803948e-4,0.004099671021094087,17
2023-11-05T00:30:00Z,-8.981634947361773e-4,0.0038033330011674727,17
2023-11-05T01:00:00Z,-9.419916106005008e-4,0.003674776819177085,17
2023-11-05T01:30:00Z,-9.7705410329196e-4,0.00360515512472022,17
2023-11-05T02:00:00Z,-9.595228569462304e-4,0.0036063155072996447,17
2023-11-05T02:30:00Z,-0.0010822415813663362,0.003754737181215852,17
2023-11-05T03:00:00Z,-9.7705410329196e-4,0.003957309451807224,17
2023-11-05T03:30:00Z,-0.001003350972810554,0.004083206227610145,17
2023-11-05T04:00:00Z,-0.001003350972810554,0.0040174100587073765,17
2023-11-05T04:30:00Z,-0.001003350972810554,0.004042419222662517,17
2023-11-05T05:00:00Z,-9.595228569462304e-4,0.0042970613635976655,17
2023-11-05T05:30:00Z,-8.718666252175829e-4,0.004594776481778118,17
2023-11-05T06:00:00Z,-8.981634947361773e-4,0.004183560817034344,17
2023-11-05T06:30:00Z,-9.595228569462304e-4,0.00389857708560372,17
2023-11-05T07:00:00Z,-0.0010296478423291481,0.0037366148614846276,17
2023-11-05T07:30:00Z,-0.0010559447118477425,0.0036146498402882697,17
2023-11-05T08:00:00Z,-0.0011085384508849308,0.003518466336667353,17
2023-11-05T08:30:00Z,-0.0012137259289593074,0.003551583324101147,17
2023-11-05T09:00:00Z,-0.0011874290594407132,0.0035595875936063476,17
2023-11-05T09:30:00Z,-0.0012838509143422256,0.0037412986074209197,17
2023-11-05T10:00:00Z,-0.0011085384508849308,0.004237851697645929,17
2023-11-05T10:30:00Z,-9.7705410329196e-4,0.004601440570029221,17
2023-11-05T11:00:00Z,-8.893978715633129e-4,0.004977385041394237,17
2023-11-05T11:30:00Z,-9.507572337733661e-4,0.0045743842022779495,17
2023-11-05T12:00:00Z,-9.156947410819073e-4,0.004167236009207684,17
2023-11-05T12:30:00Z,-9.595228569462311e-4,0.003934623272118385,17
2023-11-05T13:00:00Z,-0.0010033509728105546,0.0038406977955801106,17
2023-11-05T13:30:00Z,-0.001029647842329149,0.00380577740574906,17
2023-11-05T14:00:00Z,-9.945853496376898e-4,0.003944798454529213,17
2023-11-05T14:30:00Z,-8.192728861803948e-4,0.004162229861461786,17
