id,dts,dts_input,verbose,max_psi_leaf_change_per_hour,minimum_psi_leaf_multiplier,conductivity_fraction_type,anet_max,sw_rad_max,root_area_index,canopy_height,stem_flow_type,n_stem_segments,eta_LS,stem_hydraulic_capacitance,k_xylem_sat,huber_value,psi50_xylem,psi88_xylem,sustain_xylem_damage,permanent_xylem_fraction_threshold,leaf_hydraulic_capacitance,leaf_area_index,psi_leaf_50_close,d_50_close,g0,g1,g_bark,soil_depths,jackson_root_beta,soil_water_model_type,k_soil_sats,psi_soil_sats,sand_fracs,clay_fracs,organic_matter_fracs,theta_r,theta_s,camp_b,pore_size_ind,tree_density,sigma_log_likelyhood,soil_profile_index,wcont_sigma_deviation,solver_precision
-1,1800.0,1800,False,1.0,4.0,Weibull,2.5,1040,4.5,35,Linear,10,1.0,8333.333333333334,277.77777777777777,0.0003333333333333333,-3.5,-5.5,False,0.12,0.5555555555555556,4.8,-2.1,2.0,0.005,1.5,0.005,0.1;0.3;0.4,0.96,VanGenuchten,4.62962963e-08;4.62962963e-08;4.62962963e-08,-0.05;-0.05;-0.05,0.03;0.03;0.03,0.4;0.4;0.4,0.05;0.05;0.05,0.05;0.05;0.05,0.55;0.55;0.55,8.4;8.4;8.4,0.6;0.6;0.6,0.0034,1.0,2,-1.5,1e-10
-1,1800.0,1800,False,1.0,4.0,Weibull,2.5,1040,4.5,35,Linear,10,1.0,8333.333333333334,277.77777777777777,0.0003333333333333333,-3.5,-5.5,False,0.12,0.5555555555555556,4.8,-2.1,2.0,0.005,1.5,0.005,0.1;0.3;0.4,0.96,VanGenuchten,4.62962963e-08;4.62962963e-08;4.62962963e-08,-0.05;-0.05;-0.05,0.03;0.03;0.03,0.4;0.4;0.4,0.05;0.05;0.05,0.05;0.05;0.05,0.55;0.55;0.55,8.4;8.4;8.4,0.6;0.6;0.6,0.0034,1.0,2,-1.49,1e-10
-1,1800.0,1800,False,1.0,4.0,Weibull,2.5,1040,4.5,35,Linear,10,1.0,8333.333333333334,277.77777777777777,0.0003333333333333333,-3.5,-5.5,False,0.12,0.5555555555555556,4.8,-2.1,2.0,0.005,1.5,0.005,0.1;0.3;0.4,0.96,VanGenuchten,4.62962963e-08;4.62962963e-08;4.62962963e-08,-0.05;-0.05;-0.05,0.03;0.03;0.03,0.4;0.4;0.4,0.05;0.05;0.05,0.05;0.05;0.05,0.55;0.55;0.55,8.4;8.4;8.4,0.6;0.6;0.6,0.0034,1.0,2,-1.48,1e-10
-1,1800.0,1800,False,1.0,4.0,Weibull,2.5,1040,4.5,35,Linear,10,1.0,8333.333333333334,277.77777777777777,0.0003333333333333333,-3.5,-5.5,False,0.12,0.5555555555555556,4.8,-2.1,2.0,0.005,1.5,0.005,0.1;0.3;0.4,0.96,VanGenuchten,4.62962963e-08;4.62962963e-08;4.62962963e-08,-0.05;-0.05;-0.05,0.03;0.03;0.03,0.4;0.4;0.4,0.05;0.05;0.05,0.05;0.05;0.05,0.55;0.55;0.55,8.4;8.4;8.4,0.6;0.6;0.6,0.0034,1.0,2,-1.47,1e-10
-1,1800.0,1800,False,1.0,4.0,Weibull,2.5,1040,4.5,35,Linear,10,1.0,8333.333333333334,277.77777777777777,0.0003333333333333333,-3.5,-5.5,False,0.12,0.5555555555555556,4.8,-2.1,2.0,0.005,1.5,0.005,0.1;0.3;0.4,0.96,VanGenuchten,4.62962963e-08;4.62962963e-08;4.62962963e-08,-0.05;-0.05;-0.05,0.03;0.03;0.03,0.4;0.4;0.4,0.05;0.05;0.05,0.05;0.05;0.05,0.55;0.55;0.55,8.4;8.4;8.4,0.6;0.6;0.6,0.0034,1.0,2,-1.46,1e-10
-1,1800.0,1800,False,1.0,4.0,Weibull,2.5,1040,4.5,35,Linear,10,1.0,8333.333333333334,277.77777777777777,0.0003333333333333333,-3.5,-5.5,False,0.12,0.5555555555555556,4.8,-2.1,2.0,0.005,1.5,0.005,0.1;0.3;0.4,0.96,VanGenuchten,4.62962963e-08;4.62962963e-08;4.62962963e-08,-0.05;-0.05;-0.05,0.03;0.03;0.03,0.4;0.4;0.4,0.05;0.05;0.05,0.05;0.05;0.05,0.55;0.55;0.55,8.4;8.4;8.4,0.6;0.6;0.6,0.0034,1.0,2,-1.45,1e-10
-1,1800.0,1800,False,1.0,4.0,Weibull,2.5,1040,4.5,35,Linear,10,1.0,8333.333333333334,277.77777777777777,0.0003333333333333333,-3.5,-5.5,False,0.12,0.5555555555555556,4.8,-2.1,2.0,0.005,1.5,0.005,0.1;0.3;0.4,0.96,VanGenuchten,4.62962963e-08;4.62962963e-08;4.62962963e-08,-0.05;-0.05;-0.05,0.03;0.03;0.03,0.4;0.4;0.4,0.05;0.05;0.05,0.05;0.05;0.05,0.55;0.55;0.55,8.4;8.4;8.4,0.6;0.6;0.6,0.0034,1.0,2,-1.44,1e-10
-1,1800.0,1800,False,1.0,4.0,Weibull,2.5,1040,4.5,35,Linear,10,1.0,8333.333333333334,277.77777777777777,0.0003333333333333333,-3.5,-5.5,False,0.12,0.5555555555555556,4.8,-2.1,2.0,0.005,1.5,0.005,0.1;0.3;0.4,0.96,VanGenuchten,4.62962963e-08;4.62962963e-08;4.62962963e-08,-0.05;-0.05;-0.05,0.03;0.03;0.03,0.4;0.4;0.4,0.05;0.05;0.05,0.05;0.05;0.05,0.55;0.55;0.55,8.4;8.4;8.4,0.6;0.6;0.6,0.0034,1.0,2,-1.43,1e-10
-1,1800.0,1800,False,1.0,4.0,Weibull,2.5,1040,4.5,35,Linear,10,1.0,8333.333333333334,277.77777777777777,0.0003333333333333333,-3.5,-5.5,False,0.12,0.5555555555555556,4.8,-2.1,2.0,0.005,1.5,0.005,0.1;0.3;0.4,0.96,VanGenuchten,4.62962963e-08;4.62962963e-08;4.62962963e-08,-0.05;-0.05;-0.05,0.03;0.03;0.03,0.4;0.4;0.4,0.05;0.05;0.05,0.05;0.05;0.05,0.55;0.55;0.55,8.4;8.4;8.4,0.6;0.6;0.6,0.0034,1.0,2,-1.42,1e-10
-1,1800.0,1800,False,1.0,4.0,Weibull,2.5,1040,4.5,35,Linear,10,1.0,8333.333333333334,277.77777777777777,0.0003333333333333333,-3.5,-5.5,False,0.12,0.5555555555555556,4.8,-2.1,2.0,0.005,1.5,0.005,0.1;0.3;0.4,0.96,VanGenuchten,4.62962963e-08;4.62962963e-08;4.62962963e-08,-0.05;-0.05;-0.05,0.03;0.03;0.03,0.4;0.4;0.4,0.05;0.05;0.05,0.05;0.05;0.05,0.55;0.55;0.55,8.4;8.4;8.4,0.6;0.6;0.6,0.0034,1.0,2,-1.41,1e-10
-1,1800.0,1800,False,1.0,4.0,Weibull,2.5,1040,4.5,35,Linear,10,1.0,8333.333333333334,277.77777777777777,0.0003333333333333333,-3.5,-5.5,False,0.12,0.5555555555555556,4.8,-2.1,2.0,0.005,1.5,0.005,0.1;0.3;0.4,0.96,VanGenuchten,4.62962963e-08;4.62962963e-08;4.62962963e-08,-0.05;-0.05;-0.05,0.03;0.03;0.03,0.4;0.4;0.4,0.05;0.05;0.05,0.05;0.05;0.05,0.55;0.55;0.55,8.4;8.4;8.4,0.6;0.6;0.6,0.0034,1.0,2,-1.4,1e-10
-1,1800.0,1800,False,1.0,4.0,Weibull,2.5,1040,4.5,35,Linear,10,1.0,8333.333333333334,277.77777777777777,0.0003333333333333333,-3.5,-5.5,False,0.12,0.5555555555555556,4.8,-2.1,2.0,0.005,1.5,0.005,0.1;0.3;0.4,0.96,VanGenuchten,4.62962963e-08;4.62962963e-08;4.62962963e-08,-0.05;-0.05;-0.05,0.03;0.03;0.03,0.4;0.4;0.4,0.05;0.05;0.05,0.05;0.05;0.05,0.55;0.55;0.55,8.4;8.4;8.4,0.6;0.6;0.6,0.0034,1.0,2,-1.39,1e-10
-1,1800.0,1800,False,1.0,4.0,Weibull,2.5,1040,4.5,35,Linear,10,1.0,8333.333333333334,277.77777777777777,0.0003333333333333333,-3.5,-5.5,False,0.12,0.5555555555555556,4.8,-2.1,2.0,0.005,1.5,0.005,0.1;0.3;0.4,0.96,VanGenuchten,4.62962963e-08;4.62962963e-08;4.62962963e-08,-0.05;-0.05;-0.05,0.03;0.03;0.03,0.4;0.4;0.4,0.05;0.05;0.05,0.05;0.05;0.05,0.55;0.55;0.55,8.4;8.4;8.4,0.6;0.6;0.6,0.0034,1.0,2,-1.38,1e-10
-1,1800.0,1800,False,1.0,4.0,Weibull,2.5,1040,4.5,35,Linear,10,1.0,8333.333333333334,277.77777777777777,0.0003333333333333333,-3.5,-5.5,False,0.12,0.5555555555555556,4.8,-2.1,2.0,0.005,1.5,0.005,0.1;0.3;0.4,0.96,VanGenuchten,4.62962963e-08;4.62962963e-08;4.62962963e-08,-0.05;-0.05;-0.05,0.03;0.03;0.03,0.4;0.4;0.4,0.05;0.05;0.05,0.05;0.05;0.05,0.55;0.55;0.55,8.4;8.4;8.4,0.6;0.6;0.6,0.0034,1.0,2,-1.3699999999999999,1e-10
-1,1800.0,1800,False,1.0,4.0,Weibull,2.5,1040,4.5,35,Linear,10,1.0,8333.333333333334,277.77777777777777,0.0003333333333333333,-3.5,-5.5,False,0.12,0.5555555555555556,4.8,-2.1,2.0,0.005,1.5,0.005,0.1;0.3;0.4,0.96,VanGenuchten,4.62962963e-08;4.62962963e-08;4.62962963e-08,-0.05;-0.05;-0.05,0.03;0.03;0.03,0.4;0.4;0.4,0.05;0.05;0.05,0.05;0.05;0.05,0.55;0.55;0.55,8.4;8.4;8.4,0.6;0.6;0.6,0.0034,1.0,2,-1.3599999999999999,1e-10
-1,1800.0,1800,False,1.0,4.0,Weibull,2.5,1040,4.5,35,Linear,10,1.0,8333.333333333334,277.77777777777777,0.0003333333333333333,-3.5,-5.5,False,0.12,0.5555555555555556,4.8,-2.1,2.0,0.005,1.5,0.005,0.1;0.3;0.4,0.96,VanGenuchten,4.62962963e-08;4.62962963e-08;4.62962963e-08,-0.05;-0.05;-0.05,0.03;0.03;0.03,0.4;0.4;0.4,0.05;0.05;0.05,0.05;0.05;0.05,0.55;0.55;0.55,8.4;8.4;8.4,0.6;0.6;0.6,0.0034,1.0,2,-1.3499999999999999,1e-10
-1,1800.0,1800,False,1.0,4.0,Weibull,2.5,1040,4.5,35,Linear,10,1.0,8333.333333333334,277.77777777777777,0.0003333333333333333,-3.5,-5.5,False,0.12,0.5555555555555556,4.8,-2.1,2.0,0.005,1.5,0.005,0.1;0.3;0.4,0.96,VanGenuchten,4.62962963e-08;4.62962963e-08;4.62962963e-08,-0.05;-0.05;-0.05,0.03;0.03;0.03,0.4;0.4;0.4,0.05;0.05;0.05,0.05;0.05;0.05,0.55;0.55;0.55,8.4;8.4;8.4,0.6;0.6;0.6,0.0034,1.0,2,-1.3399999999999999,1e-10
-1,1800.0,1800,False,1.0,4.0,Weibull,2.5,1040,4.5,35,Linear,10,1.0,8333.333333333334,277.77777777777777,0.0003333333333333333,-3.5,-5.5,False,0.12,0.5555555555555556,4.8,-2.1,2.0,0.005,1.5,0.005,0.1;0.3;0.4,0.96,VanGenuchten,4.62962963e-08;4.62962963e-08;4.62962963e-08,-0.05;-0.05;-0.05,0.03;0.03;0.03,0.4;0.4;0.4,0.05;0.05;0.05,0.05;0.05;0.05,0.55;0.55;0.55,8.4;8.4;8.4,0.6;0.6;0.6,0.0034,1.0,2,-1.3299999999999998,1e-10
-1,1800.0,1800,False,1.0,4.0,Weibull,2.5,1040,4.5,35,Linear,10,1.0,8333.333333333334,277.77777777777777,0.0003333333333333333,-3.5,-5.5,False,0.12,0.5555555555555556,4.8,-2.1,2.0,0.005,1.5,0.005,0.1;0.3;0.4,0.96,VanGenuchten,4.62962963e-08;4.62962963e-08;4.62962963e-08,-0.05;-0.05;-0.05,0.03;0.03;0.03,0.4;0.4;0.4,0.05;0.05;0.05,0.05;0.05;0.05,0.55;0.55;0.55,8.4;8.4;8.4,0.6;0.6;0.6,0.0034,1.0,2,-1.3199999999999998,1e-10
-1,1800.0,1800,False,1.0,4.0,Weibull,2.5,1040,4.5,35,Linear,10,1.0,8333.333333333334,277.77777777777777,0.0003333333333333333,-3.5,-5.5,False,0.12,0.5555555555555556,4.8,-2.1,2.0,0.005,1.5,0.005,0.1;0.3;0.4,0.96,VanGenuchten,4.62962963e-08;4.62962963e-08;4.62962963e-08,-0.05;-0.05;-0.05,0.03;0.03;0.03,0.4;0.4;0.4,0.05;0.05;0.05,0.05;0.05;0.05,0.55;0.55;0.55,8.4;8.4;8.4,0.6;0.6;0.6,0.0034,1.0,2,-1.3099999999999998,1e-10
-1,1800.0,1800,False,1.0,4.0,Weibull,2.5,1040,4.5,35,Linear,10,1.0,8333.333333333334,277.77777777777777,0.0003333333333333333,-3.5,-5.5,False,0.12,0.5555555555555556,4.8,-2.1,2.0,0.005,1.5,0.005,0.1;0.3;0.4,0.96,VanGenuchten,4.62962963e-08;4.62962963e-08;4.62962963e-08,-0.05;-0.05;-0.05,0.03;0.03;0.03,0.4;0.4;0.4,0.05;0.05;0.05,0.05;0.05;0.05,0.55;0.55;0.55,8.4;8.4;8.4,0.6;0.6;0.6,0.0034,1.0,2,-1.2999999999999998,1e-10
-1,1800.0,1800,False,1.0,4.0,Weibull,2.5,1040,4.5,35,Linear,10,1.0,8333.333333333334,277.77777777777777,0.0003333333333333333,-3.5,-5.5,False,0.12,0.5555555555555556,4.8,-2.1,2.0,0.005,1.5,0.005,0.1;0.3;0.4,0.96,VanGenuchten,4.62962963e-08;4.62962963e-08;4.62962963e-08,-0.05;-0.05;-0.05,0.03;0.03;0.03,0.4;0.4;0.4,0.05;0.05;0.05,0.05;0.05;0.05,0.55;0.55;0.55,8.4;8.4;8.4,0.6;0.6;0.6,0.0034,1.0,2,-1.2899999999999998,1e-10
-1,1800.0,1800,False,1.0,4.0,Weibull,2.5,1040,4.5,35,Linear,10,1.0,8333.333333333334,277.77777777777777,0.0003333333333333333,-3.5,-5.5,False,0.12,0.5555555555555556,4.8,-2.1,2.0,0.005,1.5,0.005,0.1;0.3;0.4,0.96,VanGenuchten,4.62962963e-08;4.62962963e-08;4.62962963e-08,-0.05;-0.05;-0.05,0.03;0.03;0.03,0.4;0.4;0.4,0.05;0.05;0.05,0.05;0.05;0.05,0.55;0.55;0.55,8.4;8.4;8.4,0.6;0.6;0.6,0.0034,1.0,2,-1.2799999999999998,1e-10
-1,1800.0,1800,False,1.0,4.0,Weibull,2.5,1040,4.5,35,Linear,10,1.0,8333.333333333334,277.77777777777777,0.0003333333333333333,-3.5,-5.5,False,0.12,0.5555555555555556,4.8,-2.1,2.0,0.005,1.5,0.005,0.1;0.3;0.4,0.96,VanGenuchten,4.62962963e-08;4.62962963e-08;4.62962963e-08,-0.05;-0.05;-0.05,0.03;0.03;0.03,0.4;0.4;0.4,0.05;0.05;0.05,0.05;0.05;0.05,0.55;0.55;0.55,8.4;8.4;8.4,0.6;0.6;0.6,0.0034,1.0,2,-1.2699999999999998,1e-10
-1,1800.0,1800,False,1.0,4.0,Weibull,2.5,1040,4.5,35,Linear,10,1.0,8333.333333333334,277.77777777777777,0.0003333333333333333,-3.5,-5.5,False,0.12,0.5555555555555556,4.8,-2.1,2.0,0.005,1.5,0.005,0.1;0.3;0.4,0.96,VanGenuchten,4.62962963e-08;4.62962963e-08;4.62962963e-08,-0.05;-0.05;-0.05,0.03;0.03;0.03,0.4;0.4;0.4,0.05;0.05;0.05,0.05;0.05;0.05,0.55;0.55;0.55,8.4;8.4;8.4,0.6;0.6;0.6,0.0034,1.0,2,-1.2599999999999998,1e-10
-1,1800.0,1800,False,1.0,4.0,Weibull,2.5,1040,4.5,35,Linear,10,1.0,8333.333333333334,277.77777777777777,0.0003333333333333333,-3.5,-5.5,False,0.12,0.5555555555555556,4.8,-2.1,2.0,0.005,1.5,0.005,0.1;0.3;0.4,0.96,VanGenuchten,4.62962963e-08;4.62962963e-08;4.62962963e-08,-0.05;-0.05;-0.05,0.03;0.03;0.03,0.4;0.4;0.4,0.05;0.05;0.05,0.05;0.05;0.05,0.55;0.55;0.55,8.4;8.4;8.4,0.6;0.6;0.6,0.0034,1.0,2,-1.2499999999999998,1e-10
-1,1800.0,1800,False,1.0,4.0,Weibull,2.5,1040,4.5,35,Linear,10,1.0,8333.333333333334,277.77777777777777,0.0003333333333333333,-3.5,-5.5,False,0.12,0.5555555555555556,4.8,-2.1,2.0,0.005,1.5,0.005,0.1;0.3;0.4,0.96,VanGenuchten,4.62962963e-08;4.62962963e-08;4.62962963e-08,-0.05;-0.05;-0.05,0.03;0.03;0.03,0.4;0.4;0.4,0.05;0.05;0.05,0.05;0.05;0.05,0.55;0.55;0.55,8.4;8.4;8.4,0.6;0.6;0.6,0.0034,1.0,2,-1.2399999999999998,1e-10
-1,1800.0,1800,False,1.0,4.0,Weibull,2.5,1040,4.5,35,Linear,10,1.0,8333.333333333334,277.77777777777777,0.0003333333333333333,-3.5,-5.5,False,0.12,0.5555555555555556,4.8,-2.1,2.0,0.005,1.5,0.005,0.1;0.3;0.4,0.96,VanGenuchten,4.62962963e-08;4.62962963e-08;4.62962963e-08,-0.05;-0.05;-0.05,0.03;0.03;0.03,0.4;0.4;0.4,0.05;0.05;0.05,0.05;0.05;0.05,0.55;0.55;0.55,8.4;8.4;8.4,0.6;0.6;0.6,0.0034,1.0,2,-1.2299999999999998,1e-10
-1,1800.0,1800,False,1.0,4.0,Weibull,2.5,1040,4.5,35,Linear,10,1.0,8333.333333333334,277.77777777777777,0.0003333333333333333,-3.5,-5.5,False,0.12,0.5555555555555556,4.8,-2.1,2.0,0.005,1.5,0.005,0.1;0.3;0.4,0.96,VanGenuchten,4.62962963e-08;4.62962963e-08;4.62962963e-08,-0.05;-0.05;-0.05,0.03;0.03;0.03,0.4;0.4;0.4,0.05;0.05;0.05,0.05;0.05;0.05,0.55;0.55;0.55,8.4;8.4;8.4,0.6;0.6;0.6,0.0034,1.0,2,-1.2199999999999998,1e-10
-1,1800.0,1800,False,1.0,4.0,Weibull,2.5,1040,4.5,35,Linear,10,1.0,8333.333333333334,277.77777777777777,0.0003333333333333333,-3.5,-5.5,False,0.12,0.5555555555555556,4.8,-2.1,2.0,0.005,1.5,0.005,0.1;0.3;0.4,0.96,VanGenuchten,4.62962963e-08;4.62962963e-08;4.62962963e-08,-0.05;-0.05;-0.05,0.03;0.03;0.03,0.4;0.4;0.4,0.05;0.05;0.05,0.05;0.05;0.05,0.55;0.55;0.55,8.4;8.4;8.4,0.6;0.6;0.6,0.0034,1.0,2,-1.2099999999999997,1e-10
-1,1800.0,1800,False,1.0,4.0,Weibull,2.5,1040,4.5,35,Linear,10,1.0,8333.333333333334,277.77777777777777,0.0003333333333333333,-3.5,-5.5,False,0.12,0.5555555555555556,4.8,-2.1,2.0,0.005,1.5,0.005,0.1;0.3;0.4,0.96,VanGenuchten,4.62962963e-08;4.62962963e-08;4.62962963e-08,-0.05;-0.05;-0.05,0.03;0.03;0.03,0.4;0.4;0.4,0.05;0.05;0.05,0.05;0.05;0.05,0.55;0.55;0.55,8.4;8.4;8.4,0.6;0.6;0.6,0.0034,1.0,2,-1.1999999999999997,1e-10
-1,1800.0,1800,False,1.0,4.0,Weibull,2.5,1040,4.5,35,Linear,10,1.0,8333.333333333334,277.77777777777777,0.0003333333333333333,-3.5,-5.5,False,0.12,0.5555555555555556,4.8,-2.1,2.0,0.005,1.5,0.005,0.1;0.3;0.4,0.96,VanGenuchten,4.62962963e-08;4.62962963e-08;4.62962963e-08,-0.05;-0.05;-0.05,0.03;0.03;0.03,0.4;0.4;0.4,0.05;0.05;0.05,0.05;0.05;0.05,0.55;0.55;0.55,8.4;8.4;8.4,0.6;0.6;0.6,0.0034,1.0,2,-1.1899999999999997,1e-10
-1,1800.0,1800,False,1.0,4.0,Weibull,2.5,1040,4.5,35,Linear,10,1.0,8333.333333333334,277.77777777777777,0.0003333333333333333,-3.5,-5.5,False,0.12,0.5555555555555556,4.8,-2.1,2.0,0.005,1.5,0.005,0.1;0.3;0.4,0.96,VanGenuchten,4.62962963e-08;4.62962963e-08;4.62962963e-08,-0.05;-0.05;-0.05,0.03;0.03;0.03,0.4;0.4;0.4,0.05;0.05;0.05,0.05;0.05;0.05,0.55;0.55;0.55,8.4;8.4;8.4,0.6;0.6;0.6,0.0034,1.0,2,-1.1799999999999997,1e-10
-1,1800.0,1800,False,1.0,4.0,Weibull,2.5,1040,4.5,35,Linear,10,1.0,8333.333333333334,277.77777777777777,0.0003333333333333333,-3.5,-5.5,False,0.12,0.5555555555555556,4.8,-2.1,2.0,0.005,1.5,0.005,0.1;0.3;0.4,0.96,VanGenuchten,4.62962963e-08;4.62962963e-08;4.62962963e-08,-0.05;-0.05;-0.05,0.03;0.03;0.03,0.4;0.4;0.4,0.05;0.05;0.05,0.05;0.05;0.05,0.55;0.55;0.55,8.4;8.4;8.4,0.6;0.6;0.6,0.0034,1.0,2,-1.1699999999999997,1e-10
-1,1800.0,1800,False,1.0,4.0,Weibull,2.5,1040,4.5,35,Linear,10,1.0,8333.333333333334,277.77777777777777,0.0003333333333333333,-3.5,-5.5,False,0.12,0.5555555555555556,4.8,-2.1,2.0,0.005,1.5,0.005,0.1;0.3;0.4,0.96,VanGenuchten,4.62962963e-08;4.62962963e-08;4.62962963e-08,-0.05;-0.05;-0.05,0.03;0.03;0.03,0.4;0.4;0.4,0.05;0.05;0.05,0.05;0.05;0.05,0.55;0.55;0.55,8.4;8.4;8.4,0.6;0.6;0.6,0.0034,1.0,2,-1.1599999999999997,1e-10
-1,1800.0,1800,False,1.0,4.0,Weibull,2.5,1040,4.5,35,Linear,10,1.0,8333.333333333334,277.77777777777777,0.0003333333333333333,-3.5,-5.5,False,0.12,0.5555555555555556,4.8,-2.1,2.0,0.005,1.5,0.005,0.1;0.3;0.4,0.96,VanGenuchten,4.62962963e-08;4.62962963e-08;4.62962963e-08,-0.05;-0.05;-0.05,0.03;0.03;0.03,0.4;0.4;0.4,0.05;0.05;0.05,0.05;0.05;0.05,0.55;0.55;0.55,8.4;8.4;8.4,0.6;0.6;0.6,0.0034,1.0,2,-1.1499999999999997,1e-10
-1,1800.0,1800,False,1.0,4.0,Weibull,2.5,1040,4.5,35,Linear,10,1.0,8333.333333333334,277.77777777777777,0.0003333333333333333,-3.5,-5.5,False,0.12,0.5555555555555556,4.8,-2.1,2.0,0.005,1.5,0.005,0.1;0.3;0.4,0.96,VanGenuchten,4.62962963e-08;4.62962963e-08;4.62962963e-08,-0.05;-0.05;-0.05,0.03;0.03;0.03,0.4;0.4;0.4,0.05;0.05;0.05,0.05;0.05;0.05,0.55;0.55;0.55,8.4;8.4;8.4,0.6;0.6;0.6,0.0034,1.0,2,-1.1399999999999997,1e-10
-1,1800.0,1800,False,1.0,4.0,Weibull,2.5,1040,4.5,35,Linear,10,1.0,8333.333333333334,277.77777777777777,0.0003333333333333333,-3.5,-5.5,False,0.12,0.5555555555555556,4.8,-2.1,2.0,0.005,1.5,0.005,0.1;0.3;0.4,0.96,VanGenuchten,4.62962963e-08;4.62962963e-08;4.62962963e-08,-0.05;-0.05;-0.05,0.03;0.03;0.03,0.4;0.4;0.4,0.05;0.05;0.05,0.05;0.05;0.05,0.55;0.55;0.55,8.4;8.4;8.4,0.6;0.6;0.6,0.0034,1.0,2,-1.1299999999999997,1e-10
-1,1800.0,1800,False,1.0,4.0,Weibull,2.5,1040,4.5,35,Linear,10,1.0,8333.333333333334,277.77777777777777,0.0003333333333333333,-3.5,-5.5,False,0.12,0.5555555555555556,4.8,-2.1,2.0,0.005,1.5,0.005,0.1;0.3;0.4,0.96,VanGenuchten,4.62962963e-08;4.62962963e-08;4.62962963e-08,-0.05;-0.05;-0.05,0.03;0.03;0.03,0.4;0.4;0.4,0.05;0.05;0.05,0.05;0.05;0.05,0.55;0.55;0.55,8.4;8.4;8.4,0.6;0.6;0.6,0.0034,1.0,2,-1.1199999999999997,1e-10
-1,1800.0,1800,False,1.0,4.0,Weibull,2.5,1040,4.5,35,Linear,10,1.0,8333.333333333334,277.77777777777777,0.0003333333333333333,-3.5,-5.5,False,0.12,0.5555555555555556,4.8,-2.1,2.0,0.005,1.5,0.005,0.1;0.3;0.4,0.96,VanGenuchten,4.62962963e-08;4.62962963e-08;4.62962963e-08,-0.05;-0.05;-0.05,0.03;0.03;0.03,0.4;0.4;0.4,0.05;0.05;0.05,0.05;0.05;0.05,0.55;0.55;0.55,8.4;8.4;8.4,0.6;0.6;0.6,0.0034,1.0,2,-1.1099999999999997,1e-10
-1,1800.0,1800,False,1.0,4.0,Weibull,2.5,1040,4.5,35,Linear,10,1.0,8333.333333333334,277.77777777777777,0.0003333333333333333,-3.5,-5.5,False,0.12,0.5555555555555556,4.8,-2.1,2.0,0.005,1.5,0.005,0.1;0.3;0.4,0.96,VanGenuchten,4.62962963e-08;4.62962963e-08;4.62962963e-08,-0.05;-0.05;-0.05,0.03;0.03;0.03,0.4;0.4;0.4,0.05;0.05;0.05,0.05;0.05;0.05,0.55;0.55;0.55,8.4;8.4;8.4,0.6;0.6;0.6,0.0034,1.0,2,-1.0999999999999996,1e-10
-1,1800.0,1800,False,1.0,4.0,Weibull,2.5,1040,4.5,35,Linear,10,1.0,8333.333333333334,277.77777777777777,0.0003333333333333333,-3.5,-5.5,False,0.12,0.5555555555555556,4.8,-2.1,2.0,0.005,1.5,0.005,0.1;0.3;0.4,0.96,VanGenuchten,4.62962963e-08;4.62962963e-08;4.62962963e-08,-0.05;-0.05;-0.05,0.03;0.03;0.03,0.4;0.4;0.4,0.05;0.05;0.05,0.05;0.05;0.05,0.55;0.55;0.55,8.4;8.4;8.4,0.6;0.6;0.6,0.0034,1.0,2,-1.0899999999999996,1e-10
-1,1800.0,1800,False,1.0,4.0,Weibull,2.5,1040,4.5,35,Linear,10,1.0,8333.333333333334,277.77777777777777,0.0003333333333333333,-3.5,-5.5,False,0.12,0.5555555555555556,4.8,-2.1,2.0,0.005,1.5,0.005,0.1;0.3;0.4,0.96,VanGenuchten,4.62962963e-08;4.62962963e-08;4.62962963e-08,-0.05;-0.05;-0.05,0.03;0.03;0.03,0.4;0.4;0.4,0.05;0.05;0.05,0.05;0.05;0.05,0.55;0.55;0.55,8.4;8.4;8.4,0.6;0.6;0.6,0.0034,1.0,2,-1.0799999999999996,1e-10
-1,1800.0,1800,False,1.0,4.0,Weibull,2.5,1040,4.5,35,Linear,10,1.0,8333.333333333334,277.77777777777777,0.0003333333333333333,-3.5,-5.5,False,0.12,0.5555555555555556,4.8,-2.1,2.0,0.005,1.5,0.005,0.1;0.3;0.4,0.96,VanGenuchten,4.62962963e-08;4.62962963e-08;4.62962963e-08,-0.05;-0.05;-0.05,0.03;0.03;0.03,0.4;0.4;0.4,0.05;0.05;0.05,0.05;0.05;0.05,0.55;0.55;0.55,8.4;8.4;8.4,0.6;0.6;0.6,0.0034,1.0,2,-1.0699999999999996,1e-10
-1,1800.0,1800,False,1.0,4.0,Weibull,2.5,1040,4.5,35,Linear,10,1.0,8333.333333333334,277.77777777777777,0.0003333333333333333,-3.5,-5.5,False,0.12,0.5555555555555556,4.8,-2.1,2.0,0.005,1.5,0.005,0.1;0.3;0.4,0.96,VanGenuchten,4.62962963e-08;4.62962963e-08;4.62962963e-08,-0.05;-0.05;-0.05,0.03;0.03;0.03,0.4;0.4;0.4,0.05;0.05;0.05,0.05;0.05;0.05,0.55;0.55;0.55,8.4;8.4;8.4,0.6;0.6;0.6,0.0034,1.0,2,-1.0599999999999996,1e-10
-1,1800.0,1800,False,1.0,4.0,Weibull,2.5,1040,4.5,35,Linear,10,1.0,8333.333333333334,277.77777777777777,0.0003333333333333333,-3.5,-5.5,False,0.12,0.5555555555555556,4.8,-2.1,2.0,0.005,1.5,0.005,0.1;0.3;0.4,0.96,VanGenuchten,4.62962963e-08;4.62962963e-08;4.62962963e-08,-0.05;-0.05;-0.05,0.03;0.03;0.03,0.4;0.4;0.4,0.05;0.05;0.05,0.05;0.05;0.05,0.55;0.55;0.55,8.4;8.4;8.4,0.6;0.6;0.6,0.0034,1.0,2,-1.0499999999999996,1e-10
-1,1800.0,1800,False,1.0,4.0,Weibull,2.5,1040,4.5,35,Linear,10,1.0,8333.333333333334,277.77777777777777,0.0003333333333333333,-3.5,-5.5,False,0.12,0.5555555555555556,4.8,-2.1,2.0,0.005,1.5,0.005,0.1;0.3;0.4,0.96,VanGenuchten,4.62962963e-08;4.62962963e-08;4.62962963e-08,-0.05;-0.05;-0.05,0.03;0.03;0.03,0.4;0.4;0.4,0.05;0.05;0.05,0.05;0.05;0.05,0.55;0.55;0.55,8.4;8.4;8.4,0.6;0.6;0.6,0.0034,1.0,2,-1.0399999999999996,1e-10
-1,1800.0,1800,False,1.0,4.0,Weibull,2.5,1040,4.5,35,Linear,10,1.0,8333.333333333334,277.77777777777777,0.0003333333333333333,-3.5,-5.5,False,0.12,0.5555555555555556,4.8,-2.1,2.0,0.005,1.5,0.005,0.1;0.3;0.4,0.96,VanGenuchten,4.62962963e-08;4.62962963e-08;4.62962963e-08,-0.05;-0.05;-0.05,0.03;0.03;0.03,0.4;0.4;0.4,0.05;0.05;0.05,0.05;0.05;0.05,0.55;0.55;0.55,8.4;8.4;8.4,0.6;0.6;0.6,0.0034,1.0,2,-1.0299999999999996,1e-10
-1,1800.0,1800,False,1.0,4.0,Weibull,2.5,1040,4.5,35,Linear,10,1.0,8333.333333333334,277.77777777777777,0.0003333333333333333,-3.5,-5.5,False,0.12,0.5555555555555556,4.8,-2.1,2.0,0.005,1.5,0.005,0.1;0.3;0.4,0.96,VanGenuchten,4.62962963e-08;4.62962963e-08;4.62962963e-08,-0.05;-0.05;-0.05,0.03;0.03;0.03,0.4;0.4;0.4,0.05;0.05;0.05,0.05;0.05;0.05,0.55;0.55;0.55,8.4;8.4;8.4,0.6;0.6;0.6,0.0034,1.0,2,-1.0199999999999996,1e-10
-1,1800.0,1800,False,1.0,4.0,Weibull,2.5,1040,4.5,35,Linear,10,1.0,8333.333333333334,277.77777777777777,0.0003333333333333333,-3.5,-5.5,False,0.12,0.5555555555555556,4.8,-2.1,2.0,0.005,1.5,0.005,0.1;0.3;0.4,0.96,VanGenuchten,4.62962963e-08;4.62962963e-08;4.62962963e-08,-0.05;-0.05;-0.05,0.03;0.03;0.03,0.4;0.4;0.4,0.05;0.05;0.05,0.05;0.05;0.05,0.55;0.55;0.55,8.4;8.4;8.4,0.6;0.6;0.6,0.0034,1.0,2,-1.0099999999999996,1e-10
-1,1800.0,1800,False,1.0,4.0,Weibull,2.5,1040,4.5,35,Linear,10,1.0,8333.333333333334,277.77777777777777,0.0003333333333333333,-3.5,-5.5,False,0.12,0.5555555555555556,4.8,-2.1,2.0,0.005,1.5,0.005,0.1;0.3;0.4,0.96,VanGenuchten,4.62962963e-08;4.62962963e-08;4.62962963e-08,-0.05;-0.05;-0.05,0.03;0.03;0.03,0.4;0.4;0.4,0.05;0.05;0.05,0.05;0.05;0.05,0.55;0.55;0.55,8.4;8.4;8.4,0.6;0.6;0.6,0.0034,1.0,2,-0.9999999999999996,1e-10
-1,1800.0,1800,False,1.0,4.0,Weibull,2.5,1040,4.5,35,Linear,10,1.0,8333.333333333334,277.77777777777777,0.0003333333333333333,-3.5,-5.5,False,0.12,0.5555555555555556,4.8,-2.1,2.0,0.005,1.5,0.005,0.1;0.3;0.4,0.96,VanGenuchten,4.62962963e-08;4.62962963e-08;4.62962963e-08,-0.05;-0.05;-0.05,0.03;0.03;0.03,0.4;0.4;0.4,0.05;0.05;0.05,0.05;0.05;0.05,0.55;0.55;0.55,8.4;8.4;8.4,0.6;0.6;0.6,0.0034,1.0,2,-0.9899999999999995,1e-10
-1,1800.0,1800,False,1.0,4.0,Weibull,2.5,1040,4.5,35,Linear,10,1.0,8333.333333333334,277.77777777777777,0.0003333333333333333,-3.5,-5.5,False,0.12,0.5555555555555556,4.8,-2.1,2.0,0.005,1.5,0.005,0.1;0.3;0.4,0.96,VanGenuchten,4.62962963e-08;4.62962963e-08;4.62962963e-08,-0.05;-0.05;-0.05,0.03;0.03;0.03,0.4;0.4;0.4,0.05;0.05;0.05,0.05;0.05;0.05,0.55;0.55;0.55,8.4;8.4;8.4,0.6;0.6;0.6,0.0034,1.0,2,-0.9799999999999995,1e-10
-1,1800.0,1800,False,1.0,4.0,Weibull,2.5,1040,4.5,35,Linear,10,1.0,8333.333333333334,277.77777777777777,0.0003333333333333333,-3.5,-5.5,False,0.12,0.5555555555555556,4.8,-2.1,2.0,0.005,1.5,0.005,0.1;0.3;0.4,0.96,VanGenuchten,4.62962963e-08;4.62962963e-08;4.62962963e-08,-0.05;-0.05;-0.05,0.03;0.03;0.03,0.4;0.4;0.4,0.05;0.05;0.05,0.05;0.05;0.05,0.55;0.55;0.55,8.4;8.4;8.4,0.6;0.6;0.6,0.0034,1.0,2,-0.9699999999999995,1e-10
-1,1800.0,1800,False,1.0,4.0,Weibull,2.5,1040,4.5,35,Linear,10,1.0,8333.333333333334,277.77777777777777,0.0003333333333333333,-3.5,-5.5,False,0.12,0.5555555555555556,4.8,-2.1,2.0,0.005,1.5,0.005,0.1;0.3;0.4,0.96,VanGenuchten,4.62962963e-08;4.62962963e-08;4.62962963e-08,-0.05;-0.05;-0.05,0.03;0.03;0.03,0.4;0.4;0.4,0.05;0.05;0.05,0.05;0.05;0.05,0.55;0.55;0.55,8.4;8.4;8.4,0.6;0.6;0.6,0.0034,1.0,2,-0.9599999999999995,1e-10
-1,1800.0,1800,False,1.0,4.0,Weibull,2.5,1040,4.5,35,Linear,10,1.0,8333.333333333334,277.77777777777777,0.0003333333333333333,-3.5,-5.5,False,0.12,0.5555555555555556,4.8,-2.1,2.0,0.005,1.5,0.005,0.1;0.3;0.4,0.96,VanGenuchten,4.62962963e-08;4.62962963e-08;4.62962963e-08,-0.05;-0.05;-0.05,0.03;0.03;0.03,0.4;0.4;0.4,0.05;0.05;0.05,0.05;0.05;0.05,0.55;0.55;0.55,8.4;8.4;8.4,0.6;0.6;0.6,0.0034,1.0,2,-0.9499999999999995,1e-10
-1,1800.0,1800,False,1.0,4.0,Weibull,2.5,1040,4.5,35,Linear,10,1.0,8333.333333333334,277.77777777777777,0.0003333333333333333,-3.5,-5.5,False,0.12,0.5555555555555556,4.8,-2.1,2.0,0.005,1.5,0.005,0.1;0.3;0.4,0.96,VanGenuchten,4.62962963e-08;4.62962963e-08;4.62962963e-08,-0.05;-0.05;-0.05,0.03;0.03;0.03,0.4;0.4;0.4,0.05;0.05;0.05,0.05;0.05;0.05,0.55;0.55;0.55,8.4;8.4;8.4,0.6;0.6;0.6,0.0034,1.0,2,-0.9399999999999995,1e-10
-1,1800.0,1800,False,1.0,4.0,Weibull,2.5,1040,4.5,35,Linear,10,1.0,8333.333333333334,277.77777777777777,0.0003333333333333333,-3.5,-5.5,False,0.12,0.5555555555555556,4.8,-2.1,2.0,0.005,1.5,0.005,0.1;0.3;0.4,0.96,VanGenuchten,4.62962963e-08;4.62962963e-08;4.62962963e-08,-0.05;-0.05;-0.05,0.03;0.03;0.03,0.4;0.4;0.4,0.05;0.05;0.05,0.05;0.05;0.05,0.55;0.55;0.55,8.4;8.4;8.4,0.6;0.6;0.6,0.0034,1.0,2,-0.9299999999999995,1e-10
-1,1800.0,1800,False,1.0,4.0,Weibull,2.5,1040,4.5,35,Linear,10,1.0,8333.333333333334,277.77777777777777,0.0003333333333333333,-3.5,-5.5,False,0.12,0.5555555555555556,4.8,-2.1,2.0,0.005,1.5,0.005,0.1;0.3;0.4,0.96,VanGenuchten,4.62962963e-08;4.62962963e-08;4.62962963e-08,-0.05;-0.05;-0.05,0.03;0.03;0.03,0.4;0.4;0.4,0.05;0.05;0.05,0.05;0.05;0.05,0.55;0.55;0.55,8.4;8.4;8.4,0.6;0.6;0.6,0.0034,1.0,2,-0.9199999999999995,1e-10
-1,1800.0,1800,False,1.0,4.0,Weibull,2.5,1040,4.5,35,Linear,10,1.0,8333.333333333334,277.77777777777777,0.0003333333333333333,-3.5,-5.5,False,0.12,0.5555555555555556,4.8,-2.1,2.0,0.005,1.5,0.005,0.1;0.3;0.4,0.96,VanGenuchten,4.62962963e-08;4.62962963e-08;4.62962963e-08,-0.05;-0.05;-0.05,0.03;0.03;0.03,0.4;0.4;0.4,0.05;0.05;0.05,0.05;0.05;0.05,0.55;0.55;0.55,8.4;8.4;8.4,0.6;0.6;0.6,0.0034,1.0,2,-0.9099999999999995,1e-10
-1,1800.0,1800,False,1.0,4.0,Weibull,2.5,1040,4.5,35,Linear,10,1.0,8333.333333333334,277.77777777777777,0.0003333333333333333,-3.5,-5.5,False,0.12,0.5555555555555556,4.8,-2.1,2.0,0.005,1.5,0.005,0.1;0.3;0.4,0.96,VanGenuchten,4.62962963e-08;4.62962963e-08;4.62962963e-08,-0.05;-0.05;-0.05,0.03;0.03;0.03,0.4;0.4;0.4,0.05;0.05;0.05,0.05;0.05;0.05,0.55;0.55;0.55,8.4;8.4;8.4,0.6;0.6;0.6,0.0034,1.0,2,-0.8999999999999995,1e-10
-1,1800.0,1800,False,1.0,4.0,Weibull,2.5,1040,4.5,35,Linear,10,1.0,8333.333333333334,277.77777777777777,0.0003333333333333333,-3.5,-5.5,False,0.12,0.5555555555555556,4.8,-2.1,2.0,0.005,1.5,0.005,0.1;0.3;0.4,0.96,VanGenuchten,4.62962963e-08;4.62962963e-08;4.62962963e-08,-0.05;-0.05;-0.05,0.03;0.03;0.03,0.4;0.4;0.4,0.05;0.05;0.05,0.05;0.05;0.05,0.55;0.55;0.55,8.4;8.4;8.4,0.6;0.6;0.6,0.0034,1.0,2,-0.8899999999999995,1e-10
-1,1800.0,1800,False,1.0,4.0,Weibull,2.5,1040,4.5,35,Linear,10,1.0,8333.333333333334,277.77777777777777,0.0003333333333333333,-3.5,-5.5,False,0.12,0.5555555555555556,4.8,-2.1,2.0,0.005,1.5,0.005,0.1;0.3;0.4,0.96,VanGenuchten,4.62962963e-08;4.62962963e-08;4.62962963e-08,-0.05;-0.05;-0.05,0.03;0.03;0.03,0.4;0.4;0.4,0.05;0.05;0.05,0.05;0.05;0.05,0.55;0.55;0.55,8.4;8.4;8.4,0.6;0.6;0.6,0.0034,1.0,2,-0.8799999999999994,1e-10
-1,1800.0,1800,False,1.0,4.0,Weibull,2.5,1040,4.5,35,Linear,10,1.0,8333.333333333334,277.77777777777777,0.0003333333333333333,-3.5,-5.5,False,0.12,0.5555555555555556,4.8,-2.1,2.0,0.005,1.5,0.005,0.1;0.3;0.4,0.96,VanGenuchten,4.62962963e-08;4.62962963e-08;4.62962963e-08,-0.05;-0.05;-0.05,0.03;0.03;0.03,0.4;0.4;0.4,0.05;0.05;0.05,0.05;0.05;0.05,0.55;0.55;0.55,8.4;8.4;8.4,0.6;0.6;0.6,0.0034,1.0,2,-0.8699999999999994,1e-10
-1,1800.0,1800,False,1.0,4.0,Weibull,2.5,1040,4.5,35,Linear,10,1.0,8333.333333333334,277.77777777777777,0.0003333333333333333,-3.5,-5.5,False,0.12,0.5555555555555556,4.8,-2.1,2.0,0.005,1.5,0.005,0.1;0.3;0.4,0.96,VanGenuchten,4.62962963e-08;4.62962963e-08;4.62962963e-08,-0.05;-0.05;-0.05,0.03;0.03;0.03,0.4;0.4;0.4,0.05;0.05;0.05,0.05;0.05;0.05,0.55;0.55;0.55,8.4;8.4;8.4,0.6;0.6;0.6,0.0034,1.0,2,-0.8599999999999994,1e-10
-1,1800.0,1800,False,1.0,4.0,Weibull,2.5,1040,4.5,35,Linear,10,1.0,8333.333333333334,277.77777777777777,0.0003333333333333333,-3.5,-5.5,False,0.12,0.5555555555555556,4.8,-2.1,2.0,0.005,1.5,0.005,0.1;0.3;0.4,0.96,VanGenuchten,4.62962963e-08;4.62962963e-08;4.62962963e-08,-0.05;-0.05;-0.05,0.03;0.03;0.03,0.4;0.4;0.4,0.05;0.05;0.05,0.05;0.05;0.05,0.55;0.55;0.55,8.4;8.4;8.4,0.6;0.6;0.6,0.0034,1.0,2,-0.8499999999999994,1e-10
-1,1800.0,1800,False,1.0,4.0,Weibull,2.5,1040,4.5,35,Linear,10,1.0,8333.333333333334,277.77777777777777,0.0003333333333333333,-3.5,-5.5,False,0.12,0.5555555555555556,4.8,-2.1,2.0,0.005,1.5,0.005,0.1;0.3;0.4,0.96,VanGenuchten,4.62962963e-08;4.62962963e-08;4.62962963e-08,-0.05;-0.05;-0.05,0.03;0.03;0.03,0.4;0.4;0.4,0.05;0.05;0.05,0.05;0.05;0.05,0.55;0.55;0.55,8.4;8.4;8.4,0.6;0.6;0.6,0.0034,1.0,2,-0.8399999999999994,1e-10
-1,1800.0,1800,False,1.0,4.0,Weibull,2.5,1040,4.5,35,Linear,10,1.0,8333.333333333334,277.77777777777777,0.0003333333333333333,-3.5,-5.5,False,0.12,0.5555555555555556,4.8,-2.1,2.0,0.005,1.5,0.005,0.1;0.3;0.4,0.96,VanGenuchten,4.62962963e-08;4.62962963e-08;4.62962963e-08,-0.05;-0.05;-0.05,0.03;0.03;0.03,0.4;0.4;0.4,0.05;0.05;0.05,0.05;0.05;0.05,0.55;0.55;0.55,8.4;8.4;8.4,0.6;0.6;0.6,0.0034,1.0,2,-0.8299999999999994,1e-10
-1,1800.0,1800,False,1.0,4.0,Weibull,2.5,1040,4.5,35,Linear,10,1.0,8333.333333333334,277.77777777777777,0.0003333333333333333,-3.5,-5.5,False,0.12,0.5555555555555556,4.8,-2.1,2.0,0.005,1.5,0.005,0.1;0.3;0.4,0.96,VanGenuchten,4.62962963e-08;4.62962963e-08;4.62962963e-08,-0.05;-0.05;-0.05,0.03;0.03;0.03,0.4;0.4;0.4,0.05;0.05;0.05,0.05;0.05;0.05,0.55;0.55;0.55,8.4;8.4;8.4,0.6;0.6;0.6,0.0034,1.0,2,-0.8199999999999994,1e-10
-1,1800.0,1800,False,1.0,4.0,Weibull,2.5,1040,4.5,35,Linear,10,1.0,8333.333333333334,277.77777777777777,0.0003333333333333333,-3.5,-5.5,False,0.12,0.5555555555555556,4.8,-2.1,2.0,0.005,1.5,0.005,0.1;0.3;0.4,0.96,VanGenuchten,4.62962963e-08;4.62962963e-08;4.62962963e-08,-0.05;-0.05;-0.05,0.03;0.03;0.03,0.4;0.4;0.4,0.05;0.05;0.05,0.05;0.05;0.05,0.55;0.55;0.55,8.4;8.4;8.4,0.6;0.6;0.6,0.0034,1.0,2,-0.8099999999999994,1e-10
-1,1800.0,1800,False,1.0,4.0,Weibull,2.5,1040,4.5,35,Linear,10,1.0,8333.333333333334,277.77777777777777,0.0003333333333333333,-3.5,-5.5,False,0.12,0.5555555555555556,4.8,-2.1,2.0,0.005,1.5,0.005,0.1;0.3;0.4,0.96,VanGenuchten,4.62962963e-08;4.62962963e-08;4.62962963e-08,-0.05;-0.05;-0.05,0.03;0.03;0.03,0.4;0.4;0.4,0.05;0.05;0.05,0.05;0.05;0.05,0.55;0.55;0.55,8.4;8.4;8.4,0.6;0.6;0.6,0.0034,1.0,2,-0.7999999999999994,1e-10
-1,1800.0,1800,False,1.0,4.0,Weibull,2.5,1040,4.5,35,Linear,10,1.0,8333.333333333334,277.77777777777777,0.0003333333333333333,-3.5,-5.5,False,0.12,0.5555555555555556,4.8,-2.1,2.0,0.005,1.5,0.005,0.1;0.3;0.4,0.96,VanGenuchten,4.62962963e-08;4.62962963e-08;4.62962963e-08,-0.05;-0.05;-0.05,0.03;0.03;0.03,0.4;0.4;0.4,0.05;0.05;0.05,0.05;0.05;0.05,0.55;0.55;0.55,8.4;8.4;8.4,0.6;0.6;0.6,0.0034,1.0,2,-0.7899999999999994,1e-10
-1,1800.0,1800,False,1.0,4.0,Weibull,2.5,1040,4.5,35,Linear,10,1.0,8333.333333333334,277.77777777777777,0.0003333333333333333,-3.5,-5.5,False,0.12,0.5555555555555556,4.8,-2.1,2.0,0.005,1.5,0.005,0.1;0.3;0.4,0.96,VanGenuchten,4.62962963e-08;4.62962963e-08;4.62962963e-08,-0.05;-0.05;-0.05,0.03;0.03;0.03,0.4;0.4;0.4,0.05;0.05;0.05,0.05;0.05;0.05,0.55;0.55;0.55,8.4;8.4;8.4,0.6;0.6;0.6,0.0034,1.0,2,-0.7799999999999994,1e-10
-1,1800.0,1800,False,1.0,4.0,Weibull,2.5,1040,4.5,35,Linear,10,1.0,8333.333333333334,277.77777777777777,0.0003333333333333333,-3.5,-5.5,False,0.12,0.5555555555555556,4.8,-2.1,2.0,0.005,1.5,0.005,0.1;0.3;0.4,0.96,VanGenuchten,4.62962963e-08;4.62962963e-08;4.62962963e-08,-0.05;-0.05;-0.05,0.03;0.03;0.03,0.4;0.4;0.4,0.05;0.05;0.05,0.05;0.05;0.05,0.55;0.55;0.55,8.4;8.4;8.4,0.6;0.6;0.6,0.0034,1.0,2,-0.7699999999999994,1e-10
-1,1800.0,1800,False,1.0,4.0,Weibull,2.5,1040,4.5,35,Linear,10,1.0,8333.333333333334,277.77777777777777,0.0003333333333333333,-3.5,-5.5,False,0.12,0.5555555555555556,4.8,-2.1,2.0,0.005,1.5,0.005,0.1;0.3;0.4,0.96,VanGenuchten,4.62962963e-08;4.62962963e-08;4.62962963e-08,-0.05;-0.05;-0.05,0.03;0.03;0.03,0.4;0.4;0.4,0.05;0.05;0.05,0.05;0.05;0.05,0.55;0.55;0.55,8.4;8.4;8.4,0.6;0.6;0.6,0.0034,1.0,2,-0.7599999999999993,1e-10
-1,1800.0,1800,False,1.0,4.0,Weibull,2.5,1040,4.5,35,Linear,10,1.0,8333.333333333334,277.77777777777777,0.0003333333333333333,-3.5,-5.5,False,0.12,0.5555555555555556,4.8,-2.1,2.0,0.005,1.5,0.005,0.1;0.3;0.4,0.96,VanGenuchten,4.62962963e-08;4.62962963e-08;4.62962963e-08,-0.05;-0.05;-0.05,0.03;0.03;0.03,0.4;0.4;0.4,0.05;0.05;0.05,0.05;0.05;0.05,0.55;0.55;0.55,8.4;8.4;8.4,0.6;0.6;0.6,0.0034,1.0,2,-0.7499999999999993,1e-10
-1,1800.0,1800,False,1.0,4.0,Weibull,2.5,1040,4.5,35,Linear,10,1.0,8333.333333333334,277.77777777777777,0.0003333333333333333,-3.5,-5.5,False,0.12,0.5555555555555556,4.8,-2.1,2.0,0.005,1.5,0.005,0.1;0.3;0.4,0.96,VanGenuchten,4.62962963e-08;4.62962963e-08;4.62962963e-08,-0.05;-0.05;-0.05,0.03;0.03;0.03,0.4;0.4;0.4,0.05;0.05;0.05,0.05;0.05;0.05,0.55;0.55;0.55,8.4;8.4;8.4,0.6;0.6;0.6,0.0034,1.0,2,-0.7399999999999993,1e-10
-1,1800.0,1800,False,1.0,4.0,Weibull,2.5,1040,4.5,35,Linear,10,1.0,8333.333333333334,277.77777777777777,0.0003333333333333333,-3.5,-5.5,False,0.12,0.5555555555555556,4.8,-2.1,2.0,0.005,1.5,0.005,0.1;0.3;0.4,0.96,VanGenuchten,4.62962963e-08;4.62962963e-08;4.62962963e-08,-0.05;-0.05;-0.05,0.03;0.03;0.03,0.4;0.4;0.4,0.05;0.05;0.05,0.05;0.05;0.05,0.55;0.55;0.55,8.4;8.4;8.4,0.6;0.6;0.6,0.0034,1.0,2,-0.7299999999999993,1e-10
-1,1800.0,1800,False,1.0,4.0,Weibull,2.5,1040,4.5,35,Linear,10,1.0,8333.333333333334,277.77777777777777,0.0003333333333333333,-3.5,-5.5,False,0.12,0.5555555555555556,4.8,-2.1,2.0,0.005,1.5,0.005,0.1;0.3;0.4,0.96,VanGenuchten,4.62962963e-08;4.62962963e-08;4.62962963e-08,-0.05;-0.05;-0.05,0.03;0.03;0.03,0.4;0.4;0.4,0.05;0.05;0.05,0.05;0.05;0.05,0.55;0.55;0.55,8.4;8.4;8.4,0.6;0.6;0.6,0.0034,1.0,2,-0.7199999999999993,1e-10
-1,1800.0,1800,False,1.0,4.0,Weibull,2.5,1040,4.5,35,Linear,10,1.0,8333.333333333334,277.77777777777777,0.0003333333333333333,-3.5,-5.5,False,0.12,0.5555555555555556,4.8,-2.1,2.0,0.005,1.5,0.005,0.1;0.3;0.4,0.96,VanGenuchten,4.62962963e-08;4.62962963e-08;4.62962963e-08,-0.05;-0.05;-0.05,0.03;0.03;0.03,0.4;0.4;0.4,0.05;0.05;0.05,0.05;0.05;0.05,0.55;0.55;0.55,8.4;8.4;8.4,0.6;0.6;0.6,0.0034,1.0,2,-0.7099999999999993,1e-10
-1,1800.0,1800,False,1.0,4.0,Weibull,2.5,1040,4.5,35,Linear,10,1.0,8333.333333333334,277.77777777777777,0.0003333333333333333,-3.5,-5.5,False,0.12,0.5555555555555556,4.8,-2.1,2.0,0.005,1.5,0.005,0.1;0.3;0.4,0.96,VanGenuchten,4.62962963e-08;4.62962963e-08;4.62962963e-08,-0.05;-0.05;-0.05,0.03;0.03;0.03,0.4;0.4;0.4,0.05;0.05;0.05,0.05;0.05;0.05,0.55;0.55;0.55,8.4;8.4;8.4,0.6;0.6;0.6,0.0034,1.0,2,-0.6999999999999993,1e-10
-1,1800.0,1800,False,1.0,4.0,Weibull,2.5,1040,4.5,35,Linear,10,1.0,8333.333333333334,277.77777777777777,0.0003333333333333333,-3.5,-5.5,False,0.12,0.5555555555555556,4.8,-2.1,2.0,0.005,1.5,0.005,0.1;0.3;0.4,0.96,VanGenuchten,4.62962963e-08;4.62962963e-08;4.62962963e-08,-0.05;-0.05;-0.05,0.03;0.03;0.03,0.4;0.4;0.4,0.05;0.05;0.05,0.05;0.05;0.05,0.55;0.55;0.55,8.4;8.4;8.4,0.6;0.6;0.6,0.0034,1.0,2,-0.6899999999999993,1e-10
-1,1800.0,1800,False,1.0,4.0,Weibull,2.5,1040,4.5,35,Linear,10,1.0,8333.333333333334,277.77777777777777,0.0003333333333333333,-3.5,-5.5,False,0.12,0.5555555555555556,4.8,-2.1,2.0,0.005,1.5,0.005,0.1;0.3;0.4,0.96,VanGenuchten,4.62962963e-08;4.62962963e-08;4.62962963e-08,-0.05;-0.05;-0.05,0.03;0.03;0.03,0.4;0.4;0.4,0.05;0.05;0.05,0.05;0.05;0.05,0.55;0.55;0.55,8.4;8.4;8.4,0.6;0.6;0.6,0.0034,1.0,2,-0.6799999999999993,1e-10
-1,1800.0,1800,False,1.0,4.0,Weibull,2.5,1040,4.5,35,Linear,10,1.0,8333.333333333334,277.77777777777777,0.0003333333333333333,-3.5,-5.5,False,0.12,0.5555555555555556,4.8,-2.1,2.0,0.005,1.5,0.005,0.1;0.3;0.4,0.96,VanGenuchten,4.62962963e-08;4.62962963e-08;4.62962963e-08,-0.05;-0.05;-0.05,0.03;0.03;0.03,0.4;0.4;0.4,0.05;0.05;0.05,0.05;0.05;0.05,0.55;0.55;0.55,8.4;8.4;8.4,0.6;0.6;0.6,0.0034,1.0,2,-0.6699999999999993,1e-10
-1,1800.0,1800,False,1.0,4.0,Weibull,2.5,1040,4.5,35,Linear,10,1.0,8333.333333333334,277.77777777777777,0.0003333333333333333,-3.5,-5.5,False,0.12,0.5555555555555556,4.8,-2.1,2.0,0.005,1.5,0.005,0.1;0.3;0.4,0.96,VanGenuchten,4.62962963e-08;4.62962963e-08;4.62962963e-08,-0.05;-0.05;-0.05,0.03;0.03;0.03,0.4;0.4;0.4,0.05;0.05;0.05,0.05;0.05;0.05,0.55;0.55;0.55,8.4;8.4;8.4,0.6;0.6;0.6,0.0034,1.0,2,-0.6599999999999993,1e-10
-1,1800.0,1800,False,1.0,4.0,Weibull,2.5,1040,4.5,35,Linear,10,1.0,8333.333333333334,277.77777777777777,0.0003333333333333333,-3.5,-5.5,False,0.12,0.5555555555555556,4.8,-2.1,2.0,0.005,1.5,0.005,0.1;0.3;0.4,0.96,VanGenuchten,4.62962963e-08;4.62962963e-08;4.62962963e-08,-0.05;-0.05;-0.05,0.03;0.03;0.03,0.4;0.4;0.4,0.05;0.05;0.05,0.05;0.05;0.05,0.55;0.55;0.55,8.4;8.4;8.4,0.6;0.6;0.6,0.0034,1.0,2,-0.6499999999999992,1e-10
-1,1800.0,1800,False,1.0,4.0,Weibull,2.5,1040,4.5,35,Linear,10,1.0,8333.333333333334,277.77777777777777,0.0003333333333333333,-3.5,-5.5,False,0.12,0.5555555555555556,4.8,-2.1,2.0,0.005,1.5,0.005,0.1;0.3;0.4,0.96,VanGenuchten,4.62962963e-08;4.62962963e-08;4.62962963e-08,-0.05;-0.05;-0.05,0.03;0.03;0.03,0.4;0.4;0.4,0.05;0.05;0.05,0.05;0.05;0.05,0.55;0.55;0.55,8.4;8.4;8.4,0.6;0.6;0.6,0.0034,1.0,2,-0.6399999999999992,1e-10
-1,1800.0,1800,False,1.0,4.0,Weibull,2.5,1040,4.5,35,Linear,10,1.0,8333.333333333334,277.77777777777777,0.0003333333333333333,-3.5,-5.5,False,0.12,0.5555555555555556,4.8,-2.1,2.0,0.005,1.5,0.005,0.1;0.3;0.4,0.96,VanGenuchten,4.62962963e-08;4.62962963e-08;4.62962963e-08,-0.05;-0.05;-0.05,0.03;0.03;0.03,0.4;0.4;0.4,0.05;0.05;0.05,0.05;0.05;0.05,0.55;0.55;0.55,8.4;8.4;8.4,0.6;0.6;0.6,0.0034,1.0,2,-0.6299999999999992,1e-10
-1,1800.0,1800,False,1.0,4.0,Weibull,2.5,1040,4.5,35,Linear,10,1.0,8333.333333333334,277.77777777777777,0.0003333333333333333,-3.5,-5.5,False,0.12,0.5555555555555556,4.8,-2.1,2.0,0.005,1.5,0.005,0.1;0.3;0.4,0.96,VanGenuchten,4.62962963e-08;4.62962963e-08;4.62962963e-08,-0.05;-0.05;-0.05,0.03;0.03;0.03,0.4;0.4;0.4,0.05;0.05;0.05,0.05;0.05;0.05,0.55;0.55;0.55,8.4;8.4;8.4,0.6;0.6;0.6,0.0034,1.0,2,-0.6199999999999992,1e-10
-1,1800.0,1800,False,1.0,4.0,Weibull,2.5,1040,4.5,35,Linear,10,1.0,8333.333333333334,277.77777777777777,0.0003333333333333333,-3.5,-5.5,False,0.12,0.5555555555555556,4.8,-2.1,2.0,0.005,1.5,0.005,0.1;0.3;0.4,0.96,VanGenuchten,4.62962963e-08;4.62962963e-08;4.62962963e-08,-0.05;-0.05;-0.05,0.03;0.03;0.03,0.4;0.4;0.4,0.05;0.05;0.05,0.05;0.05;0.05,0.55;0.55;0.55,8.4;8.4;8.4,0.6;0.6;0.6,0.0034,1.0,2,-0.6099999999999992,1e-10
-1,1800.0,1800,False,1.0,4.0,Weibull,2.5,1040,4.5,35,Linear,10,1.0,8333.333333333334,277.77777777777777,0.0003333333333333333,-3.5,-5.5,False,0.12,0.5555555555555556,4.8,-2.1,2.0,0.005,1.5,0.005,0.1;0.3;0.4,0.96,VanGenuchten,4.62962963e-08;4.62962963e-08;4.62962963e-08,-0.05;-0.05;-0.05,0.03;0.03;0.03,0.4;0.4;0.4,0.05;0.05;0.05,0.05;0.05;0.05,0.55;0.55;0.55,8.4;8.4;8.4,0.6;0.6;0.6,0.0034,1.0,2,-0.5999999999999992,1e-10
-1,1800.0,1800,False,1.0,4.0,Weibull,2.5,1040,4.5,35,Linear,10,1.0,8333.333333333334,277.77777777777777,0.0003333333333333333,-3.5,-5.5,False,0.12,0.5555555555555556,4.8,-2.1,2.0,0.005,1.5,0.005,0.1;0.3;0.4,0.96,VanGenuchten,4.62962963e-08;4.62962963e-08;4.62962963e-08,-0.05;-0.05;-0.05,0.03;0.03;0.03,0.4;0.4;0.4,0.05;0.05;0.05,0.05;0.05;0.05,0.55;0.55;0.55,8.4;8.4;8.4,0.6;0.6;0.6,0.0034,1.0,2,-0.5899999999999992,1e-10
-1,1800.0,1800,False,1.0,4.0,Weibull,2.5,1040,4.5,35,Linear,10,1.0,8333.333333333334,277.77777777777777,0.0003333333333333333,-3.5,-5.5,False,0.12,0.5555555555555556,4.8,-2.1,2.0,0.005,1.5,0.005,0.1;0.3;0.4,0.96,VanGenuchten,4.62962963e-08;4.62962963e-08;4.62962963e-08,-0.05;-0.05;-0.05,0.03;0.03;0.03,0.4;0.4;0.4,0.05;0.05;0.05,0.05;0.05;0.05,0.55;0.55;0.55,8.4;8.4;8.4,0.6;0.6;0.6,0.0034,1.0,2,-0.5799999999999992,1e-10
-1,1800.0,1800,False,1.0,4.0,Weibull,2.5,1040,4.5,35,Linear,10,1.0,8333.333333333334,277.77777777777777,0.0003333333333333333,-3.5,-5.5,False,0.12,0.5555555555555556,4.8,-2.1,2.0,0.005,1.5,0.005,0.1;0.3;0.4,0.96,VanGenuchten,4.62962963e-08;4.62962963e-08;4.62962963e-08,-0.05;-0.05;-0.05,0.03;0.03;0.03,0.4;0.4;0.4,0.05;0.05;0.05,0.05;0.05;0.05,0.55;0.55;0.55,8.4;8.4;8.4,0.6;0.6;0.6,0.0034,1.0,2,-0.5699999999999992,1e-10
-1,1800.0,1800,False,1.0,4.0,Weibull,2.5,1040,4.5,35,Linear,10,1.0,8333.333333333334,277.77777777777777,0.0003333333333333333,-3.5,-5.5,False,0.12,0.5555555555555556,4.8,-2.1,2.0,0.005,1.5,0.005,0.1;0.3;0.4,0.96,VanGenuchten,4.62962963e-08;4.62962963e-08;4.62962963e-08,-0.05;-0.05;-0.05,0.03;0.03;0.03,0.4;0.4;0.4,0.05;0.05;0.05,0.05;0.05;0.05,0.55;0.55;0.55,8.4;8.4;8.4,0.6;0.6;0.6,0.0034,1.0,2,-0.5599999999999992,1e-10
-1,1800.0,1800,False,1.0,4.0,Weibull,2.5,1040,4.5,35,Linear,10,1.0,8333.333333333334,277.77777777777777,0.0003333333333333333,-3.5,-5.5,False,0.12,0.5555555555555556,4.8,-2.1,2.0,0.005,1.5,0.005,0.1;0.3;0.4,0.96,VanGenuchten,4.62962963e-08;4.62962963e-08;4.62962963e-08,-0.05;-0.05;-0.05,0.03;0.03;0.03,0.4;0.4;0.4,0.05;0.05;0.05,0.05;0.05;0.05,0.55;0.55;0.55,8.4;8.4;8.4,0.6;0.6;0.6,0.0034,1.0,2,-0.5499999999999992,1e-10
-1,1800.0,1800,False,1.0,4.0,Weibull,2.5,1040,4.5,35,Linear,10,1.0,8333.333333333334,277.77777777777777,0.0003333333333333333,-3.5,-5.5,False,0.12,0.5555555555555556,4.8,-2.1,2.0,0.005,1.5,0.005,0.1;0.3;0.4,0.96,VanGenuchten,4.62962963e-08;4.62962963e-08;4.62962963e-08,-0.05;-0.05;-0.05,0.03;0.03;0.03,0.4;0.4;0.4,0.05;0.05;0.05,0.05;0.05;0.05,0.55;0.55;0.55,8.4;8.4;8.4,0.6;0.6;0.6,0.0034,1.0,2,-0.5399999999999991,1e-10
-1,1800.0,1800,False,1.0,4.0,Weibull,2.5,1040,4.5,35,Linear,10,1.0,8333.333333333334,277.77777777777777,0.0003333333333333333,-3.5,-5.5,False,0.12,0.5555555555555556,4.8,-2.1,2.0,0.005,1.5,0.005,0.1;0.3;0.4,0.96,VanGenuchten,4.62962963e-08;4.62962963e-08;4.62962963e-08,-0.05;-0.05;-0.05,0.03;0.03;0.03,0.4;0.4;0.4,0.05;0.05;0.05,0.05;0.05;0.05,0.55;0.55;0.55,8.4;8.4;8.4,0.6;0.6;0.6,0.0034,1.0,2,-0.5299999999999991,1e-10
-1,1800.0,1800,False,1.0,4.0,Weibull,2.5,1040,4.5,35,Linear,10,1.0,8333.333333333334,277.77777777777777,0.0003333333333333333,-3.5,-5.5,False,0.12,0.5555555555555556,4.8,-2.1,2.0,0.005,1.5,0.005,0.1;0.3;0.4,0.96,VanGenuchten,4.62962963e-08;4.62962963e-08;4.62962963e-08,-0.05;-0.05;-0.05,0.03;0.03;0.03,0.4;0.4;0.4,0.05;0.05;0.05,0.05;0.05;0.05,0.55;0.55;0.55,8.4;8.4;8.4,0.6;0.6;0.6,0.0034,1.0,2,-0.5199999999999991,1e-10
-1,1800.0,1800,False,1.0,4.0,Weibull,2.5,1040,4.5,35,Linear,10,1.0,8333.333333333334,277.77777777777777,0.0003333333333333333,-3.5,-5.5,False,0.12,0.5555555555555556,4.8,-2.1,2.0,0.005,1.5,0.005,0.1;0.3;0.4,0.96,VanGenuchten,4.62962963e-08;4.62962963e-08;4.62962963e-08,-0.05;-0.05;-0.05,0.03;0.03;0.03,0.4;0.4;0.4,0.05;0.05;0.05,0.05;0.05;0.05,0.55;0.55;0.55,8.4;8.4;8.4,0.6;0.6;0.6,0.0034,1.0,2,-0.5099999999999991,1e-10
-1,1800.0,1800,False,1.0,4.0,Weibull,2.5,1040,4.5,35,Linear,10,1.0,8333.333333333334,277.77777777777777,0.0003333333333333333,-3.5,-5.5,False,0.12,0.5555555555555556,4.8,-2.1,2.0,0.005,1.5,0.005,0.1;0.3;0.4,0.96,VanGenuchten,4.62962963e-08;4.62962963e-08;4.62962963e-08,-0.05;-0.05;-0.05,0.03;0.03;0.03,0.4;0.4;0.4,0.05;0.05;0.05,0.05;0.05;0.05,0.55;0.55;0.55,8.4;8.4;8.4,0.6;0.6;0.6,0.0034,1.0,2,-0.4999999999999991,1e-10
-1,1800.0,1800,False,1.0,4.0,Weibull,2.5,1040,4.5,35,Linear,10,1.0,8333.333333333334,277.77777777777777,0.0003333333333333333,-3.5,-5.5,False,0.12,0.5555555555555556,4.8,-2.1,2.0,0.005,1.5,0.005,0.1;0.3;0.4,0.96,VanGenuchten,4.62962963e-08;4.62962963e-08;4.62962963e-08,-0.05;-0.05;-0.05,0.03;0.03;0.03,0.4;0.4;0.4,0.05;0.05;0.05,0.05;0.05;0.05,0.55;0.55;0.55,8.4;8.4;8.4,0.6;0.6;0.6,0.0034,1.0,2,-0.4899999999999991,1e-10
-1,1800.0,1800,False,1.0,4.0,Weibull,2.5,1040,4.5,35,Linear,10,1.0,8333.333333333334,277.77777777777777,0.0003333333333333333,-3.5,-5.5,False,0.12,0.5555555555555556,4.8,-2.1,2.0,0.005,1.5,0.005,0.1;0.3;0.4,0.96,VanGenuchten,4.62962963e-08;4.62962963e-08;4.62962963e-08,-0.05;-0.05;-0.05,0.03;0.03;0.03,0.4;0.4;0.4,0.05;0.05;0.05,0.05;0.05;0.05,0.55;0.55;0.55,8.4;8.4;8.4,0.6;0.6;0.6,0.0034,1.0,2,-0.4799999999999991,1e-10
-1,1800.0,1800,False,1.0,4.0,Weibull,2.5,1040,4.5,35,Linear,10,1.0,8333.333333333334,277.77777777777777,0.0003333333333333333,-3.5,-5.5,False,0.12,0.5555555555555556,4.8,-2.1,2.0,0.005,1.5,0.005,0.1;0.3;0.4,0.96,VanGenuchten,4.62962963e-08;4.62962963e-08;4.62962963e-08,-0.05;-0.05;-0.05,0.03;0.03;0.03,0.4;0.4;0.4,0.05;0.05;0.05,0.05;0.05;0.05,0.55;0.55;0.55,8.4;8.4;8.4,0.6;0.6;0.6,0.0034,1.0,2,-0.4699999999999991,1e-10
-1,1800.0,1800,False,1.0,4.0,Weibull,2.5,1040,4.5,35,Linear,10,1.0,8333.333333333334,277.77777777777777,0.0003333333333333333,-3.5,-5.5,False,0.12,0.5555555555555556,4.8,-2.1,2.0,0.005,1.5,0.005,0.1;0.3;0.4,0.96,VanGenuchten,4.62962963e-08;4.62962963e-08;4.62962963e-08,-0.05;-0.05;-0.05,0.03;0.03;0.03,0.4;0.4;0.4,0.05;0.05;0.05,0.05;0.05;0.05,0.55;0.55;0.55,8.4;8.4;8.4,0.6;0.6;0.6,0.0034,1.0,2,-0.4599999999999991,1e-10
-1,1800.0,1800,False,1.0,4.0,Weibull,2.5,1040,4.5,35,Linear,10,1.0,8333.333333333334,277.77777777777777,0.0003333333333333333,-3.5,-5.5,False,0.12,0.5555555555555556,4.8,-2.1,2.0,0.005,1.5,0.005,0.1;0.3;0.4,0.96,VanGenuchten,4.62962963e-08;4.62962963e-08;4.62962963e-08,-0.05;-0.05;-0.05,0.03;0.03;0.03,0.4;0.4;0.4,0.05;0.05;0.05,0.05;0.05;0.05,0.55;0.55;0.55,8.4;8.4;8.4,0.6;0.6;0.6,0.0034,1.0,2,-0.44999999999999907,1e-10
-1,1800.0,1800,False,1.0,4.0,Weibull,2.5,1040,4.5,35,Linear,10,1.0,8333.333333333334,277.77777777777777,0.0003333333333333333,-3.5,-5.5,False,0.12,0.5555555555555556,4.8,-2.1,2.0,0.005,1.5,0.005,0.1;0.3;0.4,0.96,VanGenuchten,4.62962963e-08;4.62962963e-08;4.62962963e-08,-0.05;-0.05;-0.05,0.03;0.03;0.03,0.4;0.4;0.4,0.05;0.05;0.05,0.05;0.05;0.05,0.55;0.55;0.55,8.4;8.4;8.4,0.6;0.6;0.6,0.0034,1.0,2,-0.43999999999999906,1e-10
-1,1800.0,1800,False,1.0,4.0,Weibull,2.5,1040,4.5,35,Linear,10,1.0,8333.333333333334,277.77777777777777,0.0003333333333333333,-3.5,-5.5,False,0.12,0.5555555555555556,4.8,-2.1,2.0,0.005,1.5,0.005,0.1;0.3;0.4,0.96,VanGenuchten,4.62962963e-08;4.62962963e-08;4.62962963e-08,-0.05;-0.05;-0.05,0.03;0.03;0.03,0.4;0.4;0.4,0.05;0.05;0.05,0.05;0.05;0.05,0.55;0.55;0.55,8.4;8.4;8.4,0.6;0.6;0.6,0.0034,1.0,2,-0.42999999999999905,1e-10
-1,1800.0,1800,False,1.0,4.0,Weibull,2.5,1040,4.5,35,Linear,10,1.0,8333.333333333334,277.77777777777777,0.0003333333333333333,-3.5,-5.5,False,0.12,0.5555555555555556,4.8,-2.1,2.0,0.005,1.5,0.005,0.1;0.3;0.4,0.96,VanGenuchten,4.62962963e-08;4.62962963e-08;4.62962963e-08,-0.05;-0.05;-0.05,0.03;0.03;0.03,0.4;0.4;0.4,0.05;0.05;0.05,0.05;0.05;0.05,0.55;0.55;0.55,8.4;8.4;8.4,0.6;0.6;0.6,0.0034,1.0,2,-0.41999999999999904,1e-10
-1,1800.0,1800,False,1.0,4.0,Weibull,2.5,1040,4.5,35,Linear,10,1.0,8333.333333333334,277.77777777777777,0.0003333333333333333,-3.5,-5.5,False,0.12,0.5555555555555556,4.8,-2.1,2.0,0.005,1.5,0.005,0.1;0.3;0.4,0.96,VanGenuchten,4.62962963e-08;4.62962963e-08;4.62962963e-08,-0.05;-0.05;-0.05,0.03;0.03;0.03,0.4;0.4;0.4,0.05;0.05;0.05,0.05;0.05;0.05,0.55;0.55;0.55,8.4;8.4;8.4,0.6;0.6;0.6,0.0034,1.0,2,-0.40999999999999903,1e-10
-1,1800.0,1800,False,1.0,4.0,Weibull,2.5,1040,4.5,35,Linear,10,1.0,8333.333333333334,277.77777777777777,0.0003333333333333333,-3.5,-5.5,False,0.12,0.5555555555555556,4.8,-2.1,2.0,0.005,1.5,0.005,0.1;0.3;0.4,0.96,VanGenuchten,4.62962963e-08;4.62962963e-08;4.62962963e-08,-0.05;-0.05;-0.05,0.03;0.03;0.03,0.4;0.4;0.4,0.05;0.05;0.05,0.05;0.05;0.05,0.55;0.55;0.55,8.4;8.4;8.4,0.6;0.6;0.6,0.0034,1.0,2,-0.399999999999999,1e-10
-1,1800.0,1800,False,1.0,4.0,Weibull,2.5,1040,4.5,35,Linear,10,1.0,8333.333333333334,277.77777777777777,0.0003333333333333333,-3.5,-5.5,False,0.12,0.5555555555555556,4.8,-2.1,2.0,0.005,1.5,0.005,0.1;0.3;0.4,0.96,VanGenuchten,4.62962963e-08;4.62962963e-08;4.62962963e-08,-0.05;-0.05;-0.05,0.03;0.03;0.03,0.4;0.4;0.4,0.05;0.05;0.05,0.05;0.05;0.05,0.55;0.55;0.55,8.4;8.4;8.4,0.6;0.6;0.6,0.0034,1.0,2,-0.389999999999999,1e-10
-1,1800.0,1800,False,1.0,4.0,Weibull,2.5,1040,4.5,35,Linear,10,1.0,8333.333333333334,277.77777777777777,0.0003333333333333333,-3.5,-5.5,False,0.12,0.5555555555555556,4.8,-2.1,2.0,0.005,1.5,0.005,0.1;0.3;0.4,0.96,VanGenuchten,4.62962963e-08;4.62962963e-08;4.62962963e-08,-0.05;-0.05;-0.05,0.03;0.03;0.03,0.4;0.4;0.4,0.05;0.05;0.05,0.05;0.05;0.05,0.55;0.55;0.55,8.4;8.4;8.4,0.6;0.6;0.6,0.0034,1.0,2,-0.379999999999999,1e-10
-1,1800.0,1800,False,1.0,4.0,Weibull,2.5,1040,4.5,35,Linear,10,1.0,8333.333333333334,277.77777777777777,0.0003333333333333333,-3.5,-5.5,False,0.12,0.5555555555555556,4.8,-2.1,2.0,0.005,1.5,0.005,0.1;0.3;0.4,0.96,VanGenuchten,4.62962963e-08;4.62962963e-08;4.62962963e-08,-0.05;-0.05;-0.05,0.03;0.03;0.03,0.4;0.4;0.4,0.05;0.05;0.05,0.05;0.05;0.05,0.55;0.55;0.55,8.4;8.4;8.4,0.6;0.6;0.6,0.0034,1.0,2,-0.369999999999999,1e-10
-1,1800.0,1800,False,1.0,4.0,Weibull,2.5,1040,4.5,35,Linear,10,1.0,8333.333333333334,277.77777777777777,0.0003333333333333333,-3.5,-5.5,False,0.12,0.5555555555555556,4.8,-2.1,2.0,0.005,1.5,0.005,0.1;0.3;0.4,0.96,VanGenuchten,4.62962963e-08;4.62962963e-08;4.62962963e-08,-0.05;-0.05;-0.05,0.03;0.03;0.03,0.4;0.4;0.4,0.05;0.05;0.05,0.05;0.05;0.05,0.55;0.55;0.55,8.4;8.4;8.4,0.6;0.6;0.6,0.0034,1.0,2,-0.359999999999999,1e-10
-1,1800.0,1800,False,1.0,4.0,Weibull,2.5,1040,4.5,35,Linear,10,1.0,8333.333333333334,277.77777777777777,0.0003333333333333333,-3.5,-5.5,False,0.12,0.5555555555555556,4.8,-2.1,2.0,0.005,1.5,0.005,0.1;0.3;0.4,0.96,VanGenuchten,4.62962963e-08;4.62962963e-08;4.62962963e-08,-0.05;-0.05;-0.05,0.03;0.03;0.03,0.4;0.4;0.4,0.05;0.05;0.05,0.05;0.05;0.05,0.55;0.55;0.55,8.4;8.4;8.4,0.6;0.6;0.6,0.0034,1.0,2,-0.349999999999999,1e-10
-1,1800.0,1800,False,1.0,4.0,Weibull,2.5,1040,4.5,35,Linear,10,1.0,8333.333333333334,277.77777777777777,0.0003333333333333333,-3.5,-5.5,False,0.12,0.5555555555555556,4.8,-2.1,2.0,0.005,1.5,0.005,0.1;0.3;0.4,0.96,VanGenuchten,4.62962963e-08;4.62962963e-08;4.62962963e-08,-0.05;-0.05;-0.05,0.03;0.03;0.03,0.4;0.4;0.4,0.05;0.05;0.05,0.05;0.05;0.05,0.55;0.55;0.55,8.4;8.4;8.4,0.6;0.6;0.6,0.0034,1.0,2,-0.33999999999999897,1e-10
-1,1800.0,1800,False,1.0,4.0,Weibull,2.5,1040,4.5,35,Linear,10,1.0,8333.333333333334,277.77777777777777,0.0003333333333333333,-3.5,-5.5,False,0.12,0.5555555555555556,4.8,-2.1,2.0,0.005,1.5,0.005,0.1;0.3;0.4,0.96,VanGenuchten,4.62962963e-08;4.62962963e-08;4.62962963e-08,-0.05;-0.05;-0.05,0.03;0.03;0.03,0.4;0.4;0.4,0.05;0.05;0.05,0.05;0.05;0.05,0.55;0.55;0.55,8.4;8.4;8.4,0.6;0.6;0.6,0.0034,1.0,2,-0.32999999999999896,1e-10
-1,1800.0,1800,False,1.0,4.0,Weibull,2.5,1040,4.5,35,Linear,10,1.0,8333.333333333334,277.77777777777777,0.0003333333333333333,-3.5,-5.5,False,0.12,0.5555555555555556,4.8,-2.1,2.0,0.005,1.5,0.005,0.1;0.3;0.4,0.96,VanGenuchten,4.62962963e-08;4.62962963e-08;4.62962963e-08,-0.05;-0.05;-0.05,0.03;0.03;0.03,0.4;0.4;0.4,0.05;0.05;0.05,0.05;0.05;0.05,0.55;0.55;0.55,8.4;8.4;8.4,0.6;0.6;0.6,0.0034,1.0,2,-0.31999999999999895,1e-10
-1,1800.0,1800,False,1.0,4.0,Weibull,2.5,1040,4.5,35,Linear,10,1.0,8333.333333333334,277.77777777777777,0.0003333333333333333,-3.5,-5.5,False,0.12,0.5555555555555556,4.8,-2.1,2.0,0.005,1.5,0.005,0.1;0.3;0.4,0.96,VanGenuchten,4.62962963e-08;4.62962963e-08;4.62962963e-08,-0.05;-0.05;-0.05,0.03;0.03;0.03,0.4;0.4;0.4,0.05;0.05;0.05,0.05;0.05;0.05,0.55;0.55;0.55,8.4;8.4;8.4,0.6;0.6;0.6,0.0034,1.0,2,-0.30999999999999894,1e-10
-1,1800.0,1800,False,1.0,4.0,Weibull,2.5,1040,4.5,35,Linear,10,1.0,8333.333333333334,277.77777777777777,0.0003333333333333333,-3.5,-5.5,False,0.12,0.5555555555555556,4.8,-2.1,2.0,0.005,1.5,0.005,0.1;0.3;0.4,0.96,VanGenuchten,4.62962963e-08;4.62962963e-08;4.62962963e-08,-0.05;-0.05;-0.05,0.03;0.03;0.03,0.4;0.4;0.4,0.05;0.05;0.05,0.05;0.05;0.05,0.55;0.55;0.55,8.4;8.4;8.4,0.6;0.6;0.6,0.0034,1.0,2,-0.29999999999999893,1e-10
-1,1800.0,1800,False,1.0,4.0,Weibull,2.5,1040,4.5,35,Linear,10,1.0,8333.333333333334,277.77777777777777,0.0003333333333333333,-3.5,-5.5,False,0.12,0.5555555555555556,4.8,-2.1,2.0,0.005,1.5,0.005,0.1;0.3;0.4,0.96,VanGenuchten,4.62962963e-08;4.62962963e-08;4.62962963e-08,-0.05;-0.05;-0.05,0.03;0.03;0.03,0.4;0.4;0.4,0.05;0.05;0.05,0.05;0.05;0.05,0.55;0.55;0.55,8.4;8.4;8.4,0.6;0.6;0.6,0.0034,1.0,2,-0.2899999999999989,1e-10
-1,1800.0,1800,False,1.0,4.0,Weibull,2.5,1040,4.5,35,Linear,10,1.0,8333.333333333334,277.77777777777777,0.0003333333333333333,-3.5,-5.5,False,0.12,0.5555555555555556,4.8,-2.1,2.0,0.005,1.5,0.005,0.1;0.3;0.4,0.96,VanGenuchten,4.62962963e-08;4.62962963e-08;4.62962963e-08,-0.05;-0.05;-0.05,0.03;0.03;0.03,0.4;0.4;0.4,0.05;0.05;0.05,0.05;0.05;0.05,0.55;0.55;0.55,8.4;8.4;8.4,0.6;0.6;0.6,0.0034,1.0,2,-0.2799999999999989,1e-10
-1,1800.0,1800,False,1.0,4.0,Weibull,2.5,1040,4.5,35,Linear,10,1.0,8333.333333333334,277.77777777777777,0.0003333333333333333,-3.5,-5.5,False,0.12,0.5555555555555556,4.8,-2.1,2.0,0.005,1.5,0.005,0.1;0.3;0.4,0.96,VanGenuchten,4.62962963e-08;4.62962963e-08;4.62962963e-08,-0.05;-0.05;-0.05,0.03;0.03;0.03,0.4;0.4;0.4,0.05;0.05;0.05,0.05;0.05;0.05,0.55;0.55;0.55,8.4;8.4;8.4,0.6;0.6;0.6,0.0034,1.0,2,-0.2699999999999989,1e-10
-1,1800.0,1800,False,1.0,4.0,Weibull,2.5,1040,4.5,35,Linear,10,1.0,8333.333333333334,277.77777777777777,0.0003333333333333333,-3.5,-5.5,False,0.12,0.5555555555555556,4.8,-2.1,2.0,0.005,1.5,0.005,0.1;0.3;0.4,0.96,VanGenuchten,4.62962963e-08;4.62962963e-08;4.62962963e-08,-0.05;-0.05;-0.05,0.03;0.03;0.03,0.4;0.4;0.4,0.05;0.05;0.05,0.05;0.05;0.05,0.55;0.55;0.55,8.4;8.4;8.4,0.6;0.6;0.6,0.0034,1.0,2,-0.2599999999999989,1e-10
-1,1800.0,1800,False,1.0,4.0,Weibull,2.5,1040,4.5,35,Linear,10,1.0,8333.333333333334,277.77777777777777,0.0003333333333333333,-3.5,-5.5,False,0.12,0.5555555555555556,4.8,-2.1,2.0,0.005,1.5,0.005,0.1;0.3;0.4,0.96,VanGenuchten,4.62962963e-08;4.62962963e-08;4.62962963e-08,-0.05;-0.05;-0.05,0.03;0.03;0.03,0.4;0.4;0.4,0.05;0.05;0.05,0.05;0.05;0.05,0.55;0.55;0.55,8.4;8.4;8.4,0.6;0.6;0.6,0.0034,1.0,2,-0.2499999999999989,1e-10
-1,1800.0,1800,False,1.0,4.0,Weibull,2.5,1040,4.5,35,Linear,10,1.0,8333.333333333334,277.77777777777777,0.0003333333333333333,-3.5,-5.5,False,0.12,0.5555555555555556,4.8,-2.1,2.0,0.005,1.5,0.005,0.1;0.3;0.4,0.96,VanGenuchten,4.62962963e-08;4.62962963e-08;4.62962963e-08,-0.05;-0.05;-0.05,0.03;0.03;0.03,0.4;0.4;0.4,0.05;0.05;0.05,0.05;0.05;0.05,0.55;0.55;0.55,8.4;8.4;8.4,0.6;0.6;0.6,0.0034,1.0,2,-0.23999999999999888,1e-10
-1,1800.0,1800,False,1.0,4.0,Weibull,2.5,1040,4.5,35,Linear,10,1.0,8333.333333333334,277.77777777777777,0.0003333333333333333,-3.5,-5.5,False,0.12,0.5555555555555556,4.8,-2.1,2.0,0.005,1.5,0.005,0.1;0.3;0.4,0.96,VanGenuchten,4.62962963e-08;4.62962963e-08;4.62962963e-08,-0.05;-0.05;-0.05,0.03;0.03;0.03,0.4;0.4;0.4,0.05;0.05;0.05,0.05;0.05;0.05,0.55;0.55;0.55,8.4;8.4;8.4,0.6;0.6;0.6,0.0034,1.0,2,-0.22999999999999887,1e-10
-1,1800.0,1800,False,1.0,4.0,Weibull,2.5,1040,4.5,35,Linear,10,1.0,8333.333333333334,277.77777777777777,0.0003333333333333333,-3.5,-5.5,False,0.12,0.5555555555555556,4.8,-2.1,2.0,0.005,1.5,0.005,0.1;0.3;0.4,0.96,VanGenuchten,4.62962963e-08;4.62962963e-08;4.62962963e-08,-0.05;-0.05;-0.05,0.03;0.03;0.03,0.4;0.4;0.4,0.05;0.05;0.05,0.05;0.05;0.05,0.55;0.55;0.55,8.4;8.4;8.4,0.6;0.6;0.6,0.0034,1.0,2,-0.21999999999999886,1e-10
-1,1800.0,1800,False,1.0,4.0,Weibull,2.5,1040,4.5,35,Linear,10,1.0,8333.333333333334,277.77777777777777,0.0003333333333333333,-3.5,-5.5,False,0.12,0.5555555555555556,4.8,-2.1,2.0,0.005,1.5,0.005,0.1;0.3;0.4,0.96,VanGenuchten,4.62962963e-08;4.62962963e-08;4.62962963e-08,-0.05;-0.05;-0.05,0.03;0.03;0.03,0.4;0.4;0.4,0.05;0.05;0.05,0.05;0.05;0.05,0.55;0.55;0.55,8.4;8.4;8.4,0.6;0.6;0.6,0.0034,1.0,2,-0.20999999999999885,1e-10
-1,1800.0,1800,False,1.0,4.0,Weibull,2.5,1040,4.5,35,Linear,10,1.0,8333.333333333334,277.77777777777777,0.0003333333333333333,-3.5,-5.5,False,0.12,0.5555555555555556,4.8,-2.1,2.0,0.005,1.5,0.005,0.1;0.3;0.4,0.96,VanGenuchten,4.62962963e-08;4.62962963e-08;4.62962963e-08,-0.05;-0.05;-0.05,0.03;0.03;0.03,0.4;0.4;0.4,0.05;0.05;0.05,0.05;0.05;0.05,0.55;0.55;0.55,8.4;8.4;8.4,0.6;0.6;0.6,0.0034,1.0,2,-0.19999999999999885,1e-10
-1,1800.0,1800,False,1.0,4.0,Weibull,2.5,1040,4.5,35,Linear,10,1.0,8333.333333333334,277.77777777777777,0.0003333333333333333,-3.5,-5.5,False,0.12,0.5555555555555556,4.8,-2.1,2.0,0.005,1.5,0.005,0.1;0.3;0.4,0.96,VanGenuchten,4.62962963e-08;4.62962963e-08;4.62962963e-08,-0.05;-0.05;-0.05,0.03;0.03;0.03,0.4;0.4;0.4,0.05;0.05;0.05,0.05;0.05;0.05,0.55;0.55;0.55,8.4;8.4;8.4,0.6;0.6;0.6,0.0034,1.0,2,-0.18999999999999884,1e-10
-1,1800.0,1800,False,1.0,4.0,Weibull,2.5,1040,4.5,35,Linear,10,1.0,8333.333333333334,277.77777777777777,0.0003333333333333333,-3.5,-5.5,False,0.12,0.5555555555555556,4.8,-2.1,2.0,0.005,1.5,0.005,0.1;0.3;0.4,0.96,VanGenuchten,4.62962963e-08;4.62962963e-08;4.62962963e-08,-0.05;-0.05;-0.05,0.03;0.03;0.03,0.4;0.4;0.4,0.05;0.05;0.05,0.05;0.05;0.05,0.55;0.55;0.55,8.4;8.4;8.4,0.6;0.6;0.6,0.0034,1.0,2,-0.17999999999999883,1e-10
-1,1800.0,1800,False,1.0,4.0,Weibull,2.5,1040,4.5,35,Linear,10,1.0,8333.333333333334,277.77777777777777,0.0003333333333333333,-3.5,-5.5,False,0.12,0.5555555555555556,4.8,-2.1,2.0,0.005,1.5,0.005,0.1;0.3;0.4,0.96,VanGenuchten,4.62962963e-08;4.62962963e-08;4.62962963e-08,-0.05;-0.05;-0.05,0.03;0.03;0.03,0.4;0.4;0.4,0.05;0.05;0.05,0.05;0.05;0.05,0.55;0.55;0.55,8.4;8.4;8.4,0.6;0.6;0.6,0.0034,1.0,2,-0.16999999999999882,1e-10
-1,1800.0,1800,False,1.0,4.0,Weibull,2.5,1040,4.5,35,Linear,10,1.0,8333.333333333334,277.77777777777777,0.0003333333333333333,-3.5,-5.5,False,0.12,0.5555555555555556,4.8,-2.1,2.0,0.005,1.5,0.005,0.1;0.3;0.4,0.96,VanGenuchten,4.62962963e-08;4.62962963e-08;4.62962963e-08,-0.05;-0.05;-0.05,0.03;0.03;0.03,0.4;0.4;0.4,0.05;0.05;0.05,0.05;0.05;0.05,0.55;0.55;0.55,8.4;8.4;8.4,0.6;0.6;0.6,0.0034,1.0,2,-0.1599999999999988,1e-10
-1,1800.0,1800,False,1.0,4.0,Weibull,2.5,1040,4.5,35,Linear,10,1.0,8333.333333333334,277.77777777777777,0.0003333333333333333,-3.5,-5.5,False,0.12,0.5555555555555556,4.8,-2.1,2.0,0.005,1.5,0.005,0.1;0.3;0.4,0.96,VanGenuchten,4.62962963e-08;4.62962963e-08;4.62962963e-08,-0.05;-0.05;-0.05,0.03;0.03;0.03,0.4;0.4;0.4,0.05;0.05;0.05,0.05;0.05;0.05,0.55;0.55;0.55,8.4;8.4;8.4,0.6;0.6;0.6,0.0034,1.0,2,-0.1499999999999988,1e-10
-1,1800.0,1800,False,1.0,4.0,Weibull,2.5,1040,4.5,35,Linear,10,1.0,8333.333333333334,277.77777777777777,0.0003333333333333333,-3.5,-5.5,False,0.12,0.5555555555555556,4.8,-2.1,2.0,0.005,1.5,0.005,0.1;0.3;0.4,0.96,VanGenuchten,4.62962963e-08;4.62962963e-08;4.62962963e-08,-0.05;-0.05;-0.05,0.03;0.03;0.03,0.4;0.4;0.4,0.05;0.05;0.05,0.05;0.05;0.05,0.55;0.55;0.55,8.4;8.4;8.4,0.6;0.6;0.6,0.0034,1.0,2,-0.1399999999999988,1e-10
-1,1800.0,1800,False,1.0,4.0,Weibull,2.5,1040,4.5,35,Linear,10,1.0,8333.333333333334,277.77777777777777,0.0003333333333333333,-3.5,-5.5,False,0.12,0.5555555555555556,4.8,-2.1,2.0,0.005,1.5,0.005,0.1;0.3;0.4,0.96,VanGenuchten,4.62962963e-08;4.62962963e-08;4.62962963e-08,-0.05;-0.05;-0.05,0.03;0.03;0.03,0.4;0.4;0.4,0.05;0.05;0.05,0.05;0.05;0.05,0.55;0.55;0.55,8.4;8.4;8.4,0.6;0.6;0.6,0.0034,1.0,2,-0.12999999999999878,1e-10
-1,1800.0,1800,False,1.0,4.0,Weibull,2.5,1040,4.5,35,Linear,10,1.0,8333.333333333334,277.77777777777777,0.0003333333333333333,-3.5,-5.5,False,0.12,0.5555555555555556,4.8,-2.1,2.0,0.005,1.5,0.005,0.1;0.3;0.4,0.96,VanGenuchten,4.62962963e-08;4.62962963e-08;4.62962963e-08,-0.05;-0.05;-0.05,0.03;0.03;0.03,0.4;0.4;0.4,0.05;0.05;0.05,0.05;0.05;0.05,0.55;0.55;0.55,8.4;8.4;8.4,0.6;0.6;0.6,0.0034,1.0,2,-0.11999999999999877,1e-10
-1,1800.0,1800,False,1.0,4.0,Weibull,2.5,1040,4.5,35,Linear,10,1.0,8333.333333333334,277.77777777777777,0.0003333333333333333,-3.5,-5.5,False,0.12,0.5555555555555556,4.8,-2.1,2.0,0.005,1.5,0.005,0.1;0.3;0.4,0.96,VanGenuchten,4.62962963e-08;4.62962963e-08;4.62962963e-08,-0.05;-0.05;-0.05,0.03;0.03;0.03,0.4;0.4;0.4,0.05;0.05;0.05,0.05;0.05;0.05,0.55;0.55;0.55,8.4;8.4;8.4,0.6;0.6;0.6,0.0034,1.0,2,-0.10999999999999877,1e-10
-1,1800.0,1800,False,1.0,4.0,Weibull,2.5,1040,4.5,35,Linear,10,1.0,8333.333333333334,277.77777777777777,0.0003333333333333333,-3.5,-5.5,False,0.12,0.5555555555555556,4.8,-2.1,2.0,0.005,1.5,0.005,0.1;0.3;0.4,0.96,VanGenuchten,4.62962963e-08;4.62962963e-08;4.62962963e-08,-0.05;-0.05;-0.05,0.03;0.03;0.03,0.4;0.4;0.4,0.05;0.05;0.05,0.05;0.05;0.05,0.55;0.55;0.55,8.4;8.4;8.4,0.6;0.6;0.6,0.0034,1.0,2,-0.09999999999999876,1e-10
-1,1800.0,1800,False,1.0,4.0,Weibull,2.5,1040,4.5,35,Linear,10,1.0,8333.333333333334,277.77777777777777,0.0003333333333333333,-3.5,-5.5,False,0.12,0.5555555555555556,4.8,-2.1,2.0,0.005,1.5,0.005,0.1;0.3;0.4,0.96,VanGenuchten,4.62962963e-08;4.62962963e-08;4.62962963e-08,-0.05;-0.05;-0.05,0.03;0.03;0.03,0.4;0.4;0.4,0.05;0.05;0.05,0.05;0.05;0.05,0.55;0.55;0.55,8.4;8.4;8.4,0.6;0.6;0.6,0.0034,1.0,2,-0.08999999999999875,1e-10
-1,1800.0,1800,False,1.0,4.0,Weibull,2.5,1040,4.5,35,Linear,10,1.0,8333.333333333334,277.77777777777777,0.0003333333333333333,-3.5,-5.5,False,0.12,0.5555555555555556,4.8,-2.1,2.0,0.005,1.5,0.005,0.1;0.3;0.4,0.96,VanGenuchten,4.62962963e-08;4.62962963e-08;4.62962963e-08,-0.05;-0.05;-0.05,0.03;0.03;0.03,0.4;0.4;0.4,0.05;0.05;0.05,0.05;0.05;0.05,0.55;0.55;0.55,8.4;8.4;8.4,0.6;0.6;0.6,0.0034,1.0,2,-0.07999999999999874,1e-10
-1,1800.0,1800,False,1.0,4.0,Weibull,2.5,1040,4.5,35,Linear,10,1.0,8333.333333333334,277.77777777777777,0.0003333333333333333,-3.5,-5.5,False,0.12,0.5555555555555556,4.8,-2.1,2.0,0.005,1.5,0.005,0.1;0.3;0.4,0.96,VanGenuchten,4.62962963e-08;4.62962963e-08;4.62962963e-08,-0.05;-0.05;-0.05,0.03;0.03;0.03,0.4;0.4;0.4,0.05;0.05;0.05,0.05;0.05;0.05,0.55;0.55;0.55,8.4;8.4;8.4,0.6;0.6;0.6,0.0034,1.0,2,-0.06999999999999873,1e-10
-1,1800.0,1800,False,1.0,4.0,Weibull,2.5,1040,4.5,35,Linear,10,1.0,8333.333333333334,277.77777777777777,0.0003333333333333333,-3.5,-5.5,False,0.12,0.5555555555555556,4.8,-2.1,2.0,0.005,1.5,0.005,0.1;0.3;0.4,0.96,VanGenuchten,4.62962963e-08;4.62962963e-08;4.62962963e-08,-0.05;-0.05;-0.05,0.03;0.03;0.03,0.4;0.4;0.4,0.05;0.05;0.05,0.05;0.05;0.05,0.55;0.55;0.55,8.4;8.4;8.4,0.6;0.6;0.6,0.0034,1.0,2,-0.05999999999999872,1e-10
-1,1800.0,1800,False,1.0,4.0,Weibull,2.5,1040,4.5,35,Linear,10,1.0,8333.333333333334,277.77777777777777,0.0003333333333333333,-3.5,-5.5,False,0.12,0.5555555555555556,4.8,-2.1,2.0,0.005,1.5,0.005,0.1;0.3;0.4,0.96,VanGenuchten,4.62962963e-08;4.62962963e-08;4.62962963e-08,-0.05;-0.05;-0.05,0.03;0.03;0.03,0.4;0.4;0.4,0.05;0.05;0.05,0.05;0.05;0.05,0.55;0.55;0.55,8.4;8.4;8.4,0.6;0.6;0.6,0.0034,1.0,2,-0.04999999999999871,1e-10
-1,1800.0,1800,False,1.0,4.0,Weibull,2.5,1040,4.5,35,Linear,10,1.0,8333.333333333334,277.77777777777777,0.0003333333333333333,-3.5,-5.5,False,0.12,0.5555555555555556,4.8,-2.1,2.0,0.005,1.5,0.005,0.1;0.3;0.4,0.96,VanGenuchten,4.62962963e-08;4.62962963e-08;4.62962963e-08,-0.05;-0.05;-0.05,0.03;0.03;0.03,0.4;0.4;0.4,0.05;0.05;0.05,0.05;0.05;0.05,0.55;0.55;0.55,8.4;8.4;8.4,0.6;0.6;0.6,0.0034,1.0,2,-0.0399999999999987,1e-10
-1,1800.0,1800,False,1.0,4.0,Weibull,2.5,1040,4.5,35,Linear,10,1.0,8333.333333333334,277.77777777777777,0.0003333333333333333,-3.5,-5.5,False,0.12,0.5555555555555556,4.8,-2.1,2.0,0.005,1.5,0.005,0.1;0.3;0.4,0.96,VanGenuchten,4.62962963e-08;4.62962963e-08;4.62962963e-08,-0.05;-0.05;-0.05,0.03;0.03;0.03,0.4;0.4;0.4,0.05;0.05;0.05,0.05;0.05;0.05,0.55;0.55;0.55,8.4;8.4;8.4,0.6;0.6;0.6,0.0034,1.0,2,-0.029999999999998694,1e-10
-1,1800.0,1800,False,1.0,4.0,Weibull,2.5,1040,4.5,35,Linear,10,1.0,8333.333333333334,277.77777777777777,0.0003333333333333333,-3.5,-5.5,False,0.12,0.5555555555555556,4.8,-2.1,2.0,0.005,1.5,0.005,0.1;0.3;0.4,0.96,VanGenuchten,4.62962963e-08;4.62962963e-08;4.62962963e-08,-0.05;-0.05;-0.05,0.03;0.03;0.03,0.4;0.4;0.4,0.05;0.05;0.05,0.05;0.05;0.05,0.55;0.55;0.55,8.4;8.4;8.4,0.6;0.6;0.6,0.0034,1.0,2,-0.019999999999998685,1e-10
-1,1800.0,1800,False,1.0,4.0,Weibull,2.5,1040,4.5,35,Linear,10,1.0,8333.333333333334,277.77777777777777,0.0003333333333333333,-3.5,-5.5,False,0.12,0.5555555555555556,4.8,-2.1,2.0,0.005,1.5,0.005,0.1;0.3;0.4,0.96,VanGenuchten,4.62962963e-08;4.62962963e-08;4.62962963e-08,-0.05;-0.05;-0.05,0.03;0.03;0.03,0.4;0.4;0.4,0.05;0.05;0.05,0.05;0.05;0.05,0.55;0.55;0.55,8.4;8.4;8.4,0.6;0.6;0.6,0.0034,1.0,2,-0.009999999999998677,1e-10
-1,1800.0,1800,False,1.0,4.0,Weibull,2.5,1040,4.5,35,Linear,10,1.0,8333.333333333334,277.77777777777777,0.0003333333333333333,-3.5,-5.5,False,0.12,0.5555555555555556,4.8,-2.1,2.0,0.005,1.5,0.005,0.1;0.3;0.4,0.96,VanGenuchten,4.62962963e-08;4.62962963e-08;4.62962963e-08,-0.05;-0.05;-0.05,0.03;0.03;0.03,0.4;0.4;0.4,0.05;0.05;0.05,0.05;0.05;0.05,0.55;0.55;0.55,8.4;8.4;8.4,0.6;0.6;0.6,0.0034,1.0,2,1.3322676295501878e-15,1e-10
-1,1800.0,1800,False,1.0,4.0,Weibull,2.5,1040,4.5,35,Linear,10,1.0,8333.333333333334,277.77777777777777,0.0003333333333333333,-3.5,-5.5,False,0.12,0.5555555555555556,4.8,-2.1,2.0,0.005,1.5,0.005,0.1;0.3;0.4,0.96,VanGenuchten,4.62962963e-08;4.62962963e-08;4.62962963e-08,-0.05;-0.05;-0.05,0.03;0.03;0.03,0.4;0.4;0.4,0.05;0.05;0.05,0.05;0.05;0.05,0.55;0.55;0.55,8.4;8.4;8.4,0.6;0.6;0.6,0.0034,1.0,2,0.010000000000001341,1e-10
-1,1800.0,1800,False,1.0,4.0,Weibull,2.5,1040,4.5,35,Linear,10,1.0,8333.333333333334,277.77777777777777,0.0003333333333333333,-3.5,-5.5,False,0.12,0.5555555555555556,4.8,-2.1,2.0,0.005,1.5,0.005,0.1;0.3;0.4,0.96,VanGenuchten,4.62962963e-08;4.62962963e-08;4.62962963e-08,-0.05;-0.05;-0.05,0.03;0.03;0.03,0.4;0.4;0.4,0.05;0.05;0.05,0.05;0.05;0.05,0.55;0.55;0.55,8.4;8.4;8.4,0.6;0.6;0.6,0.0034,1.0,2,0.02000000000000135,1e-10
-1,1800.0,1800,False,1.0,4.0,Weibull,2.5,1040,4.5,35,Linear,10,1.0,8333.333333333334,277.77777777777777,0.0003333333333333333,-3.5,-5.5,False,0.12,0.5555555555555556,4.8,-2.1,2.0,0.005,1.5,0.005,0.1;0.3;0.4,0.96,VanGenuchten,4.62962963e-08;4.62962963e-08;4.62962963e-08,-0.05;-0.05;-0.05,0.03;0.03;0.03,0.4;0.4;0.4,0.05;0.05;0.05,0.05;0.05;0.05,0.55;0.55;0.55,8.4;8.4;8.4,0.6;0.6;0.6,0.0034,1.0,2,0.03000000000000136,1e-10
-1,1800.0,1800,False,1.0,4.0,Weibull,2.5,1040,4.5,35,Linear,10,1.0,8333.333333333334,277.77777777777777,0.0003333333333333333,-3.5,-5.5,False,0.12,0.5555555555555556,4.8,-2.1,2.0,0.005,1.5,0.005,0.1;0.3;0.4,0.96,VanGenuchten,4.62962963e-08;4.62962963e-08;4.62962963e-08,-0.05;-0.05;-0.05,0.03;0.03;0.03,0.4;0.4;0.4,0.05;0.05;0.05,0.05;0.05;0.05,0.55;0.55;0.55,8.4;8.4;8.4,0.6;0.6;0.6,0.0034,1.0,2,0.04000000000000137,1e-10
-1,1800.0,1800,False,1.0,4.0,Weibull,2.5,1040,4.5,35,Linear,10,1.0,8333.333333333334,277.77777777777777,0.0003333333333333333,-3.5,-5.5,False,0.12,0.5555555555555556,4.8,-2.1,2.0,0.005,1.5,0.005,0.1;0.3;0.4,0.96,VanGenuchten,4.62962963e-08;4.62962963e-08;4.62962963e-08,-0.05;-0.05;-0.05,0.03;0.03;0.03,0.4;0.4;0.4,0.05;0.05;0.05,0.05;0.05;0.05,0.55;0.55;0.55,8.4;8.4;8.4,0.6;0.6;0.6,0.0034,1.0,2,0.05000000000000138,1e-10
-1,1800.0,1800,False,1.0,4.0,Weibull,2.5,1040,4.5,35,Linear,10,1.0,8333.333333333334,277.77777777777777,0.0003333333333333333,-3.5,-5.5,False,0.12,0.5555555555555556,4.8,-2.1,2.0,0.005,1.5,0.005,0.1;0.3;0.4,0.96,VanGenuchten,4.62962963e-08;4.62962963e-08;4.62962963e-08,-0.05;-0.05;-0.05,0.03;0.03;0.03,0.4;0.4;0.4,0.05;0.05;0.05,0.05;0.05;0.05,0.55;0.55;0.55,8.4;8.4;8.4,0.6;0.6;0.6,0.0034,1.0,2,0.060000000000001386,1e-10
-1,1800.0,1800,False,1.0,4.0,Weibull,2.5,1040,4.5,35,Linear,10,1.0,8333.333333333334,277.77777777777777,0.0003333333333333333,-3.5,-5.5,False,0.12,0.5555555555555556,4.8,-2.1,2.0,0.005,1.5,0.005,0.1;0.3;0.4,0.96,VanGenuchten,4.62962963e-08;4.62962963e-08;4.62962963e-08,-0.05;-0.05;-0.05,0.03;0.03;0.03,0.4;0.4;0.4,0.05;0.05;0.05,0.05;0.05;0.05,0.55;0.55;0.55,8.4;8.4;8.4,0.6;0.6;0.6,0.0034,1.0,2,0.0700000000000014,1e-10
-1,1800.0,1800,False,1.0,4.0,Weibull,2.5,1040,4.5,35,Linear,10,1.0,8333.333333333334,277.77777777777777,0.0003333333333333333,-3.5,-5.5,False,0.12,0.5555555555555556,4.8,-2.1,2.0,0.005,1.5,0.005,0.1;0.3;0.4,0.96,VanGenuchten,4.62962963e-08;4.62962963e-08;4.62962963e-08,-0.05;-0.05;-0.05,0.03;0.03;0.03,0.4;0.4;0.4,0.05;0.05;0.05,0.05;0.05;0.05,0.55;0.55;0.55,8.4;8.4;8.4,0.6;0.6;0.6,0.0034,1.0,2,0.0800000000000014,1e-10
-1,1800.0,1800,False,1.0,4.0,Weibull,2.5,1040,4.5,35,Linear,10,1.0,8333.333333333334,277.77777777777777,0.0003333333333333333,-3.5,-5.5,False,0.12,0.5555555555555556,4.8,-2.1,2.0,0.005,1.5,0.005,0.1;0.3;0.4,0.96,VanGenuchten,4.62962963e-08;4.62962963e-08;4.62962963e-08,-0.05;-0.05;-0.05,0.03;0.03;0.03,0.4;0.4;0.4,0.05;0.05;0.05,0.05;0.05;0.05,0.55;0.55;0.55,8.4;8.4;8.4,0.6;0.6;0.6,0.0034,1.0,2,0.09000000000000141,1e-10
-1,1800.0,1800,False,1.0,4.0,Weibull,2.5,1040,4.5,35,Linear,10,1.0,8333.333333333334,277.77777777777777,0.0003333333333333333,-3.5,-5.5,False,0.12,0.5555555555555556,4.8,-2.1,2.0,0.005,1.5,0.005,0.1;0.3;0.4,0.96,VanGenuchten,4.62962963e-08;4.62962963e-08;4.62962963e-08,-0.05;-0.05;-0.05,0.03;0.03;0.03,0.4;0.4;0.4,0.05;0.05;0.05,0.05;0.05;0.05,0.55;0.55;0.55,8.4;8.4;8.4,0.6;0.6;0.6,0.0034,1.0,2,0.10000000000000142,1e-10
-1,1800.0,1800,False,1.0,4.0,Weibull,2.5,1040,4.5,35,Linear,10,1.0,8333.333333333334,277.77777777777777,0.0003333333333333333,-3.5,-5.5,False,0.12,0.5555555555555556,4.8,-2.1,2.0,0.005,1.5,0.005,0.1;0.3;0.4,0.96,VanGenuchten,4.62962963e-08;4.62962963e-08;4.62962963e-08,-0.05;-0.05;-0.05,0.03;0.03;0.03,0.4;0.4;0.4,0.05;0.05;0.05,0.05;0.05;0.05,0.55;0.55;0.55,8.4;8.4;8.4,0.6;0.6;0.6,0.0034,1.0,2,0.11000000000000143,1e-10
-1,1800.0,1800,False,1.0,4.0,Weibull,2.5,1040,4.5,35,Linear,10,1.0,8333.333333333334,277.77777777777777,0.0003333333333333333,-3.5,-5.5,False,0.12,0.5555555555555556,4.8,-2.1,2.0,0.005,1.5,0.005,0.1;0.3;0.4,0.96,VanGenuchten,4.62962963e-08;4.62962963e-08;4.62962963e-08,-0.05;-0.05;-0.05,0.03;0.03;0.03,0.4;0.4;0.4,0.05;0.05;0.05,0.05;0.05;0.05,0.55;0.55;0.55,8.4;8.4;8.4,0.6;0.6;0.6,0.0034,1.0,2,0.12000000000000144,1e-10
-1,1800.0,1800,False,1.0,4.0,Weibull,2.5,1040,4.5,35,Linear,10,1.0,8333.333333333334,277.77777777777777,0.0003333333333333333,-3.5,-5.5,False,0.12,0.5555555555555556,4.8,-2.1,2.0,0.005,1.5,0.005,0.1;0.3;0.4,0.96,VanGenuchten,4.62962963e-08;4.62962963e-08;4.62962963e-08,-0.05;-0.05;-0.05,0.03;0.03;0.03,0.4;0.4;0.4,0.05;0.05;0.05,0.05;0.05;0.05,0.55;0.55;0.55,8.4;8.4;8.4,0.6;0.6;0.6,0.0034,1.0,2,0.13000000000000145,1e-10
-1,1800.0,1800,False,1.0,4.0,Weibull,2.5,1040,4.5,35,Linear,10,1.0,8333.333333333334,277.77777777777777,0.0003333333333333333,-3.5,-5.5,False,0.12,0.5555555555555556,4.8,-2.1,2.0,0.005,1.5,0.005,0.1;0.3;0.4,0.96,VanGenuchten,4.62962963e-08;4.62962963e-08;4.62962963e-08,-0.05;-0.05;-0.05,0.03;0.03;0.03,0.4;0.4;0.4,0.05;0.05;0.05,0.05;0.05;0.05,0.55;0.55;0.55,8.4;8.4;8.4,0.6;0.6;0.6,0.0034,1.0,2,0.14000000000000146,1e-10
-1,1800.0,1800,False,1.0,4.0,Weibull,2.5,1040,4.5,35,Linear,10,1.0,8333.333333333334,277.77777777777777,0.0003333333333333333,-3.5,-5.5,False,0.12,0.5555555555555556,4.8,-2.1,2.0,0.005,1.5,0.005,0.1;0.3;0.4,0.96,VanGenuchten,4.62962963e-08;4.62962963e-08;4.62962963e-08,-0.05;-0.05;-0.05,0.03;0.03;0.03,0.4;0.4;0.4,0.05;0.05;0.05,0.05;0.05;0.05,0.55;0.55;0.55,8.4;8.4;8.4,0.6;0.6;0.6,0.0034,1.0,2,0.15000000000000147,1e-10
-1,1800.0,1800,False,1.0,4.0,Weibull,2.5,1040,4.5,35,Linear,10,1.0,8333.333333333334,277.77777777777777,0.0003333333333333333,-3.5,-5.5,False,0.12,0.5555555555555556,4.8,-2.1,2.0,0.005,1.5,0.005,0.1;0.3;0.4,0.96,VanGenuchten,4.62962963e-08;4.62962963e-08;4.62962963e-08,-0.05;-0.05;-0.05,0.03;0.03;0.03,0.4;0.4;0.4,0.05;0.05;0.05,0.05;0.05;0.05,0.55;0.55;0.55,8.4;8.4;8.4,0.6;0.6;0.6,0.0034,1.0,2,0.16000000000000147,1e-10
-1,1800.0,1800,False,1.0,4.0,Weibull,2.5,1040,4.5,35,Linear,10,1.0,8333.333333333334,277.77777777777777,0.0003333333333333333,-3.5,-5.5,False,0.12,0.5555555555555556,4.8,-2.1,2.0,0.005,1.5,0.005,0.1;0.3;0.4,0.96,VanGenuchten,4.62962963e-08;4.62962963e-08;4.62962963e-08,-0.05;-0.05;-0.05,0.03;0.03;0.03,0.4;0.4;0.4,0.05;0.05;0.05,0.05;0.05;0.05,0.55;0.55;0.55,8.4;8.4;8.4,0.6;0.6;0.6,0.0034,1.0,2,0.17000000000000148,1e-10
-1,1800.0,1800,False,1.0,4.0,Weibull,2.5,1040,4.5,35,Linear,10,1.0,8333.333333333334,277.77777777777777,0.0003333333333333333,-3.5,-5.5,False,0.12,0.5555555555555556,4.8,-2.1,2.0,0.005,1.5,0.005,0.1;0.3;0.4,0.96,VanGenuchten,4.62962963e-08;4.62962963e-08;4.62962963e-08,-0.05;-0.05;-0.05,0.03;0.03;0.03,0.4;0.4;0.4,0.05;0.05;0.05,0.05;0.05;0.05,0.55;0.55;0.55,8.4;8.4;8.4,0.6;0.6;0.6,0.0034,1.0,2,0.1800000000000015,1e-10
-1,1800.0,1800,False,1.0,4.0,Weibull,2.5,1040,4.5,35,Linear,10,1.0,8333.333333333334,277.77777777777777,0.0003333333333333333,-3.5,-5.5,False,0.12,0.5555555555555556,4.8,-2.1,2.0,0.005,1.5,0.005,0.1;0.3;0.4,0.96,VanGenuchten,4.62962963e-08;4.62962963e-08;4.62962963e-08,-0.05;-0.05;-0.05,0.03;0.03;0.03,0.4;0.4;0.4,0.05;0.05;0.05,0.05;0.05;0.05,0.55;0.55;0.55,8.4;8.4;8.4,0.6;0.6;0.6,0.0034,1.0,2,0.1900000000000015,1e-10
-1,1800.0,1800,False,1.0,4.0,Weibull,2.5,1040,4.5,35,Linear,10,1.0,8333.333333333334,277.77777777777777,0.0003333333333333333,-3.5,-5.5,False,0.12,0.5555555555555556,4.8,-2.1,2.0,0.005,1.5,0.005,0.1;0.3;0.4,0.96,VanGenuchten,4.62962963e-08;4.62962963e-08;4.62962963e-08,-0.05;-0.05;-0.05,0.03;0.03;0.03,0.4;0.4;0.4,0.05;0.05;0.05,0.05;0.05;0.05,0.55;0.55;0.55,8.4;8.4;8.4,0.6;0.6;0.6,0.0034,1.0,2,0.2000000000000015,1e-10
-1,1800.0,1800,False,1.0,4.0,Weibull,2.5,1040,4.5,35,Linear,10,1.0,8333.333333333334,277.77777777777777,0.0003333333333333333,-3.5,-5.5,False,0.12,0.5555555555555556,4.8,-2.1,2.0,0.005,1.5,0.005,0.1;0.3;0.4,0.96,VanGenuchten,4.62962963e-08;4.62962963e-08;4.62962963e-08,-0.05;-0.05;-0.05,0.03;0.03;0.03,0.4;0.4;0.4,0.05;0.05;0.05,0.05;0.05;0.05,0.55;0.55;0.55,8.4;8.4;8.4,0.6;0.6;0.6,0.0034,1.0,2,0.21000000000000152,1e-10
-1,1800.0,1800,False,1.0,4.0,Weibull,2.5,1040,4.5,35,Linear,10,1.0,8333.333333333334,277.77777777777777,0.0003333333333333333,-3.5,-5.5,False,0.12,0.5555555555555556,4.8,-2.1,2.0,0.005,1.5,0.005,0.1;0.3;0.4,0.96,VanGenuchten,4.62962963e-08;4.62962963e-08;4.62962963e-08,-0.05;-0.05;-0.05,0.03;0.03;0.03,0.4;0.4;0.4,0.05;0.05;0.05,0.05;0.05;0.05,0.55;0.55;0.55,8.4;8.4;8.4,0.6;0.6;0.6,0.0034,1.0,2,0.22000000000000153,1e-10
-1,1800.0,1800,False,1.0,4.0,Weibull,2.5,1040,4.5,35,Linear,10,1.0,8333.333333333334,277.77777777777777,0.0003333333333333333,-3.5,-5.5,False,0.12,0.5555555555555556,4.8,-2.1,2.0,0.005,1.5,0.005,0.1;0.3;0.4,0.96,VanGenuchten,4.62962963e-08;4.62962963e-08;4.62962963e-08,-0.05;-0.05;-0.05,0.03;0.03;0.03,0.4;0.4;0.4,0.05;0.05;0.05,0.05;0.05;0.05,0.55;0.55;0.55,8.4;8.4;8.4,0.6;0.6;0.6,0.0034,1.0,2,0.23000000000000154,1e-10
-1,1800.0,1800,False,1.0,4.0,Weibull,2.5,1040,4.5,35,Linear,10,1.0,8333.333333333334,277.77777777777777,0.0003333333333333333,-3.5,-5.5,False,0.12,0.5555555555555556,4.8,-2.1,2.0,0.005,1.5,0.005,0.1;0.3;0.4,0.96,VanGenuchten,4.62962963e-08;4.62962963e-08;4.62962963e-08,-0.05;-0.05;-0.05,0.03;0.03;0.03,0.4;0.4;0.4,0.05;0.05;0.05,0.05;0.05;0.05,0.55;0.55;0.55,8.4;8.4;8.4,0.6;0.6;0.6,0.0034,1.0,2,0.24000000000000155,1e-10
-1,1800.0,1800,False,1.0,4.0,Weibull,2.5,1040,4.5,35,Linear,10,1.0,8333.333333333334,277.77777777777777,0.0003333333333333333,-3.5,-5.5,False,0.12,0.5555555555555556,4.8,-2.1,2.0,0.005,1.5,0.005,0.1;0.3;0.4,0.96,VanGenuchten,4.62962963e-08;4.62962963e-08;4.62962963e-08,-0.05;-0.05;-0.05,0.03;0.03;0.03,0.4;0.4;0.4,0.05;0.05;0.05,0.05;0.05;0.05,0.55;0.55;0.55,8.4;8.4;8.4,0.6;0.6;0.6,0.0034,1.0,2,0.25000000000000155,1e-10
-1,1800.0,1800,False,1.0,4.0,Weibull,2.5,1040,4.5,35,Linear,10,1.0,8333.333333333334,277.77777777777777,0.0003333333333333333,-3.5,-5.5,False,0.12,0.5555555555555556,4.8,-2.1,2.0,0.005,1.5,0.005,0.1;0.3;0.4,0.96,VanGenuchten,4.62962963e-08;4.62962963e-08;4.62962963e-08,-0.05;-0.05;-0.05,0.03;0.03;0.03,0.4;0.4;0.4,0.05;0.05;0.05,0.05;0.05;0.05,0.55;0.55;0.55,8.4;8.4;8.4,0.6;0.6;0.6,0.0034,1.0,2,0.26000000000000156,1e-10
-1,1800.0,1800,False,1.0,4.0,Weibull,2.5,1040,4.5,35,Linear,10,1.0,8333.333333333334,277.77777777777777,0.0003333333333333333,-3.5,-5.5,False,0.12,0.5555555555555556,4.8,-2.1,2.0,0.005,1.5,0.005,0.1;0.3;0.4,0.96,VanGenuchten,4.62962963e-08;4.62962963e-08;4.62962963e-08,-0.05;-0.05;-0.05,0.03;0.03;0.03,0.4;0.4;0.4,0.05;0.05;0.05,0.05;0.05;0.05,0.55;0.55;0.55,8.4;8.4;8.4,0.6;0.6;0.6,0.0034,1.0,2,0.27000000000000157,1e-10
-1,1800.0,1800,False,1.0,4.0,Weibull,2.5,1040,4.5,35,Linear,10,1.0,8333.333333333334,277.77777777777777,0.0003333333333333333,-3.5,-5.5,False,0.12,0.5555555555555556,4.8,-2.1,2.0,0.005,1.5,0.005,0.1;0.3;0.4,0.96,VanGenuchten,4.62962963e-08;4.62962963e-08;4.62962963e-08,-0.05;-0.05;-0.05,0.03;0.03;0.03,0.4;0.4;0.4,0.05;0.05;0.05,0.05;0.05;0.05,0.55;0.55;0.55,8.4;8.4;8.4,0.6;0.6;0.6,0.0034,1.0,2,0.2800000000000016,1e-10
-1,1800.0,1800,False,1.0,4.0,Weibull,2.5,1040,4.5,35,Linear,10,1.0,8333.333333333334,277.77777777777777,0.0003333333333333333,-3.5,-5.5,False,0.12,0.5555555555555556,4.8,-2.1,2.0,0.005,1.5,0.005,0.1;0.3;0.4,0.96,VanGenuchten,4.62962963e-08;4.62962963e-08;4.62962963e-08,-0.05;-0.05;-0.05,0.03;0.03;0.03,0.4;0.4;0.4,0.05;0.05;0.05,0.05;0.05;0.05,0.55;0.55;0.55,8.4;8.4;8.4,0.6;0.6;0.6,0.0034,1.0,2,0.2900000000000016,1e-10
-1,1800.0,1800,False,1.0,4.0,Weibull,2.5,1040,4.5,35,Linear,10,1.0,8333.333333333334,277.77777777777777,0.0003333333333333333,-3.5,-5.5,False,0.12,0.5555555555555556,4.8,-2.1,2.0,0.005,1.5,0.005,0.1;0.3;0.4,0.96,VanGenuchten,4.62962963e-08;4.62962963e-08;4.62962963e-08,-0.05;-0.05;-0.05,0.03;0.03;0.03,0.4;0.4;0.4,0.05;0.05;0.05,0.05;0.05;0.05,0.55;0.55;0.55,8.4;8.4;8.4,0.6;0.6;0.6,0.0034,1.0,2,0.3000000000000016,1e-10
-1,1800.0,1800,False,1.0,4.0,Weibull,2.5,1040,4.5,35,Linear,10,1.0,8333.333333333334,277.77777777777777,0.0003333333333333333,-3.5,-5.5,False,0.12,0.5555555555555556,4.8,-2.1,2.0,0.005,1.5,0.005,0.1;0.3;0.4,0.96,VanGenuchten,4.62962963e-08;4.62962963e-08;4.62962963e-08,-0.05;-0.05;-0.05,0.03;0.03;0.03,0.4;0.4;0.4,0.05;0.05;0.05,0.05;0.05;0.05,0.55;0.55;0.55,8.4;8.4;8.4,0.6;0.6;0.6,0.0034,1.0,2,0.3100000000000016,1e-10
-1,1800.0,1800,False,1.0,4.0,Weibull,2.5,1040,4.5,35,Linear,10,1.0,8333.333333333334,277.77777777777777,0.0003333333333333333,-3.5,-5.5,False,0.12,0.5555555555555556,4.8,-2.1,2.0,0.005,1.5,0.005,0.1;0.3;0.4,0.96,VanGenuchten,4.62962963e-08;4.62962963e-08;4.62962963e-08,-0.05;-0.05;-0.05,0.03;0.03;0.03,0.4;0.4;0.4,0.05;0.05;0.05,0.05;0.05;0.05,0.55;0.55;0.55,8.4;8.4;8.4,0.6;0.6;0.6,0.0034,1.0,2,0.3200000000000016,1e-10
-1,1800.0,1800,False,1.0,4.0,Weibull,2.5,1040,4.5,35,Linear,10,1.0,8333.333333333334,277.77777777777777,0.0003333333333333333,-3.5,-5.5,False,0.12,0.5555555555555556,4.8,-2.1,2.0,0.005,1.5,0.005,0.1;0.3;0.4,0.96,VanGenuchten,4.62962963e-08;4.62962963e-08;4.62962963e-08,-0.05;-0.05;-0.05,0.03;0.03;0.03,0.4;0.4;0.4,0.05;0.05;0.05,0.05;0.05;0.05,0.55;0.55;0.55,8.4;8.4;8.4,0.6;0.6;0.6,0.0034,1.0,2,0.3300000000000016,1e-10
-1,1800.0,1800,False,1.0,4.0,Weibull,2.5,1040,4.5,35,Linear,10,1.0,8333.333333333334,277.77777777777777,0.0003333333333333333,-3.5,-5.5,False,0.12,0.5555555555555556,4.8,-2.1,2.0,0.005,1.5,0.005,0.1;0.3;0.4,0.96,VanGenuchten,4.62962963e-08;4.62962963e-08;4.62962963e-08,-0.05;-0.05;-0.05,0.03;0.03;0.03,0.4;0.4;0.4,0.05;0.05;0.05,0.05;0.05;0.05,0.55;0.55;0.55,8.4;8.4;8.4,0.6;0.6;0.6,0.0034,1.0,2,0.34000000000000163,1e-10
-1,1800.0,1800,False,1.0,4.0,Weibull,2.5,1040,4.5,35,Linear,10,1.0,8333.333333333334,277.77777777777777,0.0003333333333333333,-3.5,-5.5,False,0.12,0.5555555555555556,4.8,-2.1,2.0,0.005,1.5,0.005,0.1;0.3;0.4,0.96,VanGenuchten,4.62962963e-08;4.62962963e-08;4.62962963e-08,-0.05;-0.05;-0.05,0.03;0.03;0.03,0.4;0.4;0.4,0.05;0.05;0.05,0.05;0.05;0.05,0.55;0.55;0.55,8.4;8.4;8.4,0.6;0.6;0.6,0.0034,1.0,2,0.35000000000000164,1e-10
-1,1800.0,1800,False,1.0,4.0,Weibull,2.5,1040,4.5,35,Linear,10,1.0,8333.333333333334,277.77777777777777,0.0003333333333333333,-3.5,-5.5,False,0.12,0.5555555555555556,4.8,-2.1,2.0,0.005,1.5,0.005,0.1;0.3;0.4,0.96,VanGenuchten,4.62962963e-08;4.62962963e-08;4.62962963e-08,-0.05;-0.05;-0.05,0.03;0.03;0.03,0.4;0.4;0.4,0.05;0.05;0.05,0.05;0.05;0.05,0.55;0.55;0.55,8.4;8.4;8.4,0.6;0.6;0.6,0.0034,1.0,2,0.36000000000000165,1e-10
-1,1800.0,1800,False,1.0,4.0,Weibull,2.5,1040,4.5,35,Linear,10,1.0,8333.333333333334,277.77777777777777,0.0003333333333333333,-3.5,-5.5,False,0.12,0.5555555555555556,4.8,-2.1,2.0,0.005,1.5,0.005,0.1;0.3;0.4,0.96,VanGenuchten,4.62962963e-08;4.62962963e-08;4.62962963e-08,-0.05;-0.05;-0.05,0.03;0.03;0.03,0.4;0.4;0.4,0.05;0.05;0.05,0.05;0.05;0.05,0.55;0.55;0.55,8.4;8.4;8.4,0.6;0.6;0.6,0.0034,1.0,2,0.37000000000000166,1e-10
-1,1800.0,1800,False,1.0,4.0,Weibull,2.5,1040,4.5,35,Linear,10,1.0,8333.333333333334,277.77777777777777,0.0003333333333333333,-3.5,-5.5,False,0.12,0.5555555555555556,4.8,-2.1,2.0,0.005,1.5,0.005,0.1;0.3;0.4,0.96,VanGenuchten,4.62962963e-08;4.62962963e-08;4.62962963e-08,-0.05;-0.05;-0.05,0.03;0.03;0.03,0.4;0.4;0.4,0.05;0.05;0.05,0.05;0.05;0.05,0.55;0.55;0.55,8.4;8.4;8.4,0.6;0.6;0.6,0.0034,1.0,2,0.38000000000000167,1e-10
-1,1800.0,1800,False,1.0,4.0,Weibull,2.5,1040,4.5,35,Linear,10,1.0,8333.333333333334,277.77777777777777,0.0003333333333333333,-3.5,-5.5,False,0.12,0.5555555555555556,4.8,-2.1,2.0,0.005,1.5,0.005,0.1;0.3;0.4,0.96,VanGenuchten,4.62962963e-08;4.62962963e-08;4.62962963e-08,-0.05;-0.05;-0.05,0.03;0.03;0.03,0.4;0.4;0.4,0.05;0.05;0.05,0.05;0.05;0.05,0.55;0.55;0.55,8.4;8.4;8.4,0.6;0.6;0.6,0.0034,1.0,2,0.3900000000000017,1e-10
-1,1800.0,1800,False,1.0,4.0,Weibull,2.5,1040,4.5,35,Linear,10,1.0,8333.333333333334,277.77777777777777,0.0003333333333333333,-3.5,-5.5,False,0.12,0.5555555555555556,4.8,-2.1,2.0,0.005,1.5,0.005,0.1;0.3;0.4,0.96,VanGenuchten,4.62962963e-08;4.62962963e-08;4.62962963e-08,-0.05;-0.05;-0.05,0.03;0.03;0.03,0.4;0.4;0.4,0.05;0.05;0.05,0.05;0.05;0.05,0.55;0.55;0.55,8.4;8.4;8.4,0.6;0.6;0.6,0.0034,1.0,2,0.4000000000000017,1e-10
-1,1800.0,1800,False,1.0,4.0,Weibull,2.5,1040,4.5,35,Linear,10,1.0,8333.333333333334,277.77777777777777,0.0003333333333333333,-3.5,-5.5,False,0.12,0.5555555555555556,4.8,-2.1,2.0,0.005,1.5,0.005,0.1;0.3;0.4,0.96,VanGenuchten,4.62962963e-08;4.62962963e-08;4.62962963e-08,-0.05;-0.05;-0.05,0.03;0.03;0.03,0.4;0.4;0.4,0.05;0.05;0.05,0.05;0.05;0.05,0.55;0.55;0.55,8.4;8.4;8.4,0.6;0.6;0.6,0.0034,1.0,2,0.4100000000000017,1e-10
-1,1800.0,1800,False,1.0,4.0,Weibull,2.5,1040,4.5,35,Linear,10,1.0,8333.333333333334,277.77777777777777,0.0003333333333333333,-3.5,-5.5,False,0.12,0.5555555555555556,4.8,-2.1,2.0,0.005,1.5,0.005,0.1;0.3;0.4,0.96,VanGenuchten,4.62962963e-08;4.62962963e-08;4.62962963e-08,-0.05;-0.05;-0.05,0.03;0.03;0.03,0.4;0.4;0.4,0.05;0.05;0.05,0.05;0.05;0.05,0.55;0.55;0.55,8.4;8.4;8.4,0.6;0.6;0.6,0.0034,1.0,2,0.4200000000000017,1e-10
-1,1800.0,1800,False,1.0,4.0,Weibull,2.5,1040,4.5,35,Linear,10,1.0,8333.333333333334,277.77777777777777,0.0003333333333333333,-3.5,-5.5,False,0.12,0.5555555555555556,4.8,-2.1,2.0,0.005,1.5,0.005,0.1;0.3;0.4,0.96,VanGenuchten,4.62962963e-08;4.62962963e-08;4.62962963e-08,-0.05;-0.05;-0.05,0.03;0.03;0.03,0.4;0.4;0.4,0.05;0.05;0.05,0.05;0.05;0.05,0.55;0.55;0.55,8.4;8.4;8.4,0.6;0.6;0.6,0.0034,1.0,2,0.4300000000000017,1e-10
-1,1800.0,1800,False,1.0,4.0,Weibull,2.5,1040,4.5,35,Linear,10,1.0,8333.333333333334,277.77777777777777,0.0003333333333333333,-3.5,-5.5,False,0.12,0.5555555555555556,4.8,-2.1,2.0,0.005,1.5,0.005,0.1;0.3;0.4,0.96,VanGenuchten,4.62962963e-08;4.62962963e-08;4.62962963e-08,-0.05;-0.05;-0.05,0.03;0.03;0.03,0.4;0.4;0.4,0.05;0.05;0.05,0.05;0.05;0.05,0.55;0.55;0.55,8.4;8.4;8.4,0.6;0.6;0.6,0.0034,1.0,2,0.4400000000000017,1e-10
-1,1800.0,1800,False,1.0,4.0,Weibull,2.5,1040,4.5,35,Linear,10,1.0,8333.333333333334,277.77777777777777,0.0003333333333333333,-3.5,-5.5,False,0.12,0.5555555555555556,4.8,-2.1,2.0,0.005,1.5,0.005,0.1;0.3;0.4,0.96,VanGenuchten,4.62962963e-08;4.62962963e-08;4.62962963e-08,-0.05;-0.05;-0.05,0.03;0.03;0.03,0.4;0.4;0.4,0.05;0.05;0.05,0.05;0.05;0.05,0.55;0.55;0.55,8.4;8.4;8.4,0.6;0.6;0.6,0.0034,1.0,2,0.45000000000000173,1e-10
-1,1800.0,1800,False,1.0,4.0,Weibull,2.5,1040,4.5,35,Linear,10,1.0,8333.333333333334,277.77777777777777,0.0003333333333333333,-3.5,-5.5,False,0.12,0.5555555555555556,4.8,-2.1,2.0,0.005,1.5,0.005,0.1;0.3;0.4,0.96,VanGenuchten,4.62962963e-08;4.62962963e-08;4.62962963e-08,-0.05;-0.05;-0.05,0.03;0.03;0.03,0.4;0.4;0.4,0.05;0.05;0.05,0.05;0.05;0.05,0.55;0.55;0.55,8.4;8.4;8.4,0.6;0.6;0.6,0.0034,1.0,2,0.46000000000000174,1e-10
-1,1800.0,1800,False,1.0,4.0,Weibull,2.5,1040,4.5,35,Linear,10,1.0,8333.333333333334,277.77777777777777,0.0003333333333333333,-3.5,-5.5,False,0.12,0.5555555555555556,4.8,-2.1,2.0,0.005,1.5,0.005,0.1;0.3;0.4,0.96,VanGenuchten,4.62962963e-08;4.62962963e-08;4.62962963e-08,-0.05;-0.05;-0.05,0.03;0.03;0.03,0.4;0.4;0.4,0.05;0.05;0.05,0.05;0.05;0.05,0.55;0.55;0.55,8.4;8.4;8.4,0.6;0.6;0.6,0.0034,1.0,2,0.47000000000000175,1e-10
-1,1800.0,1800,False,1.0,4.0,Weibull,2.5,1040,4.5,35,Linear,10,1.0,8333.333333333334,277.77777777777777,0.0003333333333333333,-3.5,-5.5,False,0.12,0.5555555555555556,4.8,-2.1,2.0,0.005,1.5,0.005,0.1;0.3;0.4,0.96,VanGenuchten,4.62962963e-08;4.62962963e-08;4.62962963e-08,-0.05;-0.05;-0.05,0.03;0.03;0.03,0.4;0.4;0.4,0.05;0.05;0.05,0.05;0.05;0.05,0.55;0.55;0.55,8.4;8.4;8.4,0.6;0.6;0.6,0.0034,1.0,2,0.48000000000000176,1e-10
-1,1800.0,1800,False,1.0,4.0,Weibull,2.5,1040,4.5,35,Linear,10,1.0,8333.333333333334,277.77777777777777,0.0003333333333333333,-3.5,-5.5,False,0.12,0.5555555555555556,4.8,-2.1,2.0,0.005,1.5,0.005,0.1;0.3;0.4,0.96,VanGenuchten,4.62962963e-08;4.62962963e-08;4.62962963e-08,-0.05;-0.05;-0.05,0.03;0.03;0.03,0.4;0.4;0.4,0.05;0.05;0.05,0.05;0.05;0.05,0.55;0.55;0.55,8.4;8.4;8.4,0.6;0.6;0.6,0.0034,1.0,2,0.49000000000000177,1e-10
-1,1800.0,1800,False,1.0,4.0,Weibull,2.5,1040,4.5,35,Linear,10,1.0,8333.333333333334,277.77777777777777,0.0003333333333333333,-3.5,-5.5,False,0.12,0.5555555555555556,4.8,-2.1,2.0,0.005,1.5,0.005,0.1;0.3;0.4,0.96,VanGenuchten,4.62962963e-08;4.62962963e-08;4.62962963e-08,-0.05;-0.05;-0.05,0.03;0.03;0.03,0.4;0.4;0.4,0.05;0.05;0.05,0.05;0.05;0.05,0.55;0.55;0.55,8.4;8.4;8.4,0.6;0.6;0.6,0.0034,1.0,2,0.5000000000000018,1e-10
-1,1800.0,1800,False,1.0,4.0,Weibull,2.5,1040,4.5,35,Linear,10,1.0,8333.333333333334,277.77777777777777,0.0003333333333333333,-3.5,-5.5,False,0.12,0.5555555555555556,4.8,-2.1,2.0,0.005,1.5,0.005,0.1;0.3;0.4,0.96,VanGenuchten,4.62962963e-08;4.62962963e-08;4.62962963e-08,-0.05;-0.05;-0.05,0.03;0.03;0.03,0.4;0.4;0.4,0.05;0.05;0.05,0.05;0.05;0.05,0.55;0.55;0.55,8.4;8.4;8.4,0.6;0.6;0.6,0.0034,1.0,2,0.5100000000000018,1e-10
-1,1800.0,1800,False,1.0,4.0,Weibull,2.5,1040,4.5,35,Linear,10,1.0,8333.333333333334,277.77777777777777,0.0003333333333333333,-3.5,-5.5,False,0.12,0.5555555555555556,4.8,-2.1,2.0,0.005,1.5,0.005,0.1;0.3;0.4,0.96,VanGenuchten,4.62962963e-08;4.62962963e-08;4.62962963e-08,-0.05;-0.05;-0.05,0.03;0.03;0.03,0.4;0.4;0.4,0.05;0.05;0.05,0.05;0.05;0.05,0.55;0.55;0.55,8.4;8.4;8.4,0.6;0.6;0.6,0.0034,1.0,2,0.5200000000000018,1e-10
-1,1800.0,1800,False,1.0,4.0,Weibull,2.5,1040,4.5,35,Linear,10,1.0,8333.333333333334,277.77777777777777,0.0003333333333333333,-3.5,-5.5,False,0.12,0.5555555555555556,4.8,-2.1,2.0,0.005,1.5,0.005,0.1;0.3;0.4,0.96,VanGenuchten,4.62962963e-08;4.62962963e-08;4.62962963e-08,-0.05;-0.05;-0.05,0.03;0.03;0.03,0.4;0.4;0.4,0.05;0.05;0.05,0.05;0.05;0.05,0.55;0.55;0.55,8.4;8.4;8.4,0.6;0.6;0.6,0.0034,1.0,2,0.5300000000000018,1e-10
-1,1800.0,1800,False,1.0,4.0,Weibull,2.5,1040,4.5,35,Linear,10,1.0,8333.333333333334,277.77777777777777,0.0003333333333333333,-3.5,-5.5,False,0.12,0.5555555555555556,4.8,-2.1,2.0,0.005,1.5,0.005,0.1;0.3;0.4,0.96,VanGenuchten,4.62962963e-08;4.62962963e-08;4.62962963e-08,-0.05;-0.05;-0.05,0.03;0.03;0.03,0.4;0.4;0.4,0.05;0.05;0.05,0.05;0.05;0.05,0.55;0.55;0.55,8.4;8.4;8.4,0.6;0.6;0.6,0.0034,1.0,2,0.5400000000000018,1e-10
-1,1800.0,1800,False,1.0,4.0,Weibull,2.5,1040,4.5,35,Linear,10,1.0,8333.333333333334,277.77777777777777,0.0003333333333333333,-3.5,-5.5,False,0.12,0.5555555555555556,4.8,-2.1,2.0,0.005,1.5,0.005,0.1;0.3;0.4,0.96,VanGenuchten,4.62962963e-08;4.62962963e-08;4.62962963e-08,-0.05;-0.05;-0.05,0.03;0.03;0.03,0.4;0.4;0.4,0.05;0.05;0.05,0.05;0.05;0.05,0.55;0.55;0.55,8.4;8.4;8.4,0.6;0.6;0.6,0.0034,1.0,2,0.5500000000000018,1e-10
-1,1800.0,1800,False,1.0,4.0,Weibull,2.5,1040,4.5,35,Linear,10,1.0,8333.333333333334,277.77777777777777,0.0003333333333333333,-3.5,-5.5,False,0.12,0.5555555555555556,4.8,-2.1,2.0,0.005,1.5,0.005,0.1;0.3;0.4,0.96,VanGenuchten,4.62962963e-08;4.62962963e-08;4.62962963e-08,-0.05;-0.05;-0.05,0.03;0.03;0.03,0.4;0.4;0.4,0.05;0.05;0.05,0.05;0.05;0.05,0.55;0.55;0.55,8.4;8.4;8.4,0.6;0.6;0.6,0.0034,1.0,2,0.5600000000000018,1e-10
-1,1800.0,1800,False,1.0,4.0,Weibull,2.5,1040,4.5,35,Linear,10,1.0,8333.333333333334,277.77777777777777,0.0003333333333333333,-3.5,-5.5,False,0.12,0.5555555555555556,4.8,-2.1,2.0,0.005,1.5,0.005,0.1;0.3;0.4,0.96,VanGenuchten,4.62962963e-08;4.62962963e-08;4.62962963e-08,-0.05;-0.05;-0.05,0.03;0.03;0.03,0.4;0.4;0.4,0.05;0.05;0.05,0.05;0.05;0.05,0.55;0.55;0.55,8.4;8.4;8.4,0.6;0.6;0.6,0.0034,1.0,2,0.5700000000000018,1e-10
-1,1800.0,1800,False,1.0,4.0,Weibull,2.5,1040,4.5,35,Linear,10,1.0,8333.333333333334,277.77777777777777,0.0003333333333333333,-3.5,-5.5,False,0.12,0.5555555555555556,4.8,-2.1,2.0,0.005,1.5,0.005,0.1;0.3;0.4,0.96,VanGenuchten,4.62962963e-08;4.62962963e-08;4.62962963e-08,-0.05;-0.05;-0.05,0.03;0.03;0.03,0.4;0.4;0.4,0.05;0.05;0.05,0.05;0.05;0.05,0.55;0.55;0.55,8.4;8.4;8.4,0.6;0.6;0.6,0.0034,1.0,2,0.5800000000000018,1e-10
-1,1800.0,1800,False,1.0,4.0,Weibull,2.5,1040,4.5,35,Linear,10,1.0,8333.333333333334,277.77777777777777,0.0003333333333333333,-3.5,-5.5,False,0.12,0.5555555555555556,4.8,-2.1,2.0,0.005,1.5,0.005,0.1;0.3;0.4,0.96,VanGenuchten,4.62962963e-08;4.62962963e-08;4.62962963e-08,-0.05;-0.05;-0.05,0.03;0.03;0.03,0.4;0.4;0.4,0.05;0.05;0.05,0.05;0.05;0.05,0.55;0.55;0.55,8.4;8.4;8.4,0.6;0.6;0.6,0.0034,1.0,2,0.5900000000000019,1e-10
-1,1800.0,1800,False,1.0,4.0,Weibull,2.5,1040,4.5,35,Linear,10,1.0,8333.333333333334,277.77777777777777,0.0003333333333333333,-3.5,-5.5,False,0.12,0.5555555555555556,4.8,-2.1,2.0,0.005,1.5,0.005,0.1;0.3;0.4,0.96,VanGenuchten,4.62962963e-08;4.62962963e-08;4.62962963e-08,-0.05;-0.05;-0.05,0.03;0.03;0.03,0.4;0.4;0.4,0.05;0.05;0.05,0.05;0.05;0.05,0.55;0.55;0.55,8.4;8.4;8.4,0.6;0.6;0.6,0.0034,1.0,2,0.6000000000000019,1e-10
-1,1800.0,1800,False,1.0,4.0,Weibull,2.5,1040,4.5,35,Linear,10,1.0,8333.333333333334,277.77777777777777,0.0003333333333333333,-3.5,-5.5,False,0.12,0.5555555555555556,4.8,-2.1,2.0,0.005,1.5,0.005,0.1;0.3;0.4,0.96,VanGenuchten,4.62962963e-08;4.62962963e-08;4.62962963e-08,-0.05;-0.05;-0.05,0.03;0.03;0.03,0.4;0.4;0.4,0.05;0.05;0.05,0.05;0.05;0.05,0.55;0.55;0.55,8.4;8.4;8.4,0.6;0.6;0.6,0.0034,1.0,2,0.6100000000000019,1e-10
-1,1800.0,1800,False,1.0,4.0,Weibull,2.5,1040,4.5,35,Linear,10,1.0,8333.333333333334,277.77777777777777,0.0003333333333333333,-3.5,-5.5,False,0.12,0.5555555555555556,4.8,-2.1,2.0,0.005,1.5,0.005,0.1;0.3;0.4,0.96,VanGenuchten,4.62962963e-08;4.62962963e-08;4.62962963e-08,-0.05;-0.05;-0.05,0.03;0.03;0.03,0.4;0.4;0.4,0.05;0.05;0.05,0.05;0.05;0.05,0.55;0.55;0.55,8.4;8.4;8.4,0.6;0.6;0.6,0.0034,1.0,2,0.6200000000000019,1e-10
-1,1800.0,1800,False,1.0,4.0,Weibull,2.5,1040,4.5,35,Linear,10,1.0,8333.333333333334,277.77777777777777,0.0003333333333333333,-3.5,-5.5,False,0.12,0.5555555555555556,4.8,-2.1,2.0,0.005,1.5,0.005,0.1;0.3;0.4,0.96,VanGenuchten,4.62962963e-08;4.62962963e-08;4.62962963e-08,-0.05;-0.05;-0.05,0.03;0.03;0.03,0.4;0.4;0.4,0.05;0.05;0.05,0.05;0.05;0.05,0.55;0.55;0.55,8.4;8.4;8.4,0.6;0.6;0.6,0.0034,1.0,2,0.6300000000000019,1e-10
-1,1800.0,1800,False,1.0,4.0,Weibull,2.5,1040,4.5,35,Linear,10,1.0,8333.333333333334,277.77777777777777,0.0003333333333333333,-3.5,-5.5,False,0.12,0.5555555555555556,4.8,-2.1,2.0,0.005,1.5,0.005,0.1;0.3;0.4,0.96,VanGenuchten,4.62962963e-08;4.62962963e-08;4.62962963e-08,-0.05;-0.05;-0.05,0.03;0.03;0.03,0.4;0.4;0.4,0.05;0.05;0.05,0.05;0.05;0.05,0.55;0.55;0.55,8.4;8.4;8.4,0.6;0.6;0.6,0.0034,1.0,2,0.6400000000000019,1e-10
-1,1800.0,1800,False,1.0,4.0,Weibull,2.5,1040,4.5,35,Linear,10,1.0,8333.333333333334,277.77777777777777,0.0003333333333333333,-3.5,-5.5,False,0.12,0.5555555555555556,4.8,-2.1,2.0,0.005,1.5,0.005,0.1;0.3;0.4,0.96,VanGenuchten,4.62962963e-08;4.62962963e-08;4.62962963e-08,-0.05;-0.05;-0.05,0.03;0.03;0.03,0.4;0.4;0.4,0.05;0.05;0.05,0.05;0.05;0.05,0.55;0.55;0.55,8.4;8.4;8.4,0.6;0.6;0.6,0.0034,1.0,2,0.6500000000000019,1e-10
-1,1800.0,1800,False,1.0,4.0,Weibull,2.5,1040,4.5,35,Linear,10,1.0,8333.333333333334,277.77777777777777,0.0003333333333333333,-3.5,-5.5,False,0.12,0.5555555555555556,4.8,-2.1,2.0,0.005,1.5,0.005,0.1;0.3;0.4,0.96,VanGenuchten,4.62962963e-08;4.62962963e-08;4.62962963e-08,-0.05;-0.05;-0.05,0.03;0.03;0.03,0.4;0.4;0.4,0.05;0.05;0.05,0.05;0.05;0.05,0.55;0.55;0.55,8.4;8.4;8.4,0.6;0.6;0.6,0.0034,1.0,2,0.6600000000000019,1e-10
-1,1800.0,1800,False,1.0,4.0,Weibull,2.5,1040,4.5,35,Linear,10,1.0,8333.333333333334,277.77777777777777,0.0003333333333333333,-3.5,-5.5,False,0.12,0.5555555555555556,4.8,-2.1,2.0,0.005,1.5,0.005,0.1;0.3;0.4,0.96,VanGenuchten,4.62962963e-08;4.62962963e-08;4.62962963e-08,-0.05;-0.05;-0.05,0.03;0.03;0.03,0.4;0.4;0.4,0.05;0.05;0.05,0.05;0.05;0.05,0.55;0.55;0.55,8.4;8.4;8.4,0.6;0.6;0.6,0.0034,1.0,2,0.6700000000000019,1e-10
-1,1800.0,1800,False,1.0,4.0,Weibull,2.5,1040,4.5,35,Linear,10,1.0,8333.333333333334,277.77777777777777,0.0003333333333333333,-3.5,-5.5,False,0.12,0.5555555555555556,4.8,-2.1,2.0,0.005,1.5,0.005,0.1;0.3;0.4,0.96,VanGenuchten,4.62962963e-08;4.62962963e-08;4.62962963e-08,-0.05;-0.05;-0.05,0.03;0.03;0.03,0.4;0.4;0.4,0.05;0.05;0.05,0.05;0.05;0.05,0.55;0.55;0.55,8.4;8.4;8.4,0.6;0.6;0.6,0.0034,1.0,2,0.6800000000000019,1e-10
-1,1800.0,1800,False,1.0,4.0,Weibull,2.5,1040,4.5,35,Linear,10,1.0,8333.333333333334,277.77777777777777,0.0003333333333333333,-3.5,-5.5,False,0.12,0.5555555555555556,4.8,-2.1,2.0,0.005,1.5,0.005,0.1;0.3;0.4,0.96,VanGenuchten,4.62962963e-08;4.62962963e-08;4.62962963e-08,-0.05;-0.05;-0.05,0.03;0.03;0.03,0.4;0.4;0.4,0.05;0.05;0.05,0.05;0.05;0.05,0.55;0.55;0.55,8.4;8.4;8.4,0.6;0.6;0.6,0.0034,1.0,2,0.690000000000002,1e-10
-1,1800.0,1800,False,1.0,4.0,Weibull,2.5,1040,4.5,35,Linear,10,1.0,8333.333333333334,277.77777777777777,0.0003333333333333333,-3.5,-5.5,False,0.12,0.5555555555555556,4.8,-2.1,2.0,0.005,1.5,0.005,0.1;0.3;0.4,0.96,VanGenuchten,4.62962963e-08;4.62962963e-08;4.62962963e-08,-0.05;-0.05;-0.05,0.03;0.03;0.03,0.4;0.4;0.4,0.05;0.05;0.05,0.05;0.05;0.05,0.55;0.55;0.55,8.4;8.4;8.4,0.6;0.6;0.6,0.0034,1.0,2,0.700000000000002,1e-10
-1,1800.0,1800,False,1.0,4.0,Weibull,2.5,1040,4.5,35,Linear,10,1.0,8333.333333333334,277.77777777777777,0.0003333333333333333,-3.5,-5.5,False,0.12,0.5555555555555556,4.8,-2.1,2.0,0.005,1.5,0.005,0.1;0.3;0.4,0.96,VanGenuchten,4.62962963e-08;4.62962963e-08;4.62962963e-08,-0.05;-0.05;-0.05,0.03;0.03;0.03,0.4;0.4;0.4,0.05;0.05;0.05,0.05;0.05;0.05,0.55;0.55;0.55,8.4;8.4;8.4,0.6;0.6;0.6,0.0034,1.0,2,0.710000000000002,1e-10
-1,1800.0,1800,False,1.0,4.0,Weibull,2.5,1040,4.5,35,Linear,10,1.0,8333.333333333334,277.77777777777777,0.0003333333333333333,-3.5,-5.5,False,0.12,0.5555555555555556,4.8,-2.1,2.0,0.005,1.5,0.005,0.1;0.3;0.4,0.96,VanGenuchten,4.62962963e-08;4.62962963e-08;4.62962963e-08,-0.05;-0.05;-0.05,0.03;0.03;0.03,0.4;0.4;0.4,0.05;0.05;0.05,0.05;0.05;0.05,0.55;0.55;0.55,8.4;8.4;8.4,0.6;0.6;0.6,0.0034,1.0,2,0.720000000000002,1e-10
-1,1800.0,1800,False,1.0,4.0,Weibull,2.5,1040,4.5,35,Linear,10,1.0,8333.333333333334,277.77777777777777,0.0003333333333333333,-3.5,-5.5,False,0.12,0.5555555555555556,4.8,-2.1,2.0,0.005,1.5,0.005,0.1;0.3;0.4,0.96,VanGenuchten,4.62962963e-08;4.62962963e-08;4.62962963e-08,-0.05;-0.05;-0.05,0.03;0.03;0.03,0.4;0.4;0.4,0.05;0.05;0.05,0.05;0.05;0.05,0.55;0.55;0.55,8.4;8.4;8.4,0.6;0.6;0.6,0.0034,1.0,2,0.730000000000002,1e-10
-1,1800.0,1800,False,1.0,4.0,Weibull,2.5,1040,4.5,35,Linear,10,1.0,8333.333333333334,277.77777777777777,0.0003333333333333333,-3.5,-5.5,False,0.12,0.5555555555555556,4.8,-2.1,2.0,0.005,1.5,0.005,0.1;0.3;0.4,0.96,VanGenuchten,4.62962963e-08;4.62962963e-08;4.62962963e-08,-0.05;-0.05;-0.05,0.03;0.03;0.03,0.4;0.4;0.4,0.05;0.05;0.05,0.05;0.05;0.05,0.55;0.55;0.55,8.4;8.4;8.4,0.6;0.6;0.6,0.0034,1.0,2,0.740000000000002,1e-10
-1,1800.0,1800,False,1.0,4.0,Weibull,2.5,1040,4.5,35,Linear,10,1.0,8333.333333333334,277.77777777777777,0.0003333333333333333,-3.5,-5.5,False,0.12,0.5555555555555556,4.8,-2.1,2.0,0.005,1.5,0.005,0.1;0.3;0.4,0.96,VanGenuchten,4.62962963e-08;4.62962963e-08;4.62962963e-08,-0.05;-0.05;-0.05,0.03;0.03;0.03,0.4;0.4;0.4,0.05;0.05;0.05,0.05;0.05;0.05,0.55;0.55;0.55,8.4;8.4;8.4,0.6;0.6;0.6,0.0034,1.0,2,0.750000000000002,1e-10
-1,1800.0,1800,False,1.0,4.0,Weibull,2.5,1040,4.5,35,Linear,10,1.0,8333.333333333334,277.77777777777777,0.0003333333333333333,-3.5,-5.5,False,0.12,0.5555555555555556,4.8,-2.1,2.0,0.005,1.5,0.005,0.1;0.3;0.4,0.96,VanGenuchten,4.62962963e-08;4.62962963e-08;4.62962963e-08,-0.05;-0.05;-0.05,0.03;0.03;0.03,0.4;0.4;0.4,0.05;0.05;0.05,0.05;0.05;0.05,0.55;0.55;0.55,8.4;8.4;8.4,0.6;0.6;0.6,0.0034,1.0,2,0.760000000000002,1e-10
-1,1800.0,1800,False,1.0,4.0,Weibull,2.5,1040,4.5,35,Linear,10,1.0,8333.333333333334,277.77777777777777,0.0003333333333333333,-3.5,-5.5,False,0.12,0.5555555555555556,4.8,-2.1,2.0,0.005,1.5,0.005,0.1;0.3;0.4,0.96,VanGenuchten,4.62962963e-08;4.62962963e-08;4.62962963e-08,-0.05;-0.05;-0.05,0.03;0.03;0.03,0.4;0.4;0.4,0.05;0.05;0.05,0.05;0.05;0.05,0.55;0.55;0.55,8.4;8.4;8.4,0.6;0.6;0.6,0.0034,1.0,2,0.770000000000002,1e-10
-1,1800.0,1800,False,1.0,4.0,Weibull,2.5,1040,4.5,35,Linear,10,1.0,8333.333333333334,277.77777777777777,0.0003333333333333333,-3.5,-5.5,False,0.12,0.5555555555555556,4.8,-2.1,2.0,0.005,1.5,0.005,0.1;0.3;0.4,0.96,VanGenuchten,4.62962963e-08;4.62962963e-08;4.62962963e-08,-0.05;-0.05;-0.05,0.03;0.03;0.03,0.4;0.4;0.4,0.05;0.05;0.05,0.05;0.05;0.05,0.55;0.55;0.55,8.4;8.4;8.4,0.6;0.6;0.6,0.0034,1.0,2,0.780000000000002,1e-10
-1,1800.0,1800,False,1.0,4.0,Weibull,2.5,1040,4.5,35,Linear,10,1.0,8333.333333333334,277.77777777777777,0.0003333333333333333,-3.5,-5.5,False,0.12,0.5555555555555556,4.8,-2.1,2.0,0.005,1.5,0.005,0.1;0.3;0.4,0.96,VanGenuchten,4.62962963e-08;4.62962963e-08;4.62962963e-08,-0.05;-0.05;-0.05,0.03;0.03;0.03,0.4;0.4;0.4,0.05;0.05;0.05,0.05;0.05;0.05,0.55;0.55;0.55,8.4;8.4;8.4,0.6;0.6;0.6,0.0034,1.0,2,0.790000000000002,1e-10
-1,1800.0,1800,False,1.0,4.0,Weibull,2.5,1040,4.5,35,Linear,10,1.0,8333.333333333334,277.77777777777777,0.0003333333333333333,-3.5,-5.5,False,0.12,0.5555555555555556,4.8,-2.1,2.0,0.005,1.5,0.005,0.1;0.3;0.4,0.96,VanGenuchten,4.62962963e-08;4.62962963e-08;4.62962963e-08,-0.05;-0.05;-0.05,0.03;0.03;0.03,0.4;0.4;0.4,0.05;0.05;0.05,0.05;0.05;0.05,0.55;0.55;0.55,8.4;8.4;8.4,0.6;0.6;0.6,0.0034,1.0,2,0.800000000000002,1e-10
-1,1800.0,1800,False,1.0,4.0,Weibull,2.5,1040,4.5,35,Linear,10,1.0,8333.333333333334,277.77777777777777,0.0003333333333333333,-3.5,-5.5,False,0.12,0.5555555555555556,4.8,-2.1,2.0,0.005,1.5,0.005,0.1;0.3;0.4,0.96,VanGenuchten,4.62962963e-08;4.62962963e-08;4.62962963e-08,-0.05;-0.05;-0.05,0.03;0.03;0.03,0.4;0.4;0.4,0.05;0.05;0.05,0.05;0.05;0.05,0.55;0.55;0.55,8.4;8.4;8.4,0.6;0.6;0.6,0.0034,1.0,2,0.810000000000002,1e-10
-1,1800.0,1800,False,1.0,4.0,Weibull,2.5,1040,4.5,35,Linear,10,1.0,8333.333333333334,277.77777777777777,0.0003333333333333333,-3.5,-5.5,False,0.12,0.5555555555555556,4.8,-2.1,2.0,0.005,1.5,0.005,0.1;0.3;0.4,0.96,VanGenuchten,4.62962963e-08;4.62962963e-08;4.62962963e-08,-0.05;-0.05;-0.05,0.03;0.03;0.03,0.4;0.4;0.4,0.05;0.05;0.05,0.05;0.05;0.05,0.55;0.55;0.55,8.4;8.4;8.4,0.6;0.6;0.6,0.0034,1.0,2,0.8200000000000021,1e-10
-1,1800.0,1800,False,1.0,4.0,Weibull,2.5,1040,4.5,35,Linear,10,1.0,8333.333333333334,277.77777777777777,0.0003333333333333333,-3.5,-5.5,False,0.12,0.5555555555555556,4.8,-2.1,2.0,0.005,1.5,0.005,0.1;0.3;0.4,0.96,VanGenuchten,4.62962963e-08;4.62962963e-08;4.62962963e-08,-0.05;-0.05;-0.05,0.03;0.03;0.03,0.4;0.4;0.4,0.05;0.05;0.05,0.05;0.05;0.05,0.55;0.55;0.55,8.4;8.4;8.4,0.6;0.6;0.6,0.0034,1.0,2,0.8300000000000021,1e-10
-1,1800.0,1800,False,1.0,4.0,Weibull,2.5,1040,4.5,35,Linear,10,1.0,8333.333333333334,277.77777777777777,0.0003333333333333333,-3.5,-5.5,False,0.12,0.5555555555555556,4.8,-2.1,2.0,0.005,1.5,0.005,0.1;0.3;0.4,0.96,VanGenuchten,4.62962963e-08;4.62962963e-08;4.62962963e-08,-0.05;-0.05;-0.05,0.03;0.03;0.03,0.4;0.4;0.4,0.05;0.05;0.05,0.05;0.05;0.05,0.55;0.55;0.55,8.4;8.4;8.4,0.6;0.6;0.6,0.0034,1.0,2,0.8400000000000021,1e-10
-1,1800.0,1800,False,1.0,4.0,Weibull,2.5,1040,4.5,35,Linear,10,1.0,8333.333333333334,277.77777777777777,0.0003333333333333333,-3.5,-5.5,False,0.12,0.5555555555555556,4.8,-2.1,2.0,0.005,1.5,0.005,0.1;0.3;0.4,0.96,VanGenuchten,4.62962963e-08;4.62962963e-08;4.62962963e-08,-0.05;-0.05;-0.05,0.03;0.03;0.03,0.4;0.4;0.4,0.05;0.05;0.05,0.05;0.05;0.05,0.55;0.55;0.55,8.4;8.4;8.4,0.6;0.6;0.6,0.0034,1.0,2,0.8500000000000021,1e-10
-1,1800.0,1800,False,1.0,4.0,Weibull,2.5,1040,4.5,35,Linear,10,1.0,8333.333333333334,277.77777777777777,0.0003333333333333333,-3.5,-5.5,False,0.12,0.5555555555555556,4.8,-2.1,2.0,0.005,1.5,0.005,0.1;0.3;0.4,0.96,VanGenuchten,4.62962963e-08;4.62962963e-08;4.62962963e-08,-0.05;-0.05;-0.05,0.03;0.03;0.03,0.4;0.4;0.4,0.05;0.05;0.05,0.05;0.05;0.05,0.55;0.55;0.55,8.4;8.4;8.4,0.6;0.6;0.6,0.0034,1.0,2,0.8600000000000021,1e-10
-1,1800.0,1800,False,1.0,4.0,Weibull,2.5,1040,4.5,35,Linear,10,1.0,8333.333333333334,277.77777777777777,0.0003333333333333333,-3.5,-5.5,False,0.12,0.5555555555555556,4.8,-2.1,2.0,0.005,1.5,0.005,0.1;0.3;0.4,0.96,VanGenuchten,4.62962963e-08;4.62962963e-08;4.62962963e-08,-0.05;-0.05;-0.05,0.03;0.03;0.03,0.4;0.4;0.4,0.05;0.05;0.05,0.05;0.05;0.05,0.55;0.55;0.55,8.4;8.4;8.4,0.6;0.6;0.6,0.0034,1.0,2,0.8700000000000021,1e-10
-1,1800.0,1800,False,1.0,4.0,Weibull,2.5,1040,4.5,35,Linear,10,1.0,8333.333333333334,277.77777777777777,0.0003333333333333333,-3.5,-5.5,False,0.12,0.5555555555555556,4.8,-2.1,2.0,0.005,1.5,0.005,0.1;0.3;0.4,0.96,VanGenuchten,4.62962963e-08;4.62962963e-08;4.62962963e-08,-0.05;-0.05;-0.05,0.03;0.03;0.03,0.4;0.4;0.4,0.05;0.05;0.05,0.05;0.05;0.05,0.55;0.55;0.55,8.4;8.4;8.4,0.6;0.6;0.6,0.0034,1.0,2,0.8800000000000021,1e-10
-1,1800.0,1800,False,1.0,4.0,Weibull,2.5,1040,4.5,35,Linear,10,1.0,8333.333333333334,277.77777777777777,0.0003333333333333333,-3.5,-5.5,False,0.12,0.5555555555555556,4.8,-2.1,2.0,0.005,1.5,0.005,0.1;0.3;0.4,0.96,VanGenuchten,4.62962963e-08;4.62962963e-08;4.62962963e-08,-0.05;-0.05;-0.05,0.03;0.03;0.03,0.4;0.4;0.4,0.05;0.05;0.05,0.05;0.05;0.05,0.55;0.55;0.55,8.4;8.4;8.4,0.6;0.6;0.6,0.0034,1.0,2,0.8900000000000021,1e-10
-1,1800.0,1800,False,1.0,4.0,Weibull,2.5,1040,4.5,35,Linear,10,1.0,8333.333333333334,277.77777777777777,0.0003333333333333333,-3.5,-5.5,False,0.12,0.5555555555555556,4.8,-2.1,2.0,0.005,1.5,0.005,0.1;0.3;0.4,0.96,VanGenuchten,4.62962963e-08;4.62962963e-08;4.62962963e-08,-0.05;-0.05;-0.05,0.03;0.03;0.03,0.4;0.4;0.4,0.05;0.05;0.05,0.05;0.05;0.05,0.55;0.55;0.55,8.4;8.4;8.4,0.6;0.6;0.6,0.0034,1.0,2,0.9000000000000021,1e-10
-1,1800.0,1800,False,1.0,4.0,Weibull,2.5,1040,4.5,35,Linear,10,1.0,8333.333333333334,277.77777777777777,0.0003333333333333333,-3.5,-5.5,False,0.12,0.5555555555555556,4.8,-2.1,2.0,0.005,1.5,0.005,0.1;0.3;0.4,0.96,VanGenuchten,4.62962963e-08;4.62962963e-08;4.62962963e-08,-0.05;-0.05;-0.05,0.03;0.03;0.03,0.4;0.4;0.4,0.05;0.05;0.05,0.05;0.05;0.05,0.55;0.55;0.55,8.4;8.4;8.4,0.6;0.6;0.6,0.0034,1.0,2,0.9100000000000021,1e-10
-1,1800.0,1800,False,1.0,4.0,Weibull,2.5,1040,4.5,35,Linear,10,1.0,8333.333333333334,277.77777777777777,0.0003333333333333333,-3.5,-5.5,False,0.12,0.5555555555555556,4.8,-2.1,2.0,0.005,1.5,0.005,0.1;0.3;0.4,0.96,VanGenuchten,4.62962963e-08;4.62962963e-08;4.62962963e-08,-0.05;-0.05;-0.05,0.03;0.03;0.03,0.4;0.4;0.4,0.05;0.05;0.05,0.05;0.05;0.05,0.55;0.55;0.55,8.4;8.4;8.4,0.6;0.6;0.6,0.0034,1.0,2,0.9200000000000021,1e-10
-1,1800.0,1800,False,1.0,4.0,Weibull,2.5,1040,4.5,35,Linear,10,1.0,8333.333333333334,277.77777777777777,0.0003333333333333333,-3.5,-5.5,False,0.12,0.5555555555555556,4.8,-2.1,2.0,0.005,1.5,0.005,0.1;0.3;0.4,0.96,VanGenuchten,4.62962963e-08;4.62962963e-08;4.62962963e-08,-0.05;-0.05;-0.05,0.03;0.03;0.03,0.4;0.4;0.4,0.05;0.05;0.05,0.05;0.05;0.05,0.55;0.55;0.55,8.4;8.4;8.4,0.6;0.6;0.6,0.0034,1.0,2,0.9300000000000022,1e-10
-1,1800.0,1800,False,1.0,4.0,Weibull,2.5,1040,4.5,35,Linear,10,1.0,8333.333333333334,277.77777777777777,0.0003333333333333333,-3.5,-5.5,False,0.12,0.5555555555555556,4.8,-2.1,2.0,0.005,1.5,0.005,0.1;0.3;0.4,0.96,VanGenuchten,4.62962963e-08;4.62962963e-08;4.62962963e-08,-0.05;-0.05;-0.05,0.03;0.03;0.03,0.4;0.4;0.4,0.05;0.05;0.05,0.05;0.05;0.05,0.55;0.55;0.55,8.4;8.4;8.4,0.6;0.6;0.6,0.0034,1.0,2,0.9400000000000022,1e-10
-1,1800.0,1800,False,1.0,4.0,Weibull,2.5,1040,4.5,35,Linear,10,1.0,8333.333333333334,277.77777777777777,0.0003333333333333333,-3.5,-5.5,False,0.12,0.5555555555555556,4.8,-2.1,2.0,0.005,1.5,0.005,0.1;0.3;0.4,0.96,VanGenuchten,4.62962963e-08;4.62962963e-08;4.62962963e-08,-0.05;-0.05;-0.05,0.03;0.03;0.03,0.4;0.4;0.4,0.05;0.05;0.05,0.05;0.05;0.05,0.55;0.55;0.55,8.4;8.4;8.4,0.6;0.6;0.6,0.0034,1.0,2,0.9500000000000022,1e-10
-1,1800.0,1800,False,1.0,4.0,Weibull,2.5,1040,4.5,35,Linear,10,1.0,8333.333333333334,277.77777777777777,0.0003333333333333333,-3.5,-5.5,False,0.12,0.5555555555555556,4.8,-2.1,2.0,0.005,1.5,0.005,0.1;0.3;0.4,0.96,VanGenuchten,4.62962963e-08;4.62962963e-08;4.62962963e-08,-0.05;-0.05;-0.05,0.03;0.03;0.03,0.4;0.4;0.4,0.05;0.05;0.05,0.05;0.05;0.05,0.55;0.55;0.55,8.4;8.4;8.4,0.6;0.6;0.6,0.0034,1.0,2,0.9600000000000022,1e-10
-1,1800.0,1800,False,1.0,4.0,Weibull,2.5,1040,4.5,35,Linear,10,1.0,8333.333333333334,277.77777777777777,0.0003333333333333333,-3.5,-5.5,False,0.12,0.5555555555555556,4.8,-2.1,2.0,0.005,1.5,0.005,0.1;0.3;0.4,0.96,VanGenuchten,4.62962963e-08;4.62962963e-08;4.62962963e-08,-0.05;-0.05;-0.05,0.03;0.03;0.03,0.4;0.4;0.4,0.05;0.05;0.05,0.05;0.05;0.05,0.55;0.55;0.55,8.4;8.4;8.4,0.6;0.6;0.6,0.0034,1.0,2,0.9700000000000022,1e-10
-1,1800.0,1800,False,1.0,4.0,Weibull,2.5,1040,4.5,35,Linear,10,1.0,8333.333333333334,277.77777777777777,0.0003333333333333333,-3.5,-5.5,False,0.12,0.5555555555555556,4.8,-2.1,2.0,0.005,1.5,0.005,0.1;0.3;0.4,0.96,VanGenuchten,4.62962963e-08;4.62962963e-08;4.62962963e-08,-0.05;-0.05;-0.05,0.03;0.03;0.03,0.4;0.4;0.4,0.05;0.05;0.05,0.05;0.05;0.05,0.55;0.55;0.55,8.4;8.4;8.4,0.6;0.6;0.6,0.0034,1.0,2,0.9800000000000022,1e-10
-1,1800.0,1800,False,1.0,4.0,Weibull,2.5,1040,4.5,35,Linear,10,1.0,8333.333333333334,277.77777777777777,0.0003333333333333333,-3.5,-5.5,False,0.12,0.5555555555555556,4.8,-2.1,2.0,0.005,1.5,0.005,0.1;0.3;0.4,0.96,VanGenuchten,4.62962963e-08;4.62962963e-08;4.62962963e-08,-0.05;-0.05;-0.05,0.03;0.03;0.03,0.4;0.4;0.4,0.05;0.05;0.05,0.05;0.05;0.05,0.55;0.55;0.55,8.4;8.4;8.4,0.6;0.6;0.6,0.0034,1.0,2,0.9900000000000022,1e-10
-1,1800.0,1800,False,1.0,4.0,Weibull,2.5,1040,4.5,35,Linear,10,1.0,8333.333333333334,277.77777777777777,0.0003333333333333333,-3.5,-5.5,False,0.12,0.5555555555555556,4.8,-2.1,2.0,0.005,1.5,0.005,0.1;0.3;0.4,0.96,VanGenuchten,4.62962963e-08;4.62962963e-08;4.62962963e-08,-0.05;-0.05;-0.05,0.03;0.03;0.03,0.4;0.4;0.4,0.05;0.05;0.05,0.05;0.05;0.05,0.55;0.55;0.55,8.4;8.4;8.4,0.6;0.6;0.6,0.0034,1.0,2,1.0000000000000022,1e-10
-1,1800.0,1800,False,1.0,4.0,Weibull,2.5,1040,4.5,35,Linear,10,1.0,8333.333333333334,277.77777777777777,0.0003333333333333333,-3.5,-5.5,False,0.12,0.5555555555555556,4.8,-2.1,2.0,0.005,1.5,0.005,0.1;0.3;0.4,0.96,VanGenuchten,4.62962963e-08;4.62962963e-08;4.62962963e-08,-0.05;-0.05;-0.05,0.03;0.03;0.03,0.4;0.4;0.4,0.05;0.05;0.05,0.05;0.05;0.05,0.55;0.55;0.55,8.4;8.4;8.4,0.6;0.6;0.6,0.0034,1.0,2,1.0100000000000022,1e-10
-1,1800.0,1800,False,1.0,4.0,Weibull,2.5,1040,4.5,35,Linear,10,1.0,8333.333333333334,277.77777777777777,0.0003333333333333333,-3.5,-5.5,False,0.12,0.5555555555555556,4.8,-2.1,2.0,0.005,1.5,0.005,0.1;0.3;0.4,0.96,VanGenuchten,4.62962963e-08;4.62962963e-08;4.62962963e-08,-0.05;-0.05;-0.05,0.03;0.03;0.03,0.4;0.4;0.4,0.05;0.05;0.05,0.05;0.05;0.05,0.55;0.55;0.55,8.4;8.4;8.4,0.6;0.6;0.6,0.0034,1.0,2,1.0200000000000022,1e-10
-1,1800.0,1800,False,1.0,4.0,Weibull,2.5,1040,4.5,35,Linear,10,1.0,8333.333333333334,277.77777777777777,0.0003333333333333333,-3.5,-5.5,False,0.12,0.5555555555555556,4.8,-2.1,2.0,0.005,1.5,0.005,0.1;0.3;0.4,0.96,VanGenuchten,4.62962963e-08;4.62962963e-08;4.62962963e-08,-0.05;-0.05;-0.05,0.03;0.03;0.03,0.4;0.4;0.4,0.05;0.05;0.05,0.05;0.05;0.05,0.55;0.55;0.55,8.4;8.4;8.4,0.6;0.6;0.6,0.0034,1.0,2,1.0300000000000022,1e-10
-1,1800.0,1800,False,1.0,4.0,Weibull,2.5,1040,4.5,35,Linear,10,1.0,8333.333333333334,277.77777777777777,0.0003333333333333333,-3.5,-5.5,False,0.12,0.5555555555555556,4.8,-2.1,2.0,0.005,1.5,0.005,0.1;0.3;0.4,0.96,VanGenuchten,4.62962963e-08;4.62962963e-08;4.62962963e-08,-0.05;-0.05;-0.05,0.03;0.03;0.03,0.4;0.4;0.4,0.05;0.05;0.05,0.05;0.05;0.05,0.55;0.55;0.55,8.4;8.4;8.4,0.6;0.6;0.6,0.0034,1.0,2,1.0400000000000023,1e-10
-1,1800.0,1800,False,1.0,4.0,Weibull,2.5,1040,4.5,35,Linear,10,1.0,8333.333333333334,277.77777777777777,0.0003333333333333333,-3.5,-5.5,False,0.12,0.5555555555555556,4.8,-2.1,2.0,0.005,1.5,0.005,0.1;0.3;0.4,0.96,VanGenuchten,4.62962963e-08;4.62962963e-08;4.62962963e-08,-0.05;-0.05;-0.05,0.03;0.03;0.03,0.4;0.4;0.4,0.05;0.05;0.05,0.05;0.05;0.05,0.55;0.55;0.55,8.4;8.4;8.4,0.6;0.6;0.6,0.0034,1.0,2,1.0500000000000023,1e-10
-1,1800.0,1800,False,1.0,4.0,Weibull,2.5,1040,4.5,35,Linear,10,1.0,8333.333333333334,277.77777777777777,0.0003333333333333333,-3.5,-5.5,False,0.12,0.5555555555555556,4.8,-2.1,2.0,0.005,1.5,0.005,0.1;0.3;0.4,0.96,VanGenuchten,4.62962963e-08;4.62962963e-08;4.62962963e-08,-0.05;-0.05;-0.05,0.03;0.03;0.03,0.4;0.4;0.4,0.05;0.05;0.05,0.05;0.05;0.05,0.55;0.55;0.55,8.4;8.4;8.4,0.6;0.6;0.6,0.0034,1.0,2,1.0600000000000023,1e-10
-1,1800.0,1800,False,1.0,4.0,Weibull,2.5,1040,4.5,35,Linear,10,1.0,8333.333333333334,277.77777777777777,0.0003333333333333333,-3.5,-5.5,False,0.12,0.5555555555555556,4.8,-2.1,2.0,0.005,1.5,0.005,0.1;0.3;0.4,0.96,VanGenuchten,4.62962963e-08;4.62962963e-08;4.62962963e-08,-0.05;-0.05;-0.05,0.03;0.03;0.03,0.4;0.4;0.4,0.05;0.05;0.05,0.05;0.05;0.05,0.55;0.55;0.55,8.4;8.4;8.4,0.6;0.6;0.6,0.0034,1.0,2,1.0700000000000023,1e-10
-1,1800.0,1800,False,1.0,4.0,Weibull,2.5,1040,4.5,35,Linear,10,1.0,8333.333333333334,277.77777777777777,0.0003333333333333333,-3.5,-5.5,False,0.12,0.5555555555555556,4.8,-2.1,2.0,0.005,1.5,0.005,0.1;0.3;0.4,0.96,VanGenuchten,4.62962963e-08;4.62962963e-08;4.62962963e-08,-0.05;-0.05;-0.05,0.03;0.03;0.03,0.4;0.4;0.4,0.05;0.05;0.05,0.05;0.05;0.05,0.55;0.55;0.55,8.4;8.4;8.4,0.6;0.6;0.6,0.0034,1.0,2,1.0800000000000023,1e-10
-1,1800.0,1800,False,1.0,4.0,Weibull,2.5,1040,4.5,35,Linear,10,1.0,8333.333333333334,277.77777777777777,0.0003333333333333333,-3.5,-5.5,False,0.12,0.5555555555555556,4.8,-2.1,2.0,0.005,1.5,0.005,0.1;0.3;0.4,0.96,VanGenuchten,4.62962963e-08;4.62962963e-08;4.62962963e-08,-0.05;-0.05;-0.05,0.03;0.03;0.03,0.4;0.4;0.4,0.05;0.05;0.05,0.05;0.05;0.05,0.55;0.55;0.55,8.4;8.4;8.4,0.6;0.6;0.6,0.0034,1.0,2,1.0900000000000023,1e-10
-1,1800.0,1800,False,1.0,4.0,Weibull,2.5,1040,4.5,35,Linear,10,1.0,8333.333333333334,277.77777777777777,0.0003333333333333333,-3.5,-5.5,False,0.12,0.5555555555555556,4.8,-2.1,2.0,0.005,1.5,0.005,0.1;0.3;0.4,0.96,VanGenuchten,4.62962963e-08;4.62962963e-08;4.62962963e-08,-0.05;-0.05;-0.05,0.03;0.03;0.03,0.4;0.4;0.4,0.05;0.05;0.05,0.05;0.05;0.05,0.55;0.55;0.55,8.4;8.4;8.4,0.6;0.6;0.6,0.0034,1.0,2,1.1000000000000023,1e-10
-1,1800.0,1800,False,1.0,4.0,Weibull,2.5,1040,4.5,35,Linear,10,1.0,8333.333333333334,277.77777777777777,0.0003333333333333333,-3.5,-5.5,False,0.12,0.5555555555555556,4.8,-2.1,2.0,0.005,1.5,0.005,0.1;0.3;0.4,0.96,VanGenuchten,4.62962963e-08;4.62962963e-08;4.62962963e-08,-0.05;-0.05;-0.05,0.03;0.03;0.03,0.4;0.4;0.4,0.05;0.05;0.05,0.05;0.05;0.05,0.55;0.55;0.55,8.4;8.4;8.4,0.6;0.6;0.6,0.0034,1.0,2,1.1100000000000023,1e-10
-1,1800.0,1800,False,1.0,4.0,Weibull,2.5,1040,4.5,35,Linear,10,1.0,8333.333333333334,277.77777777777777,0.0003333333333333333,-3.5,-5.5,False,0.12,0.5555555555555556,4.8,-2.1,2.0,0.005,1.5,0.005,0.1;0.3;0.4,0.96,VanGenuchten,4.62962963e-08;4.62962963e-08;4.62962963e-08,-0.05;-0.05;-0.05,0.03;0.03;0.03,0.4;0.4;0.4,0.05;0.05;0.05,0.05;0.05;0.05,0.55;0.55;0.55,8.4;8.4;8.4,0.6;0.6;0.6,0.0034,1.0,2,1.1200000000000023,1e-10
-1,1800.0,1800,False,1.0,4.0,Weibull,2.5,1040,4.5,35,Linear,10,1.0,8333.333333333334,277.77777777777777,0.0003333333333333333,-3.5,-5.5,False,0.12,0.5555555555555556,4.8,-2.1,2.0,0.005,1.5,0.005,0.1;0.3;0.4,0.96,VanGenuchten,4.62962963e-08;4.62962963e-08;4.62962963e-08,-0.05;-0.05;-0.05,0.03;0.03;0.03,0.4;0.4;0.4,0.05;0.05;0.05,0.05;0.05;0.05,0.55;0.55;0.55,8.4;8.4;8.4,0.6;0.6;0.6,0.0034,1.0,2,1.1300000000000023,1e-10
-1,1800.0,1800,False,1.0,4.0,Weibull,2.5,1040,4.5,35,Linear,10,1.0,8333.333333333334,277.77777777777777,0.0003333333333333333,-3.5,-5.5,False,0.12,0.5555555555555556,4.8,-2.1,2.0,0.005,1.5,0.005,0.1;0.3;0.4,0.96,VanGenuchten,4.62962963e-08;4.62962963e-08;4.62962963e-08,-0.05;-0.05;-0.05,0.03;0.03;0.03,0.4;0.4;0.4,0.05;0.05;0.05,0.05;0.05;0.05,0.55;0.55;0.55,8.4;8.4;8.4,0.6;0.6;0.6,0.0034,1.0,2,1.1400000000000023,1e-10
-1,1800.0,1800,False,1.0,4.0,Weibull,2.5,1040,4.5,35,Linear,10,1.0,8333.333333333334,277.77777777777777,0.0003333333333333333,-3.5,-5.5,False,0.12,0.5555555555555556,4.8,-2.1,2.0,0.005,1.5,0.005,0.1;0.3;0.4,0.96,VanGenuchten,4.62962963e-08;4.62962963e-08;4.62962963e-08,-0.05;-0.05;-0.05,0.03;0.03;0.03,0.4;0.4;0.4,0.05;0.05;0.05,0.05;0.05;0.05,0.55;0.55;0.55,8.4;8.4;8.4,0.6;0.6;0.6,0.0034,1.0,2,1.1500000000000024,1e-10
-1,1800.0,1800,False,1.0,4.0,Weibull,2.5,1040,4.5,35,Linear,10,1.0,8333.333333333334,277.77777777777777,0.0003333333333333333,-3.5,-5.5,False,0.12,0.5555555555555556,4.8,-2.1,2.0,0.005,1.5,0.005,0.1;0.3;0.4,0.96,VanGenuchten,4.62962963e-08;4.62962963e-08;4.62962963e-08,-0.05;-0.05;-0.05,0.03;0.03;0.03,0.4;0.4;0.4,0.05;0.05;0.05,0.05;0.05;0.05,0.55;0.55;0.55,8.4;8.4;8.4,0.6;0.6;0.6,0.0034,1.0,2,1.1600000000000024,1e-10
-1,1800.0,1800,False,1.0,4.0,Weibull,2.5,1040,4.5,35,Linear,10,1.0,8333.333333333334,277.77777777777777,0.0003333333333333333,-3.5,-5.5,False,0.12,0.5555555555555556,4.8,-2.1,2.0,0.005,1.5,0.005,0.1;0.3;0.4,0.96,VanGenuchten,4.62962963e-08;4.62962963e-08;4.62962963e-08,-0.05;-0.05;-0.05,0.03;0.03;0.03,0.4;0.4;0.4,0.05;0.05;0.05,0.05;0.05;0.05,0.55;0.55;0.55,8.4;8.4;8.4,0.6;0.6;0.6,0.0034,1.0,2,1.1700000000000024,1e-10
-1,1800.0,1800,False,1.0,4.0,Weibull,2.5,1040,4.5,35,Linear,10,1.0,8333.333333333334,277.77777777777777,0.0003333333333333333,-3.5,-5.5,False,0.12,0.5555555555555556,4.8,-2.1,2.0,0.005,1.5,0.005,0.1;0.3;0.4,0.96,VanGenuchten,4.62962963e-08;4.62962963e-08;4.62962963e-08,-0.05;-0.05;-0.05,0.03;0.03;0.03,0.4;0.4;0.4,0.05;0.05;0.05,0.05;0.05;0.05,0.55;0.55;0.55,8.4;8.4;8.4,0.6;0.6;0.6,0.0034,1.0,2,1.1800000000000024,1e-10
-1,1800.0,1800,False,1.0,4.0,Weibull,2.5,1040,4.5,35,Linear,10,1.0,8333.333333333334,277.77777777777777,0.0003333333333333333,-3.5,-5.5,False,0.12,0.5555555555555556,4.8,-2.1,2.0,0.005,1.5,0.005,0.1;0.3;0.4,0.96,VanGenuchten,4.62962963e-08;4.62962963e-08;4.62962963e-08,-0.05;-0.05;-0.05,0.03;0.03;0.03,0.4;0.4;0.4,0.05;0.05;0.05,0.05;0.05;0.05,0.55;0.55;0.55,8.4;8.4;8.4,0.6;0.6;0.6,0.0034,1.0,2,1.1900000000000024,1e-10
-1,1800.0,1800,False,1.0,4.0,Weibull,2.5,1040,4.5,35,Linear,10,1.0,8333.333333333334,277.77777777777777,0.0003333333333333333,-3.5,-5.5,False,0.12,0.5555555555555556,4.8,-2.1,2.0,0.005,1.5,0.005,0.1;0.3;0.4,0.96,VanGenuchten,4.62962963e-08;4.62962963e-08;4.62962963e-08,-0.05;-0.05;-0.05,0.03;0.03;0.03,0.4;0.4;0.4,0.05;0.05;0.05,0.05;0.05;0.05,0.55;0.55;0.55,8.4;8.4;8.4,0.6;0.6;0.6,0.0034,1.0,2,1.2000000000000024,1e-10
-1,1800.0,1800,False,1.0,4.0,Weibull,2.5,1040,4.5,35,Linear,10,1.0,8333.333333333334,277.77777777777777,0.0003333333333333333,-3.5,-5.5,False,0.12,0.5555555555555556,4.8,-2.1,2.0,0.005,1.5,0.005,0.1;0.3;0.4,0.96,VanGenuchten,4.62962963e-08;4.62962963e-08;4.62962963e-08,-0.05;-0.05;-0.05,0.03;0.03;0.03,0.4;0.4;0.4,0.05;0.05;0.05,0.05;0.05;0.05,0.55;0.55;0.55,8.4;8.4;8.4,0.6;0.6;0.6,0.0034,1.0,2,1.2100000000000024,1e-10
-1,1800.0,1800,False,1.0,4.0,Weibull,2.5,1040,4.5,35,Linear,10,1.0,8333.333333333334,277.77777777777777,0.0003333333333333333,-3.5,-5.5,False,0.12,0.5555555555555556,4.8,-2.1,2.0,0.005,1.5,0.005,0.1;0.3;0.4,0.96,VanGenuchten,4.62962963e-08;4.62962963e-08;4.62962963e-08,-0.05;-0.05;-0.05,0.03;0.03;0.03,0.4;0.4;0.4,0.05;0.05;0.05,0.05;0.05;0.05,0.55;0.55;0.55,8.4;8.4;8.4,0.6;0.6;0.6,0.0034,1.0,2,1.2200000000000024,1e-10
-1,1800.0,1800,False,1.0,4.0,Weibull,2.5,1040,4.5,35,Linear,10,1.0,8333.333333333334,277.77777777777777,0.0003333333333333333,-3.5,-5.5,False,0.12,0.5555555555555556,4.8,-2.1,2.0,0.005,1.5,0.005,0.1;0.3;0.4,0.96,VanGenuchten,4.62962963e-08;4.62962963e-08;4.62962963e-08,-0.05;-0.05;-0.05,0.03;0.03;0.03,0.4;0.4;0.4,0.05;0.05;0.05,0.05;0.05;0.05,0.55;0.55;0.55,8.4;8.4;8.4,0.6;0.6;0.6,0.0034,1.0,2,1.2300000000000024,1e-10
-1,1800.0,1800,False,1.0,4.0,Weibull,2.5,1040,4.5,35,Linear,10,1.0,8333.333333333334,277.77777777777777,0.0003333333333333333,-3.5,-5.5,False,0.12,0.5555555555555556,4.8,-2.1,2.0,0.005,1.5,0.005,0.1;0.3;0.4,0.96,VanGenuchten,4.62962963e-08;4.62962963e-08;4.62962963e-08,-0.05;-0.05;-0.05,0.03;0.03;0.03,0.4;0.4;0.4,0.05;0.05;0.05,0.05;0.05;0.05,0.55;0.55;0.55,8.4;8.4;8.4,0.6;0.6;0.6,0.0034,1.0,2,1.2400000000000024,1e-10
-1,1800.0,1800,False,1.0,4.0,Weibull,2.5,1040,4.5,35,Linear,10,1.0,8333.333333333334,277.77777777777777,0.0003333333333333333,-3.5,-5.5,False,0.12,0.5555555555555556,4.8,-2.1,2.0,0.005,1.5,0.005,0.1;0.3;0.4,0.96,VanGenuchten,4.62962963e-08;4.62962963e-08;4.62962963e-08,-0.05;-0.05;-0.05,0.03;0.03;0.03,0.4;0.4;0.4,0.05;0.05;0.05,0.05;0.05;0.05,0.55;0.55;0.55,8.4;8.4;8.4,0.6;0.6;0.6,0.0034,1.0,2,1.2500000000000024,1e-10
-1,1800.0,1800,False,1.0,4.0,Weibull,2.5,1040,4.5,35,Linear,10,1.0,8333.333333333334,277.77777777777777,0.0003333333333333333,-3.5,-5.5,False,0.12,0.5555555555555556,4.8,-2.1,2.0,0.005,1.5,0.005,0.1;0.3;0.4,0.96,VanGenuchten,4.62962963e-08;4.62962963e-08;4.62962963e-08,-0.05;-0.05;-0.05,0.03;0.03;0.03,0.4;0.4;0.4,0.05;0.05;0.05,0.05;0.05;0.05,0.55;0.55;0.55,8.4;8.4;8.4,0.6;0.6;0.6,0.0034,1.0,2,1.2600000000000025,1e-10
-1,1800.0,1800,False,1.0,4.0,Weibull,2.5,1040,4.5,35,Linear,10,1.0,8333.333333333334,277.77777777777777,0.0003333333333333333,-3.5,-5.5,False,0.12,0.5555555555555556,4.8,-2.1,2.0,0.005,1.5,0.005,0.1;0.3;0.4,0.96,VanGenuchten,4.62962963e-08;4.62962963e-08;4.62962963e-08,-0.05;-0.05;-0.05,0.03;0.03;0.03,0.4;0.4;0.4,0.05;0.05;0.05,0.05;0.05;0.05,0.55;0.55;0.55,8.4;8.4;8.4,0.6;0.6;0.6,0.0034,1.0,2,1.2700000000000025,1e-10
-1,1800.0,1800,False,1.0,4.0,Weibull,2.5,1040,4.5,35,Linear,10,1.0,8333.333333333334,277.77777777777777,0.0003333333333333333,-3.5,-5.5,False,0.12,0.5555555555555556,4.8,-2.1,2.0,0.005,1.5,0.005,0.1;0.3;0.4,0.96,VanGenuchten,4.62962963e-08;4.62962963e-08;4.62962963e-08,-0.05;-0.05;-0.05,0.03;0.03;0.03,0.4;0.4;0.4,0.05;0.05;0.05,0.05;0.05;0.05,0.55;0.55;0.55,8.4;8.4;8.4,0.6;0.6;0.6,0.0034,1.0,2,1.2800000000000025,1e-10
-1,1800.0,1800,False,1.0,4.0,Weibull,2.5,1040,4.5,35,Linear,10,1.0,8333.333333333334,277.77777777777777,0.0003333333333333333,-3.5,-5.5,False,0.12,0.5555555555555556,4.8,-2.1,2.0,0.005,1.5,0.005,0.1;0.3;0.4,0.96,VanGenuchten,4.62962963e-08;4.62962963e-08;4.62962963e-08,-0.05;-0.05;-0.05,0.03;0.03;0.03,0.4;0.4;0.4,0.05;0.05;0.05,0.05;0.05;0.05,0.55;0.55;0.55,8.4;8.4;8.4,0.6;0.6;0.6,0.0034,1.0,2,1.2900000000000025,1e-10
-1,1800.0,1800,False,1.0,4.0,Weibull,2.5,1040,4.5,35,Linear,10,1.0,8333.333333333334,277.77777777777777,0.0003333333333333333,-3.5,-5.5,False,0.12,0.5555555555555556,4.8,-2.1,2.0,0.005,1.5,0.005,0.1;0.3;0.4,0.96,VanGenuchten,4.62962963e-08;4.62962963e-08;4.62962963e-08,-0.05;-0.05;-0.05,0.03;0.03;0.03,0.4;0.4;0.4,0.05;0.05;0.05,0.05;0.05;0.05,0.55;0.55;0.55,8.4;8.4;8.4,0.6;0.6;0.6,0.0034,1.0,2,1.3000000000000025,1e-10
-1,1800.0,1800,False,1.0,4.0,Weibull,2.5,1040,4.5,35,Linear,10,1.0,8333.333333333334,277.77777777777777,0.0003333333333333333,-3.5,-5.5,False,0.12,0.5555555555555556,4.8,-2.1,2.0,0.005,1.5,0.005,0.1;0.3;0.4,0.96,VanGenuchten,4.62962963e-08;4.62962963e-08;4.62962963e-08,-0.05;-0.05;-0.05,0.03;0.03;0.03,0.4;0.4;0.4,0.05;0.05;0.05,0.05;0.05;0.05,0.55;0.55;0.55,8.4;8.4;8.4,0.6;0.6;0.6,0.0034,1.0,2,1.3100000000000025,1e-10
-1,1800.0,1800,False,1.0,4.0,Weibull,2.5,1040,4.5,35,Linear,10,1.0,8333.333333333334,277.77777777777777,0.0003333333333333333,-3.5,-5.5,False,0.12,0.5555555555555556,4.8,-2.1,2.0,0.005,1.5,0.005,0.1;0.3;0.4,0.96,VanGenuchten,4.62962963e-08;4.62962963e-08;4.62962963e-08,-0.05;-0.05;-0.05,0.03;0.03;0.03,0.4;0.4;0.4,0.05;0.05;0.05,0.05;0.05;0.05,0.55;0.55;0.55,8.4;8.4;8.4,0.6;0.6;0.6,0.0034,1.0,2,1.3200000000000025,1e-10
-1,1800.0,1800,False,1.0,4.0,Weibull,2.5,1040,4.5,35,Linear,10,1.0,8333.333333333334,277.77777777777777,0.0003333333333333333,-3.5,-5.5,False,0.12,0.5555555555555556,4.8,-2.1,2.0,0.005,1.5,0.005,0.1;0.3;0.4,0.96,VanGenuchten,4.62962963e-08;4.62962963e-08;4.62962963e-08,-0.05;-0.05;-0.05,0.03;0.03;0.03,0.4;0.4;0.4,0.05;0.05;0.05,0.05;0.05;0.05,0.55;0.55;0.55,8.4;8.4;8.4,0.6;0.6;0.6,0.0034,1.0,2,1.3300000000000025,1e-10
-1,1800.0,1800,False,1.0,4.0,Weibull,2.5,1040,4.5,35,Linear,10,1.0,8333.333333333334,277.77777777777777,0.0003333333333333333,-3.5,-5.5,False,0.12,0.5555555555555556,4.8,-2.1,2.0,0.005,1.5,0.005,0.1;0.3;0.4,0.96,VanGenuchten,4.62962963e-08;4.62962963e-08;4.62962963e-08,-0.05;-0.05;-0.05,0.03;0.03;0.03,0.4;0.4;0.4,0.05;0.05;0.05,0.05;0.05;0.05,0.55;0.55;0.55,8.4;8.4;8.4,0.6;0.6;0.6,0.0034,1.0,2,1.3400000000000025,1e-10
-1,1800.0,1800,False,1.0,4.0,Weibull,2.5,1040,4.5,35,Linear,10,1.0,8333.333333333334,277.77777777777777,0.0003333333333333333,-3.5,-5.5,False,0.12,0.5555555555555556,4.8,-2.1,2.0,0.005,1.5,0.005,0.1;0.3;0.4,0.96,VanGenuchten,4.62962963e-08;4.62962963e-08;4.62962963e-08,-0.05;-0.05;-0.05,0.03;0.03;0.03,0.4;0.4;0.4,0.05;0.05;0.05,0.05;0.05;0.05,0.55;0.55;0.55,8.4;8.4;8.4,0.6;0.6;0.6,0.0034,1.0,2,1.3500000000000025,1e-10
-1,1800.0,1800,False,1.0,4.0,Weibull,2.5,1040,4.5,35,Linear,10,1.0,8333.333333333334,277.77777777777777,0.0003333333333333333,-3.5,-5.5,False,0.12,0.5555555555555556,4.8,-2.1,2.0,0.005,1.5,0.005,0.1;0.3;0.4,0.96,VanGenuchten,4.62962963e-08;4.62962963e-08;4.62962963e-08,-0.05;-0.05;-0.05,0.03;0.03;0.03,0.4;0.4;0.4,0.05;0.05;0.05,0.05;0.05;0.05,0.55;0.55;0.55,8.4;8.4;8.4,0.6;0.6;0.6,0.0034,1.0,2,1.3600000000000025,1e-10
-1,1800.0,1800,False,1.0,4.0,Weibull,2.5,1040,4.5,35,Linear,10,1.0,8333.333333333334,277.77777777777777,0.0003333333333333333,-3.5,-5.5,False,0.12,0.5555555555555556,4.8,-2.1,2.0,0.005,1.5,0.005,0.1;0.3;0.4,0.96,VanGenuchten,4.62962963e-08;4.62962963e-08;4.62962963e-08,-0.05;-0.05;-0.05,0.03;0.03;0.03,0.4;0.4;0.4,0.05;0.05;0.05,0.05;0.05;0.05,0.55;0.55;0.55,8.4;8.4;8.4,0.6;0.6;0.6,0.0034,1.0,2,1.3700000000000025,1e-10
-1,1800.0,1800,False,1.0,4.0,Weibull,2.5,1040,4.5,35,Linear,10,1.0,8333.333333333334,277.77777777777777,0.0003333333333333333,-3.5,-5.5,False,0.12,0.5555555555555556,4.8,-2.1,2.0,0.005,1.5,0.005,0.1;0.3;0.4,0.96,VanGenuchten,4.62962963e-08;4.62962963e-08;4.62962963e-08,-0.05;-0.05;-0.05,0.03;0.03;0.03,0.4;0.4;0.4,0.05;0.05;0.05,0.05;0.05;0.05,0.55;0.55;0.55,8.4;8.4;8.4,0.6;0.6;0.6,0.0034,1.0,2,1.3800000000000026,1e-10
-1,1800.0,1800,False,1.0,4.0,Weibull,2.5,1040,4.5,35,Linear,10,1.0,8333.333333333334,277.77777777777777,0.0003333333333333333,-3.5,-5.5,False,0.12,0.5555555555555556,4.8,-2.1,2.0,0.005,1.5,0.005,0.1;0.3;0.4,0.96,VanGenuchten,4.62962963e-08;4.62962963e-08;4.62962963e-08,-0.05;-0.05;-0.05,0.03;0.03;0.03,0.4;0.4;0.4,0.05;0.05;0.05,0.05;0.05;0.05,0.55;0.55;0.55,8.4;8.4;8.4,0.6;0.6;0.6,0.0034,1.0,2,1.3900000000000026,1e-10
-1,1800.0,1800,False,1.0,4.0,Weibull,2.5,1040,4.5,35,Linear,10,1.0,8333.333333333334,277.77777777777777,0.0003333333333333333,-3.5,-5.5,False,0.12,0.5555555555555556,4.8,-2.1,2.0,0.005,1.5,0.005,0.1;0.3;0.4,0.96,VanGenuchten,4.62962963e-08;4.62962963e-08;4.62962963e-08,-0.05;-0.05;-0.05,0.03;0.03;0.03,0.4;0.4;0.4,0.05;0.05;0.05,0.05;0.05;0.05,0.55;0.55;0.55,8.4;8.4;8.4,0.6;0.6;0.6,0.0034,1.0,2,1.4000000000000026,1e-10
-1,1800.0,1800,False,1.0,4.0,Weibull,2.5,1040,4.5,35,Linear,10,1.0,8333.333333333334,277.77777777777777,0.0003333333333333333,-3.5,-5.5,False,0.12,0.5555555555555556,4.8,-2.1,2.0,0.005,1.5,0.005,0.1;0.3;0.4,0.96,VanGenuchten,4.62962963e-08;4.62962963e-08;4.62962963e-08,-0.05;-0.05;-0.05,0.03;0.03;0.03,0.4;0.4;0.4,0.05;0.05;0.05,0.05;0.05;0.05,0.55;0.55;0.55,8.4;8.4;8.4,0.6;0.6;0.6,0.0034,1.0,2,1.4100000000000026,1e-10
-1,1800.0,1800,False,1.0,4.0,Weibull,2.5,1040,4.5,35,Linear,10,1.0,8333.333333333334,277.77777777777777,0.0003333333333333333,-3.5,-5.5,False,0.12,0.5555555555555556,4.8,-2.1,2.0,0.005,1.5,0.005,0.1;0.3;0.4,0.96,VanGenuchten,4.62962963e-08;4.62962963e-08;4.62962963e-08,-0.05;-0.05;-0.05,0.03;0.03;0.03,0.4;0.4;0.4,0.05;0.05;0.05,0.05;0.05;0.05,0.55;0.55;0.55,8.4;8.4;8.4,0.6;0.6;0.6,0.0034,1.0,2,1.4200000000000026,1e-10
-1,1800.0,1800,False,1.0,4.0,Weibull,2.5,1040,4.5,35,Linear,10,1.0,8333.333333333334,277.77777777777777,0.0003333333333333333,-3.5,-5.5,False,0.12,0.5555555555555556,4.8,-2.1,2.0,0.005,1.5,0.005,0.1;0.3;0.4,0.96,VanGenuchten,4.62962963e-08;4.62962963e-08;4.62962963e-08,-0.05;-0.05;-0.05,0.03;0.03;0.03,0.4;0.4;0.4,0.05;0.05;0.05,0.05;0.05;0.05,0.55;0.55;0.55,8.4;8.4;8.4,0.6;0.6;0.6,0.0034,1.0,2,1.4300000000000026,1e-10
-1,1800.0,1800,False,1.0,4.0,Weibull,2.5,1040,4.5,35,Linear,10,1.0,8333.333333333334,277.77777777777777,0.0003333333333333333,-3.5,-5.5,False,0.12,0.5555555555555556,4.8,-2.1,2.0,0.005,1.5,0.005,0.1;0.3;0.4,0.96,VanGenuchten,4.62962963e-08;4.62962963e-08;4.62962963e-08,-0.05;-0.05;-0.05,0.03;0.03;0.03,0.4;0.4;0.4,0.05;0.05;0.05,0.05;0.05;0.05,0.55;0.55;0.55,8.4;8.4;8.4,0.6;0.6;0.6,0.0034,1.0,2,1.4400000000000026,1e-10
-1,1800.0,1800,False,1.0,4.0,Weibull,2.5,1040,4.5,35,Linear,10,1.0,8333.333333333334,277.77777777777777,0.0003333333333333333,-3.5,-5.5,False,0.12,0.5555555555555556,4.8,-2.1,2.0,0.005,1.5,0.005,0.1;0.3;0.4,0.96,VanGenuchten,4.62962963e-08;4.62962963e-08;4.62962963e-08,-0.05;-0.05;-0.05,0.03;0.03;0.03,0.4;0.4;0.4,0.05;0.05;0.05,0.05;0.05;0.05,0.55;0.55;0.55,8.4;8.4;8.4,0.6;0.6;0.6,0.0034,1.0,2,1.4500000000000026,1e-10
-1,1800.0,1800,False,1.0,4.0,Weibull,2.5,1040,4.5,35,Linear,10,1.0,8333.333333333334,277.77777777777777,0.0003333333333333333,-3.5,-5.5,False,0.12,0.5555555555555556,4.8,-2.1,2.0,0.005,1.5,0.005,0.1;0.3;0.4,0.96,VanGenuchten,4.62962963e-08;4.62962963e-08;4.62962963e-08,-0.05;-0.05;-0.05,0.03;0.03;0.03,0.4;0.4;0.4,0.05;0.05;0.05,0.05;0.05;0.05,0.55;0.55;0.55,8.4;8.4;8.4,0.6;0.6;0.6,0.0034,1.0,2,1.4600000000000026,1e-10
-1,1800.0,1800,False,1.0,4.0,Weibull,2.5,1040,4.5,35,Linear,10,1.0,8333.333333333334,277.77777777777777,0.0003333333333333333,-3.5,-5.5,False,0.12,0.5555555555555556,4.8,-2.1,2.0,0.005,1.5,0.005,0.1;0.3;0.4,0.96,VanGenuchten,4.62962963e-08;4.62962963e-08;4.62962963e-08,-0.05;-0.05;-0.05,0.03;0.03;0.03,0.4;0.4;0.4,0.05;0.05;0.05,0.05;0.05;0.05,0.55;0.55;0.55,8.4;8.4;8.4,0.6;0.6;0.6,0.0034,1.0,2,1.4700000000000026,1e-10
-1,1800.0,1800,False,1.0,4.0,Weibull,2.5,1040,4.5,35,Linear,10,1.0,8333.333333333334,277.77777777777777,0.0003333333333333333,-3.5,-5.5,False,0.12,0.5555555555555556,4.8,-2.1,2.0,0.005,1.5,0.005,0.1;0.3;0.4,0.96,VanGenuchten,4.62962963e-08;4.62962963e-08;4.62962963e-08,-0.05;-0.05;-0.05,0.03;0.03;0.03,0.4;0.4;0.4,0.05;0.05;0.05,0.05;0.05;0.05,0.55;0.55;0.55,8.4;8.4;8.4,0.6;0.6;0.6,0.0034,1.0,2,1.4800000000000026,1e-10
-1,1800.0,1800,False,1.0,4.0,Weibull,2.5,1040,4.5,35,Linear,10,1.0,8333.333333333334,277.77777777777777,0.0003333333333333333,-3.5,-5.5,False,0.12,0.5555555555555556,4.8,-2.1,2.0,0.005,1.5,0.005,0.1;0.3;0.4,0.96,VanGenuchten,4.62962963e-08;4.62962963e-08;4.62962963e-08,-0.05;-0.05;-0.05,0.03;0.03;0.03,0.4;0.4;0.4,0.05;0.05;0.05,0.05;0.05;0.05,0.55;0.55;0.55,8.4;8.4;8.4,0.6;0.6;0.6,0.0034,1.0,2,1.4900000000000027,1e-10
